body_0_vel_x,body_0_vel_y,body_0_vel_z,body_1_vel_x,body_1_vel_y,body_1_vel_z,body_2_vel_x,body_2_vel_y,body_2_vel_z,body_3_vel_x,body_3_vel_y,body_3_vel_z,body_4_vel_x,body_4_vel_y,body_4_vel_z,body_5_vel_x,body_5_vel_y,body_5_vel_z,body_6_vel_x,body_6_vel_y,body_6_vel_z,body_7_vel_x,body_7_vel_y,body_7_vel_z,body_8_vel_x,body_8_vel_y,body_8_vel_z,body_9_vel_x,body_9_vel_y,body_9_vel_z,body_10_vel_x,body_10_vel_y,body_10_vel_z,body_11_vel_x,body_11_vel_y,body_11_vel_z,body_12_vel_x,body_12_vel_y,body_12_vel_z,body_13_vel_x,body_13_vel_y,body_13_vel_z
-0.018017,-0.016620,-0.060144,0.062397,-0.014861,-0.095384,0.233244,0.081849,-0.118408,0.226983,0.079951,-0.084099,0.039493,0.033112,-0.012591,0.193653,0.056605,-0.007328,0.211085,0.059702,-0.006948,-0.164955,-0.006696,-0.059426,-0.169501,0.132478,-0.144611,-0.078178,0.536928,-0.070346,0.014440,0.911709,0.057028,-0.174871,0.175761,0.034475,-0.111140,0.563341,0.156668,-0.048716,0.874436,0.260783
-0.001050,-0.008454,-0.108907,0.095418,-0.041032,-0.156543,0.308558,0.013248,-0.136598,0.302050,0.016765,-0.046335,0.042111,0.003918,-0.078615,0.216588,-0.036967,-0.013786,0.285708,-0.018547,0.063841,-0.179628,0.034149,-0.107386,-0.177531,0.168692,-0.210892,-0.042677,0.555143,-0.129812,0.088729,0.928929,0.003006,-0.199406,0.212379,0.013951,-0.144712,0.583309,0.149212,-0.098548,0.887279,0.266838
-0.003499,-0.031503,-0.051571,0.079760,-0.040338,-0.088602,0.259176,0.038164,-0.096736,0.252857,0.037303,-0.048941,0.030652,-0.003286,-0.014629,0.176991,-0.008445,0.011282,0.243724,-0.000786,0.040405,-0.169314,-0.004797,-0.050423,-0.166676,0.129664,-0.139387,-0.034064,0.521653,-0.035686,0.101693,0.912943,0.128807,-0.198800,0.168046,0.064681,-0.186372,0.530459,0.207040,-0.182194,0.829258,0.342182
0.001825,-0.046661,-0.004376,0.062961,-0.035517,-0.029632,0.187372,0.055409,-0.058762,0.180371,0.051067,-0.050310,0.021586,-0.004586,0.036799,0.122736,0.023609,0.028116,0.182920,0.021635,0.015671,-0.130501,-0.052312,-0.002827,-0.125910,0.076663,-0.063243,-0.004687,0.475281,0.067661,0.130168,0.887315,0.273934,-0.170926,0.111298,0.090189,-0.219407,0.468409,0.237438,-0.273901,0.766923,0.395815
0.012360,-0.046271,0.009072,0.053422,-0.028553,-0.008910,0.128466,0.057693,-0.042278,0.119805,0.052480,-0.051422,0.019613,0.000916,0.049915,0.081535,0.044389,0.028114,0.134237,0.039460,0.001415,-0.082573,-0.084923,0.011769,-0.075630,0.035459,-0.017308,0.031545,0.435245,0.140266,0.162638,0.854932,0.387740,-0.130785,0.070081,0.081388,-0.231153,0.424252,0.237266,-0.333777,0.722857,0.421007
0.021200,-0.030276,0.013231,0.048608,-0.003870,0.000868,0.083797,0.075000,-0.032489,0.069712,0.067571,-0.050330,0.018966,0.013513,0.051909,0.045488,0.062275,0.018125,0.090789,0.053427,-0.023607,-0.049163,-0.091818,0.016373,-0.038827,0.021198,0.006549,0.071336,0.401390,0.178012,0.218077,0.809781,0.447575,-0.101070,0.043507,0.073015,-0.231765,0.378351,0.234813,-0.366186,0.665585,0.437265
0.023094,-0.013311,0.003694,0.041212,0.019894,-0.003425,0.049062,0.090772,-0.036339,0.030425,0.080638,-0.059365,0.015768,0.022596,0.037355,0.019143,0.068162,-0.002376,0.056816,0.056716,-0.052660,-0.030550,-0.085251,0.006608,-0.018913,0.018532,0.007081,0.095949,0.365682,0.183201,0.261766,0.756476,0.467624,-0.083007,0.028657,0.055814,-0.228666,0.336093,0.219662,-0.382684,0.605451,0.434742
0.012774,-0.010020,-0.023965,0.023670,0.024036,-0.024787,0.019073,0.088460,-0.060544,0.001420,0.076005,-0.090763,0.005869,0.017418,0.000610,0.006361,0.052618,-0.034059,0.035928,0.042171,-0.078779,-0.026653,-0.077448,-0.021705,-0.019433,0.012102,-0.015291,0.085419,0.318649,0.163215,0.257186,0.694670,0.471616,-0.078567,0.021965,0.022053,-0.232343,0.299921,0.185668,-0.399569,0.548010,0.409530
0.005769,-0.003910,-0.025338,0.013894,0.024772,-0.023064,0.006512,0.076229,-0.052611,-0.011820,0.063245,-0.077177,0.000479,0.013892,-0.009951,0.003162,0.034607,-0.037207,0.026834,0.025131,-0.073367,-0.019275,-0.055864,-0.023804,-0.017103,0.014594,-0.013100,0.074408,0.267507,0.154002,0.243152,0.601366,0.465089,-0.070070,0.027112,0.008866,-0.231273,0.253904,0.154721,-0.408530,0.457705,0.367994
0.005596,0.001973,0.000272,0.016711,0.021735,0.000938,0.017423,0.060226,-0.016555,-0.002977,0.048698,-0.025619,0.002237,0.013765,0.010991,0.011051,0.023085,-0.010164,0.034081,0.014189,-0.039111,-0.011977,-0.031363,0.001378,-0.012854,0.024289,0.014464,0.069210,0.234531,0.166790,0.228307,0.515787,0.462271,-0.062290,0.041120,0.024194,-0.227853,0.218206,0.146939,-0.407680,0.373580,0.338444
0.000813,0.010408,0.010486,0.009832,0.022983,0.012324,0.008172,0.048998,0.002561,-0.013884,0.038079,0.001027,-0.005001,0.017597,0.015318,0.001244,0.019152,0.005585,0.024007,0.013362,-0.007468,0.004874,-0.016285,0.011700,0.001358,0.022712,0.036373,0.064626,0.194668,0.174112,0.211087,0.429428,0.448653,-0.041903,0.045389,0.015994,-0.208935,0.174723,0.110619,-0.379871,0.275228,0.265979
-0.005975,0.019137,0.009908,-0.000358,0.025867,0.013137,-0.006648,0.040084,0.009685,-0.028674,0.029975,0.013387,-0.014713,0.021936,0.009363,-0.012123,0.017501,0.010424,0.011059,0.015020,0.012487,0.017280,-0.004398,0.011192,0.012099,0.021982,0.044964,0.059721,0.157493,0.163252,0.197203,0.347408,0.402902,-0.025233,0.044532,-0.000506,-0.189506,0.135368,0.068902,-0.348282,0.192730,0.189454
-0.012142,0.025926,0.003163,-0.007458,0.027761,0.005472,-0.012487,0.031016,0.009852,-0.031616,0.022902,0.022164,-0.020363,0.023384,-0.000538,-0.014926,0.012982,0.004689,0.009656,0.011779,0.011596,0.011177,0.010320,0.004091,0.005803,0.033999,0.032932,0.053089,0.131871,0.122638,0.190596,0.273019,0.306093,-0.028712,0.042817,-0.009646,-0.184808,0.109457,0.046881,-0.336032,0.148002,0.153823
-0.023946,0.027980,-0.001614,-0.020573,0.022425,0.000180,-0.021625,0.010205,0.014914,-0.035518,0.005203,0.038472,-0.030444,0.019908,-0.009803,-0.020445,0.003796,-0.004113,0.002796,0.001820,0.002635,0.009271,0.027836,-0.001015,0.003421,0.047497,0.028093,0.041098,0.102269,0.082524,0.167515,0.193449,0.198028,-0.026499,0.040008,-0.026701,-0.175357,0.072533,0.008842,-0.320574,0.092997,0.101015
-0.035476,0.024269,-0.002037,-0.033155,0.012509,-0.000069,-0.029517,-0.011937,0.022373,-0.038441,-0.014233,0.054137,-0.039922,0.013251,-0.013815,-0.025903,-0.005482,-0.011585,-0.006027,-0.009899,-0.009880,0.012568,0.039390,-0.001693,0.006311,0.055607,0.033024,0.031557,0.081107,0.063817,0.145862,0.140665,0.134735,-0.019962,0.037329,-0.042710,-0.166019,0.041897,-0.023844,-0.308800,0.052650,0.062044
-0.035763,0.042810,-0.000210,-0.030294,0.024323,-0.002833,-0.020657,-0.013440,0.018890,-0.030530,-0.016034,0.045523,-0.042820,0.026135,-0.012665,-0.027528,-0.003377,-0.006924,0.001451,-0.006169,-0.002793,-0.006188,0.043643,0.000414,-0.014050,0.054571,0.020969,0.006606,0.059433,0.026944,0.099305,0.077878,0.034690,-0.035431,0.051897,-0.016167,-0.164349,0.112284,0.057107,-0.314132,0.191554,0.219474
-0.032310,0.058266,-0.000347,-0.024594,0.035864,-0.006158,-0.012913,-0.009375,0.012102,-0.025642,-0.013276,0.030647,-0.042673,0.037464,-0.013001,-0.029946,-0.000862,-0.000742,0.005710,-0.000682,0.010525,-0.020434,0.043640,0.000566,-0.029571,0.048802,0.009128,-0.013926,0.046182,0.003300,0.055394,0.040501,-0.024309,-0.045774,0.062484,0.006001,-0.153702,0.161336,0.120497,-0.298874,0.280332,0.337574
-0.032612,0.045309,-0.006678,-0.028671,0.025157,-0.008258,-0.024280,-0.014840,0.009193,-0.037917,-0.019028,0.027119,-0.043033,0.026222,-0.021660,-0.037712,-0.009138,-0.003820,-0.012474,-0.007603,0.016929,-0.003114,0.042148,-0.006154,-0.011293,0.042362,0.014697,-0.006577,0.048984,0.023097,0.053318,0.060806,0.030630,-0.024044,0.048288,-0.024672,-0.120659,0.078285,0.027781,-0.234029,0.126316,0.158595
-0.031473,0.034086,-0.010142,-0.029847,0.016568,-0.008570,-0.030256,-0.015719,0.008426,-0.044848,-0.020248,0.027835,-0.040653,0.018268,-0.025841,-0.040973,-0.013054,-0.003978,-0.026814,-0.010814,0.024259,0.002551,0.041606,-0.010120,-0.004510,0.033450,0.012347,-0.003836,0.040156,0.024909,0.048219,0.059253,0.048541,-0.013569,0.043069,-0.039482,-0.091003,0.025439,-0.034947,-0.171762,0.024105,0.020671
-0.029452,0.030203,-0.009001,-0.027512,0.014382,-0.006889,-0.027807,-0.011530,0.010290,-0.042906,-0.016243,0.032502,-0.036703,0.017565,-0.023404,-0.038062,-0.010581,-0.001089,-0.030123,-0.008566,0.028832,-0.006378,0.042233,-0.009314,-0.012773,0.026522,0.003233,-0.007624,0.024009,0.007622,0.040852,0.036218,0.020102,-0.019573,0.049233,-0.030593,-0.078552,0.026465,-0.034072,-0.140215,0.016007,-0.001045
-0.027273,0.026521,-0.007141,-0.024417,0.012912,-0.004713,-0.023998,-0.006225,0.012185,-0.040138,-0.011404,0.036822,-0.031713,0.018828,-0.019172,-0.033677,-0.003675,-0.001681,-0.033186,-0.003532,0.022515,-0.012012,0.040719,-0.007666,-0.018659,0.021931,-0.000705,-0.012972,0.018212,0.002865,0.030896,0.029321,0.015034,-0.022327,0.053092,-0.022524,-0.065998,0.029843,-0.029951,-0.111652,0.014061,-0.013795
-0.027856,0.022415,-0.008803,-0.025029,0.010674,-0.005894,-0.024952,-0.003933,0.010166,-0.041134,-0.009049,0.034955,-0.030286,0.018463,-0.019169,-0.032612,0.000865,-0.005946,-0.037301,-0.000240,0.012915,-0.011824,0.035533,-0.009367,-0.019074,0.018383,-0.000821,-0.017847,0.016847,0.005105,0.020535,0.028436,0.020040,-0.019208,0.050417,-0.023039,-0.053943,0.032087,-0.029005,-0.088922,0.016315,-0.020054
-0.034101,0.017239,-0.018224,-0.033803,0.006146,-0.014300,-0.036697,-0.008869,0.000316,-0.050264,-0.012599,0.021167,-0.036995,0.012835,-0.029397,-0.039604,-0.003773,-0.013990,-0.043675,-0.003145,0.007743,-0.003199,0.025205,-0.018578,-0.010850,0.014647,0.001583,-0.020189,0.014038,0.008765,0.011808,0.023446,0.021551,-0.007460,0.037032,-0.039843,-0.042894,0.029716,-0.037529,-0.074761,0.020865,-0.022120
-0.032915,0.014610,-0.017959,-0.034134,0.005800,-0.014009,-0.040392,-0.005411,-0.003774,-0.052643,-0.008813,0.010292,-0.036199,0.011677,-0.027522,-0.041735,-0.002669,-0.013364,-0.046554,-0.001369,0.006404,-0.003707,0.020193,-0.018366,-0.010267,0.013886,0.001806,-0.016214,0.017374,0.011530,0.018115,0.028008,0.026656,-0.006284,0.032269,-0.037278,-0.035591,0.030269,-0.032369,-0.060194,0.022984,-0.020122
-0.024911,0.015853,-0.008142,-0.025864,0.009838,-0.005161,-0.034223,0.004788,-0.000090,-0.047174,0.000501,0.007683,-0.028309,0.015579,-0.014478,-0.037932,0.003644,-0.004383,-0.044498,0.004211,0.009565,-0.013204,0.022982,-0.008788,-0.017769,0.016484,-0.000292,-0.007924,0.025037,0.011923,0.036622,0.039382,0.032783,-0.016359,0.038420,-0.016546,-0.035698,0.033324,-0.016069,-0.052463,0.021442,-0.015068
-0.026051,0.010040,-0.008613,-0.028098,0.008022,-0.003477,-0.039005,0.010352,-0.000208,-0.052189,0.005661,0.007305,-0.030874,0.013384,-0.013994,-0.045161,0.007742,-0.006257,-0.053514,0.008624,0.005211,-0.013924,0.018946,-0.009487,-0.023258,0.012413,-0.000490,-0.034409,0.013579,0.005009,-0.017139,0.014763,0.006259,-0.016910,0.034528,-0.017192,-0.034699,0.029650,-0.017032,-0.049058,0.018068,-0.017350
-0.027856,0.003076,-0.011725,-0.030913,0.004773,-0.004126,-0.043750,0.013429,-0.000989,-0.057126,0.008684,0.008551,-0.033695,0.009153,-0.016907,-0.051246,0.009629,-0.010563,-0.061283,0.011168,-0.000176,-0.011100,0.015584,-0.012811,-0.025007,0.011075,-0.000582,-0.059291,0.003700,-0.002687,-0.071020,-0.009206,-0.023095,-0.013552,0.029454,-0.023378,-0.031376,0.025191,-0.022776,-0.044423,0.015644,-0.021601
-0.021845,0.000888,-0.009828,-0.024351,0.004554,-0.002267,-0.037403,0.016203,0.000724,-0.051326,0.011610,0.010855,-0.026554,0.006954,-0.014031,-0.043980,0.009319,-0.008803,-0.055488,0.011134,-0.000038,-0.009993,0.020300,-0.011119,-0.021357,0.021913,-0.002529,-0.045963,0.015951,-0.004992,-0.051490,0.003262,-0.025849,-0.011940,0.031914,-0.019268,-0.024472,0.025790,-0.020815,-0.032857,0.016880,-0.022432
-0.016248,-0.008394,-0.009903,-0.019751,-0.000645,-0.000989,-0.034635,0.020883,-0.004007,-0.047680,0.016537,-0.001169,-0.020552,0.001690,-0.011859,-0.037228,0.010329,-0.009570,-0.048956,0.012414,-0.004431,-0.009956,0.020945,-0.011645,-0.019566,0.026958,-0.006941,-0.037478,0.022467,-0.009145,-0.040366,0.010536,-0.028849,-0.011366,0.034168,-0.017289,-0.017623,0.025095,-0.022057,-0.022405,0.017213,-0.025988
-0.013865,-0.020123,-0.011913,-0.019444,-0.008244,-0.000900,-0.036898,0.025117,-0.012714,-0.048052,0.020995,-0.021427,-0.018712,-0.004010,-0.011470,-0.034390,0.012158,-0.012463,-0.044967,0.014380,-0.011143,-0.011105,0.017189,-0.014224,-0.020624,0.023639,-0.011727,-0.038136,0.019866,-0.013167,-0.043310,0.008793,-0.030731,-0.012251,0.035077,-0.018547,-0.014366,0.023436,-0.025979,-0.018388,0.016457,-0.030596
-0.009862,-0.031795,-0.013029,-0.014548,-0.012912,-0.001598,-0.030972,0.036500,-0.031517,-0.041450,0.030134,-0.064429,-0.012439,-0.007720,-0.006899,-0.022579,0.019019,-0.011588,-0.031822,0.021512,-0.014327,-0.016469,0.011734,-0.016030,-0.022392,0.021834,-0.018231,-0.022575,0.027393,-0.011766,-0.009987,0.028495,-0.009706,-0.017562,0.035016,-0.016026,-0.014236,0.023476,-0.023571,-0.016000,0.018286,-0.028245
-0.005673,-0.044290,-0.017420,-0.008464,-0.018952,-0.005953,-0.022385,0.045518,-0.050233,-0.032981,0.037658,-0.102030,-0.005745,-0.012864,-0.005617,-0.010277,0.024077,-0.013611,-0.018384,0.026889,-0.019944,-0.022900,0.005506,-0.021321,-0.026261,0.018538,-0.029097,-0.011148,0.031997,-0.015556,0.017744,0.044312,0.004747,-0.024066,0.034077,-0.016234,-0.015002,0.022815,-0.023601,-0.013821,0.018821,-0.029152
-0.002698,-0.058520,-0.029254,-0.004450,-0.030670,-0.016990,-0.016396,0.042342,-0.058987,-0.027558,0.036478,-0.106261,-0.002521,-0.022915,-0.015087,-0.005759,0.020422,-0.025168,-0.013316,0.023538,-0.033876,-0.027211,-0.000535,-0.034204,-0.033566,0.010766,-0.046779,-0.024228,0.020794,-0.034994,-0.002317,0.031347,-0.016689,-0.028451,0.032396,-0.025437,-0.014316,0.019061,-0.034634,-0.010298,0.014165,-0.043366
-0.001282,-0.076444,-0.034950,-0.005991,-0.044338,-0.018702,-0.023194,0.039831,-0.067124,-0.034119,0.033144,-0.122486,-0.004672,-0.035856,-0.020129,-0.012143,0.014945,-0.028649,-0.017565,0.019760,-0.033883,-0.024181,-0.009583,-0.041334,-0.033291,0.000985,-0.053043,-0.033619,0.008285,-0.041910,-0.020639,0.017570,-0.024503,-0.025489,0.029432,-0.034296,-0.011126,0.014812,-0.044329,-0.007314,0.008775,-0.054169
-0.002140,-0.089111,-0.031665,-0.012433,-0.053274,-0.010057,-0.039655,0.039305,-0.070027,-0.049571,0.029788,-0.142097,-0.011206,-0.045282,-0.018216,-0.026336,0.010281,-0.022206,-0.029005,0.017369,-0.019798,-0.015480,-0.017093,-0.039435,-0.025759,-0.005898,-0.045170,-0.034722,0.000651,-0.033287,-0.028076,0.009682,-0.015288,-0.016889,0.026680,-0.038794,-0.007293,0.012199,-0.048268,-0.006667,0.005340,-0.056589
0.000612,-0.086790,-0.020636,-0.008629,-0.052151,-0.000371,-0.033434,0.042704,-0.043764,-0.042284,0.038277,-0.091655,-0.006486,-0.041692,-0.005182,-0.016866,0.015292,-0.012718,-0.018793,0.021577,-0.016174,-0.018230,-0.006982,-0.030018,-0.028711,0.001634,-0.040536,-0.037217,-0.000996,-0.036529,-0.032969,0.001825,-0.029969,-0.020888,0.036388,-0.029357,-0.010991,0.013488,-0.045860,-0.009709,-0.000098,-0.062286
0.004844,-0.081262,-0.010160,-0.000773,-0.048187,0.007098,-0.019473,0.048746,-0.019825,-0.029132,0.049173,-0.043708,0.001529,-0.033653,0.008978,-0.000680,0.024702,-0.006446,-0.002156,0.028456,-0.022378,-0.027132,0.002779,-0.021244,-0.037182,0.007012,-0.041346,-0.040099,-0.003167,-0.044769,-0.035970,-0.006046,-0.049009,-0.031530,0.045400,-0.015877,-0.017880,0.013162,-0.040359,-0.013606,-0.008236,-0.067607
0.008388,-0.084276,-0.008555,0.004724,-0.048852,0.009377,-0.013240,0.056562,-0.028819,-0.027447,0.054690,-0.070111,0.004740,-0.029869,0.014225,0.005233,0.032922,-0.009468,0.005915,0.033841,-0.037406,-0.036944,-0.005673,-0.020910,-0.046320,-0.006220,-0.049347,-0.042593,-0.012317,-0.050804,-0.038034,-0.013974,-0.052628,-0.043109,0.040745,-0.007863,-0.024166,0.006147,-0.034784,-0.016301,-0.019166,-0.068643
0.012270,-0.082426,-0.008750,0.010539,-0.046874,0.009035,-0.006075,0.062053,-0.034790,-0.023839,0.058687,-0.085570,0.008636,-0.025702,0.015663,0.011321,0.035928,-0.011594,0.013203,0.034532,-0.044916,-0.038945,-0.008420,-0.022086,-0.047073,-0.012396,-0.054117,-0.039448,-0.018192,-0.056158,-0.035093,-0.020438,-0.058965,-0.046567,0.038542,-0.006580,-0.026545,0.002572,-0.034670,-0.017181,-0.025072,-0.071554
0.014552,-0.076653,-0.010646,0.013718,-0.043312,0.006345,-0.001730,0.062386,-0.034439,-0.020262,0.059013,-0.082049,0.011257,-0.023243,0.012582,0.014510,0.032216,-0.011752,0.016033,0.030153,-0.041160,-0.032252,-0.004035,-0.024597,-0.039242,-0.008402,-0.053847,-0.032255,-0.017929,-0.058753,-0.028504,-0.022355,-0.065530,-0.040272,0.039913,-0.013249,-0.024006,0.004120,-0.040690,-0.016098,-0.023181,-0.075549
0.009772,-0.070540,-0.011705,0.007850,-0.045412,0.004665,-0.006496,0.046934,-0.025431,-0.023914,0.045947,-0.060677,0.004759,-0.024143,0.005803,0.006041,0.017770,-0.013333,0.006734,0.015316,-0.036444,-0.025126,-0.003371,-0.025118,-0.030898,-0.012406,-0.047776,-0.027978,-0.027874,-0.057245,-0.026947,-0.034447,-0.068429,-0.033389,0.035419,-0.021825,-0.023939,-0.003938,-0.051627,-0.018792,-0.034378,-0.087261
0.002943,-0.061181,-0.010177,-0.001060,-0.046207,0.005013,-0.016679,0.026676,-0.012221,-0.033323,0.028177,-0.032635,-0.004648,-0.023498,0.000172,-0.008163,0.002780,-0.013110,-0.009008,0.000934,-0.029650,-0.017390,-0.004666,-0.021803,-0.022125,-0.019797,-0.036148,-0.024930,-0.040573,-0.049607,-0.027934,-0.049202,-0.064853,-0.025653,0.027280,-0.027027,-0.024047,-0.015587,-0.059066,-0.022347,-0.049257,-0.095042
-0.000963,-0.045643,-0.004315,-0.007203,-0.038783,0.008613,-0.028734,0.012686,0.001204,-0.046913,0.014700,-0.008726,-0.010926,-0.016354,0.000526,-0.022452,-0.002524,-0.007757,-0.025650,-0.002059,-0.019529,-0.008773,-0.006345,-0.013229,-0.012883,-0.026199,-0.019732,-0.021333,-0.048702,-0.034318,-0.028859,-0.059216,-0.052404,-0.016759,0.017549,-0.024257,-0.022140,-0.024802,-0.055283,-0.024041,-0.058209,-0.087909
-0.006833,-0.024366,0.003982,-0.016330,-0.029345,0.014115,-0.045894,-0.009857,0.020610,-0.066131,-0.008473,0.027306,-0.020664,-0.007098,0.000181,-0.043478,-0.009077,0.001644,-0.049183,-0.005591,0.002001,0.005107,-0.006350,-0.000779,0.001345,-0.032375,0.004112,-0.017097,-0.060235,-0.014152,-0.032648,-0.075631,-0.039883,-0.001880,0.004858,-0.020837,-0.017464,-0.038453,-0.051402,-0.025477,-0.071695,-0.079137
-0.011739,-0.007965,0.010570,-0.023947,-0.022679,0.018867,-0.059793,-0.029705,0.036591,-0.081557,-0.029694,0.057703,-0.029061,-0.000373,-0.000681,-0.060827,-0.013627,0.010466,-0.067899,-0.007897,0.024268,0.017174,-0.004731,0.009081,0.013348,-0.035351,0.023168,-0.014338,-0.069601,0.000594,-0.037374,-0.090548,-0.033707,0.011367,-0.004538,-0.018726,-0.012452,-0.049886,-0.049438,-0.025976,-0.083228,-0.073096
-0.017387,0.009776,0.021360,-0.031966,-0.015949,0.027549,-0.072306,-0.056090,0.052345,-0.095037,-0.057855,0.079886,-0.038209,-0.000227,-0.001196,-0.075579,-0.036946,0.018267,-0.079740,-0.030443,0.041310,0.030496,-0.000726,0.023650,0.026028,-0.032138,0.047396,-0.010731,-0.073166,0.020048,-0.038530,-0.100487,-0.024410,0.027478,-0.017615,-0.012106,-0.002905,-0.066079,-0.043109,-0.021583,-0.097603,-0.061144
-0.020800,0.028354,0.027454,-0.037907,-0.008127,0.031551,-0.082858,-0.081280,0.061167,-0.106072,-0.084958,0.091063,-0.044794,-0.001185,-0.006863,-0.086546,-0.064746,0.020514,-0.086814,-0.057893,0.051267,0.043089,0.006307,0.033064,0.038028,-0.023740,0.064239,-0.005220,-0.070567,0.032569,-0.035341,-0.103802,-0.021333,0.043124,-0.028177,-0.008583,0.008510,-0.079257,-0.039528,-0.014078,-0.107737,-0.051804
-0.019027,0.047251,0.019939,-0.039242,0.001926,0.022178,-0.090863,-0.097328,0.056096,-0.114234,-0.102699,0.088121,-0.045515,0.002188,-0.023243,-0.092557,-0.082699,0.012475,-0.091238,-0.074782,0.052056,0.052846,0.017076,0.027585,0.047907,-0.010993,0.061267,0.003413,-0.061275,0.026574,-0.026570,-0.098647,-0.033840,0.054986,-0.030067,-0.015558,0.019547,-0.081839,-0.045631,-0.004567,-0.106917,-0.053506
-0.028102,0.070351,0.011313,-0.053206,0.012154,0.013155,-0.109256,-0.120588,0.059418,-0.129088,-0.125257,0.103878,-0.058764,0.003150,-0.046435,-0.111880,-0.111555,0.006710,-0.107903,-0.100512,0.067067,0.069490,0.035219,0.021386,0.065387,0.009695,0.067999,0.013256,-0.050851,0.025478,-0.019604,-0.097835,-0.050284,0.075087,-0.028380,-0.034950,0.030615,-0.082706,-0.064525,-0.000474,-0.103990,-0.064009
-0.043510,0.086146,0.005889,-0.073027,0.017248,0.009177,-0.128975,-0.139526,0.069935,-0.142947,-0.141276,0.130857,-0.078165,0.001301,-0.064725,-0.135046,-0.136711,0.006538,-0.128329,-0.121978,0.089220,0.084648,0.051424,0.017251,0.081762,0.027430,0.080850,0.018924,-0.045147,0.029966,-0.019178,-0.102719,-0.061903,0.092878,-0.023996,-0.057506,0.035188,-0.081376,-0.086973,-0.005025,-0.100368,-0.078026
-0.041188,0.123958,0.024788,-0.062668,0.040469,0.017633,-0.107115,-0.149192,0.097913,-0.126586,-0.147568,0.179693,-0.070585,0.023999,-0.048609,-0.121841,-0.137544,0.030167,-0.117490,-0.122493,0.117711,0.067257,0.063220,0.038456,0.068222,0.031591,0.087458,0.022608,-0.040196,0.033416,-0.009508,-0.101386,-0.064058,0.076604,-0.019187,-0.018443,0.035010,-0.069806,-0.048253,0.009963,-0.093907,-0.054630
-0.035831,0.154891,0.040115,-0.050832,0.057841,0.025099,-0.087566,-0.160537,0.121262,-0.113453,-0.156546,0.216076,-0.061766,0.043278,-0.034675,-0.109521,-0.137058,0.048151,-0.107023,-0.122873,0.134686,0.052142,0.069598,0.054934,0.056985,0.029676,0.088494,0.029981,-0.038918,0.033521,0.005185,-0.100772,-0.064482,0.062099,-0.017659,0.015393,0.036152,-0.063380,-0.016163,0.025394,-0.094567,-0.039284
-0.042175,0.150147,0.023933,-0.066252,0.045991,0.016714,-0.113636,-0.184768,0.113236,-0.136326,-0.182041,0.200941,-0.077578,0.032177,-0.060453,-0.134743,-0.157418,0.028236,-0.127348,-0.143332,0.119302,0.074932,0.068734,0.037816,0.081394,0.027565,0.087067,0.045403,-0.045288,0.031465,0.016186,-0.108422,-0.066549,0.085030,-0.022972,-0.021014,0.043541,-0.076489,-0.055772,0.021389,-0.110551,-0.074075
-0.053102,0.153213,0.020509,-0.079962,0.040541,0.015805,-0.125851,-0.205805,0.117026,-0.145095,-0.201918,0.202718,-0.091558,0.030617,-0.068861,-0.146633,-0.166442,0.017326,-0.134772,-0.155513,0.100561,0.090388,0.070631,0.033617,0.098473,0.033426,0.101093,0.054120,-0.035454,0.046938,0.021580,-0.102317,-0.055679,0.101304,-0.026732,-0.044461,0.046400,-0.084903,-0.081115,0.015803,-0.119744,-0.094656
-0.063167,0.162599,0.031569,-0.085495,0.043682,0.023915,-0.118767,-0.213197,0.133992,-0.135449,-0.205721,0.223729,-0.097059,0.039098,-0.055254,-0.139850,-0.159831,0.022381,-0.125889,-0.153503,0.089445,0.090289,0.074091,0.043074,0.099345,0.043996,0.121749,0.051371,-0.014839,0.070646,0.017631,-0.086608,-0.038277,0.101615,-0.027364,-0.045133,0.041591,-0.084691,-0.081258,0.009327,-0.117896,-0.092224
-0.066263,0.161912,0.018993,-0.092733,0.041411,0.016508,-0.129150,-0.212101,0.120435,-0.143114,-0.206362,0.195925,-0.102610,0.038235,-0.070219,-0.145388,-0.166310,0.007190,-0.131604,-0.161581,0.069602,0.086852,0.072863,0.027467,0.097650,0.034167,0.103659,0.052072,-0.021332,0.055514,0.016825,-0.090034,-0.046824,0.096856,-0.018684,-0.060429,0.038070,-0.077207,-0.097742,0.005876,-0.114069,-0.112657
-0.063244,0.159002,0.005027,-0.094809,0.039637,0.008365,-0.137658,-0.202458,0.101660,-0.149931,-0.200343,0.160801,-0.102773,0.037815,-0.085529,-0.147491,-0.170958,-0.007136,-0.134864,-0.166942,0.052486,0.078510,0.072731,0.010351,0.090816,0.019073,0.074449,0.052524,-0.034518,0.029551,0.017496,-0.095469,-0.060050,0.087059,-0.002288,-0.068819,0.035957,-0.063917,-0.109477,0.007361,-0.107578,-0.134033
-0.054997,0.161699,0.011935,-0.085167,0.043895,0.015247,-0.125707,-0.184123,0.105942,-0.137857,-0.183267,0.162692,-0.092230,0.047270,-0.073055,-0.130994,-0.159348,0.000365,-0.119311,-0.157076,0.049491,0.062764,0.078903,0.014417,0.075677,0.013382,0.060949,0.047594,-0.034698,0.020695,0.014407,-0.087273,-0.055747,0.069973,0.019377,-0.049742,0.032559,-0.046730,-0.095544,0.012720,-0.097914,-0.133987
-0.056060,0.155406,-0.002236,-0.084873,0.038263,0.001384,-0.119806,-0.179050,0.095492,-0.128929,-0.177526,0.158464,-0.090456,0.044430,-0.083704,-0.118446,-0.159461,-0.002947,-0.104116,-0.155445,0.054193,0.061818,0.076288,-0.001493,0.075090,0.009211,0.046064,0.045004,-0.032169,0.012756,0.010222,-0.075848,-0.049578,0.069295,0.029328,-0.065401,0.032607,-0.026238,-0.104741,0.014288,-0.072395,-0.139123
-0.065922,0.143326,-0.030428,-0.094599,0.024979,-0.025444,-0.123256,-0.189963,0.077994,-0.127026,-0.185920,0.152657,-0.098922,0.030788,-0.111736,-0.116457,-0.171019,-0.013912,-0.096289,-0.162765,0.065874,0.075437,0.066152,-0.031147,0.088642,0.007970,0.034954,0.044987,-0.029031,0.007272,0.005113,-0.067888,-0.046923,0.083768,0.023098,-0.110608,0.033649,-0.012130,-0.135319,0.008098,-0.043284,-0.149891
-0.070794,0.128242,-0.032881,-0.093551,0.021246,-0.027444,-0.111584,-0.168868,0.069559,-0.115172,-0.165546,0.141942,-0.099275,0.025099,-0.105877,-0.106726,-0.161657,-0.012076,-0.084565,-0.153519,0.063005,0.061889,0.060520,-0.035468,0.074310,0.004594,0.027024,0.030484,-0.029269,0.002982,-0.009353,-0.062571,-0.042716,0.069471,0.031436,-0.109877,0.021967,0.007757,-0.127171,-0.002168,-0.017627,-0.136963
-0.068971,0.113328,-0.023857,-0.085534,0.019012,-0.019193,-0.091206,-0.142005,0.065824,-0.092266,-0.139144,0.130294,-0.092336,0.022715,-0.086554,-0.090727,-0.147114,-0.004119,-0.068112,-0.140710,0.056494,0.041936,0.059310,-0.027085,0.053131,0.002713,0.022434,0.015007,-0.029602,0.000144,-0.022461,-0.058481,-0.039037,0.048393,0.046454,-0.087499,0.010052,0.028098,-0.101868,-0.009579,0.003572,-0.113823
-0.058827,0.101863,-0.017673,-0.074658,0.009762,-0.014550,-0.068390,-0.135755,0.064693,-0.056611,-0.129589,0.123976,-0.079371,0.019125,-0.073903,-0.069788,-0.142874,0.004376,-0.045177,-0.137017,0.058427,0.035780,0.062289,-0.020582,0.045810,0.005258,0.018849,0.011565,-0.027362,-0.003494,-0.024463,-0.054662,-0.040406,0.041119,0.060587,-0.070543,0.008550,0.043943,-0.083657,-0.009430,0.019546,-0.096632
-0.051301,0.087720,-0.014483,-0.066385,0.000999,-0.011773,-0.051519,-0.124706,0.062008,-0.030608,-0.116080,0.119577,-0.069817,0.016123,-0.063799,-0.057438,-0.131574,0.009276,-0.034405,-0.125492,0.058108,0.030791,0.062757,-0.016612,0.039444,0.006345,0.015796,0.006356,-0.025310,-0.005170,-0.029935,-0.050056,-0.037980,0.035156,0.073845,-0.057928,0.005945,0.060965,-0.067767,-0.012685,0.038370,-0.078463
-0.050139,0.077939,-0.015878,-0.064887,-0.003117,-0.011980,-0.048737,-0.114325,0.059940,-0.026559,-0.105088,0.120188,-0.068504,0.015161,-0.060989,-0.059621,-0.118752,0.008995,-0.040645,-0.111807,0.056576,0.029513,0.060599,-0.017699,0.037452,0.005458,0.013976,0.002300,-0.024397,-0.004875,-0.035810,-0.046869,-0.033745,0.033399,0.079900,-0.056660,0.003364,0.070893,-0.062891,-0.017979,0.050789,-0.069211
-0.050526,0.061558,-0.013786,-0.065884,-0.010918,-0.008315,-0.049347,-0.101347,0.061339,-0.024131,-0.090441,0.126643,-0.067481,0.012833,-0.052977,-0.061286,-0.097545,0.011237,-0.048424,-0.089520,0.058131,0.026438,0.059029,-0.014265,0.033261,0.008111,0.017531,-0.004022,-0.020536,0.001140,-0.042532,-0.039258,-0.021688,0.029317,0.086737,-0.051795,-0.003233,0.078062,-0.056781,-0.028636,0.057780,-0.060545
-0.048441,0.042325,-0.011929,-0.064801,-0.020376,-0.004792,-0.049353,-0.089206,0.061067,-0.021676,-0.075957,0.129287,-0.063974,0.007742,-0.045454,-0.060732,-0.077803,0.012541,-0.053934,-0.068559,0.059673,0.023620,0.056660,-0.010553,0.028875,0.012028,0.020320,-0.009730,-0.015983,0.005767,-0.047987,-0.031591,-0.012117,0.025090,0.091233,-0.045572,-0.009436,0.081860,-0.049957,-0.038514,0.061289,-0.051460
-0.039832,0.023981,-0.014006,-0.057022,-0.029507,-0.005222,-0.044494,-0.081354,0.054562,-0.017098,-0.065692,0.118996,-0.055124,-0.001624,-0.043710,-0.055893,-0.069315,0.010575,-0.052856,-0.058808,0.059279,0.023332,0.052004,-0.010957,0.026554,0.014896,0.015926,-0.011580,-0.012901,0.001631,-0.049530,-0.028114,-0.015557,0.023249,0.090112,-0.040406,-0.010505,0.081553,-0.043118,-0.041165,0.063215,-0.041126
-0.030374,-0.004787,-0.020103,-0.047558,-0.043654,-0.009530,-0.036815,-0.071107,0.040222,-0.009135,-0.053731,0.099156,-0.043982,-0.018931,-0.044207,-0.047420,-0.062290,0.001658,-0.048382,-0.050888,0.047989,0.020428,0.043194,-0.014460,0.019135,0.018896,0.008421,-0.023504,-0.010036,-0.006686,-0.066206,-0.027575,-0.026528,0.018879,0.083952,-0.037194,-0.012712,0.077356,-0.036709,-0.044811,0.064561,-0.027786
-0.024809,-0.029587,-0.027180,-0.041104,-0.055809,-0.015523,-0.029979,-0.063541,0.025393,-0.001530,-0.045856,0.079903,-0.036098,-0.035526,-0.046612,-0.039321,-0.060208,-0.009492,-0.042415,-0.048749,0.031707,0.016357,0.034765,-0.019498,0.010420,0.022106,0.001313,-0.039410,-0.008848,-0.015182,-0.089538,-0.030403,-0.039589,0.014081,0.076048,-0.037790,-0.015092,0.071533,-0.034175,-0.047806,0.064726,-0.018315
-0.014220,-0.054034,-0.015923,-0.029279,-0.063844,-0.003800,-0.018815,-0.044628,0.019207,0.009966,-0.029235,0.059769,-0.022836,-0.047294,-0.027790,-0.026689,-0.046812,0.000139,-0.032467,-0.034720,0.038431,0.012649,0.030146,-0.005952,0.006166,0.031309,0.009884,-0.033781,0.002969,-0.005580,-0.073917,-0.016107,-0.027570,0.009720,0.073063,-0.018109,-0.013853,0.065640,-0.016458,-0.043443,0.059169,-0.002235
-0.003225,-0.076585,-0.001071,-0.016297,-0.070636,0.011191,-0.006228,-0.025567,0.015156,0.021500,-0.013136,0.039134,-0.009448,-0.056735,-0.004967,-0.013785,-0.031342,0.013095,-0.021384,-0.018871,0.047280,0.008911,0.026020,0.010407,0.003121,0.040309,0.020425,-0.022165,0.015978,0.006644,-0.047028,0.001635,-0.010800,0.005662,0.070771,0.004428,-0.011053,0.060124,0.003371,-0.036133,0.053116,0.013946
0.003568,-0.095767,0.002628,-0.006285,-0.079119,0.014865,0.005165,-0.017501,0.006386,0.029453,-0.006631,0.018024,-0.001118,-0.066382,0.004613,-0.004618,-0.023155,0.011907,-0.011682,-0.011514,0.037436,0.004886,0.019051,0.014492,-0.001803,0.042796,0.020234,-0.020043,0.020350,0.007279,-0.036542,0.008398,-0.008027,0.001947,0.064963,0.013373,-0.008553,0.055355,0.013240,-0.030073,0.051524,0.024796
0.014990,-0.122018,0.006840,0.009528,-0.091365,0.019118,0.021980,-0.008069,-0.003692,0.040878,0.000943,-0.005634,0.012712,-0.080252,0.016716,0.010526,-0.013538,0.009633,0.003679,-0.002948,0.022887,0.001389,0.009970,0.019024,-0.006551,0.044846,0.018181,-0.015726,0.024069,0.005804,-0.021677,0.015088,-0.007005,-0.001205,0.058079,0.024614,-0.003207,0.048037,0.024066,-0.019694,0.046429,0.034461
0.025353,-0.142263,0.009468,0.023235,-0.101344,0.022001,0.035673,-0.001931,-0.009579,0.049866,0.005888,-0.019584,0.025119,-0.091469,0.025452,0.024011,-0.007210,0.007766,0.016960,0.002666,0.011230,0.000014,0.003359,0.020862,-0.008868,0.045525,0.014055,-0.011297,0.025391,0.001771,-0.009637,0.018480,-0.009377,-0.002502,0.053649,0.031345,0.001905,0.041904,0.029291,-0.010705,0.040409,0.037028
0.045145,-0.164900,0.016440,0.045491,-0.110747,0.028109,0.053970,0.013975,-0.026178,0.064385,0.017837,-0.061781,0.048133,-0.097653,0.043396,0.050736,0.012550,0.012001,0.043821,0.021238,0.003795,-0.009536,-0.005115,0.026562,-0.020039,0.041062,0.002015,-0.008574,0.027217,-0.005943,0.004396,0.028789,-0.006244,-0.012467,0.052116,0.053455,0.008145,0.035529,0.046371,0.005396,0.030563,0.043026
0.061721,-0.185348,0.020335,0.063390,-0.118010,0.032069,0.064304,0.031608,-0.042885,0.069695,0.031193,-0.102298,0.067583,-0.102760,0.057964,0.072802,0.033102,0.016446,0.065472,0.041191,0.000830,-0.019126,-0.014640,0.027614,-0.031127,0.035121,-0.012678,-0.007332,0.028625,-0.015178,0.016377,0.039631,-0.003029,-0.022261,0.049022,0.068493,0.013886,0.029433,0.057865,0.020966,0.022399,0.044964
0.062429,-0.199091,0.013729,0.064476,-0.121358,0.027922,0.054892,0.042542,-0.050517,0.051160,0.039220,-0.112439,0.069772,-0.110743,0.056272,0.073162,0.041605,0.014260,0.063561,0.050760,0.001576,-0.019441,-0.023986,0.017192,-0.031985,0.031955,-0.022487,-0.006496,0.028982,-0.021634,0.023024,0.044691,-0.003308,-0.021278,0.040178,0.056109,0.018982,0.024191,0.047977,0.029742,0.021403,0.036938
0.070594,-0.217285,-0.001095,0.071144,-0.126862,0.017276,0.048856,0.058113,-0.074344,0.037831,0.049122,-0.151242,0.077427,-0.119967,0.047431,0.075537,0.051828,0.004901,0.063527,0.062178,-0.004494,-0.023751,-0.033276,-0.002171,-0.036753,0.023722,-0.052423,-0.003853,0.015629,-0.053350,0.033315,0.037115,-0.027938,-0.024879,0.033873,0.042936,0.025384,0.019260,0.035628,0.042198,0.019196,0.023006
0.082107,-0.230781,-0.016721,0.079708,-0.132129,0.006297,0.048454,0.070769,-0.100034,0.035921,0.056824,-0.197004,0.086355,-0.125966,0.036287,0.078210,0.058653,-0.005555,0.065355,0.069741,-0.012838,-0.030289,-0.038108,-0.023647,-0.043180,0.014183,-0.091251,-0.000554,-0.004973,-0.097789,0.042206,0.020621,-0.067551,-0.032131,0.033073,0.031775,0.028834,0.017016,0.023647,0.050846,0.016768,0.007021
0.082809,-0.254125,-0.016726,0.080137,-0.142718,0.011335,0.048597,0.083982,-0.113513,0.038820,0.064828,-0.234964,0.087536,-0.141873,0.042633,0.079612,0.057363,-0.008692,0.067992,0.065511,-0.029210,-0.023859,-0.054058,-0.029785,-0.038142,0.007208,-0.090974,-0.001302,-0.002382,-0.087556,0.043113,0.033994,-0.040527,-0.024987,0.021488,0.018268,0.034206,0.012176,0.015788,0.055565,0.017738,0.005886
0.075933,-0.270402,-0.009065,0.077097,-0.148317,0.021993,0.053490,0.097545,-0.111107,0.046237,0.076743,-0.245795,0.084837,-0.151323,0.058472,0.083053,0.062510,-0.010575,0.072338,0.062803,-0.056978,-0.015818,-0.066463,-0.027975,-0.031229,0.005351,-0.074573,-0.004175,0.008376,-0.059558,0.041686,0.054165,0.003021,-0.015486,0.009142,0.004313,0.036348,0.004986,0.007244,0.053360,0.018933,0.009282
0.064577,-0.262351,-0.001682,0.075107,-0.137959,0.026751,0.067268,0.110053,-0.092136,0.057848,0.093361,-0.212613,0.081934,-0.137673,0.075448,0.091577,0.088652,-0.018138,0.079016,0.075073,-0.100460,-0.017807,-0.060856,-0.025826,-0.031969,0.010644,-0.064539,-0.007712,0.011599,-0.049329,0.041719,0.057948,0.014441,-0.016209,0.005682,-0.008060,0.030580,-0.004722,-0.006009,0.042538,0.016860,0.007468
0.063536,-0.236016,0.001530,0.083327,-0.111565,0.025014,0.085810,0.135684,-0.078216,0.069342,0.121925,-0.182625,0.087313,-0.110746,0.087459,0.103837,0.117406,-0.015139,0.089925,0.097286,-0.115558,-0.031011,-0.053430,-0.026657,-0.042675,0.015546,-0.073183,-0.004804,0.021391,-0.057543,0.056567,0.067437,0.004628,-0.029189,0.004762,-0.004405,0.024204,-0.006097,-0.002323,0.041915,0.019816,0.011470
0.073360,-0.204657,-0.001059,0.097208,-0.083015,0.018691,0.099183,0.161765,-0.073435,0.075053,0.149119,-0.168332,0.097817,-0.084010,0.088554,0.113394,0.134076,-0.002676,0.100396,0.117400,-0.093992,-0.048768,-0.048203,-0.032077,-0.057577,0.016964,-0.099107,0.003764,0.032345,-0.082954,0.079121,0.077376,-0.023753,-0.048155,0.006887,0.010672,0.019689,0.001726,0.013903,0.050302,0.026293,0.016943
0.075076,-0.185145,-0.015777,0.096432,-0.076492,0.002762,0.100312,0.155780,-0.082554,0.080875,0.146506,-0.176188,0.097526,-0.073683,0.068602,0.117814,0.121868,-0.002049,0.108779,0.111875,-0.072486,-0.053174,-0.057180,-0.046188,-0.061425,-0.001391,-0.118768,0.001577,0.022665,-0.099834,0.071462,0.064156,-0.044003,-0.053037,-0.006588,0.005021,0.019049,-0.008464,0.008966,0.054038,0.013660,0.006231
0.070575,-0.166677,-0.030234,0.087637,-0.073577,-0.012396,0.092897,0.140495,-0.090764,0.080355,0.135409,-0.183077,0.090185,-0.066639,0.045223,0.114705,0.102232,-0.004692,0.109333,0.099340,-0.053174,-0.051395,-0.066609,-0.057368,-0.059153,-0.023060,-0.126212,-0.003548,0.006489,-0.105266,0.053020,0.042973,-0.054295,-0.051938,-0.020439,-0.005696,0.016869,-0.021189,-0.002361,0.051315,-0.003518,-0.009381
0.061730,-0.138496,-0.032041,0.077752,-0.055973,-0.016325,0.082323,0.138681,-0.083203,0.068971,0.136682,-0.166112,0.079682,-0.049731,0.036641,0.103350,0.097067,-0.000575,0.098956,0.098930,-0.036952,-0.050114,-0.063107,-0.056182,-0.054835,-0.032372,-0.118545,-0.002601,-0.002970,-0.099182,0.044571,0.027887,-0.055224,-0.052447,-0.019709,-0.008856,0.008087,-0.021298,-0.008317,0.040586,-0.011016,-0.021562
0.050333,-0.110527,-0.024844,0.063742,-0.043720,-0.011680,0.073123,0.123924,-0.064783,0.066213,0.126537,-0.133491,0.063983,-0.034475,0.033401,0.084516,0.084878,0.007848,0.082134,0.090160,-0.017047,-0.041914,-0.063213,-0.043487,-0.042775,-0.048877,-0.092841,0.003535,-0.021337,-0.076167,0.039986,0.002042,-0.042266,-0.046660,-0.023000,-0.005803,0.000302,-0.027704,-0.010890,0.030010,-0.029373,-0.034104
0.042082,-0.096726,-0.012247,0.052329,-0.043282,-0.000233,0.069239,0.103435,-0.043077,0.072985,0.110087,-0.099950,0.050630,-0.028623,0.037412,0.067150,0.071664,0.017414,0.067135,0.077285,-0.002292,-0.030922,-0.067131,-0.026593,-0.028919,-0.064709,-0.063276,0.012027,-0.039752,-0.048985,0.041904,-0.022018,-0.022992,-0.037592,-0.028928,0.000633,-0.002739,-0.037450,-0.009909,0.024757,-0.049717,-0.041688
0.030602,-0.078309,-0.000346,0.034175,-0.040110,0.012089,0.042338,0.070733,-0.018776,0.047276,0.078089,-0.062509,0.032289,-0.029012,0.032909,0.039228,0.039079,0.018994,0.040931,0.042483,0.005074,-0.013237,-0.065512,-0.008656,-0.010156,-0.074740,-0.028351,0.018587,-0.056657,-0.016493,0.040436,-0.042963,0.004238,-0.020868,-0.035893,0.004290,-0.003029,-0.049507,-0.010405,0.016649,-0.069519,-0.043632
0.018515,-0.056473,0.006970,0.015753,-0.032736,0.019107,0.008750,0.037237,0.001749,0.008425,0.043121,-0.025808,0.014410,-0.029335,0.022643,0.010962,0.004140,0.014409,0.013365,0.004853,0.005839,0.003953,-0.059388,0.005162,0.006834,-0.077378,0.001446,0.021132,-0.069545,0.008680,0.034189,-0.061915,0.020868,-0.003351,-0.042741,0.005201,-0.001790,-0.060257,-0.011461,0.008509,-0.083672,-0.040922
0.008393,-0.032325,0.005816,0.003070,-0.019821,0.014958,-0.016317,0.014272,0.012811,-0.025158,0.017634,0.006071,0.001870,-0.023121,0.009328,-0.008340,-0.015988,0.005593,-0.006275,-0.016412,0.000910,0.013263,-0.050173,0.009419,0.015123,-0.071608,0.015403,0.017265,-0.076296,0.013743,0.021423,-0.080207,0.008234,0.007729,-0.048600,0.002853,-0.000602,-0.066174,-0.012562,0.002947,-0.087138,-0.034692
-0.004848,0.000591,0.008574,-0.014157,-0.005142,0.013198,-0.044874,-0.020885,0.026663,-0.059729,-0.019662,0.040693,-0.016141,-0.013614,-0.005115,-0.035287,-0.043466,0.000494,-0.032232,-0.044638,0.006020,0.029390,-0.038127,0.019775,0.030214,-0.065317,0.041635,0.015073,-0.084357,0.029885,0.007236,-0.101538,0.004119,0.026449,-0.055908,0.001892,0.003785,-0.074657,-0.012423,-0.002686,-0.092815,-0.024858
-0.014586,0.025852,0.013866,-0.027433,0.003852,0.014869,-0.062939,-0.050780,0.036881,-0.078251,-0.050200,0.061265,-0.030723,-0.005561,-0.013400,-0.056581,-0.064556,0.001912,-0.051631,-0.065728,0.018892,0.044241,-0.029394,0.030672,0.044608,-0.061846,0.066535,0.015643,-0.089882,0.048626,-0.001452,-0.115460,0.010282,0.043302,-0.061124,0.002276,0.008976,-0.081563,-0.011541,-0.005793,-0.098020,-0.016642
-0.024549,0.062557,0.017617,-0.041789,0.025092,0.014537,-0.083984,-0.073153,0.045472,-0.098490,-0.073415,0.080043,-0.043101,0.011036,-0.023784,-0.078675,-0.078301,-0.002109,-0.079066,-0.082537,0.021842,0.055692,-0.008714,0.039080,0.056648,-0.043205,0.084664,0.019739,-0.081455,0.059450,-0.002617,-0.116649,0.006697,0.056933,-0.059095,0.002741,0.011056,-0.082776,-0.010324,-0.014116,-0.096573,-0.005785
-0.026718,0.097018,0.022234,-0.048166,0.045493,0.015172,-0.097857,-0.092385,0.055170,-0.111870,-0.093383,0.099095,-0.047502,0.026467,-0.031364,-0.094263,-0.091486,-0.004257,-0.101032,-0.098057,0.024282,0.061062,0.012548,0.046280,0.062229,-0.024119,0.091936,0.023385,-0.069712,0.061264,-0.002204,-0.111862,-0.001424,0.063045,-0.051623,0.010523,0.011740,-0.077889,-0.003100,-0.019053,-0.093686,0.003547
-0.013039,0.115562,0.030142,-0.037121,0.052227,0.019362,-0.093419,-0.112712,0.067734,-0.108885,-0.114026,0.119711,-0.037764,0.030993,-0.031225,-0.095332,-0.111005,0.002638,-0.103569,-0.115437,0.035342,0.058227,0.023636,0.054310,0.057928,-0.018432,0.085173,0.023598,-0.064532,0.053687,-0.004603,-0.106982,-0.008541,0.058482,-0.040060,0.033976,0.014274,-0.066547,0.016565,-0.010568,-0.095036,0.007394
-0.014232,0.134735,0.041224,-0.040863,0.055714,0.027213,-0.100396,-0.146439,0.081576,-0.116637,-0.148213,0.135212,-0.044603,0.034500,-0.030437,-0.109736,-0.133654,0.006640,-0.113939,-0.137637,0.036590,0.064976,0.038416,0.065483,0.063425,-0.007930,0.097577,0.020428,-0.065202,0.059165,-0.018429,-0.116623,-0.015039,0.066129,-0.033282,0.042432,0.017579,-0.066049,0.020099,-0.010704,-0.105381,0.003470
-0.029707,0.144956,0.049918,-0.057939,0.053841,0.035348,-0.116244,-0.176941,0.091265,-0.132028,-0.179121,0.139186,-0.064969,0.035385,-0.029304,-0.130875,-0.147784,0.005989,-0.127333,-0.153305,0.027523,0.077638,0.048952,0.073368,0.075664,0.001222,0.121975,0.014784,-0.072276,0.074452,-0.038236,-0.137184,-0.017429,0.081345,-0.034937,0.030409,0.018490,-0.076511,0.004845,-0.021464,-0.119245,-0.006633
-0.047058,0.176140,0.063114,-0.069857,0.076302,0.042963,-0.119993,-0.186788,0.111292,-0.139765,-0.189481,0.169627,-0.079098,0.051102,-0.020746,-0.138382,-0.148542,0.018315,-0.130669,-0.154592,0.039381,0.086829,0.061036,0.088479,0.085954,0.024024,0.157895,0.020498,-0.040211,0.114389,-0.024600,-0.106742,0.020449,0.095122,-0.041261,0.028197,0.020184,-0.079933,0.006222,-0.029313,-0.118077,0.006143
-0.058692,0.209553,0.067072,-0.075659,0.101355,0.041868,-0.118459,-0.190383,0.129040,-0.142961,-0.192510,0.204698,-0.085869,0.068754,-0.020180,-0.138028,-0.146516,0.028614,-0.129408,-0.151911,0.057486,0.088160,0.073427,0.092324,0.089914,0.043589,0.172627,0.030806,-0.008633,0.134568,0.000698,-0.071714,0.044799,0.099552,-0.043942,0.022933,0.020249,-0.078807,0.004495,-0.033610,-0.112849,0.011864
-0.057082,0.226604,0.048094,-0.073574,0.108188,0.022647,-0.115692,-0.201374,0.128130,-0.142739,-0.201258,0.218924,-0.083288,0.076048,-0.043345,-0.133554,-0.151861,0.020648,-0.127607,-0.155283,0.065790,0.078917,0.086464,0.069687,0.084316,0.044770,0.137777,0.040691,-0.016382,0.094773,0.020188,-0.078589,0.005931,0.089969,-0.032915,0.006007,0.019412,-0.074696,-0.016774,-0.030817,-0.114163,-0.016836
-0.056392,0.234934,0.024597,-0.075483,0.107246,0.002766,-0.118856,-0.214463,0.116101,-0.145584,-0.212805,0.204916,-0.084389,0.075713,-0.072403,-0.130851,-0.164246,0.011562,-0.122622,-0.164389,0.079165,0.079047,0.096006,0.042132,0.087067,0.047483,0.105619,0.051860,-0.017257,0.062261,0.037910,-0.074625,-0.019646,0.089508,-0.022692,-0.022657,0.020543,-0.068147,-0.046993,-0.031090,-0.109873,-0.048060
-0.056994,0.230506,0.008288,-0.081177,0.098601,-0.006877,-0.127976,-0.223323,0.101567,-0.151453,-0.221902,0.172063,-0.089426,0.068136,-0.092385,-0.132547,-0.176828,0.007308,-0.117721,-0.174103,0.092198,0.087715,0.096364,0.021511,0.096153,0.049038,0.089792,0.057798,-0.011717,0.051076,0.043118,-0.062473,-0.020943,0.096762,-0.018973,-0.051442,0.021023,-0.062299,-0.073149,-0.036604,-0.101626,-0.067614
-0.056967,0.223936,-0.028636,-0.085079,0.090554,-0.038591,-0.130922,-0.222659,0.079358,-0.146701,-0.219540,0.157904,-0.091317,0.060505,-0.129746,-0.125052,-0.184499,-0.011437,-0.101108,-0.176559,0.095276,0.086065,0.104203,-0.019873,0.094789,0.065232,0.047370,0.057961,0.014179,0.015989,0.044142,-0.026812,-0.042017,0.093611,-0.002747,-0.094144,0.018746,-0.039296,-0.111139,-0.038252,-0.072018,-0.099769
-0.057993,0.215015,-0.060535,-0.088845,0.083960,-0.066460,-0.130874,-0.212504,0.056991,-0.136891,-0.207356,0.141326,-0.092393,0.055200,-0.158261,-0.115673,-0.182890,-0.026389,-0.084178,-0.169548,0.096131,0.079074,0.111397,-0.055417,0.088114,0.083204,0.009615,0.054107,0.043949,-0.014070,0.041154,0.012472,-0.058753,0.085446,0.015067,-0.128392,0.014957,-0.012388,-0.139710,-0.037971,-0.036241,-0.122871
-0.061770,0.203684,-0.061766,-0.094233,0.079672,-0.064408,-0.131843,-0.193501,0.042768,-0.129188,-0.188282,0.102328,-0.094881,0.054725,-0.151887,-0.112060,-0.168048,-0.019541,-0.079220,-0.151874,0.102374,0.071558,0.109525,-0.059863,0.081222,0.089679,0.005997,0.048010,0.060779,-0.011719,0.034081,0.035038,-0.048265,0.077097,0.023220,-0.133635,0.009603,0.005027,-0.139048,-0.039499,-0.009551,-0.116050
-0.067368,0.188105,-0.058971,-0.098246,0.073340,-0.059823,-0.129119,-0.172811,0.049438,-0.120833,-0.166602,0.116951,-0.096777,0.052914,-0.139449,-0.108477,-0.148162,-0.012384,-0.078061,-0.129477,0.103079,0.058343,0.110824,-0.059259,0.069550,0.098621,0.004995,0.040845,0.078443,-0.008025,0.027879,0.057791,-0.037488,0.063577,0.039038,-0.131185,0.004199,0.027501,-0.133685,-0.035658,0.019635,-0.111120
-0.071985,0.176061,-0.053534,-0.099738,0.067488,-0.053599,-0.125323,-0.160317,0.077392,-0.115916,-0.151857,0.181345,-0.098055,0.050691,-0.126615,-0.108042,-0.132757,-0.006816,-0.081781,-0.113185,0.099564,0.045639,0.114330,-0.054923,0.058508,0.105022,0.005677,0.035791,0.087724,-0.006359,0.025177,0.069099,-0.033316,0.050784,0.054531,-0.123801,0.000129,0.043953,-0.127815,-0.030064,0.036998,-0.111901
-0.069624,0.151277,-0.048350,-0.095966,0.052742,-0.047572,-0.114568,-0.143269,0.084185,-0.099123,-0.130844,0.196859,-0.091138,0.046113,-0.110111,-0.099021,-0.109566,-0.008405,-0.080138,-0.092886,0.078796,0.028452,0.111665,-0.049795,0.042086,0.098871,-0.001404,0.028733,0.085699,-0.010330,0.021433,0.073678,-0.027861,0.032678,0.074576,-0.106451,-0.005584,0.063325,-0.112541,-0.026428,0.055469,-0.105254
-0.064162,0.124039,-0.040057,-0.088949,0.037351,-0.038400,-0.097790,-0.122895,0.077974,-0.074912,-0.107354,0.178136,-0.081797,0.041960,-0.090422,-0.087122,-0.084914,-0.009171,-0.074366,-0.072447,0.058016,0.015562,0.104375,-0.040867,0.029085,0.086570,-0.004130,0.022806,0.077064,-0.009476,0.017854,0.072195,-0.016487,0.019176,0.090863,-0.084707,-0.008409,0.080607,-0.091223,-0.022196,0.072585,-0.090099
-0.059446,0.104556,-0.025256,-0.081273,0.029172,-0.021952,-0.076989,-0.100284,0.069129,-0.048068,-0.084761,0.142160,-0.076451,0.040944,-0.067413,-0.079144,-0.064374,0.000399,-0.066346,-0.054598,0.055780,0.014823,0.093549,-0.026164,0.027488,0.073763,0.008238,0.020427,0.065818,0.005206,0.014851,0.064712,0.003972,0.018495,0.094901,-0.065573,-0.005459,0.090853,-0.068388,-0.016393,0.086043,-0.066356
-0.058559,0.078447,-0.012579,-0.075260,0.013781,-0.007937,-0.058135,-0.089088,0.075920,-0.027373,-0.072805,0.149718,-0.072814,0.029454,-0.048345,-0.070644,-0.054842,0.009503,-0.059480,-0.047548,0.059025,0.018189,0.084242,-0.012341,0.028682,0.067111,0.026456,0.014244,0.056575,0.023339,0.006300,0.055861,0.022879,0.022293,0.099598,-0.053061,-0.002379,0.104244,-0.049803,-0.013147,0.105098,-0.042106
-0.061951,0.058752,-0.008365,-0.074249,-0.001383,-0.002770,-0.051049,-0.094191,0.096411,-0.023128,-0.075741,0.198215,-0.073051,0.013233,-0.042544,-0.066187,-0.060928,0.014290,-0.057039,-0.054614,0.066892,0.023940,0.081005,-0.006605,0.032124,0.069668,0.041041,0.007377,0.053692,0.035414,-0.003475,0.049849,0.030244,0.028465,0.102657,-0.053838,-0.000928,0.114158,-0.045095,-0.014302,0.120280,-0.029751
-0.043252,0.035272,0.008580,-0.054331,-0.005105,0.014617,-0.034256,-0.056179,0.078442,-0.008385,-0.040999,0.146436,-0.053162,0.012028,-0.014146,-0.050746,-0.033844,0.020688,-0.046388,-0.031639,0.053675,0.007374,0.077167,0.011921,0.011780,0.062834,0.036067,-0.004058,0.045937,0.030243,-0.012637,0.045071,0.029553,0.010185,0.115679,-0.010760,-0.003596,0.121154,-0.007850,-0.008941,0.119120,-0.007633
-0.020260,0.011571,0.021268,-0.030183,-0.006173,0.026668,-0.014463,-0.011252,0.046281,0.009683,-0.001114,0.070261,-0.028683,0.013469,0.012179,-0.031877,-0.000414,0.022946,-0.032750,-0.001630,0.034775,-0.013739,0.072530,0.026090,-0.013300,0.057150,0.021459,-0.015866,0.040458,0.015135,-0.020985,0.041875,0.017798,-0.013089,0.126550,0.033038,-0.008245,0.125809,0.030305,-0.004826,0.116656,0.015893
-0.010788,-0.008752,0.012664,-0.016782,-0.013676,0.016369,0.001434,0.005698,0.025714,0.024091,0.014925,0.046856,-0.015435,0.005219,0.011852,-0.017195,0.012627,0.015931,-0.020827,0.012630,0.026415,-0.020736,0.067014,0.018457,-0.022810,0.062872,0.006929,-0.023000,0.043934,-0.003020,-0.027412,0.040053,-0.008875,-0.020864,0.123456,0.034074,-0.011560,0.128522,0.037499,-0.008608,0.127392,0.032156
0.000805,-0.037878,0.008767,-0.000842,-0.026621,0.010728,0.018878,0.022845,0.005656,0.039049,0.030667,0.020208,0.001123,-0.007093,0.018592,0.001386,0.029421,0.011358,-0.006332,0.030767,0.016473,-0.025774,0.052748,0.014870,-0.030861,0.061554,-0.002226,-0.030412,0.047694,-0.009333,-0.034644,0.045323,-0.012769,-0.026794,0.114096,0.038734,-0.013962,0.125690,0.049005,-0.012504,0.132491,0.053367
0.008715,-0.061245,0.011539,0.009619,-0.038588,0.012658,0.029085,0.031631,-0.003626,0.047070,0.038288,0.003872,0.012635,-0.017312,0.029116,0.014479,0.041626,0.011727,0.003446,0.043750,0.010120,-0.026663,0.036855,0.016789,-0.033750,0.053846,-0.001954,-0.034659,0.049925,-0.001183,-0.039408,0.055188,0.007579,-0.028504,0.103204,0.044253,-0.014947,0.118885,0.058717,-0.015303,0.129602,0.068691
0.021907,-0.088268,0.011797,0.027341,-0.051443,0.011021,0.046908,0.043149,-0.016538,0.060558,0.048448,-0.014802,0.030845,-0.028532,0.039882,0.033871,0.059007,0.009545,0.018190,0.061873,-0.000825,-0.030342,0.021107,0.016090,-0.039831,0.048056,-0.009240,-0.038453,0.052637,-0.002176,-0.041436,0.064428,0.016838,-0.032906,0.091933,0.051408,-0.013496,0.109767,0.067968,-0.012070,0.122715,0.079439
0.033842,-0.112547,0.011683,0.043490,-0.060641,0.009875,0.063347,0.059490,-0.028101,0.073371,0.063985,-0.031265,0.047581,-0.038722,0.049730,0.051530,0.075571,0.007057,0.031361,0.078744,-0.012554,-0.035181,0.008733,0.014209,-0.046685,0.045205,-0.018551,-0.041582,0.055534,-0.007474,-0.041504,0.071836,0.018470,-0.038438,0.083012,0.056869,-0.012525,0.102261,0.074796,-0.008666,0.116971,0.086947
0.038012,-0.127789,0.013350,0.049388,-0.061662,0.013161,0.069568,0.082707,-0.033585,0.079398,0.087697,-0.041136,0.054900,-0.045926,0.057319,0.059630,0.085160,0.005861,0.036310,0.087830,-0.021936,-0.039424,0.003049,0.013511,-0.051832,0.046478,-0.023126,-0.043884,0.058360,-0.011060,-0.040474,0.076191,0.017012,-0.043245,0.079160,0.058649,-0.014510,0.100159,0.078546,-0.010400,0.117330,0.093839
0.046166,-0.149720,0.012598,0.059849,-0.067909,0.014268,0.080567,0.104428,-0.043037,0.089524,0.109427,-0.057182,0.067055,-0.058419,0.063807,0.075211,0.091763,0.003035,0.049617,0.093919,-0.033799,-0.043626,-0.008318,0.009785,-0.057087,0.044387,-0.033320,-0.043687,0.059761,-0.019411,-0.034537,0.080008,0.011922,-0.047216,0.068620,0.059800,-0.011464,0.091930,0.082267,-0.004673,0.113889,0.101160
0.054227,-0.167334,0.009796,0.069441,-0.076415,0.013051,0.090445,0.113815,-0.050566,0.098412,0.118370,-0.070240,0.077735,-0.069973,0.066204,0.090128,0.092199,0.000801,0.064467,0.094073,-0.041385,-0.045866,-0.019833,0.003535,-0.059878,0.039758,-0.045927,-0.040917,0.058978,-0.030199,-0.026386,0.081407,0.004030,-0.048876,0.056599,0.057871,-0.005853,0.081723,0.082399,0.004322,0.108349,0.103793
0.059006,-0.181593,-0.001207,0.075427,-0.078922,0.002851,0.095947,0.133649,-0.074388,0.104053,0.138639,-0.111712,0.086152,-0.073567,0.064084,0.101135,0.106772,-0.011228,0.073100,0.107261,-0.064872,-0.049436,-0.032499,-0.011638,-0.063683,0.030718,-0.064645,-0.040920,0.056717,-0.044049,-0.021225,0.084896,-0.001250,-0.052171,0.047600,0.044921,-0.003671,0.076751,0.072144,0.010420,0.107202,0.094699
0.063634,-0.197846,-0.011457,0.079020,-0.080303,-0.003967,0.095378,0.159491,-0.109235,0.104311,0.159878,-0.184132,0.091754,-0.077044,0.062944,0.105329,0.123768,-0.022881,0.075828,0.122349,-0.088505,-0.050282,-0.048945,-0.026875,-0.064110,0.015423,-0.082450,-0.037954,0.047376,-0.056158,-0.013380,0.084418,0.000021,-0.053162,0.036757,0.030285,-0.001662,0.071628,0.061577,0.014487,0.106433,0.087261
0.071221,-0.221384,-0.012002,0.081519,-0.085367,0.005091,0.086652,0.187100,-0.149418,0.096064,0.172149,-0.289853,0.094173,-0.088407,0.068084,0.099781,0.131019,-0.024341,0.072639,0.127763,-0.096778,-0.043875,-0.071663,-0.033179,-0.056073,-0.007710,-0.092082,-0.025663,0.025563,-0.061389,0.003290,0.074055,0.012196,-0.047262,0.019139,0.023569,0.004133,0.060628,0.061030,0.018080,0.101403,0.095038
0.073010,-0.235097,-0.015485,0.085520,-0.088897,0.005984,0.093195,0.204540,-0.161162,0.102806,0.186637,-0.321802,0.097823,-0.092204,0.072871,0.109556,0.146688,-0.030267,0.085916,0.138883,-0.116808,-0.044266,-0.078477,-0.042509,-0.056285,-0.009815,-0.103352,-0.023611,0.022664,-0.071089,0.011088,0.076235,0.010441,-0.047343,0.007556,0.009768,0.004888,0.045354,0.048071,0.015633,0.093315,0.092378
0.068156,-0.232158,-0.020164,0.089031,-0.089148,-0.001720,0.111872,0.201866,-0.138392,0.121165,0.192601,-0.263264,0.100813,-0.086559,0.075724,0.129622,0.163608,-0.035634,0.108748,0.150927,-0.136781,-0.051134,-0.066432,-0.052453,-0.064314,0.009577,-0.113895,-0.031817,0.039965,-0.083697,0.008039,0.090100,-0.007646,-0.053095,0.007423,-0.007283,0.000667,0.033216,0.026220,0.009072,0.086146,0.077792
0.076417,-0.223187,-0.031195,0.107981,-0.076873,-0.018045,0.134383,0.217884,-0.140674,0.129674,0.208248,-0.250906,0.119096,-0.075933,0.076186,0.159558,0.182871,-0.036071,0.135241,0.168374,-0.142789,-0.070667,-0.070655,-0.067092,-0.084003,0.007750,-0.145284,-0.036356,0.050470,-0.109570,0.015625,0.106263,-0.025031,-0.071777,-0.000584,-0.005867,-0.000932,0.030170,0.030783,0.018314,0.089865,0.081419
0.086495,-0.212684,-0.039977,0.126271,-0.062802,-0.030825,0.151121,0.236511,-0.148714,0.131500,0.223146,-0.257095,0.136958,-0.064466,0.077052,0.184693,0.198623,-0.033101,0.156068,0.183463,-0.141447,-0.088362,-0.082021,-0.077860,-0.101242,-0.005492,-0.172873,-0.038462,0.052392,-0.130083,0.023301,0.114941,-0.034731,-0.089398,-0.011937,0.002444,-0.002397,0.028825,0.044319,0.028240,0.092923,0.090831
0.087159,-0.205332,-0.037892,0.128143,-0.057465,-0.027785,0.151820,0.241804,-0.142369,0.128045,0.226770,-0.252661,0.139056,-0.057178,0.081868,0.189791,0.204814,-0.026193,0.160354,0.189031,-0.137380,-0.089718,-0.091255,-0.076710,-0.102291,-0.019357,-0.172774,-0.038977,0.044915,-0.127358,0.022417,0.107473,-0.031055,-0.091225,-0.022908,0.005383,-0.004319,0.020680,0.048380,0.027325,0.083137,0.092520
0.087485,-0.184808,-0.030020,0.128965,-0.042609,-0.019960,0.150100,0.250633,-0.130675,0.121497,0.234334,-0.243468,0.138997,-0.040111,0.089897,0.189541,0.211551,-0.012217,0.159400,0.197041,-0.122521,-0.087269,-0.092829,-0.067590,-0.098068,-0.032954,-0.161108,-0.033709,0.033558,-0.116530,0.026196,0.091946,-0.025982,-0.089810,-0.026340,0.012800,-0.005835,0.013890,0.051686,0.026576,0.067950,0.086124
0.087304,-0.161342,-0.020322,0.127746,-0.026358,-0.010303,0.146253,0.258381,-0.116837,0.115499,0.242227,-0.231753,0.136176,-0.021649,0.097543,0.183573,0.215787,0.003223,0.154082,0.203619,-0.102878,-0.082454,-0.086628,-0.056942,-0.090774,-0.040651,-0.146317,-0.025288,0.023029,-0.105673,0.032617,0.075328,-0.024555,-0.086358,-0.020963,0.018329,-0.006857,0.011694,0.050141,0.025542,0.054945,0.072518
0.076058,-0.138441,-0.027622,0.114240,-0.022758,-0.018457,0.136037,0.233685,-0.109758,0.106919,0.219631,-0.210979,0.118173,-0.013261,0.078172,0.166238,0.192125,0.001296,0.144763,0.183992,-0.087574,-0.077497,-0.088539,-0.057696,-0.081750,-0.057075,-0.137490,-0.017110,0.002745,-0.101976,0.034531,0.046488,-0.033899,-0.081649,-0.031081,0.010726,-0.007350,-0.004449,0.034047,0.028501,0.028636,0.041772
0.061169,-0.116906,-0.032915,0.096582,-0.024557,-0.025347,0.124093,0.195957,-0.099080,0.098456,0.184444,-0.181427,0.094807,-0.008750,0.056949,0.143754,0.159824,-0.000731,0.132570,0.155289,-0.067899,-0.071235,-0.091144,-0.053823,-0.071217,-0.074399,-0.121204,-0.009719,-0.021228,-0.092306,0.033194,0.013168,-0.038717,-0.075312,-0.044304,0.006332,-0.007631,-0.024928,0.019973,0.031444,-0.002342,0.012926
0.050045,-0.097534,-0.017205,0.082553,-0.025249,-0.011135,0.115640,0.164347,-0.072219,0.094841,0.154976,-0.141224,0.075368,-0.001840,0.059691,0.122524,0.138533,0.016222,0.119983,0.134960,-0.033467,-0.062787,-0.087826,-0.031213,-0.059508,-0.086151,-0.086738,-0.003514,-0.044039,-0.066499,0.029996,-0.018011,-0.026633,-0.067562,-0.048914,0.018731,-0.008788,-0.040688,0.021860,0.029229,-0.029977,0.002326
0.034803,-0.066722,-0.002927,0.062115,-0.020739,0.000080,0.098857,0.121769,-0.042827,0.084886,0.115364,-0.090175,0.050222,0.009178,0.054747,0.090109,0.109115,0.026707,0.093949,0.105512,-0.003771,-0.048905,-0.079266,-0.006338,-0.041767,-0.096752,-0.044538,0.005447,-0.071071,-0.035830,0.026699,-0.057314,-0.015468,-0.054163,-0.053541,0.029639,-0.008513,-0.060005,0.019437,0.027985,-0.064510,-0.015219
0.023044,-0.039838,0.002760,0.045210,-0.013552,0.003066,0.081837,0.089388,-0.024597,0.073650,0.085411,-0.052972,0.031636,0.018909,0.044725,0.062425,0.086441,0.025955,0.067533,0.081716,0.006799,-0.036417,-0.069973,0.007938,-0.026615,-0.101309,-0.016244,0.012902,-0.089086,-0.016091,0.025090,-0.085298,-0.011109,-0.041784,-0.055965,0.032993,-0.007027,-0.073259,0.013457,0.028152,-0.088839,-0.031218
-0.000008,-0.005288,0.012965,0.011107,0.003096,0.013176,0.030180,0.053998,0.000511,0.024862,0.048722,-0.009497,0.001405,0.027480,0.032804,0.010896,0.054244,0.018320,0.008405,0.045691,0.002626,-0.016267,-0.060837,0.030068,-0.004868,-0.102048,0.030155,0.017188,-0.107228,0.020392,0.016741,-0.117059,0.004969,-0.020414,-0.069271,0.036657,-0.007489,-0.095817,0.010836,0.018694,-0.118120,-0.032810
-0.023939,0.027636,0.024846,-0.023457,0.021207,0.025469,-0.023723,0.022506,0.024211,-0.028254,0.015530,0.027257,-0.028031,0.033607,0.023069,-0.036565,0.020620,0.011051,-0.045740,0.008058,-0.004108,0.002292,-0.050266,0.052412,0.014002,-0.096603,0.075098,0.017618,-0.119481,0.055523,0.006093,-0.143509,0.019254,-0.000032,-0.084103,0.041458,-0.009479,-0.118766,0.011532,0.005606,-0.144366,-0.026093
-0.038391,0.049852,0.035586,-0.042155,0.032967,0.035369,-0.048927,0.002161,0.038667,-0.054017,-0.003747,0.044161,-0.044745,0.036181,0.019454,-0.053003,-0.006290,0.011271,-0.057943,-0.020606,-0.001308,0.009806,-0.036671,0.068195,0.020221,-0.082482,0.100464,0.012891,-0.119508,0.072769,-0.003150,-0.155055,0.019794,0.009173,-0.091078,0.049291,-0.012222,-0.132917,0.016830,-0.004099,-0.159155,-0.015553
-0.049627,0.086300,0.045012,-0.059421,0.053800,0.041777,-0.078639,-0.024752,0.052834,-0.086277,-0.029863,0.063402,-0.061212,0.048472,0.011799,-0.077762,-0.029274,0.010372,-0.078409,-0.043039,0.002912,0.026194,-0.013323,0.083234,0.034431,-0.062089,0.129097,0.010636,-0.115869,0.092845,-0.013802,-0.164246,0.022159,0.026365,-0.090961,0.052373,-0.013244,-0.143636,0.016384,-0.017731,-0.172463,-0.008671
-0.052026,0.118755,0.048404,-0.066760,0.073150,0.041733,-0.098452,-0.044834,0.060318,-0.109422,-0.049825,0.076006,-0.069330,0.064345,0.003990,-0.098850,-0.036764,0.009027,-0.097395,-0.047978,0.006651,0.043387,0.007838,0.089316,0.049856,-0.045993,0.145788,0.012411,-0.110681,0.105033,-0.020181,-0.166876,0.024773,0.042848,-0.084069,0.048300,-0.012588,-0.145786,0.009942,-0.029305,-0.177923,-0.008958
-0.048205,0.153792,0.057728,-0.063266,0.096898,0.044490,-0.102535,-0.059795,0.069385,-0.119785,-0.066207,0.088495,-0.068181,0.077671,0.003492,-0.109319,-0.053100,0.023305,-0.107234,-0.058499,0.036588,0.045711,0.015811,0.104448,0.052354,-0.039399,0.157779,0.017539,-0.095899,0.123081,-0.013136,-0.145022,0.054432,0.046386,-0.086045,0.073610,-0.009021,-0.137976,0.040367,-0.027106,-0.169975,0.022732
-0.045532,0.184376,0.065486,-0.058229,0.116710,0.045175,-0.098896,-0.075192,0.079814,-0.121822,-0.081748,0.106189,-0.065919,0.088210,0.004166,-0.113372,-0.068630,0.038113,-0.110443,-0.069181,0.065127,0.045149,0.020134,0.116343,0.051514,-0.031509,0.166490,0.020434,-0.075360,0.138249,-0.005946,-0.117952,0.079227,0.048280,-0.091613,0.095241,-0.004067,-0.129792,0.068788,-0.021583,-0.158920,0.053651
-0.051367,0.203307,0.064132,-0.060696,0.124362,0.038409,-0.094275,-0.096341,0.089810,-0.118175,-0.098869,0.132789,-0.070291,0.095997,-0.000824,-0.113790,-0.073509,0.036095,-0.107755,-0.074360,0.062363,0.054631,0.030654,0.114496,0.058220,-0.011200,0.176212,0.015611,-0.052880,0.145739,-0.013568,-0.105971,0.072653,0.060422,-0.094641,0.083225,0.000404,-0.129935,0.060483,-0.023856,-0.154085,0.055422
-0.049869,0.217353,0.048326,-0.062443,0.123559,0.022192,-0.098599,-0.126501,0.091516,-0.120877,-0.126140,0.150585,-0.072236,0.094320,-0.026710,-0.119295,-0.097307,0.025622,-0.111667,-0.095388,0.067888,0.061716,0.046454,0.094539,0.064286,0.004616,0.157082,0.019423,-0.039492,0.124519,-0.009681,-0.097518,0.045647,0.068035,-0.082393,0.059234,0.006020,-0.119808,0.037483,-0.024251,-0.145056,0.036033
-0.041806,0.219597,0.025980,-0.062997,0.114586,0.005147,-0.110490,-0.150384,0.085362,-0.129458,-0.149831,0.151816,-0.071277,0.084124,-0.059968,-0.128037,-0.127687,0.013714,-0.120956,-0.121384,0.080659,0.063055,0.059560,0.065372,0.066809,0.007753,0.116996,0.030806,-0.042173,0.083105,0.005874,-0.096890,0.009115,0.067592,-0.061076,0.033567,0.009699,-0.104640,0.009452,-0.023289,-0.136574,0.003583
-0.046740,0.221274,0.020029,-0.072167,0.105874,0.002629,-0.121355,-0.172164,0.087555,-0.137215,-0.172325,0.152231,-0.079989,0.079670,-0.072054,-0.136070,-0.145669,0.008087,-0.126629,-0.139622,0.077382,0.066053,0.070842,0.053514,0.071139,0.012982,0.107223,0.034894,-0.040377,0.074082,0.010069,-0.090870,0.006258,0.071410,-0.042723,0.013895,0.012408,-0.088689,-0.009979,-0.025522,-0.122333,-0.013874
-0.054408,0.226521,0.016802,-0.079465,0.101612,-0.000277,-0.123453,-0.188155,0.093957,-0.137866,-0.187488,0.163132,-0.086911,0.082745,-0.076482,-0.135338,-0.150069,0.002237,-0.124421,-0.146536,0.062835,0.064905,0.081202,0.045265,0.071977,0.020099,0.102055,0.036141,-0.032628,0.071307,0.011736,-0.077369,0.011373,0.071803,-0.026823,-0.001767,0.013283,-0.071656,-0.024119,-0.026568,-0.103954,-0.025348
-0.054593,0.239513,0.002588,-0.074540,0.106058,-0.018437,-0.109610,-0.194332,0.100709,-0.125798,-0.188510,0.196051,-0.080785,0.094987,-0.086674,-0.118522,-0.139702,-0.009846,-0.111015,-0.138242,0.042325,0.053307,0.092004,0.026711,0.063271,0.029610,0.075381,0.038651,-0.017169,0.048041,0.019942,-0.054390,-0.002060,0.060526,-0.012595,-0.015671,0.010891,-0.052928,-0.036509,-0.022676,-0.082599,-0.039990
-0.054749,0.237364,-0.013299,-0.075837,0.099481,-0.032091,-0.107063,-0.197260,0.096740,-0.118624,-0.187445,0.196895,-0.079671,0.094987,-0.100352,-0.107274,-0.139165,-0.018171,-0.096264,-0.137412,0.036869,0.051874,0.094700,0.005983,0.063741,0.033154,0.053540,0.041972,-0.003410,0.032976,0.022882,-0.030645,-0.003458,0.059473,0.001111,-0.037764,0.013349,-0.031620,-0.055152,-0.017785,-0.058693,-0.058027
-0.054780,0.221116,-0.022923,-0.083007,0.084976,-0.033978,-0.117517,-0.195572,0.084990,-0.120480,-0.185633,0.166008,-0.084551,0.082916,-0.110027,-0.107624,-0.147986,-0.016878,-0.087602,-0.143889,0.050730,0.061201,0.087360,-0.008289,0.073147,0.028055,0.045005,0.044587,0.001152,0.031179,0.019184,-0.018425,0.005585,0.068746,0.007146,-0.059476,0.018616,-0.018374,-0.073051,-0.015409,-0.044040,-0.072467
-0.055425,0.208186,-0.031649,-0.086709,0.075328,-0.038309,-0.120100,-0.188482,0.077723,-0.116738,-0.178529,0.152932,-0.086692,0.076309,-0.115154,-0.106033,-0.144808,-0.011490,-0.081976,-0.137451,0.070103,0.062113,0.085641,-0.021529,0.075063,0.030724,0.032960,0.045668,0.011544,0.023282,0.017354,-0.003613,0.003820,0.069852,0.019761,-0.075426,0.021389,0.003388,-0.085305,-0.009718,-0.019927,-0.084748
-0.054567,0.195550,-0.041194,-0.085297,0.066460,-0.045795,-0.110650,-0.180730,0.071235,-0.100403,-0.169917,0.148485,-0.084311,0.070048,-0.119458,-0.097213,-0.139610,-0.007654,-0.071116,-0.129483,0.085390,0.058347,0.087210,-0.034640,0.072311,0.037413,0.017378,0.045772,0.023017,0.009685,0.017489,0.010151,-0.006761,0.065846,0.034191,-0.087588,0.021752,0.025289,-0.094722,-0.004063,0.004950,-0.095480
-0.050079,0.180077,-0.053275,-0.077231,0.054190,-0.057075,-0.084938,-0.177050,0.061931,-0.064186,-0.163765,0.143525,-0.075795,0.059051,-0.126472,-0.075821,-0.142316,-0.010533,-0.046313,-0.131691,0.087510,0.053553,0.089554,-0.049120,0.067657,0.044112,-0.002683,0.045488,0.030630,-0.010160,0.019686,0.019109,-0.025068,0.059494,0.045668,-0.098805,0.019045,0.039106,-0.104920,-0.002880,0.022004,-0.105758
-0.045066,0.159105,-0.051055,-0.068710,0.043948,-0.052421,-0.064047,-0.161622,0.062699,-0.037141,-0.147401,0.145338,-0.067619,0.046308,-0.117902,-0.063296,-0.139025,-0.003135,-0.035837,-0.127310,0.095217,0.045652,0.087700,-0.048837,0.059745,0.049332,-0.010501,0.043710,0.033409,-0.021755,0.019965,0.017242,-0.043877,0.049973,0.053992,-0.091664,0.015123,0.053090,-0.094866,-0.001772,0.040738,-0.094989
-0.042036,0.143187,-0.035651,-0.064349,0.040569,-0.033480,-0.059050,-0.142135,0.075116,-0.033236,-0.128919,0.154964,-0.064225,0.038193,-0.097627,-0.066394,-0.131192,0.012141,-0.045120,-0.118396,0.105949,0.038375,0.082467,-0.035029,0.052319,0.050238,-0.003693,0.041366,0.029868,-0.020891,0.018478,0.005496,-0.055418,0.041708,0.054952,-0.071297,0.011556,0.060209,-0.071127,-0.001707,0.051774,-0.070095
-0.042174,0.119083,-0.020908,-0.059216,0.031967,-0.017983,-0.045856,-0.121603,0.075735,-0.020368,-0.109357,0.143948,-0.059802,0.027917,-0.073574,-0.061042,-0.118814,0.018757,-0.045853,-0.108058,0.092928,0.030064,0.072460,-0.020961,0.043402,0.048690,0.008624,0.035129,0.035672,-0.003357,0.016084,0.017919,-0.028426,0.033273,0.054955,-0.054019,0.006314,0.067331,-0.048296,-0.005726,0.066074,-0.040831
-0.039551,0.093587,-0.007113,-0.051086,0.022324,-0.004848,-0.030699,-0.102299,0.062509,-0.006434,-0.092445,0.102622,-0.052033,0.018649,-0.049226,-0.050344,-0.104226,0.020769,-0.039857,-0.097100,0.069955,0.022567,0.060157,-0.007274,0.035996,0.044674,0.019943,0.032142,0.042631,0.016127,0.017550,0.035414,0.006370,0.025689,0.052990,-0.035929,0.002646,0.071818,-0.024706,-0.008169,0.077596,-0.010771
-0.028202,0.073454,0.005452,-0.037845,0.015673,0.007364,-0.019935,-0.086221,0.034142,0.000600,-0.081521,0.021825,-0.038738,0.013594,-0.027683,-0.037491,-0.089154,0.023096,-0.028882,-0.085379,0.051531,0.017517,0.048014,0.005081,0.032760,0.038169,0.023280,0.039443,0.042554,0.022295,0.027915,0.038806,0.017559,0.019772,0.048088,-0.013628,0.003498,0.071133,0.000722,-0.003786,0.080471,0.015809
-0.020176,0.054118,0.013255,-0.026902,0.009816,0.014124,-0.008889,-0.066691,0.022671,0.009190,-0.063419,-0.005468,-0.027830,0.010968,-0.010418,-0.026051,-0.067601,0.019920,-0.019844,-0.066649,0.028072,0.011020,0.039278,0.013126,0.025254,0.034058,0.024622,0.035511,0.042677,0.027190,0.025581,0.043929,0.029893,0.013560,0.047640,0.003077,0.004126,0.075359,0.022493,-0.001971,0.090823,0.043420
-0.019498,0.045291,0.012390,-0.023847,0.007561,0.012362,-0.002902,-0.053748,0.034782,0.015796,-0.047910,0.035375,-0.024914,0.012075,-0.005881,-0.021766,-0.050262,0.013447,-0.016982,-0.050180,0.011972,0.006306,0.038318,0.012594,0.017238,0.034350,0.022906,0.022290,0.042973,0.027909,0.011562,0.048323,0.036871,0.010101,0.051917,0.005516,0.004200,0.082381,0.029506,-0.003609,0.103381,0.058144
-0.015947,0.034611,0.004870,-0.016997,0.005570,0.002363,0.008469,-0.034577,0.045247,0.029829,-0.024829,0.087990,-0.016253,0.012879,-0.005702,-0.005792,-0.028222,0.008866,-0.001142,-0.027288,0.009469,-0.000642,0.044383,0.006324,0.006723,0.043321,0.013372,0.008857,0.051056,0.020407,-0.000295,0.060769,0.036099,0.003086,0.064385,0.003445,0.000900,0.090564,0.026069,-0.007443,0.110359,0.054719
-0.010539,0.019246,-0.001720,-0.009051,0.002567,-0.005818,0.018103,-0.011464,0.044124,0.040795,0.001140,0.111035,-0.006199,0.010772,-0.004205,0.009982,-0.005841,0.005921,0.013920,-0.003625,0.010959,-0.006776,0.046930,0.000987,-0.002848,0.050949,0.004288,-0.002211,0.058789,0.013526,-0.008807,0.072662,0.035712,-0.003759,0.073243,0.002771,-0.002465,0.094586,0.022784,-0.010399,0.111865,0.049151
-0.004291,-0.003619,0.000220,-0.002733,-0.002747,-0.002078,0.019094,0.012351,0.021757,0.038757,0.022930,0.063617,0.000867,0.003150,0.004325,0.013651,0.012528,0.004434,0.014469,0.015208,0.006889,-0.008986,0.035403,0.003235,-0.007954,0.047176,0.003902,-0.008197,0.057999,0.016094,-0.012534,0.075346,0.043759,-0.006583,0.066633,0.009501,-0.002392,0.088851,0.030608,-0.009152,0.107521,0.058016
0.003434,-0.033532,0.006167,0.007320,-0.012501,0.004674,0.028142,0.036506,0.004913,0.045649,0.045772,0.028037,0.012046,-0.010356,0.018705,0.023557,0.028409,0.005873,0.019148,0.031046,0.002789,-0.014775,0.024864,0.010042,-0.017111,0.047258,0.005779,-0.015983,0.059479,0.019139,-0.015673,0.078176,0.048776,-0.013225,0.061487,0.022677,-0.003716,0.081512,0.042012,-0.006946,0.099488,0.065979
0.008769,-0.055520,0.013141,0.016072,-0.021842,0.011158,0.040652,0.049192,0.002287,0.057839,0.058858,0.022331,0.021742,-0.022988,0.031809,0.034778,0.033900,0.009720,0.025677,0.036001,0.000913,-0.021270,0.020594,0.017636,-0.025729,0.051168,0.008463,-0.021588,0.062534,0.020615,-0.016515,0.079801,0.047717,-0.020433,0.060400,0.035192,-0.005923,0.076264,0.050797,-0.005082,0.091804,0.068605
0.013609,-0.078046,0.011565,0.023237,-0.026920,0.009471,0.047889,0.074717,-0.014585,0.064017,0.084537,-0.003530,0.030060,-0.029569,0.039283,0.040158,0.054960,0.003956,0.024550,0.056335,-0.011991,-0.030267,0.010200,0.015351,-0.036754,0.048960,0.000326,-0.028579,0.063699,0.014684,-0.017811,0.083551,0.045528,-0.030138,0.054922,0.039404,-0.010169,0.070188,0.053778,-0.005431,0.084762,0.067236
0.018207,-0.098768,0.007099,0.029227,-0.031368,0.005649,0.052827,0.100263,-0.034425,0.067852,0.109803,-0.034917,0.036965,-0.033816,0.043608,0.043163,0.078081,-0.003346,0.021466,0.079078,-0.024878,-0.038359,-0.000952,0.009187,-0.046356,0.044181,-0.011864,-0.033775,0.062891,0.005269,-0.017507,0.086196,0.041238,-0.038821,0.049224,0.039273,-0.013549,0.064261,0.052677,-0.005325,0.077710,0.061844
0.022824,-0.115419,0.005406,0.034512,-0.038715,0.005460,0.058236,0.112995,-0.046766,0.072532,0.121581,-0.058042,0.042534,-0.039488,0.047048,0.047086,0.089626,-0.004764,0.021641,0.091178,-0.027351,-0.042179,-0.007526,0.005701,-0.050828,0.040391,-0.020557,-0.034205,0.059965,-0.002927,-0.013802,0.084415,0.034593,-0.042900,0.047363,0.039577,-0.012894,0.059301,0.050036,-0.001682,0.069827,0.053175
0.030395,-0.136716,0.002738,0.044386,-0.048633,0.003928,0.069887,0.127921,-0.065626,0.082362,0.134204,-0.094037,0.052306,-0.046534,0.051952,0.056506,0.104531,-0.006470,0.026340,0.106497,-0.031536,-0.048494,-0.017138,0.000563,-0.057936,0.033798,-0.034154,-0.034558,0.055179,-0.015588,-0.007913,0.081511,0.024488,-0.049646,0.043912,0.041107,-0.012253,0.052712,0.048471,0.003370,0.060127,0.044197
0.037141,-0.152021,0.000429,0.053733,-0.056347,0.002275,0.081669,0.137736,-0.080314,0.092273,0.141604,-0.123665,0.061200,-0.051435,0.056171,0.066523,0.115571,-0.006765,0.033237,0.117569,-0.034514,-0.054317,-0.025101,-0.004810,-0.064214,0.027520,-0.047475,-0.034535,0.050868,-0.027968,-0.002551,0.078929,0.014511,-0.056081,0.040586,0.041498,-0.012575,0.047871,0.047258,0.006508,0.053539,0.038041
0.034505,-0.176483,0.000057,0.051453,-0.067302,0.005412,0.081785,0.154923,-0.112139,0.094750,0.151642,-0.199024,0.059700,-0.059282,0.063943,0.067974,0.130655,-0.010802,0.034036,0.131112,-0.049992,-0.050842,-0.041790,-0.009071,-0.064998,0.011526,-0.044348,-0.046294,0.037149,-0.020369,-0.012230,0.070195,0.030022,-0.051672,0.032784,0.029323,-0.012216,0.043438,0.039750,0.000794,0.052573,0.039569
0.035584,-0.197339,-0.001726,0.051198,-0.076722,0.008295,0.080891,0.171733,-0.136260,0.096869,0.162678,-0.258001,0.060678,-0.066711,0.069121,0.071482,0.141695,-0.014806,0.038559,0.140476,-0.064576,-0.049339,-0.054617,-0.015509,-0.066262,-0.003073,-0.049357,-0.051941,0.021686,-0.022753,-0.013473,0.060185,0.036032,-0.049782,0.028157,0.018895,-0.011722,0.040443,0.032634,-0.003729,0.051734,0.038981
0.053534,-0.201888,-0.008256,0.067272,-0.079336,0.004617,0.090352,0.178901,-0.131218,0.105219,0.169267,-0.241435,0.077755,-0.070252,0.064943,0.088786,0.140427,-0.016973,0.057310,0.138912,-0.066886,-0.060625,-0.051299,-0.027042,-0.073212,-0.005693,-0.086659,-0.033590,0.011915,-0.064373,0.015512,0.054106,-0.000686,-0.063179,0.034119,0.025359,-0.010411,0.039553,0.033668,0.004852,0.045148,0.027407
0.069959,-0.205628,-0.013116,0.088390,-0.082317,-0.002431,0.114823,0.181722,-0.125704,0.126844,0.172665,-0.221041,0.098808,-0.070364,0.067638,0.120492,0.147145,-0.020206,0.092517,0.142843,-0.081186,-0.071427,-0.055002,-0.036795,-0.082533,-0.008986,-0.115592,-0.027021,0.011155,-0.092400,0.028686,0.056738,-0.023143,-0.075232,0.030567,0.030828,-0.008214,0.036801,0.038603,0.016216,0.042560,0.024959
0.076615,-0.206584,-0.013879,0.103478,-0.084467,-0.008598,0.141448,0.179158,-0.120577,0.150779,0.171912,-0.205260,0.112686,-0.066840,0.076540,0.150008,0.159088,-0.020878,0.126333,0.150776,-0.098404,-0.076354,-0.064045,-0.041094,-0.089641,-0.011629,-0.123524,-0.035161,0.019630,-0.095042,0.020734,0.066600,-0.022706,-0.080069,0.019300,0.030657,-0.007076,0.033797,0.042945,0.023292,0.045558,0.031067
0.075231,-0.203658,-0.031388,0.105026,-0.083501,-0.027415,0.147597,0.174285,-0.126412,0.156758,0.170241,-0.199990,0.115501,-0.062046,0.063638,0.161055,0.171792,-0.042105,0.138148,0.158469,-0.133447,-0.070875,-0.064886,-0.062128,-0.085972,-0.006358,-0.138484,-0.039983,0.027669,-0.109125,0.012598,0.071904,-0.040383,-0.074939,0.009436,0.000702,-0.006896,0.024678,0.016332,0.021020,0.047198,0.018100
0.069796,-0.196549,-0.046412,0.101447,-0.075647,-0.041824,0.141562,0.176744,-0.132340,0.145269,0.173292,-0.200595,0.112992,-0.056871,0.050950,0.162261,0.180650,-0.057827,0.138402,0.164175,-0.157335,-0.066301,-0.066041,-0.079625,-0.082453,-0.003214,-0.149022,-0.044001,0.033408,-0.118899,0.005847,0.075421,-0.053246,-0.070353,-0.000800,-0.025717,-0.008017,0.017234,-0.005795,0.017383,0.051368,0.010432
0.064329,-0.184921,-0.039748,0.100709,-0.057359,-0.034374,0.131037,0.196325,-0.126667,0.116783,0.187077,-0.202066,0.110538,-0.051720,0.059800,0.161915,0.181100,-0.043898,0.137780,0.165728,-0.142828,-0.074227,-0.076332,-0.072985,-0.090174,-0.012886,-0.143179,-0.050388,0.034444,-0.108045,0.000517,0.079374,-0.037325,-0.077935,-0.012945,-0.014897,-0.012748,0.020009,0.012573,0.017822,0.062555,0.033440
0.059680,-0.168501,-0.032613,0.097633,-0.041641,-0.027279,0.120188,0.203793,-0.116391,0.095382,0.191718,-0.194243,0.106576,-0.044545,0.065785,0.158479,0.176340,-0.030246,0.135900,0.162359,-0.125437,-0.076637,-0.084792,-0.063295,-0.092004,-0.023351,-0.131719,-0.053156,0.031426,-0.094306,-0.004233,0.075672,-0.024233,-0.080643,-0.026840,-0.002908,-0.016456,0.017361,0.029268,0.017851,0.065245,0.052673
0.058159,-0.155438,-0.028581,0.093336,-0.036727,-0.023549,0.113677,0.195102,-0.104891,0.091419,0.184697,-0.179063,0.102616,-0.039048,0.066486,0.152920,0.168914,-0.021788,0.133354,0.155940,-0.111908,-0.072363,-0.087584,-0.056840,-0.086954,-0.029998,-0.122381,-0.050613,0.025409,-0.086563,-0.005572,0.065812,-0.022471,-0.077226,-0.035932,0.002227,-0.017466,0.010277,0.033947,0.017239,0.057810,0.056535
0.049634,-0.135157,-0.022008,0.082582,-0.028024,-0.017125,0.101155,0.181006,-0.088886,0.078611,0.171210,-0.157005,0.087486,-0.031035,0.065167,0.132143,0.155388,-0.011910,0.119694,0.144214,-0.092671,-0.063811,-0.089833,-0.044916,-0.075892,-0.038113,-0.100614,-0.044197,0.014968,-0.069455,-0.005372,0.048601,-0.016551,-0.069075,-0.049348,0.007100,-0.019117,-0.003869,0.036680,0.013530,0.042045,0.059124
0.041612,-0.111728,-0.015416,0.072218,-0.018464,-0.011012,0.087524,0.162177,-0.072567,0.062580,0.152109,-0.132912,0.071163,-0.021848,0.061240,0.107447,0.139283,-0.002666,0.102392,0.129916,-0.069849,-0.052029,-0.088326,-0.031699,-0.061354,-0.045221,-0.075604,-0.035771,0.004095,-0.049494,-0.005551,0.030928,-0.007860,-0.057567,-0.058826,0.011679,-0.018595,-0.017681,0.037505,0.010069,0.024395,0.059065
0.041649,-0.089265,-0.011344,0.068957,-0.011312,-0.007864,0.077659,0.139169,-0.058971,0.049401,0.128319,-0.110403,0.063534,-0.012906,0.054520,0.089944,0.124322,0.005032,0.088769,0.116003,-0.044536,-0.038067,-0.080216,-0.022404,-0.045765,-0.049452,-0.057979,-0.026959,-0.003768,-0.034635,-0.007686,0.019079,0.000915,-0.044291,-0.056397,0.014461,-0.013619,-0.023970,0.035091,0.009371,0.011126,0.053789
0.029994,-0.062741,-0.005935,0.051047,-0.003468,-0.002455,0.052999,0.108226,-0.040103,0.026396,0.096322,-0.077020,0.043938,-0.005303,0.043545,0.056335,0.099865,0.009600,0.053740,0.092869,-0.021296,-0.024457,-0.072242,-0.009217,-0.029418,-0.053456,-0.030837,-0.018912,-0.015893,-0.012633,-0.010560,0.000297,0.012670,-0.029438,-0.061200,0.016826,-0.009185,-0.038458,0.031732,0.007812,-0.009704,0.048507
0.012483,-0.045437,-0.001905,0.027385,0.000912,0.002806,0.025966,0.084699,-0.024481,0.005299,0.071998,-0.048564,0.022086,-0.002846,0.034055,0.023476,0.078274,0.009476,0.014998,0.072171,-0.011035,-0.017894,-0.068530,0.000991,-0.020262,-0.055437,-0.008221,-0.015309,-0.026281,0.005041,-0.012356,-0.016007,0.021140,-0.020326,-0.070886,0.017241,-0.007483,-0.053893,0.028755,0.006182,-0.027670,0.045574
-0.007300,-0.026726,0.001655,0.002895,0.002761,0.006126,0.004176,0.052978,-0.010841,-0.008921,0.040258,-0.022362,-0.000079,-0.001787,0.022063,0.000196,0.047836,0.003259,-0.010026,0.041677,-0.014527,-0.014780,-0.062639,0.011652,-0.014088,-0.056493,0.013144,-0.012076,-0.038728,0.019848,-0.012119,-0.035356,0.025162,-0.013644,-0.080692,0.020016,-0.005331,-0.071275,0.026049,0.007454,-0.050655,0.037657
-0.021750,-0.004687,0.006135,-0.015411,0.007842,0.009160,-0.011913,0.024456,0.000792,-0.019423,0.012812,-0.001829,-0.016228,0.002171,0.011648,-0.014071,0.018087,-0.002801,-0.023797,0.011796,-0.020626,-0.011402,-0.051828,0.022389,-0.008211,-0.054728,0.031870,-0.008224,-0.048889,0.031958,-0.010719,-0.052067,0.027100,-0.007202,-0.083388,0.024931,-0.001753,-0.082859,0.024688,0.010364,-0.069730,0.028907
-0.023255,0.022580,0.012918,-0.020515,0.021846,0.013611,-0.021725,0.010542,0.010536,-0.029137,0.001382,0.009648,-0.020061,0.013314,0.006955,-0.019702,-0.001440,-0.002252,-0.028311,-0.007145,-0.017918,-0.003872,-0.033186,0.033138,0.000239,-0.048030,0.046981,-0.002647,-0.052195,0.041956,-0.008983,-0.060215,0.029728,0.001499,-0.071494,0.032233,0.004606,-0.080649,0.026183,0.014120,-0.075658,0.023834
-0.026586,0.051623,0.023879,-0.026690,0.035425,0.021413,-0.031368,-0.008554,0.022774,-0.039934,-0.016252,0.022003,-0.026607,0.025457,0.005621,-0.027180,-0.021823,0.003548,-0.032185,-0.026585,-0.007350,0.003081,-0.016003,0.048502,0.008298,-0.043212,0.067066,0.003086,-0.058292,0.056013,-0.006008,-0.072356,0.034510,0.010437,-0.062513,0.044382,0.012166,-0.080264,0.033073,0.019670,-0.082821,0.024262
-0.030081,0.067946,0.033544,-0.030866,0.041751,0.028742,-0.036033,-0.023331,0.031613,-0.046432,-0.031281,0.029297,-0.032609,0.032515,0.008376,-0.032748,-0.032900,0.011902,-0.033418,-0.036851,0.005997,0.005897,-0.008987,0.060496,0.011873,-0.042861,0.081664,0.006120,-0.064301,0.066694,-0.003255,-0.082597,0.038672,0.014972,-0.061117,0.054861,0.016913,-0.082110,0.041454,0.023994,-0.087883,0.029542
-0.027395,0.091440,0.050070,-0.027450,0.053556,0.039461,-0.027151,-0.031909,0.038690,-0.034575,-0.038934,0.026267,-0.031794,0.046470,0.020417,-0.030237,-0.041855,0.033657,-0.025267,-0.042790,0.036990,0.002459,-0.008528,0.081888,0.009051,-0.053705,0.100152,0.006466,-0.073380,0.084990,-0.003537,-0.092267,0.056185,0.012296,-0.057530,0.085297,0.018527,-0.069687,0.072403,0.029278,-0.084020,0.048363
-0.024305,0.112712,0.058524,-0.024489,0.062842,0.042925,-0.019931,-0.043654,0.043250,-0.023676,-0.049234,0.027471,-0.031121,0.057757,0.024064,-0.029901,-0.052164,0.047863,-0.020128,-0.050210,0.061294,0.003364,-0.005458,0.093329,0.010247,-0.059765,0.110466,0.008089,-0.078563,0.095083,-0.003876,-0.098316,0.065199,0.013493,-0.051786,0.102087,0.020630,-0.056329,0.089653,0.033156,-0.078498,0.056080
-0.026603,0.122371,0.043986,-0.030249,0.061620,0.028343,-0.029913,-0.068100,0.044030,-0.033100,-0.072479,0.047002,-0.037819,0.057057,0.001209,-0.042351,-0.067191,0.032250,-0.030442,-0.064828,0.053262,0.018775,0.009709,0.076844,0.025175,-0.044743,0.102477,0.013858,-0.072682,0.083039,-0.002809,-0.097526,0.045732,0.028905,-0.043348,0.073433,0.025513,-0.054773,0.058587,0.030934,-0.078164,0.029536
-0.032654,0.136722,0.039822,-0.040115,0.066242,0.024623,-0.046243,-0.087234,0.053734,-0.050244,-0.091147,0.071228,-0.048279,0.060027,-0.011459,-0.060212,-0.080187,0.025564,-0.047225,-0.077792,0.051379,0.033393,0.026051,0.070932,0.039376,-0.028947,0.107322,0.017027,-0.066083,0.083944,-0.005788,-0.096193,0.039084,0.043395,-0.033903,0.053482,0.026805,-0.050549,0.037349,0.023007,-0.074318,0.015178
-0.039412,0.148544,0.048090,-0.049206,0.074245,0.033856,-0.060972,-0.091497,0.068221,-0.066787,-0.095848,0.088732,-0.057309,0.065058,-0.007353,-0.074667,-0.084630,0.031944,-0.062141,-0.082605,0.057388,0.039900,0.035070,0.077387,0.045882,-0.020688,0.120974,0.016375,-0.062384,0.095818,-0.010848,-0.095291,0.047199,0.049590,-0.028584,0.050607,0.023632,-0.046172,0.035021,0.013166,-0.069236,0.018797
-0.048600,0.161586,0.046213,-0.052685,0.082120,0.027160,-0.059693,-0.103014,0.078532,-0.072739,-0.105023,0.117447,-0.061826,0.071854,-0.008711,-0.073562,-0.084018,0.022287,-0.061764,-0.086083,0.031339,0.044928,0.036768,0.075711,0.047808,-0.008290,0.132607,0.006099,-0.038511,0.111564,-0.022450,-0.073724,0.059808,0.055260,-0.034537,0.038786,0.019526,-0.044420,0.028660,0.004044,-0.059659,0.024584
-0.053263,0.169560,0.036645,-0.053476,0.085230,0.014727,-0.058357,-0.114871,0.080668,-0.077538,-0.114572,0.133115,-0.063718,0.074974,-0.017820,-0.070990,-0.085560,0.008263,-0.058091,-0.090614,0.006384,0.047926,0.035750,0.064846,0.048194,-0.000531,0.129799,-0.001702,-0.018537,0.113575,-0.030750,-0.054392,0.061349,0.057942,-0.039575,0.021969,0.015911,-0.041861,0.017166,-0.002928,-0.050351,0.022819
-0.046402,0.166095,0.021782,-0.054006,0.079584,0.005612,-0.071741,-0.119637,0.067089,-0.090393,-0.120683,0.107880,-0.064461,0.069201,-0.036901,-0.080434,-0.096096,0.001477,-0.063350,-0.098532,0.015392,0.049177,0.037425,0.045613,0.050664,-0.005222,0.102352,0.006237,-0.025636,0.085891,-0.022924,-0.059209,0.037465,0.056743,-0.030426,0.006560,0.015541,-0.034304,0.001384,-0.005199,-0.045553,0.005526
-0.037686,0.167043,0.000531,-0.054243,0.073541,-0.010733,-0.086657,-0.131186,0.057715,-0.103797,-0.132189,0.103439,-0.064541,0.064807,-0.064588,-0.089717,-0.109813,-0.004187,-0.067665,-0.107340,0.038748,0.052480,0.047116,0.020080,0.054760,-0.002461,0.068138,0.015043,-0.024258,0.052784,-0.014747,-0.053095,0.011643,0.057140,-0.012222,-0.015297,0.016070,-0.022466,-0.024713,-0.006421,-0.041681,-0.027784
-0.031479,0.171936,-0.016482,-0.054367,0.069644,-0.025225,-0.096092,-0.143766,0.059948,-0.111074,-0.143053,0.124706,-0.064214,0.063863,-0.086508,-0.094488,-0.119673,-0.004312,-0.068747,-0.112368,0.066367,0.056044,0.059565,-0.000440,0.058486,0.005798,0.042290,0.020465,-0.015532,0.028974,-0.010397,-0.039479,-0.004841,0.058498,0.005535,-0.034713,0.016526,-0.012500,-0.050004,-0.006869,-0.040816,-0.062182
-0.031432,0.180207,-0.009530,-0.049804,0.070682,-0.022252,-0.081551,-0.150470,0.080740,-0.095901,-0.144575,0.164448,-0.059300,0.071718,-0.076108,-0.080279,-0.112307,0.009616,-0.055586,-0.105079,0.081723,0.047403,0.072247,0.003814,0.052403,0.017042,0.039439,0.023945,-0.008830,0.022815,-0.002005,-0.033727,-0.012950,0.050238,0.017513,-0.027536,0.015354,-0.003446,-0.045494,-0.001672,-0.031877,-0.062915
-0.033899,0.181579,0.000457,-0.047499,0.069126,-0.014673,-0.067571,-0.152633,0.096565,-0.079897,-0.142196,0.185445,-0.055949,0.075405,-0.061211,-0.067002,-0.104689,0.021673,-0.044393,-0.098775,0.086773,0.039253,0.077732,0.011364,0.046367,0.024687,0.042916,0.025264,-0.004811,0.023301,0.004036,-0.031448,-0.015440,0.043116,0.021359,-0.018939,0.014163,0.002674,-0.034792,0.001735,-0.019120,-0.048788
-0.035204,0.165625,-0.007466,-0.054380,0.057721,-0.016232,-0.078764,-0.151930,0.081212,-0.085362,-0.142849,0.147954,-0.060349,0.062212,-0.069492,-0.074622,-0.113036,0.015895,-0.051681,-0.105845,0.083058,0.044583,0.068397,0.000826,0.050470,0.021807,0.036049,0.024306,-0.004448,0.019316,0.001381,-0.028404,-0.015313,0.048457,0.014783,-0.033871,0.015356,0.004110,-0.041255,-0.003061,-0.006354,-0.038396
-0.035138,0.151853,-0.027167,-0.058100,0.048559,-0.031162,-0.083530,-0.148990,0.057919,-0.084253,-0.140965,0.112748,-0.062045,0.052205,-0.088364,-0.078728,-0.116651,-0.003298,-0.056575,-0.108991,0.062740,0.047363,0.064521,-0.021364,0.052743,0.022654,0.015131,0.024490,-0.000441,0.001792,0.001071,-0.019654,-0.025750,0.050741,0.015249,-0.058971,0.015226,0.007325,-0.062157,-0.007254,0.003025,-0.049327
-0.033749,0.147219,-0.048782,-0.057030,0.045855,-0.051070,-0.079673,-0.145017,0.041018,-0.076871,-0.136734,0.100044,-0.060419,0.050297,-0.107912,-0.077489,-0.113622,-0.024829,-0.056584,-0.106541,0.037510,0.046315,0.067987,-0.044932,0.052294,0.026708,-0.010577,0.026176,0.005218,-0.021719,0.003858,-0.009512,-0.042678,0.048837,0.022492,-0.082895,0.013495,0.010763,-0.088294,-0.009360,0.004443,-0.077276
-0.032246,0.140750,-0.041090,-0.056152,0.043770,-0.041277,-0.072850,-0.133332,0.050771,-0.062387,-0.123665,0.112336,-0.058549,0.049578,-0.097027,-0.077126,-0.104447,-0.012060,-0.059226,-0.096331,0.054560,0.047074,0.073195,-0.038978,0.053645,0.032231,-0.005236,0.027684,0.007450,-0.018386,0.003950,-0.008665,-0.041570,0.048676,0.032994,-0.079065,0.012592,0.015641,-0.088923,-0.009781,0.004608,-0.083548
-0.031008,0.132847,-0.025105,-0.055827,0.041715,-0.023221,-0.067404,-0.119408,0.066731,-0.049112,-0.108063,0.129159,-0.056794,0.048010,-0.077606,-0.077882,-0.094719,0.009629,-0.063966,-0.084902,0.081989,0.047434,0.076876,-0.024182,0.054499,0.036856,0.009179,0.028361,0.008290,-0.006821,0.002665,-0.010801,-0.034570,0.048248,0.042137,-0.065892,0.011753,0.020214,-0.079806,-0.009553,0.004791,-0.080302
-0.030443,0.123912,-0.021822,-0.056627,0.038977,-0.018035,-0.068115,-0.108771,0.069370,-0.045743,-0.096358,0.131089,-0.055742,0.043550,-0.071431,-0.080361,-0.090090,0.015223,-0.070531,-0.079074,0.088289,0.045049,0.075754,-0.021725,0.052378,0.038200,0.009974,0.027462,0.009762,-0.006397,0.001326,-0.009605,-0.034640,0.045368,0.045302,-0.062539,0.010068,0.022753,-0.077479,-0.009776,0.006268,-0.080419
-0.024309,0.110751,-0.013829,-0.049742,0.035897,-0.008580,-0.061381,-0.093894,0.071988,-0.038801,-0.081890,0.129770,-0.048226,0.037220,-0.058836,-0.077639,-0.082515,0.022724,-0.073668,-0.071467,0.092704,0.041973,0.071828,-0.014223,0.051229,0.039956,0.011745,0.033165,0.014051,-0.005454,0.006268,-0.006686,-0.035835,0.040903,0.045925,-0.050079,0.008254,0.023155,-0.066492,-0.008558,0.004608,-0.074298
-0.015675,0.099957,-0.005126,-0.038718,0.033872,0.000749,-0.050614,-0.082162,0.074229,-0.031625,-0.071792,0.126814,-0.038125,0.032180,-0.045897,-0.071151,-0.075642,0.029067,-0.071727,-0.065735,0.093747,0.039712,0.067048,-0.005779,0.051613,0.041212,0.013120,0.042728,0.019001,-0.004972,0.015310,-0.003569,-0.038142,0.036995,0.043741,-0.035253,0.007013,0.021314,-0.052824,-0.006798,0.000732,-0.065424
-0.014483,0.082374,-0.009375,-0.033699,0.026233,-0.003755,-0.040202,-0.070002,0.057735,-0.022102,-0.061107,0.101191,-0.034670,0.026460,-0.043474,-0.066126,-0.062387,0.022943,-0.068369,-0.052821,0.082292,0.032429,0.058501,-0.010047,0.043145,0.036935,0.005697,0.034327,0.018769,-0.009514,0.006121,-0.000673,-0.037672,0.030045,0.042997,-0.034624,0.004257,0.024954,-0.049033,-0.008276,0.006541,-0.060187
-0.015466,0.065183,-0.015030,-0.031549,0.018387,-0.009847,-0.032887,-0.058706,0.040275,-0.014431,-0.050692,0.075641,-0.033008,0.021417,-0.042763,-0.061260,-0.048818,0.014203,-0.064658,-0.039561,0.067033,0.025414,0.050250,-0.015532,0.033678,0.031958,-0.000876,0.021810,0.017093,-0.012311,-0.006385,0.002301,-0.033143,0.023920,0.042772,-0.036721,0.001731,0.029498,-0.047075,-0.010722,0.014328,-0.054576
-0.013382,0.055671,-0.010562,-0.029371,0.015680,-0.005042,-0.031811,-0.049542,0.040265,-0.013096,-0.041304,0.073482,-0.028552,0.018451,-0.034853,-0.055688,-0.040971,0.013283,-0.061963,-0.032824,0.057375,0.023917,0.046413,-0.010955,0.031016,0.031134,0.002844,0.019147,0.017693,-0.006799,-0.006805,0.005512,-0.023677,0.022375,0.042234,-0.030418,0.000879,0.030502,-0.039197,-0.012342,0.016474,-0.044780
-0.010596,0.044664,-0.007551,-0.026160,0.013264,-0.002346,-0.029800,-0.037201,0.035928,-0.010624,-0.028673,0.065228,-0.022636,0.016271,-0.026914,-0.048394,-0.028684,0.010005,-0.057971,-0.022063,0.043916,0.021591,0.043002,-0.007686,0.027311,0.030967,0.005008,0.015601,0.019985,-0.001715,-0.007383,0.012035,-0.012190,0.019505,0.044458,-0.024824,-0.001715,0.034278,-0.032758,-0.015225,0.019692,-0.038752
-0.008492,0.037635,-0.007500,-0.023515,0.012301,-0.003015,-0.027818,-0.027770,0.029626,-0.008200,-0.019003,0.055122,-0.018215,0.015953,-0.022827,-0.042966,-0.017993,0.006202,-0.054574,-0.012492,0.033552,0.019583,0.041688,-0.007405,0.024408,0.031507,0.004451,0.012970,0.022800,0.000311,-0.007761,0.018558,-0.004528,0.016723,0.048313,-0.022777,-0.004768,0.038923,-0.031001,-0.017935,0.022358,-0.039512
-0.001643,0.021471,-0.003191,-0.016739,0.005892,0.001415,-0.024461,-0.018412,0.024890,-0.005498,-0.009754,0.044019,-0.010106,0.008397,-0.013931,-0.035024,-0.009665,0.006901,-0.046960,-0.004584,0.029709,0.017426,0.034949,-0.002634,0.020088,0.032443,0.005665,0.010412,0.026464,0.003980,-0.006076,0.025640,0.004155,0.013982,0.044756,-0.012753,-0.005281,0.039565,-0.016920,-0.018896,0.027322,-0.020067
0.005355,0.002152,0.000337,-0.009909,-0.002931,0.005291,-0.020899,-0.009578,0.018861,-0.002297,-0.000907,0.031602,-0.002494,-0.001544,-0.005734,-0.027240,-0.002119,0.008305,-0.037871,0.003263,0.029448,0.014629,0.026913,0.001445,0.014943,0.033454,0.005740,0.007224,0.029923,0.006083,-0.005043,0.031885,0.010275,0.010781,0.039583,-0.002934,-0.005647,0.038762,-0.002323,-0.020139,0.032127,0.001678
0.007922,-0.014420,-0.001951,-0.007072,-0.011197,0.003011,-0.018257,-0.001631,0.008784,0.001638,0.007689,0.017628,0.000466,-0.009060,-0.003672,-0.022226,0.006293,0.006704,-0.029970,0.012720,0.029875,0.010645,0.021667,-0.000331,0.009521,0.034201,0.001752,0.002684,0.032128,0.003408,-0.007392,0.035898,0.010272,0.006534,0.038578,-0.001420,-0.008281,0.039045,0.001108,-0.023660,0.034279,0.007993
0.012494,-0.034765,-0.001710,-0.000821,-0.019837,0.003228,-0.013854,0.009721,-0.001805,0.003292,0.018334,0.000865,0.006939,-0.018308,0.002253,-0.013348,0.017475,0.006019,-0.020279,0.024795,0.028744,0.006453,0.014859,0.000298,0.004173,0.034713,-0.000968,0.000497,0.034471,0.002092,-0.005260,0.040452,0.012072,0.002489,0.036787,0.003660,-0.008136,0.038764,0.008005,-0.022339,0.036371,0.016710
0.016791,-0.048716,0.000946,0.005726,-0.024540,0.005885,-0.009853,0.018839,-0.007488,0.001907,0.025741,-0.010192,0.013698,-0.024674,0.009126,-0.005002,0.025888,0.006709,-0.013576,0.033514,0.026737,0.004159,0.009894,0.002852,0.001603,0.034741,-0.001300,0.001812,0.035792,0.002550,0.000343,0.043275,0.014528,0.000661,0.035116,0.009533,-0.005328,0.038075,0.014688,-0.016908,0.037372,0.023247
0.014573,-0.068280,-0.004569,0.006843,-0.033007,0.000816,-0.006463,0.029517,-0.022511,0.001935,0.035579,-0.030654,0.013490,-0.033087,0.008811,-0.002640,0.036071,-0.003355,-0.011633,0.043185,0.010396,-0.000739,0.003689,-0.002955,-0.006629,0.031550,-0.006393,-0.009065,0.031407,-0.000731,-0.004054,0.042673,0.016649,-0.002532,0.035734,0.004138,-0.004042,0.039423,0.011043,-0.014893,0.041470,0.022187
0.013936,-0.088315,-0.008935,0.008871,-0.042986,-0.002880,-0.001914,0.037668,-0.035169,0.004649,0.043326,-0.048317,0.014192,-0.042589,0.009368,-0.000724,0.043803,-0.012783,-0.010313,0.050052,-0.006625,-0.005118,-0.002399,-0.008122,-0.013970,0.028448,-0.012163,-0.017292,0.026366,-0.005688,-0.004881,0.040163,0.015084,-0.005902,0.036009,-0.000206,-0.003558,0.039119,0.007185,-0.013610,0.042346,0.019059
0.022967,-0.103673,-0.002827,0.018167,-0.052172,0.003792,0.005645,0.039214,-0.034103,0.011486,0.044493,-0.051365,0.023714,-0.052184,0.018726,0.006317,0.044863,-0.010547,-0.005477,0.050414,-0.011020,-0.005677,-0.007016,-0.003060,-0.013652,0.028697,-0.013750,-0.008079,0.025619,-0.009589,0.010867,0.037211,0.007172,-0.007975,0.033257,0.009626,-0.002725,0.033333,0.013950,-0.009786,0.033582,0.020000
0.031806,-0.121823,0.003193,0.029125,-0.061514,0.010085,0.015519,0.044108,-0.035059,0.018089,0.047982,-0.057149,0.034084,-0.062159,0.029829,0.014805,0.049463,-0.010699,0.000093,0.053375,-0.022695,-0.007606,-0.015188,0.001289,-0.014978,0.026080,-0.016237,-0.001329,0.023631,-0.013452,0.023221,0.033602,0.000339,-0.011532,0.028030,0.019114,-0.002581,0.026817,0.021120,-0.005187,0.025149,0.021361
0.036048,-0.133734,0.006120,0.036285,-0.066431,0.013037,0.022888,0.049968,-0.037055,0.021338,0.052126,-0.062274,0.040122,-0.067601,0.037362,0.020665,0.055409,-0.012530,0.003932,0.057570,-0.035178,-0.009965,-0.022847,0.002063,-0.017251,0.021910,-0.019351,-0.000215,0.021452,-0.016292,0.026372,0.031214,-0.002915,-0.014913,0.022955,0.022548,-0.003470,0.022846,0.024151,-0.002493,0.021258,0.021570
0.043180,-0.161263,0.007264,0.038252,-0.082441,0.019064,0.014185,0.052855,-0.061586,0.013608,0.047689,-0.124723,0.044944,-0.087460,0.040972,0.021173,0.047233,-0.017523,0.004427,0.047864,-0.049725,-0.005349,-0.040316,0.000774,-0.014554,0.012968,-0.022285,0.000872,0.017100,-0.016487,0.027918,0.028800,-0.000003,-0.010592,0.008815,0.022521,0.001761,0.012988,0.028563,0.001519,0.017017,0.033288
0.046680,-0.183247,0.013082,0.040103,-0.093650,0.028571,0.012951,0.060954,-0.080748,0.014141,0.049448,-0.180236,0.048838,-0.101372,0.051015,0.027310,0.044981,-0.018534,0.011878,0.042074,-0.064528,-0.003144,-0.053919,0.003854,-0.013643,0.006657,-0.019543,0.000153,0.013918,-0.012240,0.027929,0.026027,0.004970,-0.007935,-0.002854,0.024970,0.005434,0.004623,0.034672,0.004271,0.013674,0.045777
0.040053,-0.178650,0.030038,0.046967,-0.083924,0.040932,0.042745,0.081271,-0.069589,0.041783,0.069160,-0.167280,0.052131,-0.088898,0.077624,0.050078,0.068761,-0.009349,0.036235,0.058039,-0.078914,-0.013134,-0.050053,0.018484,-0.022018,0.010199,-0.004598,-0.005188,0.014836,-0.000799,0.025192,0.022112,0.008678,-0.016665,-0.000498,0.036910,-0.000096,0.005231,0.043854,0.003576,0.012727,0.049247
0.037236,-0.173042,0.033881,0.056081,-0.072714,0.040298,0.065329,0.101603,-0.068323,0.056932,0.087718,-0.160389,0.059136,-0.077514,0.090904,0.074398,0.090425,-0.009381,0.060728,0.073060,-0.097227,-0.028915,-0.050280,0.020046,-0.036668,0.010359,-0.009678,-0.011998,0.018883,-0.005216,0.023739,0.026600,0.004609,-0.031768,-0.001788,0.044105,-0.007537,0.006291,0.051016,0.002647,0.014205,0.051496
0.039631,-0.169170,0.022678,0.062912,-0.065816,0.027489,0.069758,0.111990,-0.076110,0.052632,0.096403,-0.161619,0.066363,-0.072979,0.084578,0.088486,0.099188,-0.017455,0.073827,0.079600,-0.109083,-0.042451,-0.054518,0.006748,-0.049869,0.006946,-0.033687,-0.016181,0.024080,-0.024715,0.025198,0.037388,-0.006494,-0.045680,-0.006062,0.041520,-0.013446,0.007242,0.051103,0.001458,0.017249,0.049977
0.044843,-0.168671,0.011267,0.072758,-0.064541,0.014253,0.083382,0.118038,-0.082754,0.061949,0.103184,-0.159608,0.075896,-0.071020,0.077885,0.107816,0.104284,-0.023647,0.094438,0.083347,-0.116508,-0.052344,-0.059006,-0.006535,-0.059889,0.002801,-0.056922,-0.019003,0.027481,-0.044055,0.026799,0.045554,-0.018686,-0.055918,-0.009770,0.038029,-0.015784,0.007229,0.049234,0.003853,0.018430,0.045487
0.049919,-0.171553,-0.000334,0.079396,-0.067977,0.002796,0.092381,0.119575,-0.090413,0.069829,0.105564,-0.163304,0.082618,-0.073289,0.068566,0.120610,0.102448,-0.026899,0.108600,0.082797,-0.114129,-0.058425,-0.063764,-0.020306,-0.065520,-0.004444,-0.079495,-0.018788,0.023386,-0.064076,0.029271,0.046234,-0.031436,-0.062613,-0.012451,0.031598,-0.016582,0.006124,0.043399,0.006191,0.017470,0.037183
0.051876,-0.177724,-0.012122,0.076719,-0.075130,-0.004675,0.083379,0.116647,-0.101108,0.061878,0.101645,-0.181491,0.081475,-0.081444,0.054281,0.115373,0.090227,-0.026307,0.102653,0.076226,-0.096660,-0.060475,-0.068787,-0.035220,-0.065512,-0.017127,-0.101673,-0.013825,0.006047,-0.085743,0.033440,0.034510,-0.044342,-0.065838,-0.013741,0.019968,-0.017795,0.003683,0.031365,0.004920,0.013988,0.024016
0.045926,-0.177496,-0.025970,0.068853,-0.078068,-0.015646,0.076055,0.111626,-0.098726,0.057227,0.098175,-0.162763,0.074316,-0.086135,0.037071,0.109458,0.079358,-0.032912,0.098152,0.069214,-0.093103,-0.052419,-0.065974,-0.051513,-0.056624,-0.015359,-0.110637,-0.012747,0.003509,-0.094427,0.027820,0.033616,-0.049905,-0.058720,-0.015478,-0.007960,-0.019862,-0.002048,0.003806,-0.003348,0.013772,0.007358
0.035059,-0.171026,-0.034956,0.059857,-0.075491,-0.024348,0.074416,0.106868,-0.083615,0.058219,0.096302,-0.115643,0.064832,-0.085145,0.026142,0.106237,0.075605,-0.041795,0.097736,0.065811,-0.103749,-0.038019,-0.056831,-0.061818,-0.042987,-0.000109,-0.103209,-0.015372,0.017087,-0.087294,0.016509,0.044113,-0.046993,-0.044270,-0.016962,-0.039315,-0.021170,-0.008419,-0.026730,-0.013818,0.016804,-0.005719
0.033388,-0.158374,-0.036355,0.057317,-0.068353,-0.025683,0.076942,0.109474,-0.072430,0.066267,0.102530,-0.090348,0.061648,-0.080356,0.021418,0.103070,0.066586,-0.031807,0.096786,0.061238,-0.078529,-0.035846,-0.056124,-0.062553,-0.040719,-0.002438,-0.101014,-0.016690,0.021054,-0.082757,0.010314,0.048491,-0.041544,-0.042466,-0.015895,-0.041239,-0.019768,-0.001406,-0.026085,-0.009502,0.027968,-0.002947
0.034132,-0.143351,-0.034624,0.055600,-0.060806,-0.024059,0.079294,0.111543,-0.063991,0.075956,0.108308,-0.077077,0.059248,-0.072021,0.019272,0.098625,0.059625,-0.019005,0.095130,0.058444,-0.048952,-0.038328,-0.057017,-0.058885,-0.042644,-0.010501,-0.099253,-0.017410,0.019696,-0.079133,0.006242,0.047382,-0.037280,-0.045707,-0.013007,-0.032311,-0.019291,0.008946,-0.015489,-0.003297,0.038064,0.002714
0.030547,-0.129971,-0.034255,0.049414,-0.057010,-0.023998,0.077722,0.105321,-0.057472,0.081955,0.105058,-0.066432,0.052397,-0.060779,0.016781,0.092112,0.062219,-0.017561,0.092869,0.060884,-0.044761,-0.037449,-0.052956,-0.057008,-0.041007,-0.012507,-0.094671,-0.017323,0.017415,-0.076241,0.002817,0.041672,-0.039464,-0.045610,-0.009579,-0.032290,-0.022085,0.012085,-0.017229,-0.005886,0.037844,-0.002787
0.026640,-0.112794,-0.032887,0.042710,-0.050165,-0.023131,0.073212,0.099076,-0.051635,0.082603,0.100915,-0.058952,0.044707,-0.046273,0.014483,0.083144,0.066517,-0.016838,0.087519,0.064747,-0.042680,-0.034577,-0.048631,-0.052909,-0.037041,-0.017137,-0.085970,-0.015510,0.010938,-0.070078,0.000297,0.030890,-0.039767,-0.043514,-0.006528,-0.031289,-0.023872,0.013723,-0.018821,-0.007795,0.035184,-0.008916
0.024361,-0.100368,-0.031202,0.038720,-0.043887,-0.021483,0.067835,0.095842,-0.048232,0.077394,0.097824,-0.057302,0.039902,-0.035751,0.013732,0.076066,0.070430,-0.016541,0.081700,0.068126,-0.043082,-0.031131,-0.046375,-0.049200,-0.032648,-0.022361,-0.078285,-0.012723,0.003266,-0.064518,0.000104,0.020200,-0.038780,-0.040518,-0.005561,-0.030633,-0.023915,0.012864,-0.020314,-0.008265,0.031231,-0.013414
0.018182,-0.086995,-0.018547,0.029322,-0.035542,-0.008394,0.053025,0.093152,-0.038914,0.062320,0.094744,-0.059203,0.031036,-0.024802,0.023614,0.061069,0.074899,-0.007332,0.065185,0.071691,-0.036922,-0.029014,-0.049522,-0.032703,-0.029202,-0.032901,-0.055892,-0.010263,-0.008885,-0.044165,0.001256,0.004730,-0.023554,-0.038350,-0.012751,-0.017320,-0.026166,0.005453,-0.007985,-0.012225,0.021350,-0.002355
0.012668,-0.074501,-0.006069,0.020791,-0.027769,0.004285,0.038066,0.088615,-0.029902,0.045947,0.089571,-0.061052,0.023227,-0.016368,0.032667,0.045561,0.075275,0.001992,0.046265,0.071554,-0.029287,-0.026763,-0.053508,-0.015923,-0.025881,-0.043671,-0.033652,-0.007917,-0.021066,-0.023515,0.002821,-0.010022,-0.006910,-0.035810,-0.021616,-0.002823,-0.027485,-0.003646,0.005641,-0.015221,0.009850,0.010046
0.012419,-0.064760,-0.004945,0.019400,-0.023233,0.004769,0.031913,0.079885,-0.027237,0.036125,0.080067,-0.059116,0.021640,-0.013395,0.029414,0.036898,0.066992,0.002586,0.033088,0.063899,-0.025329,-0.023018,-0.053939,-0.011747,-0.021964,-0.049787,-0.026970,-0.005495,-0.028995,-0.017608,0.003848,-0.018718,-0.002171,-0.031855,-0.025873,0.000862,-0.024908,-0.009741,0.007525,-0.012968,0.000897,0.009097
0.010005,-0.051277,-0.002782,0.015842,-0.018487,0.005185,0.024964,0.065185,-0.023454,0.026138,0.064747,-0.054626,0.017209,-0.008950,0.025250,0.027689,0.054100,0.001438,0.022377,0.050933,-0.025268,-0.019536,-0.052954,-0.005366,-0.018229,-0.055512,-0.017110,-0.003502,-0.038045,-0.009388,0.004809,-0.029487,0.003413,-0.027754,-0.031176,0.006405,-0.022813,-0.017589,0.011320,-0.012131,-0.009499,0.011181
0.006637,-0.040802,-0.000662,0.011801,-0.015989,0.005476,0.020428,0.051855,-0.020034,0.020741,0.051280,-0.049452,0.012043,-0.005272,0.022332,0.022311,0.043094,-0.000641,0.019299,0.039200,-0.028895,-0.018075,-0.051112,-0.000058,-0.016559,-0.058073,-0.009121,-0.002942,-0.043757,-0.003080,0.005214,-0.036990,0.006953,-0.025604,-0.034939,0.010899,-0.022331,-0.023336,0.014976,-0.013230,-0.016215,0.015099
0.002829,-0.027861,0.002888,0.007234,-0.011966,0.007533,0.013748,0.036769,-0.016760,0.010772,0.035047,-0.047700,0.005652,-0.000345,0.019280,0.014929,0.031172,-0.002526,0.014617,0.026511,-0.031955,-0.013734,-0.046559,0.006799,-0.012047,-0.059319,0.002208,-0.001594,-0.050593,0.005355,0.004497,-0.047039,0.010534,-0.020568,-0.037349,0.014612,-0.021036,-0.031049,0.016043,-0.015085,-0.027144,0.015320
-0.000474,-0.014666,0.007155,0.003462,-0.007375,0.010031,0.008328,0.022319,-0.013792,0.002159,0.019420,-0.047086,0.000289,0.004727,0.017134,0.008744,0.019637,-0.003688,0.010472,0.014303,-0.034448,-0.009496,-0.040890,0.014095,-0.007574,-0.059212,0.013522,-0.000317,-0.056095,0.013772,0.003104,-0.055739,0.014166,-0.015626,-0.038413,0.018967,-0.019690,-0.037563,0.017745,-0.017010,-0.036999,0.016146
-0.002324,-0.003420,0.011440,0.001763,-0.003208,0.011716,0.007490,0.010816,-0.011113,0.000777,0.007616,-0.045137,-0.001832,0.008868,0.016975,0.006888,0.009818,-0.003530,0.008967,0.003988,-0.036330,-0.008371,-0.035762,0.020804,-0.006075,-0.057799,0.021591,-0.000071,-0.057873,0.020170,0.001353,-0.059246,0.018010,-0.013813,-0.038178,0.025472,-0.019153,-0.039731,0.023395,-0.018443,-0.040504,0.021993
-0.005748,0.012082,0.019489,-0.001480,0.004253,0.016886,0.005605,-0.001389,-0.003659,-0.001456,-0.004873,-0.036735,-0.005589,0.013926,0.018630,0.002822,-0.003734,-0.000162,0.005122,-0.010466,-0.033162,-0.005914,-0.028519,0.031984,-0.003268,-0.054178,0.035614,-0.000134,-0.058862,0.031545,-0.002034,-0.063492,0.024574,-0.010010,-0.038722,0.035385,-0.017250,-0.043529,0.032007,-0.018825,-0.045907,0.030777
-0.009038,0.024096,0.027279,-0.004667,0.011264,0.022993,0.003579,-0.008186,0.004940,-0.003430,-0.011761,-0.026007,-0.009124,0.017363,0.021294,-0.001434,-0.014236,0.004802,0.000885,-0.021809,-0.026469,-0.003335,-0.022806,0.041944,-0.000520,-0.050196,0.048440,-0.000417,-0.058606,0.042075,-0.005295,-0.066402,0.030451,-0.006114,-0.039811,0.043603,-0.014968,-0.047103,0.039135,-0.018023,-0.050559,0.037980
-0.014380,0.043076,0.040331,-0.011881,0.023280,0.034042,-0.004767,-0.013381,0.022380,-0.009402,-0.016049,-0.001290,-0.015893,0.025315,0.027621,-0.011799,-0.023993,0.018824,-0.009336,-0.029820,-0.003800,0.000611,-0.008754,0.056586,0.003816,-0.038573,0.067746,-0.000486,-0.055030,0.056349,-0.009444,-0.069426,0.034965,-0.000205,-0.033986,0.053653,-0.010587,-0.046587,0.046178,-0.014163,-0.052185,0.043176
-0.020786,0.061631,0.049346,-0.020095,0.033428,0.041029,-0.014832,-0.023189,0.038066,-0.018527,-0.025455,0.024866,-0.024297,0.032363,0.029219,-0.024081,-0.035149,0.029958,-0.020949,-0.038614,0.018264,0.006108,0.004657,0.067306,0.009434,-0.028020,0.085119,-0.001191,-0.051880,0.069383,-0.015172,-0.072489,0.039075,0.007207,-0.028127,0.058109,-0.005601,-0.045207,0.048177,-0.009792,-0.051984,0.044435
-0.027230,0.072299,0.044990,-0.026253,0.034817,0.034907,-0.021919,-0.043680,0.041258,-0.029739,-0.047418,0.039707,-0.032710,0.033114,0.017596,-0.033990,-0.049678,0.025922,-0.029168,-0.052019,0.022730,0.013414,0.008409,0.065404,0.016116,-0.027268,0.091979,-0.003308,-0.052829,0.075954,-0.023089,-0.075273,0.043428,0.015743,-0.029113,0.049439,-0.001269,-0.046153,0.040030,-0.007163,-0.051100,0.039636
-0.033383,0.089645,0.036698,-0.033825,0.041473,0.024780,-0.033920,-0.062947,0.042757,-0.045252,-0.068030,0.054943,-0.041539,0.038288,0.000887,-0.045901,-0.062401,0.019215,-0.039026,-0.063333,0.027545,0.019972,0.017844,0.059313,0.022562,-0.020736,0.092799,-0.003393,-0.048984,0.075829,-0.027541,-0.073571,0.040583,0.023722,-0.026028,0.037982,0.003685,-0.043367,0.028848,-0.003286,-0.046567,0.031194
-0.036189,0.105066,0.028651,-0.039093,0.050022,0.015875,-0.044989,-0.071428,0.042269,-0.057504,-0.077042,0.063426,-0.046442,0.045286,-0.012421,-0.053954,-0.066996,0.013597,-0.045642,-0.066936,0.030709,0.022457,0.028150,0.051807,0.025525,-0.011854,0.086795,-0.001352,-0.042439,0.068695,-0.026213,-0.068451,0.031607,0.027035,-0.020565,0.029040,0.006536,-0.038381,0.019814,-0.000412,-0.040773,0.022995
-0.030060,0.129376,0.024782,-0.035244,0.067657,0.009935,-0.048047,-0.069500,0.043185,-0.062104,-0.075435,0.070173,-0.042864,0.058108,-0.021408,-0.055172,-0.072791,0.018284,-0.044663,-0.068903,0.050503,0.020962,0.035261,0.050112,0.024200,-0.010441,0.079033,0.001415,-0.034642,0.064491,-0.022863,-0.056000,0.034441,0.026535,-0.010592,0.037772,0.013349,-0.020921,0.027471,0.013033,-0.032860,0.014869
-0.028013,0.152049,0.024669,-0.033097,0.083740,0.006912,-0.047253,-0.069156,0.050485,-0.062469,-0.073950,0.087649,-0.041320,0.070878,-0.024615,-0.055188,-0.074808,0.025077,-0.043335,-0.068152,0.066208,0.021749,0.040226,0.051966,0.024116,-0.006996,0.080525,0.000806,-0.022624,0.069874,-0.022891,-0.041022,0.044195,0.029067,-0.005396,0.044809,0.019375,-0.007517,0.034538,0.023520,-0.027321,0.009946
-0.043102,0.162703,0.027920,-0.043611,0.087663,0.006706,-0.046715,-0.082551,0.068920,-0.061416,-0.083295,0.128062,-0.052462,0.078080,-0.021306,-0.059532,-0.068248,0.023772,-0.048297,-0.064041,0.055260,0.030776,0.044212,0.055876,0.030400,0.007946,0.103543,-0.008187,-0.003520,0.093008,-0.033310,-0.028536,0.057780,0.040754,-0.013931,0.031732,0.018617,-0.014244,0.024636,0.015586,-0.028315,0.012161
-0.051261,0.169642,0.023629,-0.054006,0.087912,0.003533,-0.056985,-0.095179,0.077741,-0.068702,-0.092976,0.147846,-0.062480,0.080874,-0.029022,-0.070640,-0.069934,0.018518,-0.058073,-0.066605,0.050886,0.038901,0.049002,0.049992,0.038109,0.015603,0.107803,-0.007469,0.002753,0.095869,-0.033242,-0.026894,0.054155,0.050129,-0.015766,0.014495,0.019790,-0.018553,0.008208,0.009632,-0.031259,0.003019
-0.048388,0.169339,0.013930,-0.059083,0.084303,-0.000876,-0.072871,-0.100643,0.072904,-0.080783,-0.098350,0.137465,-0.066382,0.077781,-0.043425,-0.083001,-0.078738,0.013220,-0.067947,-0.074249,0.056419,0.042317,0.052226,0.036791,0.043610,0.012149,0.090294,0.003192,-0.006930,0.075832,-0.021381,-0.036863,0.033788,0.052928,-0.009935,0.001008,0.022566,-0.018337,-0.007381,0.008910,-0.034744,-0.013708
-0.046672,0.172424,0.004265,-0.062494,0.081202,-0.007801,-0.080821,-0.110343,0.066876,-0.084436,-0.108213,0.127433,-0.069290,0.077077,-0.057021,-0.090579,-0.087485,0.008734,-0.073586,-0.081907,0.061501,0.044731,0.059950,0.024000,0.047966,0.014669,0.074270,0.011002,-0.008816,0.058662,-0.014051,-0.037345,0.018794,0.055010,-0.000717,-0.013046,0.025048,-0.015402,-0.024251,0.009306,-0.034862,-0.032260
-0.045904,0.178996,-0.005225,-0.061955,0.079773,-0.018077,-0.076702,-0.122037,0.065127,-0.077305,-0.118445,0.131915,-0.069089,0.079944,-0.067775,-0.088774,-0.092128,0.003279,-0.070607,-0.086646,0.059148,0.041788,0.069819,0.011947,0.046965,0.020844,0.057224,0.015129,-0.005695,0.040651,-0.009277,-0.032647,0.003014,0.051840,0.008531,-0.024256,0.024859,-0.011727,-0.038437,0.010188,-0.032609,-0.049012
-0.045832,0.188974,-0.014396,-0.055174,0.081112,-0.032510,-0.056509,-0.133153,0.073124,-0.057012,-0.124246,0.164988,-0.063636,0.087464,-0.073757,-0.073127,-0.088670,-0.005361,-0.054808,-0.085638,0.041940,0.028907,0.079415,0.000799,0.036108,0.028417,0.036394,0.014464,-0.000362,0.017862,-0.005460,-0.027181,-0.019879,0.038604,0.014362,-0.029373,0.019431,-0.009356,-0.046075,0.010816,-0.028971,-0.060407
-0.039573,0.192466,-0.027465,-0.051507,0.080134,-0.044133,-0.059152,-0.138897,0.073010,-0.061004,-0.127556,0.173925,-0.059241,0.087633,-0.087602,-0.072549,-0.092944,-0.012087,-0.054734,-0.089174,0.041558,0.027345,0.085568,-0.014929,0.035285,0.032662,0.012901,0.018465,0.004384,-0.004559,-0.001362,-0.018828,-0.037045,0.035084,0.021906,-0.040699,0.018536,-0.003872,-0.058392,0.011675,-0.022473,-0.073289
-0.030246,0.187753,-0.037893,-0.052968,0.077238,-0.046907,-0.083641,-0.136559,0.065424,-0.087782,-0.127402,0.154874,-0.058306,0.080401,-0.101893,-0.087669,-0.102400,-0.012167,-0.070822,-0.094999,0.059457,0.037981,0.085000,-0.028252,0.045092,0.031109,-0.002783,0.025428,0.005934,-0.016731,0.001279,-0.011895,-0.041228,0.043135,0.027290,-0.053842,0.022597,0.001994,-0.070527,0.012226,-0.016290,-0.082465
-0.028117,0.176924,-0.024373,-0.054350,0.071126,-0.029485,-0.085682,-0.128454,0.070544,-0.083330,-0.120038,0.141786,-0.058410,0.075098,-0.085663,-0.089340,-0.101078,0.002169,-0.070937,-0.093802,0.069887,0.042277,0.082735,-0.017463,0.049133,0.030187,0.009192,0.026091,0.004035,-0.004746,-0.001693,-0.013473,-0.028720,0.046453,0.031118,-0.046392,0.022631,0.006263,-0.062940,0.010162,-0.012944,-0.074142
-0.028676,0.166760,-0.009638,-0.054612,0.066629,-0.013246,-0.078256,-0.117270,0.075527,-0.067809,-0.109096,0.132351,-0.057833,0.073112,-0.065551,-0.085061,-0.092397,0.014786,-0.065666,-0.086491,0.071975,0.043136,0.081457,-0.004867,0.049932,0.031501,0.024022,0.024092,0.003852,0.009343,-0.006043,-0.014688,-0.016065,0.047043,0.035182,-0.037570,0.020910,0.011020,-0.054005,0.007291,-0.008951,-0.064985
-0.027388,0.163952,-0.016426,-0.053025,0.068376,-0.019160,-0.074945,-0.105210,0.068704,-0.061738,-0.097284,0.125504,-0.055180,0.075817,-0.067905,-0.082972,-0.079332,0.010331,-0.066107,-0.073273,0.065591,0.043468,0.083708,-0.013406,0.050002,0.036551,0.015952,0.023176,0.010527,0.002464,-0.007327,-0.006597,-0.020882,0.046920,0.041173,-0.047487,0.019630,0.018408,-0.062983,0.005313,-0.000635,-0.072447
-0.024818,0.156462,-0.020836,-0.049911,0.069151,-0.022171,-0.070320,-0.088827,0.062419,-0.054561,-0.081357,0.118587,-0.051169,0.076114,-0.067005,-0.082823,-0.063802,0.006594,-0.071168,-0.057583,0.058797,0.043754,0.083205,-0.019421,0.049634,0.040031,0.009935,0.021453,0.016116,-0.001994,-0.009829,0.000721,-0.022740,0.046665,0.046157,-0.053817,0.018571,0.026123,-0.067337,0.003365,0.008775,-0.074276
-0.022262,0.148112,-0.020666,-0.046979,0.068406,-0.020306,-0.066888,-0.076222,0.061132,-0.049976,-0.069102,0.116324,-0.047952,0.073856,-0.062971,-0.084873,-0.053405,0.006495,-0.078425,-0.047087,0.056064,0.043856,0.080191,-0.020452,0.049071,0.040122,0.008197,0.019970,0.017787,-0.002617,-0.012057,0.003588,-0.021526,0.046351,0.047671,-0.054198,0.018047,0.030355,-0.065722,0.002086,0.014608,-0.070345
-0.013389,0.135117,-0.013500,-0.035402,0.065964,-0.012704,-0.053494,-0.060995,0.062452,-0.037651,-0.054828,0.114726,-0.036122,0.066514,-0.050460,-0.075303,-0.047933,0.012766,-0.074157,-0.042603,0.057282,0.038640,0.076050,-0.014038,0.046211,0.043636,0.005822,0.027412,0.025291,-0.005533,-0.003823,0.009966,-0.026138,0.039459,0.047029,-0.039876,0.015245,0.031857,-0.050818,0.002422,0.016485,-0.057550
-0.006504,0.122014,-0.008245,-0.025587,0.062291,-0.007681,-0.040667,-0.047723,0.060864,-0.025420,-0.041958,0.109941,-0.025903,0.059204,-0.039960,-0.064636,-0.043506,0.017355,-0.067425,-0.039126,0.057155,0.031375,0.072395,-0.009125,0.041007,0.046954,0.002195,0.031971,0.032062,-0.009692,0.001708,0.015704,-0.031786,0.030960,0.047042,-0.026954,0.012020,0.033661,-0.037487,0.003046,0.018823,-0.046680
-0.009930,0.113484,-0.013828,-0.027950,0.057821,-0.013285,-0.038832,-0.040890,0.051698,-0.021057,-0.033757,0.098943,-0.027461,0.057131,-0.041913,-0.063189,-0.036188,0.012453,-0.067021,-0.031574,0.050629,0.025455,0.070885,-0.014947,0.033649,0.046345,-0.003781,0.021979,0.031540,-0.014491,-0.008946,0.016961,-0.033786,0.025951,0.050617,-0.031944,0.010251,0.038828,-0.041079,0.002560,0.025998,-0.049085
-0.010684,0.101281,-0.018753,-0.028064,0.051860,-0.017807,-0.036289,-0.031939,0.038116,-0.016466,-0.024571,0.077754,-0.027042,0.053482,-0.042751,-0.061064,-0.026676,0.009040,-0.065702,-0.020729,0.048038,0.020724,0.068591,-0.019867,0.027428,0.046506,-0.009728,0.014735,0.032140,-0.019112,-0.014877,0.019756,-0.035129,0.021842,0.054013,-0.035063,0.009372,0.043322,-0.042922,0.002504,0.032234,-0.049670
-0.008386,0.091450,-0.020544,-0.025919,0.047299,-0.018780,-0.034420,-0.025273,0.027384,-0.014096,-0.018937,0.057369,-0.024901,0.050045,-0.041867,-0.059400,-0.019560,0.009303,-0.064205,-0.011788,0.051131,0.019507,0.066606,-0.021554,0.025412,0.047310,-0.012862,0.013892,0.033529,-0.021437,-0.012978,0.022625,-0.035382,0.020621,0.055512,-0.034941,0.009712,0.044907,-0.042267,0.002761,0.034437,-0.048273
-0.006502,0.079854,-0.021956,-0.021734,0.042254,-0.020424,-0.027469,-0.017411,0.020063,-0.007895,-0.011263,0.047877,-0.020459,0.045364,-0.039526,-0.051705,-0.012188,0.008550,-0.057749,-0.003396,0.050496,0.018377,0.065273,-0.022631,0.023573,0.049311,-0.014105,0.012777,0.035387,-0.022364,-0.011282,0.025307,-0.035241,0.019338,0.058105,-0.035645,0.009138,0.046505,-0.043046,0.001971,0.036716,-0.048140
-0.005071,0.067732,-0.018238,-0.017496,0.037141,-0.017376,-0.019906,-0.009551,0.017934,-0.001141,-0.003228,0.044555,-0.015677,0.040420,-0.031711,-0.042713,-0.004446,0.011279,-0.050251,0.004802,0.051094,0.015921,0.062914,-0.018546,0.020608,0.050340,-0.010631,0.011245,0.036078,-0.018914,-0.009856,0.026365,-0.031418,0.016752,0.059563,-0.030659,0.007702,0.047266,-0.038142,0.000791,0.037930,-0.042930
-0.004125,0.056207,-0.004592,-0.015169,0.032305,-0.004172,-0.016215,-0.002913,0.022882,0.002721,0.003305,0.042692,-0.012494,0.036146,-0.014276,-0.037098,0.003831,0.022190,-0.045609,0.013181,0.058070,0.010697,0.057772,-0.004756,0.015185,0.048190,0.000336,0.009174,0.033953,-0.008175,-0.008654,0.024343,-0.020739,0.011601,0.057599,-0.013499,0.005459,0.046313,-0.020480,-0.000101,0.036939,-0.026347
0.000766,0.040754,0.003697,-0.008979,0.024734,0.003581,-0.009699,0.003389,0.021827,0.008912,0.009688,0.035334,-0.005070,0.029497,-0.001596,-0.026681,0.012173,0.025913,-0.036111,0.020826,0.056062,0.006215,0.051931,0.003863,0.010043,0.045809,0.004197,0.007900,0.032570,-0.003631,-0.006437,0.024488,-0.014185,0.007113,0.056907,0.000748,0.005931,0.046785,-0.005687,0.002856,0.037443,-0.013420
0.007160,0.029111,0.002473,-0.002020,0.018202,0.002053,-0.003601,0.006246,0.015419,0.014364,0.012823,0.026248,0.002883,0.023799,0.000025,-0.016658,0.016463,0.020734,-0.026480,0.024011,0.046239,0.004706,0.048318,0.002950,0.007754,0.044388,-0.001047,0.008069,0.032617,-0.007627,-0.004320,0.026699,-0.015132,0.005511,0.057849,0.004899,0.008861,0.048464,-0.001212,0.008166,0.039206,-0.010660
0.014004,0.015154,0.002708,0.007191,0.011966,0.001816,0.006485,0.012981,0.008766,0.022029,0.019174,0.017147,0.011665,0.017408,0.004035,-0.006726,0.023007,0.015314,-0.018181,0.028587,0.034334,0.001532,0.043566,0.003396,0.003802,0.043021,-0.006023,0.008052,0.033128,-0.011198,-0.000979,0.029774,-0.015232,0.002058,0.057997,0.011536,0.010584,0.049830,0.006168,0.012518,0.041225,-0.004565
0.018615,0.001307,0.005035,0.015106,0.006505,0.003345,0.017248,0.021255,0.002635,0.030589,0.026802,0.007384,0.018861,0.011024,0.010485,0.002260,0.029327,0.011920,-0.011266,0.032964,0.023568,-0.003266,0.038176,0.005752,-0.001631,0.041532,-0.008375,0.006524,0.033511,-0.012269,0.001042,0.032454,-0.013270,-0.002916,0.056855,0.019301,0.010404,0.050587,0.015258,0.014783,0.043551,0.004374
0.018294,-0.009980,0.010088,0.018162,0.002305,0.007128,0.025340,0.028729,-0.002180,0.038641,0.033759,-0.003705,0.022046,0.005362,0.019409,0.009405,0.032953,0.012801,-0.005869,0.035584,0.017128,-0.009608,0.032694,0.010707,-0.008337,0.039782,-0.005561,0.002168,0.033179,-0.008603,-0.000786,0.033462,-0.007891,-0.008999,0.053959,0.027003,0.007706,0.050450,0.025004,0.013897,0.046238,0.015781
0.019183,-0.024297,0.014341,0.023843,-0.002724,0.009731,0.037134,0.038083,-0.010670,0.048985,0.041929,-0.020540,0.027279,-0.001224,0.028816,0.019227,0.039446,0.010798,0.001865,0.040470,0.004790,-0.016512,0.025133,0.014691,-0.016170,0.038036,-0.004216,-0.003078,0.034042,-0.005672,-0.002256,0.036542,-0.002113,-0.015479,0.048999,0.034579,0.005533,0.049837,0.035906,0.013766,0.050176,0.029973
0.020841,-0.034478,0.015666,0.029309,-0.006078,0.009877,0.046753,0.044650,-0.018509,0.056485,0.047255,-0.034617,0.031942,-0.005437,0.034035,0.026855,0.045599,0.007018,0.008154,0.045233,-0.007163,-0.020523,0.019272,0.015530,-0.021189,0.037154,-0.005263,-0.006542,0.035663,-0.005191,-0.002579,0.040154,0.000921,-0.019141,0.044471,0.037994,0.004905,0.049077,0.042288,0.014356,0.053410,0.039647
0.022535,-0.046763,0.016804,0.034498,-0.008908,0.010342,0.055947,0.056937,-0.028100,0.064318,0.058790,-0.051162,0.037096,-0.010269,0.039617,0.035884,0.055520,0.007720,0.015615,0.055788,-0.006787,-0.024892,0.014395,0.016093,-0.026725,0.039177,-0.006622,-0.010070,0.039949,-0.005216,-0.001946,0.046313,0.003149,-0.023200,0.040722,0.040904,0.003774,0.048238,0.047866,0.014130,0.056655,0.048827
0.023916,-0.063845,0.017400,0.036764,-0.015056,0.012187,0.059050,0.068759,-0.040890,0.067767,0.068608,-0.076195,0.040145,-0.019620,0.043607,0.040746,0.062136,0.010046,0.019519,0.064289,0.000191,-0.026175,0.007221,0.015867,-0.029732,0.040451,-0.006928,-0.013422,0.043546,-0.003826,-0.002023,0.052110,0.007331,-0.023976,0.034799,0.041028,0.004146,0.045181,0.051415,0.013245,0.058743,0.058720
0.024655,-0.088469,0.017120,0.033500,-0.028341,0.016463,0.050406,0.074036,-0.058471,0.062142,0.068967,-0.115975,0.038530,-0.037433,0.044027,0.035872,0.058355,0.010999,0.015138,0.062904,0.007910,-0.020961,-0.005544,0.014522,-0.027210,0.037381,-0.004564,-0.016410,0.043165,0.001174,-0.004523,0.054696,0.016507,-0.017829,0.023699,0.036350,0.008028,0.037732,0.051998,0.011903,0.058477,0.070854
0.023249,-0.104430,0.010527,0.033143,-0.036819,0.010017,0.052319,0.080241,-0.066810,0.067136,0.075431,-0.120110,0.040357,-0.046046,0.041768,0.042305,0.065020,0.005909,0.020517,0.070788,0.004490,-0.025603,-0.009253,0.006352,-0.035183,0.039741,-0.012896,-0.026598,0.046733,-0.004597,-0.008409,0.062675,0.016404,-0.020936,0.022572,0.028204,0.008424,0.036797,0.046199,0.011412,0.061753,0.070303
0.020388,-0.103718,0.000906,0.035832,-0.036271,-0.004062,0.063860,0.083838,-0.061947,0.080257,0.083850,-0.086538,0.044671,-0.041104,0.038041,0.056823,0.078863,-0.002429,0.032888,0.084025,-0.008138,-0.037876,-0.002114,-0.005160,-0.049789,0.046210,-0.028572,-0.038913,0.052351,-0.019071,-0.011589,0.071919,0.006194,-0.031911,0.031995,0.019850,0.004834,0.042952,0.036154,0.011574,0.067092,0.056560
0.024329,-0.111015,0.000321,0.043538,-0.038219,-0.005951,0.072397,0.090417,-0.055149,0.084525,0.091878,-0.063461,0.053095,-0.045784,0.041438,0.069227,0.082401,-0.003742,0.042275,0.086915,-0.014193,-0.042738,-0.002761,-0.007752,-0.053923,0.048556,-0.036754,-0.034572,0.056332,-0.026778,0.001848,0.077758,0.000262,-0.037195,0.032613,0.020864,0.003917,0.041528,0.035158,0.014495,0.063883,0.050701
0.029735,-0.121713,0.001986,0.051865,-0.041896,-0.003885,0.079792,0.097759,-0.050565,0.086217,0.099406,-0.051363,0.061102,-0.054740,0.045993,0.078649,0.079706,-0.003520,0.049483,0.082879,-0.018934,-0.044997,-0.007145,-0.008263,-0.054466,0.047767,-0.043084,-0.026080,0.057842,-0.033054,0.017044,0.079963,-0.005560,-0.040514,0.029747,0.023815,0.003587,0.037602,0.036155,0.018011,0.057837,0.046405
0.031300,-0.131318,-0.000867,0.056323,-0.046542,-0.006299,0.087674,0.103623,-0.052953,0.091486,0.106328,-0.051270,0.064054,-0.062620,0.045646,0.083900,0.074878,-0.007631,0.054958,0.075328,-0.028030,-0.049689,-0.011267,-0.013444,-0.058662,0.044868,-0.053022,-0.026236,0.056181,-0.042966,0.019114,0.078515,-0.015238,-0.045872,0.028733,0.021439,0.001483,0.036323,0.032365,0.019623,0.054698,0.037669
0.032020,-0.139820,-0.001201,0.059938,-0.050180,-0.006722,0.096139,0.111725,-0.054098,0.099617,0.114892,-0.050291,0.068085,-0.066090,0.049461,0.094691,0.078489,-0.010047,0.065816,0.076400,-0.038206,-0.053331,-0.019684,-0.016039,-0.062237,0.038282,-0.058098,-0.027398,0.053934,-0.046669,0.020533,0.077172,-0.017739,-0.049664,0.023019,0.020440,0.001005,0.033352,0.031332,0.023953,0.051687,0.032743
0.031515,-0.142883,0.001147,0.060806,-0.051143,-0.004674,0.100925,0.117941,-0.052537,0.106551,0.120779,-0.047925,0.071076,-0.063393,0.055865,0.105585,0.088860,-0.008513,0.076574,0.085670,-0.043340,-0.053951,-0.028268,-0.015510,-0.063119,0.031132,-0.056867,-0.028492,0.052127,-0.043449,0.021289,0.076457,-0.012983,-0.049874,0.015425,0.020247,0.002277,0.030192,0.032544,0.028547,0.050307,0.033161
0.031361,-0.142681,-0.006436,0.063342,-0.047906,-0.011807,0.108003,0.127877,-0.066915,0.111647,0.129143,-0.073060,0.073291,-0.059224,0.051351,0.115966,0.097640,-0.015665,0.089180,0.093471,-0.055268,-0.055814,-0.036547,-0.024436,-0.064781,0.023887,-0.066788,-0.028093,0.051709,-0.050648,0.024607,0.078502,-0.016769,-0.051935,0.007467,0.012581,0.001404,0.027541,0.026743,0.030644,0.049554,0.026961
0.030444,-0.142121,-0.012722,0.066071,-0.044261,-0.017705,0.116717,0.137552,-0.083615,0.117201,0.136412,-0.106901,0.074598,-0.054747,0.048343,0.126022,0.106461,-0.021739,0.102453,0.100859,-0.066964,-0.057564,-0.044312,-0.031600,-0.065815,0.016971,-0.074251,-0.026966,0.050435,-0.056158,0.027973,0.078727,-0.020105,-0.053822,-0.000713,0.005961,0.000016,0.024447,0.021967,0.031776,0.048587,0.022395
0.027638,-0.144062,-0.006473,0.067498,-0.043973,-0.012081,0.126401,0.142972,-0.089355,0.125538,0.139163,-0.130900,0.074869,-0.051138,0.059344,0.136002,0.116961,-0.016717,0.115327,0.108913,-0.071148,-0.057819,-0.051397,-0.026020,-0.064819,0.010805,-0.065982,-0.025836,0.046101,-0.048269,0.029000,0.072660,-0.014521,-0.053427,-0.009105,0.008548,-0.000174,0.019860,0.025874,0.033555,0.046495,0.027322
0.029751,-0.149028,-0.011510,0.065818,-0.049843,-0.013378,0.121615,0.140430,-0.099795,0.123889,0.132995,-0.156326,0.073630,-0.054864,0.053375,0.135313,0.112609,-0.017803,0.118808,0.105371,-0.068044,-0.058871,-0.057151,-0.032569,-0.063599,-0.001309,-0.078120,-0.019561,0.029655,-0.062080,0.033609,0.056840,-0.027268,-0.055477,-0.013173,0.004876,-0.000897,0.014318,0.020876,0.033646,0.038894,0.019477
0.035731,-0.154581,-0.025319,0.061773,-0.059182,-0.020378,0.104423,0.131304,-0.108065,0.112680,0.121158,-0.168830,0.071437,-0.064179,0.033651,0.124103,0.095620,-0.023813,0.110934,0.092008,-0.058586,-0.060209,-0.058890,-0.049128,-0.062661,-0.013709,-0.106155,-0.011104,0.008926,-0.092116,0.039695,0.038762,-0.053133,-0.059166,-0.010975,-0.004801,-0.002309,0.010520,0.008062,0.031264,0.029453,0.001532
0.031911,-0.148352,-0.021297,0.059940,-0.059403,-0.017833,0.103229,0.119162,-0.094286,0.107892,0.108535,-0.144565,0.069036,-0.062826,0.037100,0.127439,0.089473,-0.018981,0.116747,0.084499,-0.056778,-0.060760,-0.059827,-0.044577,-0.062548,-0.013615,-0.099715,-0.012836,0.011314,-0.084873,0.035124,0.041078,-0.045480,-0.059788,-0.018223,-0.002105,-0.005637,0.003769,0.011294,0.027088,0.024634,0.007446
0.025546,-0.136891,-0.015810,0.059205,-0.054499,-0.016451,0.106438,0.108472,-0.079717,0.103110,0.097721,-0.116912,0.066545,-0.056391,0.043458,0.133598,0.088495,-0.015510,0.124667,0.080539,-0.062446,-0.060371,-0.059254,-0.036881,-0.061757,-0.009527,-0.085931,-0.015898,0.020406,-0.070039,0.029777,0.048802,-0.032285,-0.058546,-0.026454,0.001253,-0.008264,-0.002480,0.015790,0.023872,0.022051,0.016181
0.023896,-0.126773,-0.025223,0.058229,-0.048770,-0.026119,0.101852,0.104022,-0.083276,0.091865,0.092325,-0.116988,0.063868,-0.050670,0.032451,0.130372,0.086796,-0.025632,0.122949,0.077579,-0.075454,-0.059187,-0.056719,-0.045187,-0.058996,-0.010385,-0.093247,-0.011959,0.019257,-0.078212,0.032377,0.046400,-0.042008,-0.057469,-0.027466,-0.008057,-0.008686,-0.004939,0.005521,0.023109,0.019165,0.005722
0.019389,-0.122944,-0.028771,0.052204,-0.053453,-0.028604,0.092406,0.082946,-0.075809,0.078444,0.071751,-0.101580,0.055520,-0.051018,0.024487,0.119925,0.077847,-0.036916,0.116235,0.064632,-0.095120,-0.049300,-0.054187,-0.048243,-0.048118,-0.012760,-0.088224,-0.007169,0.010260,-0.076466,0.031528,0.032484,-0.046839,-0.048012,-0.031807,-0.021501,-0.007249,-0.019028,-0.011318,0.019058,0.005667,-0.006242
0.014284,-0.127347,-0.024680,0.044071,-0.066369,-0.022306,0.082533,0.055774,-0.059975,0.069059,0.046219,-0.077290,0.045623,-0.057418,0.023994,0.107249,0.066312,-0.042400,0.107520,0.048556,-0.110339,-0.035605,-0.053132,-0.045158,-0.034462,-0.015698,-0.074307,-0.003660,-0.002274,-0.066640,0.028081,0.013824,-0.045327,-0.034842,-0.037600,-0.033207,-0.004567,-0.037979,-0.027124,0.014038,-0.011877,-0.014549
0.014084,-0.115264,-0.016883,0.041908,-0.058755,-0.014624,0.076065,0.054289,-0.051974,0.061487,0.044603,-0.073942,0.043600,-0.051484,0.028942,0.102013,0.059150,-0.035657,0.102349,0.040235,-0.106023,-0.038267,-0.055488,-0.034300,-0.036052,-0.027377,-0.065155,-0.002853,-0.013133,-0.057619,0.026738,0.003162,-0.035865,-0.037645,-0.040422,-0.018289,-0.004720,-0.040024,-0.011785,0.015335,-0.013744,-0.000075
0.015165,-0.098707,-0.009741,0.041084,-0.044849,-0.007942,0.069690,0.061765,-0.049172,0.053641,0.051189,-0.081340,0.043424,-0.041132,0.033728,0.097954,0.055724,-0.027782,0.097186,0.036712,-0.098129,-0.044082,-0.058065,-0.022853,-0.040723,-0.040132,-0.057613,-0.003181,-0.022758,-0.049242,0.024610,-0.004952,-0.025165,-0.043634,-0.041378,0.001324,-0.005850,-0.036578,0.008670,0.017720,-0.012396,0.015488
0.013903,-0.089736,-0.007609,0.037065,-0.038853,-0.004574,0.059836,0.061405,-0.048656,0.042569,0.049947,-0.088946,0.039166,-0.034624,0.033289,0.088610,0.055451,-0.028335,0.087889,0.035450,-0.101186,-0.039774,-0.057901,-0.018698,-0.036157,-0.046357,-0.049592,-0.002618,-0.031626,-0.042512,0.019711,-0.016011,-0.021257,-0.039889,-0.042186,0.002896,-0.005645,-0.039740,0.007408,0.017217,-0.020685,0.009448
0.011876,-0.077008,-0.002687,0.032184,-0.029741,0.001018,0.048147,0.060179,-0.047369,0.029329,0.046993,-0.098519,0.033275,-0.026961,0.034563,0.072853,0.053492,-0.024496,0.070719,0.033912,-0.096219,-0.034917,-0.058750,-0.010171,-0.030975,-0.053746,-0.036281,-0.001860,-0.041856,-0.030730,0.014878,-0.028933,-0.013053,-0.035625,-0.046321,0.009272,-0.005826,-0.044306,0.011816,0.016445,-0.029036,0.010370
0.010102,-0.066875,0.002565,0.028865,-0.022145,0.006177,0.040479,0.058750,-0.045595,0.020537,0.043953,-0.105000,0.028688,-0.021982,0.037043,0.058584,0.050888,-0.017794,0.054293,0.032968,-0.085330,-0.031902,-0.060227,-0.001614,-0.027714,-0.058707,-0.024455,-0.001227,-0.048436,-0.019903,0.012553,-0.037364,-0.004751,-0.032925,-0.051720,0.017151,-0.006260,-0.047994,0.019574,0.015873,-0.033284,0.017685
0.007066,-0.050401,0.006125,0.023062,-0.012250,0.008914,0.029685,0.052382,-0.042563,0.009931,0.037584,-0.106504,0.022030,-0.016812,0.034019,0.042009,0.038247,-0.009604,0.036560,0.023404,-0.063917,-0.027598,-0.058012,0.006735,-0.023711,-0.060999,-0.011398,-0.002289,-0.054636,-0.009571,0.006786,-0.048542,-0.001326,-0.029059,-0.057031,0.024203,-0.007625,-0.053890,0.025270,0.013042,-0.041162,0.022492
0.004390,-0.033606,0.010493,0.017366,-0.003757,0.012080,0.018896,0.042434,-0.035128,-0.000542,0.028461,-0.097346,0.015303,-0.012157,0.030755,0.026541,0.023020,-0.000782,0.021411,0.011319,-0.040497,-0.022469,-0.054902,0.015947,-0.019134,-0.062817,0.002744,-0.003474,-0.060937,0.001358,0.000396,-0.060767,0.001397,-0.024410,-0.061614,0.031856,-0.008833,-0.060554,0.030738,0.009493,-0.051446,0.026041
0.003685,-0.022525,0.018165,0.014314,-0.000462,0.018676,0.011204,0.030176,-0.019743,-0.008931,0.016939,-0.071512,0.010447,-0.008792,0.032716,0.015581,0.012829,0.008376,0.012828,0.003224,-0.023112,-0.016997,-0.053710,0.027056,-0.014157,-0.066402,0.017791,-0.003257,-0.067854,0.013962,-0.003950,-0.072362,0.007613,-0.019380,-0.064818,0.041479,-0.008811,-0.066511,0.037771,0.006737,-0.062875,0.029570
-0.000342,-0.007002,0.025509,0.007957,0.003649,0.024547,0.001521,0.012009,-0.002117,-0.019665,-0.000096,-0.040067,0.001831,-0.003623,0.031759,0.001023,-0.001284,0.014952,0.000410,-0.008866,-0.009108,-0.008721,-0.050714,0.039030,-0.006627,-0.069425,0.037959,-0.003825,-0.074908,0.031575,-0.010363,-0.084933,0.017825,-0.011161,-0.067726,0.048693,-0.009205,-0.071845,0.043487,-0.000070,-0.072805,0.035496
-0.006419,0.004322,0.028795,-0.000897,0.002908,0.027456,-0.008201,-0.008552,0.011078,-0.028323,-0.018798,-0.015075,-0.008845,-0.000636,0.026592,-0.012768,-0.015710,0.015612,-0.010421,-0.021998,-0.003296,-0.000134,-0.044977,0.045263,0.001097,-0.069582,0.053770,-0.005662,-0.079706,0.045254,-0.018622,-0.094495,0.025311,-0.002725,-0.065073,0.047255,-0.010910,-0.071859,0.041495,-0.010468,-0.076027,0.036860
-0.004382,0.028983,0.029001,0.002631,0.024822,0.024877,-0.006889,0.004360,0.009424,-0.032751,-0.006777,-0.017717,-0.006290,0.017735,0.024763,-0.011759,-0.010320,0.017526,-0.010655,-0.013826,-0.000045,-0.005738,-0.044628,0.051343,-0.003849,-0.073817,0.055482,-0.004976,-0.076610,0.049512,-0.015589,-0.088097,0.034180,-0.006730,-0.064803,0.064755,-0.010090,-0.060619,0.062117,-0.008141,-0.069301,0.051683
-0.003084,0.051606,0.025650,0.002597,0.041270,0.019820,-0.008306,0.010471,0.007293,-0.033928,0.000346,-0.018270,-0.006419,0.034239,0.017602,-0.012512,-0.007887,0.015777,-0.009825,-0.008470,0.001788,-0.008562,-0.039016,0.051987,-0.006194,-0.073496,0.053139,-0.004327,-0.072182,0.048754,-0.014953,-0.081425,0.036625,-0.008632,-0.058582,0.073147,-0.010075,-0.047445,0.071967,-0.008685,-0.062363,0.055678
-0.008380,0.060354,0.018487,-0.007485,0.038455,0.012712,-0.014499,-0.008047,0.010994,-0.028654,-0.013723,-0.001320,-0.014728,0.037254,0.003555,-0.019812,-0.017146,0.005658,-0.014004,-0.017155,-0.005547,0.001953,-0.027149,0.044594,0.003884,-0.063121,0.054615,-0.003112,-0.068479,0.048237,-0.018748,-0.081077,0.031883,0.001801,-0.053151,0.055157,-0.009954,-0.049514,0.051976,-0.016759,-0.065678,0.040722
-0.013761,0.073659,0.012095,-0.018616,0.039376,0.006085,-0.023252,-0.025005,0.015769,-0.025040,-0.026070,0.016714,-0.023571,0.043893,-0.010100,-0.029373,-0.023740,-0.000983,-0.020929,-0.022688,-0.004604,0.011960,-0.013095,0.038144,0.013487,-0.051057,0.056748,-0.002241,-0.061827,0.049082,-0.023196,-0.076796,0.029916,0.011491,-0.045192,0.038657,-0.010349,-0.047983,0.034002,-0.024931,-0.064410,0.028412
-0.016533,0.084872,0.009661,-0.025225,0.043539,0.003306,-0.030207,-0.031890,0.019391,-0.024953,-0.030414,0.026951,-0.028515,0.050811,-0.016479,-0.036424,-0.024397,-0.000612,-0.027195,-0.022349,0.004373,0.016500,-0.004002,0.035365,0.017927,-0.043504,0.057789,-0.001940,-0.055707,0.050189,-0.025774,-0.070886,0.031029,0.015590,-0.038854,0.031220,-0.011107,-0.043772,0.026396,-0.029083,-0.059305,0.024324
-0.023761,0.098679,0.016809,-0.026440,0.054832,0.004825,-0.020311,-0.028731,0.033160,-0.015359,-0.023073,0.056280,-0.030270,0.063753,-0.005727,-0.031134,-0.009625,0.008462,-0.023286,-0.009227,0.011038,0.016902,-0.000842,0.044207,0.015970,-0.031414,0.076035,-0.012278,-0.030544,0.072452,-0.036266,-0.045812,0.053285,0.016891,-0.040214,0.034161,-0.013393,-0.037574,0.033078,-0.030284,-0.045791,0.037600
-0.028144,0.107937,0.021605,-0.025399,0.063830,0.005436,-0.012005,-0.024124,0.042227,-0.009888,-0.015561,0.075171,-0.030144,0.072610,0.002749,-0.026258,0.002053,0.015593,-0.019776,0.001088,0.016558,0.016060,-0.001370,0.049835,0.013216,-0.024740,0.087814,-0.020619,-0.010764,0.088611,-0.044255,-0.025038,0.070961,0.016456,-0.042304,0.036707,-0.015119,-0.031321,0.039461,-0.029584,-0.033156,0.048620
-0.022360,0.105503,0.012106,-0.025167,0.061196,-0.000408,-0.023446,-0.026923,0.030764,-0.022085,-0.020086,0.053188,-0.029366,0.067286,-0.010395,-0.034307,-0.007890,0.010314,-0.027197,-0.007040,0.022236,0.017153,-0.002981,0.038147,0.015472,-0.033034,0.070135,-0.013698,-0.020420,0.071508,-0.037554,-0.031703,0.058067,0.015864,-0.037691,0.028968,-0.013822,-0.026659,0.031537,-0.027739,-0.030534,0.038252
-0.017991,0.104185,0.005280,-0.025253,0.059746,-0.004432,-0.034816,-0.030309,0.024015,-0.035695,-0.025607,0.040612,-0.028295,0.062702,-0.020280,-0.041372,-0.015836,0.007697,-0.035963,-0.013008,0.029609,0.018542,-0.001010,0.028856,0.017383,-0.035597,0.056214,-0.009501,-0.024538,0.058725,-0.034140,-0.031885,0.050739,0.016081,-0.030262,0.022153,-0.012335,-0.018510,0.025238,-0.026170,-0.022912,0.031374
-0.017229,0.104677,0.004549,-0.025655,0.060124,-0.004404,-0.040523,-0.032561,0.026015,-0.043960,-0.029222,0.044376,-0.027511,0.061143,-0.021883,-0.043974,-0.017801,0.009310,-0.041649,-0.013823,0.035263,0.019456,0.003364,0.025949,0.017991,-0.031434,0.052163,-0.010102,-0.021346,0.055931,-0.035879,-0.025792,0.052021,0.016817,-0.023975,0.018781,-0.011641,-0.011122,0.022955,-0.025938,-0.014240,0.030766
-0.016605,0.097396,0.000421,-0.025502,0.056711,-0.006620,-0.044038,-0.031633,0.022166,-0.049941,-0.029268,0.038154,-0.026415,0.054941,-0.025217,-0.045296,-0.019110,0.002912,-0.045727,-0.015827,0.025018,0.020916,0.005457,0.018769,0.018782,-0.026044,0.044446,-0.010866,-0.017488,0.049216,-0.036532,-0.019444,0.048737,0.018607,-0.019407,0.010002,-0.009589,-0.004752,0.016151,-0.024523,-0.004866,0.027535
-0.016565,0.088794,-0.003768,-0.025018,0.053012,-0.009178,-0.044177,-0.028173,0.017444,-0.051322,-0.026159,0.031302,-0.025422,0.049175,-0.027538,-0.045256,-0.017496,-0.003792,-0.047886,-0.015205,0.013424,0.021265,0.007361,0.011639,0.018433,-0.020134,0.037038,-0.012433,-0.012975,0.042593,-0.037329,-0.012936,0.044828,0.019336,-0.014619,0.001118,-0.008256,0.001070,0.008475,-0.023193,0.002890,0.021893
-0.017540,0.085346,-0.004680,-0.024367,0.052479,-0.010024,-0.039635,-0.022825,0.017307,-0.045687,-0.020281,0.033657,-0.024887,0.048880,-0.025957,-0.043658,-0.010662,-0.002686,-0.047725,-0.008030,0.015438,0.019040,0.011109,0.008470,0.015894,-0.014498,0.033325,-0.015137,-0.007907,0.039472,-0.039177,-0.006466,0.043619,0.017089,-0.007770,-0.003151,-0.009647,0.006739,0.002970,-0.023240,0.006684,0.013467
-0.016328,0.075590,-0.003892,-0.021530,0.047383,-0.009033,-0.031651,-0.017671,0.017372,-0.034684,-0.014320,0.035275,-0.021852,0.044236,-0.021429,-0.039360,-0.004439,0.001251,-0.045041,-0.000647,0.021055,0.015131,0.011723,0.006757,0.011755,-0.008648,0.028372,-0.016190,-0.001561,0.035225,-0.036507,0.001840,0.041790,0.013729,-0.003591,-0.003133,-0.008751,0.012923,0.004395,-0.019712,0.015424,0.015506
-0.013551,0.064426,-0.001805,-0.017966,0.040258,-0.006633,-0.024314,-0.015288,0.017812,-0.023956,-0.011269,0.035548,-0.017875,0.037566,-0.016178,-0.034585,-0.001912,0.006197,-0.041249,0.003291,0.027614,0.011436,0.008823,0.007015,0.008031,-0.005622,0.024197,-0.015083,0.002781,0.031538,-0.030658,0.007721,0.039831,0.010865,-0.004273,0.000713,-0.006081,0.016421,0.011664,-0.014432,0.024605,0.026671
-0.009977,0.049030,-0.002875,-0.011953,0.031771,-0.007645,-0.011316,-0.008781,0.010890,-0.007337,-0.004180,0.024271,-0.011185,0.028268,-0.012399,-0.022050,-0.000895,0.004217,-0.028295,0.003146,0.019759,0.005424,0.004637,0.003818,0.002068,-0.002852,0.015161,-0.014944,0.007445,0.022879,-0.025454,0.013758,0.032635,0.005696,-0.005038,0.002207,-0.004364,0.018400,0.015498,-0.009392,0.030519,0.032078
-0.006625,0.034022,-0.004466,-0.005759,0.023305,-0.009480,0.002345,-0.002893,0.002233,0.009446,0.001984,0.009958,-0.004554,0.019505,-0.009094,-0.008437,-0.000160,0.000149,-0.013601,0.001815,0.007389,-0.000593,0.000398,0.000421,-0.003683,-0.001068,0.006303,-0.014659,0.011170,0.014276,-0.020654,0.018592,0.025166,0.000291,-0.005668,0.003155,-0.003660,0.018996,0.017596,-0.005733,0.033053,0.033979
-0.004535,0.024044,-0.003949,-0.001713,0.016229,-0.009458,0.011549,-0.002339,-0.002278,0.020540,0.002302,0.001355,-0.000805,0.014463,-0.005253,-0.000505,0.001605,-0.001100,-0.004664,0.002335,0.000462,-0.004321,-0.002713,-0.000164,-0.006779,-0.001088,0.002338,-0.013098,0.012602,0.010437,-0.015984,0.020759,0.022080,-0.003309,-0.006000,0.005031,-0.004076,0.018306,0.019359,-0.004658,0.032066,0.034343
-0.002464,0.012247,-0.003492,0.001852,0.008592,-0.008676,0.018315,-0.000208,-0.006877,0.027975,0.003931,-0.007988,0.002598,0.007907,-0.001708,0.008111,0.002321,-0.003055,0.006360,0.001573,-0.007545,-0.007167,-0.005769,-0.000969,-0.008619,-0.001226,-0.001515,-0.009665,0.013000,0.006175,-0.008932,0.021441,0.017882,-0.006219,-0.005879,0.005819,-0.004574,0.016377,0.018878,-0.004025,0.028387,0.031183
-0.001441,0.004535,-0.003326,0.003149,0.004215,-0.007509,0.019239,0.002442,-0.009229,0.028009,0.006066,-0.013373,0.003948,0.003114,-0.000224,0.013086,0.001637,-0.004706,0.013947,-0.000072,-0.012592,-0.007715,-0.007258,-0.001654,-0.008288,-0.001432,-0.003408,-0.006067,0.012145,0.003555,-0.003007,0.020272,0.014615,-0.006993,-0.005387,0.005053,-0.004897,0.014151,0.016351,-0.004129,0.023833,0.026048
-0.000769,-0.003938,-0.001623,0.003249,-0.001174,-0.004443,0.015837,0.002599,-0.009094,0.022247,0.005259,-0.015892,0.004495,-0.002107,0.002507,0.014451,0.002131,-0.004377,0.015981,0.000263,-0.014111,-0.007007,-0.009159,-0.000857,-0.006585,-0.003027,-0.003064,-0.001431,0.008226,0.002525,0.004062,0.015497,0.012165,-0.006712,-0.005783,0.004541,-0.005510,0.008938,0.012649,-0.005255,0.014425,0.018301
-0.000236,-0.010877,0.000337,0.002832,-0.005564,-0.001051,0.010686,0.002203,-0.007752,0.014215,0.003768,-0.016351,0.004544,-0.006930,0.004845,0.014305,0.001545,-0.003070,0.016291,-0.000182,-0.013000,-0.005691,-0.010744,0.000364,-0.004458,-0.005032,-0.001947,0.002861,0.003085,0.001921,0.010332,0.008998,0.009474,-0.005917,-0.006691,0.004134,-0.006227,0.002731,0.008720,-0.006810,0.003684,0.010197
-0.001073,-0.013875,0.001319,-0.001816,-0.008281,0.003472,0.000583,0.002675,-0.004956,0.004524,0.004159,-0.015519,-0.000337,-0.008576,0.003253,0.009001,-0.000074,-0.004011,0.016243,-0.002162,-0.012462,-0.000428,-0.011805,0.001053,0.000886,-0.009186,0.001504,0.005212,-0.004134,0.004162,0.009989,0.000015,0.009521,-0.001753,-0.006106,0.001074,-0.007446,-0.000732,0.003313,-0.011932,-0.004011,0.003388
0.001399,-0.017050,0.000974,0.003129,-0.008768,0.001829,0.002125,0.001555,-0.006454,-0.000918,0.000677,-0.016341,0.004172,-0.014138,0.004104,0.012831,-0.006477,-0.004063,0.017940,-0.009042,-0.014054,-0.002246,-0.012400,0.000372,-0.000448,-0.008443,-0.002033,0.008314,-0.006742,-0.001800,0.017296,-0.004723,0.000157,-0.003580,-0.010181,0.001850,-0.007203,-0.009389,0.000973,-0.009658,-0.014898,-0.002947
0.002278,-0.018473,-0.000428,0.004135,-0.010089,0.000784,0.000040,-0.001913,-0.007675,-0.006727,-0.004183,-0.018311,0.003911,-0.015923,0.002242,0.009435,-0.008680,-0.008700,0.014260,-0.012336,-0.022661,-0.000297,-0.013495,-0.001088,0.001531,-0.009941,-0.003224,0.010023,-0.010168,-0.004041,0.018835,-0.009438,-0.003868,-0.002025,-0.012783,-0.000503,-0.007117,-0.014467,-0.002732,-0.010477,-0.021248,-0.007267
0.002160,-0.017327,-0.000140,0.003090,-0.010193,0.001671,-0.003324,-0.004823,-0.005682,-0.011153,-0.007324,-0.015635,0.002098,-0.016147,0.001087,0.003686,-0.010734,-0.008028,0.007894,-0.013811,-0.019642,0.002321,-0.011681,-0.000810,0.004185,-0.008904,-0.001806,0.011113,-0.012742,-0.004794,0.018151,-0.015158,-0.008863,0.000264,-0.013391,-0.002225,-0.006775,-0.018687,-0.006453,-0.011067,-0.026976,-0.011823
0.001517,-0.015082,0.000440,0.001161,-0.009961,0.002752,-0.006562,-0.007647,-0.003110,-0.013746,-0.009740,-0.012019,-0.000141,-0.015405,0.000026,-0.001800,-0.012247,-0.005557,0.001867,-0.014171,-0.012491,0.004849,-0.009145,-0.000156,0.006828,-0.007188,0.000313,0.011879,-0.014404,-0.004788,0.016603,-0.020065,-0.013183,0.002618,-0.013252,-0.003751,-0.006027,-0.021733,-0.009783,-0.010795,-0.031098,-0.015888
0.000825,-0.013176,-0.000084,-0.000481,-0.010250,0.002287,-0.008244,-0.010841,-0.002583,-0.014015,-0.012400,-0.011134,-0.001667,-0.014266,-0.001549,-0.004386,-0.012786,-0.004772,-0.000777,-0.014039,-0.008660,0.006524,-0.008046,-0.000491,0.008763,-0.006625,0.001221,0.012608,-0.015053,-0.004753,0.015535,-0.022294,-0.015174,0.004367,-0.013583,-0.005513,-0.004695,-0.023244,-0.012320,-0.008969,-0.032568,-0.018752
0.000481,-0.009733,0.000124,-0.001623,-0.008997,0.002311,-0.009741,-0.013343,-0.001830,-0.014538,-0.014746,-0.010560,-0.002749,-0.011855,-0.002301,-0.007105,-0.012240,-0.003297,-0.004000,-0.012844,-0.004385,0.008563,-0.007000,0.000055,0.011054,-0.005805,0.003149,0.014095,-0.014466,-0.003171,0.016152,-0.022607,-0.014743,0.006626,-0.014494,-0.006218,-0.002563,-0.024585,-0.013332,-0.006075,-0.033154,-0.019555
0.000656,-0.006480,0.000962,-0.001694,-0.006831,0.002817,-0.010308,-0.013895,-0.001221,-0.015066,-0.015589,-0.010584,-0.002844,-0.009382,-0.001849,-0.008597,-0.010881,-0.001868,-0.006191,-0.011180,-0.001807,0.009946,-0.006533,0.001209,0.012556,-0.005142,0.005132,0.015596,-0.012946,-0.000831,0.018144,-0.020862,-0.012105,0.008258,-0.015533,-0.005511,-0.000711,-0.025091,-0.012307,-0.003579,-0.032572,-0.017885
0.000071,-0.001906,0.002238,-0.002774,-0.004747,0.003537,-0.011367,-0.016070,0.001861,-0.015170,-0.017528,-0.005157,-0.003558,-0.006692,-0.001605,-0.009403,-0.011692,0.000140,-0.007088,-0.011774,0.001759,0.010103,-0.005024,0.002937,0.012455,-0.004725,0.007379,0.014383,-0.011999,0.001736,0.016066,-0.019864,-0.009359,0.008865,-0.015007,-0.003673,0.001165,-0.024188,-0.010451,-0.000371,-0.031105,-0.016487
-0.000673,0.002631,0.003334,-0.003996,-0.002714,0.004153,-0.012409,-0.018116,0.005342,-0.015211,-0.019215,0.001480,-0.004421,-0.004210,-0.001664,-0.010035,-0.013097,0.001655,-0.007588,-0.013029,0.004375,0.009893,-0.003161,0.004460,0.012001,-0.004095,0.009226,0.012995,-0.010744,0.004035,0.013924,-0.018250,-0.006472,0.009176,-0.013676,-0.001824,0.003077,-0.022241,-0.008488,0.003013,-0.028627,-0.015130
-0.000980,0.005780,0.003630,-0.004491,-0.000697,0.004340,-0.012930,-0.018283,0.007128,-0.015556,-0.019282,0.005062,-0.004965,-0.002359,-0.002128,-0.011008,-0.013519,0.001598,-0.008597,-0.013349,0.004104,0.010180,-0.001633,0.005008,0.012454,-0.002800,0.010026,0.013970,-0.008313,0.005587,0.015725,-0.014682,-0.003398,0.009923,-0.012305,-0.001070,0.005041,-0.019612,-0.007121,0.006041,-0.025003,-0.013558
-0.001704,0.009616,0.003550,-0.004764,0.002396,0.003988,-0.012041,-0.016540,0.007783,-0.014638,-0.017467,0.006912,-0.005608,0.000152,-0.002735,-0.010844,-0.013549,0.001565,-0.007819,-0.013344,0.003996,0.009471,0.000074,0.005210,0.011696,-0.001280,0.010342,0.013225,-0.004967,0.007130,0.015273,-0.009663,0.000445,0.010012,-0.010351,-0.000177,0.007439,-0.015228,-0.004832,0.010048,-0.018526,-0.010351
-0.002482,0.012224,0.003137,-0.004678,0.005018,0.003278,-0.010182,-0.013757,0.006989,-0.012909,-0.014670,0.006114,-0.006032,0.002071,-0.003176,-0.009621,-0.013167,0.001580,-0.005636,-0.013013,0.004111,0.008114,0.001105,0.004961,0.010100,-0.000299,0.010009,0.011125,-0.002382,0.007888,0.012782,-0.005709,0.003137,0.009386,-0.008787,0.000405,0.009059,-0.011277,-0.002765,0.013013,-0.012433,-0.007107
-0.002194,0.014776,0.002659,-0.003177,0.007285,0.001839,-0.005794,-0.011040,0.006339,-0.007773,-0.011504,0.006892,-0.004223,0.004176,-0.003037,-0.004707,-0.011976,0.003095,-0.000635,-0.011796,0.007370,0.005595,0.002790,0.004611,0.007102,0.001928,0.008477,0.007849,0.003095,0.008424,0.008934,0.002439,0.007423,0.007645,-0.005581,0.002257,0.010717,-0.004499,0.001360,0.016429,-0.002708,-0.001285
-0.001093,0.015965,0.002611,-0.000847,0.008442,0.000900,-0.000595,-0.008984,0.006326,-0.001808,-0.009064,0.008755,-0.001687,0.005535,-0.002209,-0.000325,-0.010204,0.004927,0.002853,-0.009826,0.010775,0.003299,0.003573,0.004625,0.004200,0.004007,0.006856,0.004830,0.008593,0.008925,0.005493,0.010656,0.011732,0.006177,-0.003530,0.004938,0.012877,0.001732,0.007164,0.019920,0.007799,0.007956
0.001287,0.015442,0.003569,0.003449,0.008651,0.000848,0.010010,-0.004243,0.004760,0.011376,-0.003765,0.006719,0.001535,0.009640,0.001424,0.005135,-0.001307,0.005743,0.008639,-0.001174,0.008567,-0.000116,-0.001147,0.005599,0.000106,-0.000744,0.004762,0.001166,0.007668,0.008967,0.000963,0.012399,0.015565,0.003137,-0.006180,0.010309,0.013044,0.005059,0.017636,0.019722,0.017377,0.025304
0.000477,0.015925,0.001936,0.002768,0.010096,-0.000434,0.010420,-0.000557,0.003762,0.012642,0.000180,0.007021,0.001022,0.011003,0.000114,0.003126,0.001906,0.004135,0.004387,0.002483,0.006932,-0.000784,0.000087,0.003843,-0.000785,0.001815,0.003313,-0.000226,0.012304,0.009005,-0.000438,0.018927,0.018262,0.003225,-0.004123,0.008743,0.014887,0.009506,0.018262,0.021959,0.025158,0.029222
-0.002214,0.018113,-0.001396,-0.000283,0.012999,-0.003462,0.007700,0.004156,0.000948,0.011150,0.005435,0.005000,-0.000946,0.013259,-0.003202,0.001428,0.004473,0.001090,0.001138,0.005277,0.004267,-0.001643,0.003647,0.000359,-0.001341,0.005229,0.001333,-0.001091,0.016711,0.007947,-0.001045,0.024644,0.019044,0.002654,0.000822,0.003689,0.014443,0.013824,0.012394,0.022334,0.028418,0.021666
-0.001733,0.016868,-0.002721,0.001197,0.010488,-0.006241,0.012561,0.002414,-0.000668,0.018027,0.004527,0.005471,0.001420,0.012139,-0.003432,0.007866,0.002505,0.002240,0.007615,0.003233,0.007188,-0.004459,0.006587,-0.001191,-0.004031,0.006789,-0.001662,-0.002658,0.018142,0.004930,-0.002398,0.026393,0.016492,-0.000834,0.007335,0.003147,0.010968,0.019570,0.010987,0.018892,0.032009,0.018000
-0.000940,0.015506,-0.002619,0.001820,0.010502,-0.005886,0.012801,0.005384,-0.001794,0.018492,0.007552,0.002954,0.002634,0.012295,-0.002555,0.009338,0.004664,0.001789,0.008393,0.004901,0.005528,-0.004526,0.005210,-0.001234,-0.004126,0.005056,-0.001958,-0.002672,0.018101,0.005714,-0.002555,0.027698,0.019230,-0.001699,0.008538,0.003548,0.008674,0.022163,0.012008,0.015791,0.034123,0.019197
-0.000542,0.014382,-0.002003,0.001844,0.010127,-0.004962,0.011378,0.006177,-0.001357,0.016505,0.008219,0.002942,0.002536,0.012297,-0.001539,0.006990,0.006478,0.001292,0.005012,0.006800,0.003228,-0.004427,0.004699,-0.000768,-0.004176,0.003930,-0.001651,-0.003217,0.017075,0.006335,-0.003735,0.027113,0.020582,-0.002345,0.009497,0.004041,0.006462,0.022938,0.012172,0.012709,0.033587,0.018684
-0.000975,0.012949,-0.000946,-0.000661,0.011172,-0.001624,0.002471,0.008518,0.000495,0.004982,0.009694,0.002678,-0.000006,0.010833,-0.001732,-0.001618,0.006581,-0.001366,-0.005160,0.006642,-0.002434,-0.000671,0.003603,0.000141,-0.000587,0.004122,0.001310,-0.001339,0.016978,0.009394,-0.002315,0.026819,0.023460,0.000734,0.007713,0.002709,0.005743,0.020943,0.010777,0.009782,0.030938,0.018361
-0.000438,0.011636,-0.000033,-0.000297,0.010222,-0.000561,0.002052,0.008125,0.001045,0.004170,0.009202,0.002549,0.000153,0.009760,-0.000723,-0.001373,0.005402,-0.001971,-0.003904,0.004853,-0.005439,-0.000599,0.003229,0.000930,-0.000632,0.003569,0.001673,-0.001424,0.015017,0.008846,-0.002578,0.023637,0.021233,-0.000017,0.007456,0.003513,0.002656,0.019838,0.011247,0.004684,0.028540,0.019049
-0.000325,0.010679,0.000711,-0.000576,0.009448,0.000287,0.000184,0.007352,0.000817,0.001613,0.008058,0.000594,-0.000014,0.009049,0.000116,-0.001421,0.005049,-0.001512,-0.003159,0.004329,-0.005376,-0.000556,0.003569,0.001519,-0.000684,0.003879,0.002069,-0.001809,0.013084,0.007768,-0.003504,0.019701,0.017377,-0.000670,0.007046,0.003647,-0.000238,0.017453,0.010340,-0.000018,0.024448,0.017745
-0.000387,0.009989,0.001088,-0.001040,0.008997,0.000789,-0.001745,0.006963,-0.000241,-0.000886,0.007283,-0.002947,-0.000230,0.008561,0.000570,-0.001465,0.004895,-0.001281,-0.002666,0.004072,-0.005330,-0.000464,0.004159,0.001751,-0.000696,0.004554,0.002296,-0.002320,0.011618,0.006560,-0.004660,0.016242,0.013392,-0.001198,0.006681,0.003228,-0.002991,0.014934,0.008827,-0.004620,0.020299,0.015944
-0.000378,0.009480,0.000897,-0.001230,0.009023,0.000811,-0.002345,0.007731,-0.002188,-0.001517,0.007904,-0.007840,-0.000220,0.008163,0.000420,-0.001207,0.004318,-0.002569,-0.002164,0.003089,-0.008388,-0.000243,0.004539,0.001462,-0.000619,0.005095,0.002149,-0.002785,0.011060,0.005637,-0.005620,0.014484,0.010804,-0.001573,0.006563,0.002371,-0.005657,0.013432,0.007494,-0.009423,0.017734,0.015166
-0.000319,0.008593,0.000966,-0.001159,0.008835,0.001132,-0.002459,0.008561,-0.003801,-0.001927,0.008494,-0.012164,-0.000354,0.007611,0.000613,-0.000667,0.003807,-0.004158,-0.000474,0.001761,-0.012498,-0.000307,0.004892,0.001387,-0.000806,0.005952,0.001922,-0.003135,0.010847,0.004684,-0.006087,0.013280,0.008444,-0.002072,0.006064,0.001941,-0.007764,0.011278,0.006494,-0.013242,0.014801,0.014698
0.001261,0.007982,0.001254,0.003184,0.007937,-0.000925,0.007795,0.009323,-0.006683,0.009507,0.009596,-0.015459,0.003351,0.008890,0.003544,0.009181,0.005861,-0.003265,0.011887,0.002741,-0.014494,-0.005549,0.004328,0.001541,-0.006049,0.004463,-0.001593,-0.005730,0.009114,0.000704,-0.007692,0.011455,0.004245,-0.007667,0.006220,0.005468,-0.011308,0.010665,0.009696,-0.016240,0.013631,0.016874
0.000912,0.008569,0.002048,0.003337,0.009154,-0.000307,0.008096,0.011554,-0.004863,0.009165,0.011743,-0.011215,0.003246,0.010438,0.004990,0.008565,0.009282,-0.002172,0.010561,0.006283,-0.013303,-0.006404,0.005376,0.002176,-0.006703,0.005179,-0.001284,-0.005554,0.008788,0.000414,-0.006745,0.010685,0.003248,-0.008666,0.006990,0.005956,-0.012675,0.009928,0.009392,-0.018119,0.012003,0.016024
0.000375,0.009850,0.002581,0.003173,0.011068,0.000099,0.007659,0.014406,-0.002491,0.007955,0.014518,-0.005224,0.002856,0.012500,0.006053,0.006578,0.013318,-0.000206,0.006998,0.010990,-0.009349,-0.007057,0.006280,0.002607,-0.007155,0.005320,-0.000887,-0.005468,0.008166,0.000406,-0.006134,0.009798,0.002808,-0.009380,0.007919,0.006131,-0.013630,0.009693,0.008810,-0.019306,0.010770,0.014554
0.000111,0.011027,0.002087,0.003044,0.012103,-0.000522,0.007746,0.015921,-0.001493,0.008005,0.016123,-0.001371,0.002242,0.013854,0.005652,0.004764,0.015049,0.001791,0.004741,0.013540,-0.003557,-0.007567,0.006224,0.002156,-0.007726,0.003883,-0.001361,-0.006489,0.006819,0.000055,-0.007847,0.008554,0.002669,-0.009850,0.008637,0.005857,-0.013759,0.010136,0.008133,-0.019165,0.010359,0.012736
-0.000139,0.012735,0.000671,0.002118,0.013343,-0.001887,0.006759,0.017770,-0.001250,0.008456,0.018410,0.001658,0.001285,0.015900,0.004159,0.001310,0.017773,0.004005,0.000049,0.017825,0.004397,-0.007650,0.006096,0.000833,-0.007685,0.002038,-0.002532,-0.006658,0.005393,-0.000795,-0.008584,0.007543,0.002463,-0.009931,0.009523,0.004591,-0.013744,0.010917,0.006475,-0.018985,0.010056,0.009767
-0.000243,0.014123,-0.000961,0.000865,0.014170,-0.003313,0.005199,0.019029,-0.001885,0.009092,0.020240,0.002353,0.000469,0.017617,0.002320,-0.002053,0.020137,0.005330,-0.004726,0.021723,0.010538,-0.007257,0.005960,-0.000703,-0.007044,0.000709,-0.003816,-0.005881,0.004605,-0.001718,-0.007968,0.007272,0.002294,-0.009575,0.010134,0.002965,-0.013586,0.011644,0.004663,-0.018845,0.010006,0.007129
-0.000923,0.015768,-0.003734,-0.000923,0.015452,-0.005542,0.003576,0.020690,-0.001870,0.009817,0.022915,0.005834,-0.000331,0.019136,-0.001106,-0.003870,0.022051,0.004462,-0.008015,0.024597,0.013634,-0.005414,0.006438,-0.003366,-0.005026,0.000587,-0.004959,-0.004649,0.004529,-0.002628,-0.006974,0.007453,0.001772,-0.007674,0.010720,-0.001062,-0.012606,0.012524,0.000548,-0.017929,0.010598,0.002761
-0.002293,0.017753,-0.006417,-0.002954,0.017290,-0.007801,0.001800,0.022459,-0.001105,0.009592,0.025644,0.011153,-0.001568,0.020708,-0.004399,-0.006348,0.024248,0.003695,-0.012407,0.027916,0.016779,-0.003197,0.007737,-0.005980,-0.002625,0.001326,-0.005217,-0.003657,0.004795,-0.002855,-0.006470,0.007663,0.001513,-0.005531,0.012119,-0.006013,-0.012151,0.013703,-0.005149,-0.017388,0.010698,-0.004173
-0.004483,0.020178,-0.007787,-0.004952,0.019804,-0.009325,-0.000226,0.024051,0.000508,0.007378,0.027634,0.017374,-0.003712,0.022602,-0.005850,-0.011705,0.027491,0.005326,-0.020497,0.033190,0.023091,-0.001693,0.010071,-0.007374,-0.000842,0.002581,-0.003842,-0.003616,0.005034,-0.001726,-0.007341,0.007484,0.002133,-0.004467,0.015181,-0.010421,-0.013594,0.015335,-0.011720,-0.018397,0.009162,-0.014521
-0.004392,0.018373,-0.008460,-0.005757,0.018651,-0.009329,-0.002261,0.023213,0.002405,0.006086,0.027501,0.022109,-0.003664,0.020323,-0.007033,-0.013204,0.026401,0.004754,-0.023395,0.032757,0.023749,0.000221,0.010418,-0.008210,0.001036,0.004513,-0.003825,-0.001895,0.005644,-0.002407,-0.004760,0.007288,0.000218,-0.002538,0.014657,-0.012417,-0.012147,0.014527,-0.014231,-0.016294,0.008223,-0.017678
-0.002057,0.013233,-0.008095,-0.004958,0.014401,-0.007805,-0.003271,0.020353,0.003633,0.006389,0.025300,0.022969,-0.001438,0.015002,-0.007350,-0.010085,0.021488,0.002272,-0.019649,0.026760,0.018434,0.001594,0.008585,-0.008063,0.002068,0.006139,-0.005167,0.000644,0.006310,-0.004547,-0.000018,0.007167,-0.003261,-0.000693,0.010787,-0.010993,-0.008514,0.011684,-0.011421,-0.012120,0.008380,-0.012062
0.000226,0.006017,-0.006747,-0.003339,0.006007,-0.006412,-0.001166,0.010874,0.004205,0.010462,0.016315,0.021659,0.000395,0.007358,-0.006279,-0.008995,0.013729,0.002250,-0.018355,0.018882,0.016634,0.003147,0.010084,-0.007156,0.003177,0.009748,-0.005152,0.002041,0.005116,-0.007515,0.002380,0.002369,-0.011461,0.001425,0.011052,-0.010346,-0.005215,0.009261,-0.011651,-0.009119,0.006027,-0.011972
0.001973,0.000488,-0.004700,-0.001774,0.001903,-0.003838,0.000808,0.008924,0.001783,0.013194,0.013925,0.012157,0.001645,0.004508,-0.003279,-0.008651,0.014852,0.000560,-0.017788,0.019339,0.009023,0.005494,0.007753,-0.005474,0.005218,0.008862,-0.003071,0.003536,0.002230,-0.006641,0.004196,-0.002172,-0.012961,0.004357,0.008248,-0.009430,-0.002080,0.005776,-0.010386,-0.007022,0.003265,-0.009085
0.004081,-0.003021,-0.002549,0.003067,0.002468,-0.002715,0.004841,0.011158,-0.001825,0.012130,0.013852,0.002295,0.006649,0.002236,0.001422,-0.002361,0.017089,-0.000128,-0.014001,0.020870,0.001244,0.005396,0.004988,-0.003581,0.005411,0.009393,-0.001940,0.006539,0.003507,-0.005271,0.010882,-0.000103,-0.010807,0.005357,0.003530,-0.006826,0.001588,0.001511,-0.007212,-0.002025,0.000670,-0.005192
0.009314,-0.009643,0.002288,0.010837,-0.000236,0.001378,0.010392,0.009633,-0.001627,0.011584,0.009580,-0.002438,0.014106,-0.003208,0.008656,0.006440,0.016899,0.000338,-0.006047,0.019570,-0.007187,0.009384,0.004727,0.000717,0.009489,0.011786,0.002075,0.012447,0.003246,-0.002553,0.020078,-0.001210,-0.009580,0.010690,0.002186,-0.003049,0.009350,-0.001537,-0.003960,0.006310,-0.002127,-0.002131
0.015733,-0.015464,0.007438,0.019648,-0.002566,0.005646,0.017610,0.008898,0.000431,0.013768,0.006648,-0.002529,0.022402,-0.007876,0.016247,0.016249,0.017091,0.001820,0.003816,0.018579,-0.013609,0.013604,0.005246,0.005314,0.013647,0.013772,0.005734,0.018208,0.001817,-0.000541,0.028530,-0.003892,-0.009554,0.016032,0.002349,0.001654,0.017335,-0.003131,0.000036,0.015079,-0.003899,0.001043
