body_0_angvel_x,body_0_angvel_y,body_0_angvel_z,body_1_angvel_x,body_1_angvel_y,body_1_angvel_z,body_2_angvel_x,body_2_angvel_y,body_2_angvel_z,body_3_angvel_x,body_3_angvel_y,body_3_angvel_z,body_4_angvel_x,body_4_angvel_y,body_4_angvel_z,body_5_angvel_x,body_5_angvel_y,body_5_angvel_z,body_6_angvel_x,body_6_angvel_y,body_6_angvel_z,body_7_angvel_x,body_7_angvel_y,body_7_angvel_z,body_8_angvel_x,body_8_angvel_y,body_8_angvel_z,body_9_angvel_x,body_9_angvel_y,body_9_angvel_z,body_10_angvel_x,body_10_angvel_y,body_10_angvel_z,body_11_angvel_x,body_11_angvel_y,body_11_angvel_z,body_12_angvel_x,body_12_angvel_y,body_12_angvel_z,body_13_angvel_x,body_13_angvel_y,body_13_angvel_z
-0.212481,-0.368489,0.390114,0.506957,-0.882347,0.323434,0.196859,-0.926630,0.015651,0.161877,-0.938797,0.019968,0.090484,-0.683514,0.312698,-0.075520,-0.641370,0.183624,0.042453,-0.627573,0.117698,0.093301,-0.544280,0.153164,2.118196,-0.395457,-0.377451,2.295045,-0.347165,-0.610842,2.402635,-0.425239,-0.596674,2.042563,-0.443293,0.763623,2.107672,-0.484842,0.262932,2.112044,-0.541380,0.347821
-0.378683,-0.383452,0.436570,0.291030,-1.077822,0.336048,-0.027517,-1.125499,0.033700,-0.005551,-1.117838,0.031151,-0.253190,-0.541244,0.397397,-0.491696,-0.542945,0.457694,-0.173501,-0.496710,0.257350,0.034183,-0.695267,0.145182,1.993820,-0.613557,-0.368064,2.277494,-0.525584,-0.723168,2.427601,-0.654201,-0.708165,1.946853,-0.465872,0.752569,2.104681,-0.421891,0.329469,2.109732,-0.479553,0.408489
-0.287126,-0.356379,0.370370,0.405697,-0.912836,0.278722,0.136984,-0.952173,0.022402,0.103292,-0.963949,0.026078,-0.054514,-0.412691,0.352378,-0.208489,-0.424577,0.432308,-0.010519,-0.373838,0.241337,0.058505,-0.642485,0.139091,2.006257,-0.562359,-0.370600,2.390146,-0.428184,-0.867391,2.581347,-0.620403,-0.855676,1.915305,-0.284926,0.750149,2.121385,-0.187587,0.400666,2.127015,-0.243644,0.471077
-0.168022,-0.309454,0.288553,0.465394,-0.652134,0.221776,0.240149,-0.682809,0.000315,0.184818,-0.702189,0.006004,0.130391,-0.227765,0.299714,0.038996,-0.240813,0.369881,0.130630,-0.188508,0.191378,0.152978,-0.496314,0.135947,2.021246,-0.455923,-0.353822,2.547336,-0.258153,-1.018420,2.773155,-0.529054,-1.018349,1.896060,0.013286,0.750346,2.179157,0.174885,0.463784,2.186048,0.116569,0.531233
-0.078449,-0.266211,0.234104,0.444613,-0.424743,0.194762,0.235195,-0.450281,-0.020995,0.203126,-0.461512,-0.017796,0.211889,-0.079600,0.269117,0.129448,-0.085566,0.305782,0.181232,-0.034102,0.135662,0.271924,-0.329620,0.138592,2.031390,-0.342541,-0.330963,2.671321,-0.091581,-1.103432,2.906012,-0.417200,-1.123430,1.899805,0.280064,0.755931,2.247265,0.495843,0.490318,2.256450,0.430340,0.560024
-0.004810,-0.224324,0.148722,0.409477,-0.255420,0.131110,0.210776,-0.281705,-0.058867,0.191767,-0.288354,-0.056999,0.250105,0.054615,0.206192,0.222425,0.047257,0.240590,0.219714,0.081868,0.130142,0.346380,-0.228270,0.093700,1.924929,-0.295795,-0.341848,2.635331,0.013018,-1.267812,2.874210,-0.381211,-1.314622,1.820209,0.437759,0.699310,2.231841,0.703454,0.512958,2.258449,0.649616,0.581088
0.044601,-0.177951,0.071387,0.370773,-0.141127,0.067444,0.193879,-0.166016,-0.090651,0.159163,-0.178091,-0.087248,0.244398,0.133166,0.138517,0.275792,0.121958,0.182510,0.229276,0.136529,0.139964,0.368714,-0.170011,0.037804,1.726143,-0.253408,-0.345260,2.542769,0.118834,-1.438341,2.800565,-0.339330,-1.517389,1.689925,0.515317,0.626355,2.166849,0.822729,0.539238,2.218207,0.789662,0.606120
0.061836,-0.120609,0.040843,0.339539,-0.076734,0.039776,0.211799,-0.089910,-0.094358,0.114019,-0.123730,-0.084821,0.193669,0.116102,0.092766,0.246242,0.103731,0.139891,0.190752,0.108338,0.129635,0.331375,-0.130828,0.005781,1.459741,-0.146735,-0.301054,2.490965,0.295522,-1.543958,2.806102,-0.203193,-1.660449,1.539458,0.547524,0.582407,2.080370,0.891852,0.577307,2.156699,0.877809,0.645971
0.052800,-0.073846,0.026592,0.276676,-0.064253,0.021746,0.177054,-0.070296,-0.100298,0.060622,-0.110337,-0.089066,0.122336,0.081607,0.061355,0.201421,0.068540,0.109472,0.130609,0.055966,0.155011,0.251489,-0.084549,0.002886,1.146663,-0.037948,-0.222813,2.286184,0.438840,-1.578765,2.610974,0.022517,-1.639284,1.257398,0.580728,0.538164,1.819853,0.925414,0.637704,1.906560,0.931178,0.698204
0.022166,-0.060922,0.035998,0.213895,-0.109372,0.022196,0.107201,-0.115941,-0.105783,0.025907,-0.143715,-0.098070,0.065965,0.047357,0.060350,0.163792,0.034502,0.106741,0.078895,0.006000,0.203841,0.169226,-0.053849,0.030437,0.943311,0.021418,-0.153300,2.029627,0.488955,-1.528383,2.316525,0.227500,-1.461554,0.983378,0.598624,0.520725,1.513334,0.909953,0.693588,1.590958,0.926338,0.739432
0.021314,-0.030493,0.041620,0.156102,-0.104490,0.024859,0.059559,-0.105109,-0.113519,-0.001219,-0.125728,-0.107866,0.018379,0.054708,0.061911,0.078573,0.044371,0.101256,0.009255,0.006797,0.226004,0.132040,0.038553,0.063113,0.764114,0.123788,-0.078625,1.786349,0.572812,-1.441223,2.034373,0.363164,-1.339226,0.744808,0.636691,0.485708,1.132011,0.842373,0.707457,1.168735,0.861402,0.723705
0.027873,-0.000014,0.039095,0.099273,-0.081105,0.022808,0.018806,-0.076653,-0.114107,-0.030742,-0.093329,-0.109607,-0.021001,0.072341,0.057682,-0.003384,0.062271,0.099310,-0.047968,0.019910,0.238372,0.109785,0.118138,0.068371,0.592983,0.208010,-0.032222,1.500443,0.629136,-1.352082,1.696245,0.425901,-1.263339,0.551373,0.666294,0.427540,0.805349,0.770929,0.689001,0.800006,0.792324,0.680659
0.019639,0.013065,0.024034,0.039476,-0.070682,0.008652,-0.030610,-0.069256,-0.098657,-0.072833,-0.083360,-0.094907,-0.052560,0.068996,0.039370,-0.030908,0.052862,0.106982,-0.061884,0.006828,0.257729,0.072995,0.110288,0.013940,0.415226,0.211302,-0.044413,1.122951,0.599436,-1.287147,1.246545,0.404836,-1.207045,0.411225,0.655643,0.348447,0.659509,0.742168,0.654180,0.642486,0.773500,0.644831
0.000572,0.038960,0.004378,-0.045812,-0.060655,-0.011979,-0.093535,-0.062752,-0.070868,-0.127416,-0.073998,-0.067917,-0.078397,0.048370,0.008949,-0.028126,0.025804,0.103373,-0.080306,-0.022210,0.262081,0.001879,0.144951,-0.038148,0.191086,0.255299,-0.050895,0.683273,0.607701,-1.189603,0.729334,0.429426,-1.115391,0.177820,0.676898,0.248351,0.466166,0.789876,0.556685,0.461540,0.818337,0.549184
-0.019792,0.064732,-0.009966,-0.113935,-0.055924,-0.028650,-0.138411,-0.060122,-0.044521,-0.167111,-0.069609,-0.042073,-0.085626,0.020811,-0.018231,0.003427,-0.005308,0.090455,-0.094205,-0.052841,0.249296,-0.068028,0.204937,-0.061603,0.032460,0.318690,-0.048550,0.396893,0.644695,-1.111891,0.397074,0.479101,-1.041137,-0.032220,0.719377,0.178545,0.321618,0.891675,0.443705,0.347561,0.906517,0.438916
-0.028131,0.049307,-0.008178,-0.170379,-0.084127,-0.027623,-0.112655,-0.061621,-0.048615,-0.131605,-0.067866,-0.047034,-0.136895,0.056675,-0.003139,-0.012989,0.023278,0.136313,-0.076644,-0.015691,0.265479,0.017736,0.120392,-0.094108,-0.020402,0.263810,-0.031391,0.035246,0.553596,-0.913311,-0.055561,0.417747,-0.844345,0.272931,0.569246,0.179497,0.924380,0.968243,0.408663,1.051660,1.010934,0.454947
-0.026504,0.033114,0.000346,-0.195613,-0.104876,-0.018638,-0.073419,-0.057487,-0.063212,-0.083732,-0.060871,-0.062363,-0.183338,0.096450,0.019825,-0.055708,0.061907,0.167651,-0.072755,0.030171,0.271559,0.102440,0.040742,-0.091862,-0.009669,0.200197,-0.002406,-0.157662,0.457951,-0.715306,-0.305860,0.350301,-0.647991,0.509661,0.404889,0.194039,1.348266,0.946786,0.394188,1.536713,1.008721,0.476359
-0.016922,0.056650,0.006456,-0.170142,-0.077531,-0.011929,-0.078235,-0.037152,-0.069206,-0.086699,-0.039916,-0.068521,-0.176189,0.080625,0.016912,-0.104440,0.058779,0.112391,-0.129871,0.023143,0.229240,0.030273,0.116849,-0.009419,0.023404,0.238053,0.036772,0.054089,0.461581,-0.650162,-0.041842,0.356711,-0.590822,0.098667,0.417728,0.154063,0.672352,0.777004,0.318675,0.767605,0.803904,0.360413
-0.007525,0.068437,0.019623,-0.133229,-0.063534,0.001031,-0.086723,-0.033637,-0.074596,-0.098659,-0.037514,-0.073652,-0.161926,0.052391,0.020821,-0.141783,0.044587,0.055358,-0.183253,0.005320,0.184899,-0.037069,0.133126,0.069201,0.007694,0.213447,0.086028,0.154517,0.403402,-0.559224,0.091979,0.303736,-0.507639,-0.187856,0.350691,0.130482,0.158749,0.559263,0.252101,0.173568,0.555235,0.260779
-0.003013,0.062533,0.033235,-0.103263,-0.069940,0.013959,-0.094469,-0.048823,-0.076480,-0.113470,-0.054962,-0.075016,-0.147614,0.025821,0.029514,-0.148768,0.026851,0.024919,-0.205818,-0.013878,0.160526,-0.065838,0.081134,0.104356,-0.048752,0.138394,0.120564,0.093814,0.313587,-0.486192,0.028767,0.220774,-0.437024,-0.206680,0.234278,0.137566,0.064284,0.398197,0.231260,0.052383,0.382158,0.229691
0.002569,0.054402,0.045228,-0.070901,-0.081189,0.024756,-0.098343,-0.068259,-0.080884,-0.126481,-0.077296,-0.078776,-0.115919,-0.008273,0.034961,-0.115456,0.002166,-0.011851,-0.200179,-0.043273,0.141102,-0.082204,0.046183,0.129040,-0.053901,0.101751,0.141348,0.098361,0.259218,-0.425925,0.034635,0.172849,-0.379614,-0.193905,0.139229,0.141755,0.008738,0.261742,0.213391,-0.027536,0.235067,0.202544
0.010156,0.051014,0.050103,-0.050229,-0.081112,0.029861,-0.097216,-0.073281,-0.080529,-0.126044,-0.082482,-0.078441,-0.088696,-0.031708,0.034833,-0.086098,-0.015631,-0.037590,-0.182873,-0.065339,0.131697,-0.081594,0.051876,0.125878,-0.036884,0.120009,0.138027,0.117390,0.261824,-0.389997,0.052584,0.181707,-0.346090,-0.146779,0.097548,0.129172,0.002272,0.185473,0.189472,-0.054005,0.150960,0.170799
0.020656,0.059308,0.042390,-0.055425,-0.053534,0.025839,-0.090162,-0.045418,-0.067779,-0.100662,-0.048749,-0.067043,-0.087853,-0.026338,0.026848,-0.105182,-0.012704,-0.034959,-0.170326,-0.062823,0.137484,-0.059585,0.121989,0.077666,-0.026910,0.209490,0.100300,0.099859,0.342123,-0.389611,0.025283,0.268752,-0.346436,-0.062686,0.141509,0.085956,0.054914,0.205227,0.149959,-0.015069,0.167194,0.125560
0.029571,0.051144,0.042150,-0.037142,-0.031927,0.030283,-0.065009,-0.022074,-0.062133,-0.066146,-0.022433,-0.062056,-0.076564,-0.017355,0.030344,-0.097845,-0.001751,-0.040728,-0.139536,-0.052048,0.133924,-0.052396,0.117881,0.062188,0.003055,0.197483,0.075277,0.119643,0.323915,-0.395525,0.042403,0.254245,-0.352978,-0.017254,0.116093,0.071031,0.066056,0.155665,0.131685,-0.018657,0.112195,0.101589
0.032470,0.030601,0.049478,-0.004439,-0.027135,0.040959,-0.034108,-0.014914,-0.066558,-0.039565,-0.016630,-0.066196,-0.060472,-0.009337,0.043552,-0.067677,0.011544,-0.052021,-0.105840,-0.038362,0.122868,-0.063583,0.041245,0.086861,0.037981,0.089860,0.075198,0.167281,0.215000,-0.405624,0.095334,0.144125,-0.363692,-0.033258,0.033525,0.091566,0.029843,0.061545,0.143420,-0.063149,0.013195,0.110442
0.043016,0.036240,0.049745,0.029191,-0.017941,0.041173,-0.031259,-0.014623,-0.068280,-0.046026,-0.019242,-0.067317,-0.030593,0.003349,0.044783,-0.056652,0.026900,-0.063616,-0.078245,-0.021839,0.108568,-0.081082,0.040105,0.078767,0.011271,0.163833,0.097400,0.048661,0.268259,-0.256950,-0.056242,0.219207,-0.216376,-0.032029,0.031706,0.088289,0.022469,0.058486,0.126853,-0.073680,0.006370,0.093097
0.048734,0.046926,0.045495,0.056125,-0.010550,0.035758,-0.039457,-0.018532,-0.069191,-0.059676,-0.024823,-0.067917,-0.003000,0.011492,0.039295,-0.053392,0.036062,-0.073586,-0.055670,-0.011365,0.094706,-0.105005,0.057256,0.055626,-0.025431,0.257404,0.105793,-0.086135,0.339714,-0.109328,-0.225652,0.314370,-0.069553,-0.031709,0.051140,0.072867,0.021408,0.082688,0.096157,-0.074908,0.027589,0.062913
0.037329,0.041510,0.039076,0.068816,-0.011208,0.029459,-0.041702,-0.024344,-0.071042,-0.054634,-0.028346,-0.070253,0.006314,0.005817,0.032204,-0.046582,0.030318,-0.080053,-0.036858,-0.016063,0.085008,-0.135077,0.035436,0.034811,-0.019508,0.208660,0.064611,-0.084458,0.283309,-0.123706,-0.224985,0.262497,-0.084706,-0.050032,0.032166,0.056615,0.004486,0.070297,0.065231,-0.091040,0.012453,0.032923
0.030205,0.034271,0.047071,0.115909,0.000143,0.039161,-0.009362,-0.016126,-0.066277,-0.007124,-0.015437,-0.066409,0.036635,0.000235,0.039503,-0.030473,0.026537,-0.080166,0.000339,-0.018625,0.080261,-0.185211,0.011169,0.034070,-0.012996,0.164675,0.040447,-0.073479,0.227663,-0.114110,-0.212336,0.212078,-0.076886,-0.076248,-0.003037,0.057367,-0.020761,0.045609,0.039333,-0.084079,0.002278,0.019106
0.030853,0.028826,0.065512,0.173752,0.017943,0.060101,0.041377,0.002386,-0.057194,0.059076,0.007810,-0.058216,0.072742,-0.002433,0.057550,-0.013062,0.026792,-0.073864,0.037244,-0.017594,0.082833,-0.230355,-0.003706,0.053673,-0.009392,0.147234,0.045291,-0.059384,0.200193,-0.085414,-0.194641,0.187935,-0.049820,-0.097238,-0.036945,0.074789,-0.041703,0.020866,0.031468,-0.057485,0.002005,0.028410
0.037367,0.000241,0.086669,0.259339,0.013182,0.083494,0.165010,0.013736,-0.055283,0.171221,0.015633,-0.055633,0.122234,-0.025885,0.078642,0.004509,0.006292,-0.063569,0.079141,-0.038869,0.094334,-0.269994,-0.034976,0.072486,0.035501,0.064092,0.021367,0.065444,0.110751,-0.153102,-0.041431,0.088990,-0.120040,-0.101396,-0.085850,0.095263,-0.032827,-0.010484,0.030220,-0.029601,-0.022843,0.034879
0.041976,-0.029025,0.104923,0.337561,-0.001561,0.102681,0.264433,0.010056,-0.055553,0.269461,0.011587,-0.055830,0.169674,-0.050183,0.096831,0.019671,-0.015373,-0.054268,0.118068,-0.061783,0.106503,-0.308742,-0.071779,0.090460,0.071918,-0.009233,0.005200,0.180993,0.031571,-0.215533,0.101353,-0.000016,-0.185050,-0.104574,-0.138561,0.115797,-0.019314,-0.044479,0.032761,-0.012515,-0.059399,0.039852
0.036690,-0.036849,0.114695,0.373264,-0.014383,0.110671,0.242567,-0.017301,-0.053732,0.294028,-0.001688,-0.056511,0.199458,-0.055839,0.106124,0.029665,-0.019019,-0.050912,0.145896,-0.066234,0.111009,-0.351390,-0.103342,0.107511,0.049768,0.002776,0.032910,0.166589,0.035858,-0.171168,0.087640,0.006414,-0.141677,-0.122840,-0.184361,0.133220,-0.026570,-0.077494,0.036203,-0.018546,-0.095073,0.044623
0.043821,-0.027713,0.129045,0.427533,0.006395,0.126152,0.279451,0.003269,-0.054827,0.317712,0.014841,-0.056839,0.228847,-0.031282,0.123294,0.008318,0.009166,-0.044524,0.153628,-0.038705,0.116996,-0.406975,-0.099347,0.125781,0.031369,0.045898,0.055645,0.157411,0.070202,-0.129701,0.078544,0.043287,-0.101163,-0.133304,-0.198365,0.156009,-0.032474,-0.083741,0.044651,-0.023495,-0.103390,0.054128
0.059550,-0.006055,0.140858,0.472823,0.050903,0.142111,0.356189,0.062684,-0.057298,0.328167,0.054235,-0.055868,0.242823,0.011430,0.140027,-0.033985,0.055673,-0.037974,0.137064,0.007589,0.121794,-0.448004,-0.062256,0.135892,0.025680,0.098059,0.062102,0.157783,0.116712,-0.111843,0.078292,0.091571,-0.083799,-0.130886,-0.173311,0.172851,-0.034166,-0.059907,0.053953,-0.024976,-0.079995,0.063697
0.054055,-0.018835,0.143626,0.468210,0.043049,0.146440,0.232594,0.020284,-0.044462,0.281735,0.035056,-0.046894,0.253646,-0.007052,0.141160,-0.004327,0.036452,-0.030758,0.171896,-0.011593,0.127356,-0.488606,-0.081892,0.139449,-0.036533,0.078897,0.072575,0.085634,0.094761,-0.085414,0.001223,0.072871,-0.057378,-0.187715,-0.177411,0.179090,-0.101537,-0.072247,0.058894,-0.092525,-0.091916,0.068503
0.048349,-0.044320,0.151903,0.466542,0.010584,0.153409,0.113630,-0.043934,-0.039077,0.265208,0.001532,-0.046442,0.270371,-0.042762,0.146416,0.061655,0.000049,-0.021954,0.228510,-0.047844,0.134231,-0.509757,-0.132060,0.152676,-0.084716,0.018061,0.089709,0.021488,0.033043,-0.054072,-0.069192,0.014457,-0.025658,-0.249157,-0.208361,0.190187,-0.175923,-0.113486,0.068231,-0.167077,-0.132716,0.077765
0.062735,-0.060522,0.180341,0.519507,-0.017947,0.178356,0.203673,-0.047863,-0.061966,0.364457,0.000214,-0.069596,0.300867,-0.051559,0.176191,0.127207,-0.004283,-0.009642,0.276095,-0.051674,0.143893,-0.492631,-0.186521,0.191367,-0.048621,-0.054690,0.117376,0.045476,-0.039002,-0.020146,-0.049843,-0.055765,0.008703,-0.260432,-0.262967,0.221593,-0.198230,-0.175061,0.091474,-0.189163,-0.194693,0.101371
0.068696,-0.073285,0.200246,0.544542,-0.044112,0.194826,0.254652,-0.055222,-0.079864,0.419865,-0.006072,-0.087434,0.301193,-0.060806,0.197129,0.160170,-0.009958,-0.002219,0.273977,-0.056921,0.149782,-0.473717,-0.206366,0.205783,-0.043317,-0.097372,0.128642,0.043460,-0.084052,0.004520,-0.054621,-0.098085,0.032805,-0.266001,-0.272289,0.234597,-0.216611,-0.193186,0.096556,-0.207389,-0.213059,0.106803
0.063280,-0.076259,0.201655,0.529166,-0.054517,0.194660,0.240836,-0.061565,-0.083776,0.403545,-0.013428,-0.090985,0.271304,-0.065842,0.198672,0.144115,-0.013892,-0.003460,0.223331,-0.060787,0.148911,-0.462835,-0.182141,0.188943,-0.071800,-0.089359,0.117414,0.015901,-0.080628,0.006939,-0.081680,-0.092299,0.034079,-0.263453,-0.231438,0.222936,-0.222275,-0.158872,0.080934,-0.213033,-0.178688,0.091378
0.050913,-0.055960,0.204953,0.462046,-0.054429,0.194207,0.171436,-0.061670,-0.076413,0.367410,-0.004026,-0.084824,0.207127,-0.060573,0.199568,0.116191,-0.007170,-0.008225,0.157293,-0.051209,0.135804,-0.424271,-0.131618,0.183089,-0.109887,-0.067105,0.122640,-0.037135,-0.056744,0.018646,-0.094482,-0.073215,0.038177,-0.282798,-0.166170,0.207644,-0.263778,-0.111597,0.064155,-0.255031,-0.130259,0.074204
0.043202,-0.027193,0.201089,0.366657,-0.042972,0.187944,0.084303,-0.049031,-0.071231,0.318219,0.019436,-0.080928,0.133085,-0.044423,0.194258,0.083954,0.010066,-0.018726,0.110412,-0.032000,0.119141,-0.359262,-0.072213,0.179023,-0.140709,-0.036803,0.133930,-0.089919,-0.022184,0.033580,-0.104621,-0.044283,0.045438,-0.300260,-0.092590,0.186949,-0.305457,-0.058898,0.047321,-0.297540,-0.075703,0.056553
0.052077,-0.004124,0.181278,0.266513,-0.018685,0.171279,0.017079,-0.015954,-0.080452,0.262578,0.055508,-0.090327,0.073599,-0.016033,0.177662,0.054899,0.038582,-0.036661,0.117214,-0.006278,0.108070,-0.268670,-0.020812,0.167049,-0.146968,-0.004479,0.140865,-0.116248,0.013463,0.045761,-0.123255,-0.008743,0.055950,-0.291874,-0.025336,0.158984,-0.311257,-0.006800,0.031257,-0.304328,-0.021431,0.039435
0.058951,0.037164,0.149449,0.117009,0.015186,0.141922,-0.080000,0.029250,-0.094995,0.140089,0.092886,-0.103656,-0.006870,0.029485,0.149315,-0.010620,0.081930,-0.057597,0.073337,0.035627,0.089756,-0.152424,0.055483,0.142586,-0.176211,0.054274,0.148339,-0.176207,0.076270,0.065902,-0.177955,0.055517,0.074409,-0.294511,0.071458,0.110227,-0.322967,0.075631,0.007965,-0.317622,0.064393,0.014353
0.060244,0.076059,0.121560,-0.007360,0.042135,0.114395,-0.158446,0.064936,-0.107699,0.011884,0.113777,-0.114270,-0.068278,0.069553,0.123341,-0.079928,0.118746,-0.071013,0.000583,0.073220,0.073401,-0.068494,0.118083,0.117808,-0.213853,0.109530,0.152617,-0.239906,0.134116,0.083936,-0.241433,0.115664,0.091598,-0.306716,0.149157,0.064969,-0.334570,0.146680,-0.011047,-0.330615,0.138387,-0.006256
0.043632,0.124168,0.075716,-0.160492,0.069615,0.066703,-0.198471,0.112756,-0.118729,-0.083626,0.145387,-0.123073,-0.180112,0.119071,0.080143,-0.124931,0.153571,-0.061436,-0.064460,0.109954,0.077618,0.024432,0.181955,0.063725,-0.254101,0.183749,0.136120,-0.316646,0.216587,0.069423,-0.318128,0.198311,0.077115,-0.331745,0.229301,-0.015376,-0.340112,0.230968,-0.048555,-0.337922,0.226389,-0.045870
0.020842,0.169956,0.027345,-0.312017,0.100509,0.017638,-0.218969,0.167044,-0.127668,-0.160681,0.183437,-0.129836,-0.305467,0.168312,0.034839,-0.161591,0.185632,-0.046054,-0.123699,0.143896,0.087925,0.109866,0.230880,0.002160,-0.288218,0.247349,0.110053,-0.388353,0.289389,0.042977,-0.389833,0.270812,0.050902,-0.356068,0.294422,-0.101628,-0.336952,0.306036,-0.089212,-0.336474,0.305036,-0.088621
0.003487,0.202050,-0.008513,-0.431514,0.137598,-0.014606,-0.238997,0.222794,-0.134828,-0.233640,0.224284,-0.135026,-0.407452,0.207424,0.002198,-0.205705,0.214355,-0.042537,-0.178943,0.173371,0.089450,0.170875,0.248479,-0.045626,-0.307733,0.270404,0.084840,-0.437022,0.317871,0.024264,-0.438412,0.300153,0.031926,-0.366645,0.325216,-0.165415,-0.322981,0.347203,-0.118360,-0.323728,0.348766,-0.119286
-0.025796,0.262513,-0.052859,-0.594156,0.184348,-0.059655,-0.313409,0.275623,-0.121708,-0.345249,0.266866,-0.120514,-0.557760,0.257205,-0.042719,-0.312664,0.250264,-0.034780,-0.296644,0.209454,0.097216,0.224033,0.339021,-0.114147,-0.371744,0.348278,0.042854,-0.551765,0.406295,-0.009121,-0.553040,0.389885,-0.001928,-0.392858,0.424723,-0.254553,-0.318574,0.459916,-0.166247,-0.320793,0.464571,-0.169010
-0.052139,0.321485,-0.082413,-0.718671,0.218127,-0.093576,-0.404977,0.300385,-0.093262,-0.439622,0.290945,-0.091955,-0.681251,0.293569,-0.076254,-0.428892,0.276368,-0.025313,-0.417955,0.235118,0.108793,0.243464,0.457482,-0.167909,-0.447388,0.442515,0.007867,-0.674446,0.511114,-0.037331,-0.675624,0.495822,-0.030517,-0.421266,0.545208,-0.322079,-0.325218,0.589559,-0.206736,-0.328421,0.596306,-0.210712
-0.066402,0.299458,-0.105553,-0.873273,0.151919,-0.124561,-0.510341,0.243536,-0.113052,-0.441110,0.262250,-0.115671,-0.790298,0.262684,-0.100204,-0.453282,0.239829,-0.031467,-0.460708,0.199821,0.100513,0.398389,0.372536,-0.175769,-0.425630,0.301722,0.020689,-0.705049,0.379330,-0.003532,-0.705936,0.367742,0.001723,-0.339602,0.449712,-0.354823,-0.347793,0.399478,-0.168021,-0.361331,0.425415,-0.178843
-0.077972,0.281887,-0.121001,-1.006031,0.094882,-0.145724,-0.577883,0.203816,-0.140494,-0.423786,0.244916,-0.146432,-0.873949,0.241679,-0.115539,-0.445559,0.215048,-0.036670,-0.476929,0.178084,0.088487,0.542203,0.283233,-0.168094,-0.391924,0.150107,0.039264,-0.699104,0.230826,0.032680,-0.699714,0.222844,0.036371,-0.268859,0.350822,-0.374466,-0.382690,0.207943,-0.123307,-0.405735,0.251877,-0.140746
-0.094902,0.354972,-0.124114,-1.063557,0.156266,-0.149275,-0.554944,0.281979,-0.133335,-0.461222,0.306646,-0.136995,-0.920169,0.307707,-0.119970,-0.464348,0.276845,-0.021097,-0.517579,0.244347,0.092025,0.531720,0.392341,-0.171981,-0.427234,0.218425,0.030741,-0.707803,0.292639,0.023882,-0.708347,0.285492,0.027245,-0.327771,0.463881,-0.393901,-0.421172,0.334732,-0.138086,-0.442975,0.377133,-0.155801
-0.110134,0.393778,-0.131387,-1.138764,0.167260,-0.159605,-0.551211,0.305888,-0.117230,-0.453547,0.331263,-0.121059,-0.946901,0.322076,-0.132004,-0.417334,0.283099,0.002853,-0.509251,0.255816,0.102302,0.548473,0.507265,-0.181396,-0.380018,0.298694,0.004825,-0.751018,0.401482,-0.021298,-0.751843,0.390690,-0.016167,-0.364596,0.574819,-0.422521,-0.451603,0.450525,-0.169413,-0.472256,0.491494,-0.187231
-0.116206,0.379322,-0.139345,-1.194870,0.124068,-0.169728,-0.569356,0.265609,-0.098256,-0.405140,0.307790,-0.104669,-0.941332,0.279063,-0.145165,-0.328558,0.232979,0.024408,-0.456767,0.209137,0.115325,0.584652,0.569321,-0.192535,-0.273383,0.349580,-0.025370,-0.806259,0.503913,-0.078913,-0.807573,0.486872,-0.070685,-0.360861,0.631120,-0.445359,-0.458652,0.500613,-0.200689,-0.478752,0.541010,-0.218422
-0.113948,0.399786,-0.116003,-1.175817,0.144249,-0.143559,-0.498629,0.301636,-0.089565,-0.380747,0.331597,-0.094138,-0.962496,0.276034,-0.124888,-0.301797,0.234008,0.025959,-0.444071,0.216442,0.096629,0.581699,0.558978,-0.126869,-0.247264,0.302394,0.024729,-0.758854,0.458136,-0.042306,-0.760328,0.439121,-0.032962,-0.366429,0.591946,-0.389717,-0.468504,0.461284,-0.158611,-0.486967,0.499582,-0.176790
-0.107106,0.413680,-0.074322,-1.115292,0.172028,-0.097816,-0.412906,0.342218,-0.086691,-0.373294,0.352181,-0.088205,-0.979290,0.274399,-0.084562,-0.286380,0.240639,0.021370,-0.428755,0.228410,0.073838,0.557215,0.492806,-0.022374,-0.247188,0.195818,0.111713,-0.658402,0.327395,0.038670,-0.659852,0.308811,0.047875,-0.381341,0.486986,-0.296667,-0.489302,0.357425,-0.087940,-0.504965,0.391813,-0.107017
-0.100218,0.379846,-0.029302,-1.048580,0.153482,-0.048828,-0.388123,0.319613,-0.084956,-0.377477,0.322263,-0.085359,-0.961682,0.236562,-0.039152,-0.232600,0.210034,0.022702,-0.369419,0.198213,0.072888,0.530097,0.385158,0.078226,-0.217976,0.070224,0.191772,-0.553090,0.181598,0.119151,-0.554459,0.164077,0.127881,-0.404885,0.348201,-0.206955,-0.527242,0.217073,-0.032029,-0.538842,0.245500,-0.052322
-0.096977,0.358443,0.001596,-1.005499,0.135767,-0.015516,-0.406926,0.287420,-0.067250,-0.412783,0.285978,-0.067029,-0.958443,0.195799,-0.009679,-0.278341,0.172342,0.043823,-0.394716,0.160762,0.091001,0.506997,0.392846,0.113319,-0.188780,0.070504,0.209632,-0.452197,0.160053,0.144002,-0.453394,0.144603,0.151706,-0.329863,0.325348,-0.155738,-0.469699,0.192329,-0.020616,-0.477346,0.214811,-0.041984
-0.098672,0.360894,0.005117,-1.007780,0.129881,-0.010517,-0.460232,0.264595,-0.037853,-0.461863,0.264196,-0.037792,-0.971245,0.174477,-0.007542,-0.400997,0.150167,0.078353,-0.492337,0.138559,0.123205,0.499722,0.511541,0.066614,-0.173930,0.195911,0.160339,-0.405840,0.274083,0.105845,-0.406864,0.260687,0.112511,-0.194891,0.434200,-0.163596,-0.346178,0.299439,-0.054468,-0.351967,0.319094,-0.076097
-0.078657,0.322474,0.018180,-0.894998,0.077457,0.002350,-0.424568,0.193848,-0.032877,-0.444642,0.188975,-0.032141,-0.902673,0.135501,0.006744,-0.379896,0.113588,0.094564,-0.453231,0.101698,0.138701,0.433471,0.485491,0.084098,-0.165942,0.192059,0.165472,-0.344234,0.253819,0.118786,-0.345136,0.241819,0.124734,-0.115846,0.391618,-0.108567,-0.271920,0.260769,-0.028571,-0.277972,0.279317,-0.046597
-0.061279,0.270449,0.041375,-0.760834,0.026797,0.026083,-0.360798,0.126421,-0.016207,-0.401378,0.116638,-0.014810,-0.816996,0.093206,0.031623,-0.307257,0.075177,0.103030,-0.366207,0.063206,0.146086,0.344911,0.396883,0.127557,-0.165259,0.132387,0.193532,-0.291387,0.178814,0.150510,-0.292223,0.167449,0.156127,-0.078652,0.286608,-0.034387,-0.228890,0.166044,0.020827,-0.235755,0.183873,0.007421
-0.070657,0.232323,0.077511,-0.699487,0.027081,0.066875,-0.330752,0.116206,0.050205,-0.373274,0.105983,0.051597,-0.779053,0.062646,0.069519,-0.275608,0.048810,0.117852,-0.320365,0.037479,0.157608,0.271830,0.327537,0.159567,-0.171587,0.089970,0.215762,-0.270656,0.129037,0.172536,-0.271488,0.117420,0.178262,-0.069771,0.211492,0.019183,-0.199598,0.108190,0.061861,-0.206320,0.124481,0.051327
-0.069711,0.199515,0.110852,-0.616557,0.026016,0.103623,-0.316549,0.098135,0.098219,-0.361699,0.087221,0.099669,-0.712787,0.039991,0.104742,-0.252081,0.032345,0.112228,-0.271641,0.021094,0.150093,0.190522,0.273685,0.192809,-0.170100,0.067251,0.235279,-0.238848,0.097236,0.194851,-0.239633,0.085842,0.200453,-0.048214,0.146632,0.077405,-0.149160,0.065984,0.109810,-0.155394,0.080287,0.101761
-0.059052,0.188339,0.125431,-0.553497,0.024082,0.119466,-0.325024,0.080222,0.105853,-0.372177,0.068754,0.107325,-0.651328,0.036539,0.120704,-0.248546,0.033845,0.090651,-0.244571,0.022110,0.128934,0.141294,0.262019,0.211322,-0.161194,0.074407,0.243086,-0.211501,0.098110,0.207057,-0.212213,0.087300,0.212355,-0.025211,0.124935,0.112071,-0.103211,0.060857,0.141365,-0.108844,0.073734,0.134195
-0.048852,0.173738,0.140957,-0.464748,0.034349,0.136738,-0.347584,0.063880,0.122896,-0.387695,0.054059,0.124105,-0.545616,0.019815,0.135852,-0.248590,0.022492,0.060147,-0.219386,0.009815,0.100558,0.052235,0.251301,0.223652,-0.164789,0.092314,0.238896,-0.169819,0.103072,0.206643,-0.170459,0.092852,0.211636,-0.025696,0.112376,0.147706,-0.080550,0.064182,0.177419,-0.085792,0.076123,0.170828
-0.041381,0.160057,0.150991,-0.371448,0.050083,0.148150,-0.364650,0.052565,0.137690,-0.373216,0.050456,0.137881,-0.434028,0.004908,0.145030,-0.253443,0.011827,0.029917,-0.199399,-0.001297,0.070985,-0.046617,0.231155,0.225428,-0.172592,0.109530,0.224798,-0.135917,0.106801,0.202288,-0.136436,0.098050,0.206543,-0.034508,0.100094,0.176602,-0.062760,0.070361,0.207282,-0.067475,0.081032,0.201423
-0.038909,0.151495,0.149152,-0.294566,0.064538,0.147120,-0.356275,0.049858,0.139532,-0.293398,0.065562,0.137504,-0.354951,0.006896,0.143462,-0.264520,0.015859,0.009891,-0.188135,0.003789,0.046874,-0.124773,0.191434,0.211854,-0.175708,0.114190,0.202241,-0.131457,0.103151,0.202013,-0.131767,0.097632,0.204682,-0.036475,0.079649,0.190521,-0.031547,0.074312,0.219656,-0.035212,0.082559,0.215139
-0.038911,0.135464,0.135460,-0.183223,0.076297,0.133737,-0.333483,0.037935,0.145264,-0.218233,0.068360,0.130019,-0.242547,0.002356,0.129220,-0.255909,0.012717,-0.009941,-0.151807,0.002894,0.018834,-0.236988,0.142744,0.176535,-0.184859,0.151444,0.162339,-0.154740,0.127293,0.218892,-0.154587,0.130222,0.217481,-0.038430,0.055406,0.193679,0.022890,0.093332,0.217220,0.021286,0.096919,0.215260
-0.041481,0.119841,0.117050,-0.093239,0.079118,0.115127,-0.307785,0.022178,0.152422,-0.185399,0.056783,0.119529,-0.153148,-0.006892,0.109907,-0.231912,0.003594,-0.019051,-0.108577,-0.003956,0.001577,-0.327382,0.109270,0.137629,-0.195631,0.202135,0.125551,-0.194041,0.166492,0.244978,-0.193451,0.178855,0.239027,-0.039493,0.039588,0.184771,0.073161,0.118058,0.201571,0.073604,0.117079,0.202093
-0.036078,0.087917,0.107735,0.036835,0.084005,0.106262,-0.227795,0.012629,0.156210,-0.141686,0.042236,0.090499,-0.036222,-0.015394,0.100369,-0.220158,-0.003029,-0.031779,-0.072309,-0.009363,-0.016093,-0.442563,0.058774,0.107693,-0.189315,0.175403,0.063135,-0.174298,0.132687,0.195996,-0.173679,0.147153,0.189072,-0.067608,0.002906,0.182488,0.067780,0.102579,0.187666,0.069666,0.098434,0.189870
-0.028631,0.053082,0.102122,0.165200,0.080671,0.100798,-0.133118,-0.000618,0.152881,-0.080502,0.023921,0.059495,0.080344,-0.021080,0.094708,-0.201772,-0.006416,-0.040777,-0.031639,-0.012555,-0.026897,-0.550951,0.006983,0.082281,-0.178222,0.126806,-0.001090,-0.135775,0.080757,0.121782,-0.135255,0.093659,0.115626,-0.095561,-0.040831,0.180596,0.052828,0.073116,0.173358,0.055870,0.066487,0.176859
-0.025253,0.028562,0.095163,0.250190,0.058462,0.092473,-0.063595,-0.027486,0.138580,0.004482,0.001565,0.043085,0.168641,-0.022230,0.087643,-0.158058,-0.006880,-0.038130,0.024722,-0.013745,-0.022880,-0.621497,-0.030473,0.057333,-0.175273,0.112523,-0.042833,-0.118705,0.065562,0.072822,-0.118288,0.076906,0.067326,-0.096277,-0.078479,0.172799,0.074233,0.055453,0.156980,0.078473,0.046285,0.161781
-0.023462,-0.004057,0.084814,0.361066,0.027932,0.080038,0.014742,-0.066569,0.114058,0.109954,-0.032357,0.038232,0.285592,-0.027186,0.076898,-0.096550,-0.011059,-0.036835,0.108548,-0.019652,-0.017535,-0.718464,-0.084282,0.031907,-0.177154,0.089908,-0.089345,-0.097576,0.041384,0.014242,-0.097268,0.050310,0.009858,-0.107783,-0.133478,0.168031,0.086076,0.022141,0.141043,0.091685,0.010096,0.147306
-0.024137,-0.028612,0.076303,0.442598,0.004475,0.069580,0.062974,-0.098582,0.091256,0.183426,-0.061152,0.047131,0.373003,-0.033364,0.067641,-0.047807,-0.016317,-0.037624,0.178165,-0.026919,-0.013659,-0.793516,-0.128086,0.018749,-0.182683,0.069023,-0.117634,-0.082563,0.019158,-0.024977,-0.082331,0.026009,-0.028353,-0.124248,-0.177543,0.168946,0.082448,-0.009223,0.133757,0.088930,-0.023046,0.140911
-0.021798,-0.081576,0.093761,0.577013,-0.002639,0.088372,0.200391,-0.100564,0.064976,0.302228,-0.077607,0.097664,0.499074,-0.051554,0.085133,0.011095,-0.030729,-0.034541,0.254487,-0.041352,-0.012207,-0.873243,-0.251528,0.044336,-0.155037,-0.019397,-0.115424,0.007860,-0.078285,-0.041898,0.007980,-0.074691,-0.043680,-0.160488,-0.310271,0.200936,0.058518,-0.127182,0.149347,0.066428,-0.143932,0.157985
-0.016627,-0.130143,0.107683,0.708264,0.000772,0.104767,0.326769,-0.092150,0.031329,0.400545,-0.085790,0.130057,0.619608,-0.067347,0.098999,0.048171,-0.042070,-0.034566,0.306128,-0.051755,-0.016728,-0.937104,-0.359463,0.066182,-0.120790,-0.094902,-0.113035,0.107851,-0.162126,-0.063368,0.107834,-0.162562,-0.063166,-0.184080,-0.431602,0.227930,0.043459,-0.236064,0.157909,0.052788,-0.255650,0.168067
-0.009478,-0.141891,0.088132,0.780180,0.006643,0.085650,0.342027,-0.096643,-0.016288,0.412334,-0.091806,0.082359,0.690023,-0.068382,0.078331,0.031428,-0.040848,-0.046530,0.301707,-0.049966,-0.032055,-0.966504,-0.354101,0.044719,-0.108853,-0.074809,-0.140934,0.149311,-0.141747,-0.116843,0.149138,-0.146581,-0.114487,-0.163862,-0.441851,0.213045,0.065372,-0.240689,0.128591,0.075534,-0.261858,0.139631
0.004964,-0.154868,0.083665,0.888231,0.028340,0.083564,0.423453,-0.073866,-0.058352,0.423435,-0.086368,0.025533,0.772546,-0.055403,0.074679,0.013163,-0.022323,-0.061538,0.297581,-0.028927,-0.056519,-1.026683,-0.408908,0.033618,-0.172213,-0.119080,-0.145606,0.193953,-0.211412,-0.122562,0.220671,-0.218792,-0.125214,-0.161093,-0.508458,0.213164,0.086073,-0.291023,0.119058,0.097257,-0.314182,0.131198
0.019659,-0.162305,0.096680,0.978058,0.056620,0.100696,0.529795,-0.032696,-0.072320,0.427806,-0.069560,-0.010442,0.825741,-0.033480,0.090478,0.002175,0.007260,-0.070050,0.295403,0.003786,-0.076316,-1.086528,-0.497446,0.035308,-0.277556,-0.207481,-0.126278,0.221143,-0.336736,-0.077318,0.288377,-0.343608,-0.089452,-0.176841,-0.595398,0.228647,0.095470,-0.359035,0.134965,0.107373,-0.383557,0.147923
0.027536,-0.177466,0.089549,1.089557,0.065808,0.095641,0.673090,-0.013855,-0.063924,0.419544,-0.086487,-0.032170,0.901176,-0.029363,0.084266,0.074786,0.012745,-0.063753,0.352406,0.011865,-0.078334,-1.134169,-0.460015,0.016853,-0.229475,-0.134973,-0.159334,0.322651,-0.269715,-0.129469,0.403564,-0.282199,-0.141777,-0.135789,-0.574126,0.229786,0.140520,-0.330058,0.116894,0.153516,-0.356736,0.131117
0.030705,-0.201920,0.067620,1.170110,0.040405,0.072428,0.762314,-0.040797,-0.052071,0.417796,-0.133827,-0.043690,0.988920,-0.051436,0.060033,0.222104,-0.013489,-0.054273,0.416378,-0.013353,-0.067523,-1.159175,-0.370254,-0.004559,-0.153484,-0.019543,-0.200955,0.415684,-0.147582,-0.215718,0.496723,-0.168233,-0.224438,-0.115281,-0.498930,0.213950,0.183909,-0.228451,0.063702,0.203375,-0.258848,0.082395
0.031232,-0.236991,0.036043,1.165520,-0.034813,0.033706,0.704978,-0.135205,-0.056413,0.440599,-0.206550,-0.049987,1.077758,-0.107623,0.021109,0.435024,-0.077584,-0.054054,0.434559,-0.079366,-0.048964,-1.148353,-0.302087,-0.018722,-0.174842,0.025347,-0.211287,0.417169,-0.098804,-0.269693,0.498229,-0.126313,-0.275555,-0.193173,-0.427116,0.176894,0.187620,-0.082394,-0.027107,0.223902,-0.118724,0.002111
0.051287,-0.286068,0.022471,1.155839,-0.108996,0.015928,0.631965,-0.221046,-0.086146,0.473879,-0.263663,-0.082439,1.099179,-0.143850,0.009539,0.541409,-0.116118,-0.055500,0.440418,-0.118045,-0.042698,-1.060935,-0.336022,-0.018685,-0.131091,-0.049198,-0.211842,0.418221,-0.155032,-0.318382,0.486990,-0.188102,-0.319360,-0.208979,-0.443869,0.153831,0.193662,-0.080581,-0.080570,0.228965,-0.124823,-0.049814
0.081100,-0.324267,0.034736,1.146384,-0.143194,0.031405,0.579123,-0.250097,-0.121981,0.500223,-0.271266,-0.120166,1.042921,-0.140585,0.034683,0.487716,-0.106531,-0.051885,0.430654,-0.106759,-0.046866,-0.940645,-0.456037,-0.007275,-0.042205,-0.209050,-0.201040,0.420875,-0.291475,-0.333831,0.471204,-0.325995,-0.330009,-0.154922,-0.537583,0.157466,0.198996,-0.219111,-0.066311,0.215880,-0.269237,-0.043383
0.077875,-0.322172,0.078566,1.086649,-0.139465,0.079042,0.557576,-0.226367,-0.096789,0.523269,-0.235512,-0.096006,0.921853,-0.153102,0.081042,0.366245,-0.111861,-0.028537,0.393520,-0.107360,-0.043342,-0.782063,-0.488314,0.020952,0.049351,-0.256699,-0.155201,0.414366,-0.319019,-0.283482,0.432984,-0.348910,-0.274295,-0.117539,-0.565575,0.157946,0.194861,-0.288308,-0.041284,0.204424,-0.335564,-0.022761
0.069098,-0.301726,0.119321,0.999792,-0.123246,0.122419,0.532019,-0.188876,-0.060782,0.543028,-0.185945,-0.061042,0.782967,-0.163970,0.120012,0.238299,-0.117509,-0.006691,0.359081,-0.109482,-0.039096,-0.620983,-0.464180,0.056314,0.118210,-0.256530,-0.097577,0.393977,-0.302346,-0.206546,0.380019,-0.324781,-0.193026,-0.092136,-0.542972,0.160369,0.168016,-0.312986,-0.014800,0.177027,-0.352366,0.001323
0.082343,-0.285389,0.124102,0.909910,-0.123086,0.127929,0.467607,-0.177026,-0.061932,0.559899,-0.152495,-0.064173,0.673902,-0.158632,0.127754,0.165754,-0.111093,-0.002442,0.358068,-0.105031,-0.035436,-0.493716,-0.414563,0.089724,0.139325,-0.275918,-0.050085,0.355586,-0.311859,-0.139233,0.320442,-0.327584,-0.123723,-0.074819,-0.481974,0.171177,0.105066,-0.316464,0.004210,0.115902,-0.346685,0.018794
0.092357,-0.249917,0.136860,0.779438,-0.116692,0.139703,0.381155,-0.164578,-0.026239,0.537489,-0.123111,-0.030164,0.542768,-0.139146,0.143357,0.100655,-0.090672,0.005387,0.334009,-0.084893,-0.030368,-0.343631,-0.323487,0.133805,0.153268,-0.278609,0.009552,0.297514,-0.297569,-0.077327,0.236156,-0.308114,-0.058011,-0.062690,-0.378883,0.185724,-0.004234,-0.306940,0.019848,0.006064,-0.327522,0.031487
0.094345,-0.212631,0.151679,0.673568,-0.105646,0.152478,0.315885,-0.156177,0.029113,0.486954,-0.110654,0.024787,0.455079,-0.113862,0.159595,0.075343,-0.064690,0.014229,0.298688,-0.057353,-0.025035,-0.245498,-0.236782,0.166721,0.153777,-0.264478,0.052083,0.249444,-0.268583,-0.051338,0.169863,-0.278067,-0.028379,-0.061516,-0.284226,0.197545,-0.104501,-0.289268,0.024977,-0.096830,-0.304537,0.033795
0.072181,-0.136471,0.128544,0.507245,-0.052181,0.130434,0.227965,-0.091516,0.034821,0.403146,-0.044646,0.030534,0.310289,-0.057447,0.137506,0.055696,-0.017412,0.014603,0.201975,-0.010984,-0.015595,-0.133578,-0.123245,0.170743,0.111110,-0.193606,0.088119,0.211510,-0.194211,-0.041599,0.122461,-0.205739,-0.015742,-0.076930,-0.152016,0.176155,-0.181531,-0.207790,0.020716,-0.176471,-0.217821,0.026639
0.044862,-0.056285,0.085077,0.322695,0.007092,0.089477,0.121461,-0.016151,0.006914,0.295379,0.030482,0.002752,0.155124,0.002827,0.095285,0.039648,0.029400,0.008777,0.097121,0.033181,-0.006616,-0.022056,-0.017336,0.145315,0.045172,-0.101281,0.107412,0.143072,-0.098325,-0.038952,0.055319,-0.112512,-0.012440,-0.092587,-0.021423,0.127042,-0.223233,-0.102775,0.005524,-0.220604,-0.107969,0.008642
0.032075,-0.005523,0.040014,0.162444,0.038470,0.046894,0.001008,0.026576,-0.037430,0.173517,0.072830,-0.041608,0.036526,0.042093,0.052568,0.025348,0.056421,0.000912,0.037486,0.056787,-0.001129,0.075835,0.047055,0.090679,-0.023392,-0.022337,0.101379,0.004245,-0.004576,-0.032960,-0.069475,-0.019439,-0.009492,-0.091199,0.069999,0.056812,-0.216292,-0.013919,-0.021086,-0.215765,-0.014958,-0.020453
0.013850,0.064638,-0.002561,-0.061691,0.077249,0.006153,-0.123451,0.088398,-0.069707,0.036085,0.130935,-0.073658,-0.134294,0.096952,0.013513,-0.020097,0.098052,-0.002196,-0.071005,0.096394,0.006750,0.212588,0.151090,0.030881,-0.097395,0.089594,0.100940,-0.164242,0.129337,-0.028248,-0.207867,0.110419,-0.009754,-0.098627,0.196359,-0.031609,-0.212689,0.113211,-0.056675,-0.214536,0.116854,-0.058916
-0.000595,0.119307,-0.021115,-0.237744,0.104722,-0.012128,-0.189635,0.138815,-0.073562,-0.048243,0.176258,-0.077127,-0.271950,0.140468,-0.002214,-0.074013,0.134036,0.001324,-0.174209,0.132795,0.013344,0.319977,0.242578,-0.004085,-0.139450,0.178226,0.106928,-0.277791,0.236218,-0.026253,-0.290305,0.211874,-0.012255,-0.110933,0.295098,-0.093581,-0.213893,0.215418,-0.082835,-0.217203,0.221952,-0.086868
-0.014618,0.179351,-0.066056,-0.438110,0.152600,-0.050737,-0.257411,0.205925,-0.071988,-0.151038,0.233886,-0.074719,-0.409578,0.175448,-0.048263,-0.096714,0.161250,-0.027407,-0.306707,0.179577,-0.061162,0.423688,0.310796,-0.065315,-0.196586,0.236706,0.089100,-0.391260,0.306902,-0.033578,-0.393247,0.282579,-0.021886,-0.138103,0.391916,-0.178505,-0.202318,0.332238,-0.103496,-0.207875,0.343225,-0.110279
-0.029681,0.228057,-0.109108,-0.620220,0.201092,-0.085656,-0.320974,0.271689,-0.071847,-0.244107,0.291738,-0.073891,-0.537842,0.211222,-0.090295,-0.109406,0.191331,-0.061260,-0.401312,0.230479,-0.146824,0.509231,0.317167,-0.111474,-0.239259,0.244323,0.080128,-0.463770,0.318460,-0.020214,-0.465499,0.297399,-0.009963,-0.147916,0.434480,-0.238605,-0.207756,0.366153,-0.085034,-0.219149,0.387162,-0.095292
-0.047792,0.248218,-0.122706,-0.742138,0.228171,-0.092987,-0.374874,0.315469,-0.080254,-0.299590,0.334939,-0.082369,-0.647917,0.255434,-0.094865,-0.133511,0.234783,-0.074945,-0.391379,0.277884,-0.174600,0.560850,0.224332,-0.102274,-0.239511,0.180302,0.110811,-0.456409,0.247311,0.041967,-0.457792,0.230484,0.050242,-0.110276,0.367186,-0.227388,-0.262892,0.216554,0.005469,-0.286484,0.257153,-0.008823
-0.068323,0.291889,-0.145625,-0.909457,0.248921,-0.117197,-0.396041,0.365184,-0.085750,-0.330461,0.381977,-0.087767,-0.761800,0.312757,-0.111927,-0.119754,0.279431,-0.060751,-0.349750,0.321198,-0.158083,0.598998,0.240423,-0.125114,-0.307926,0.212226,0.119327,-0.545698,0.276333,0.096711,-0.546523,0.266229,0.101715,-0.126867,0.394630,-0.264207,-0.326153,0.193586,0.055984,-0.362853,0.253639,0.040800
-0.080277,0.337759,-0.165280,-1.037842,0.255085,-0.144871,-0.373310,0.398065,-0.084123,-0.320719,0.411392,-0.085842,-0.821682,0.356143,-0.131921,-0.074344,0.305665,-0.024034,-0.296427,0.341619,-0.103989,0.605764,0.356588,-0.168286,-0.408075,0.323748,0.104317,-0.684752,0.390835,0.120103,-0.685088,0.386612,0.122225,-0.187810,0.506792,-0.328868,-0.363673,0.313018,0.043718,-0.407811,0.382704,0.031404
-0.081112,0.352140,-0.229217,-1.187857,0.218710,-0.218047,-0.419659,0.369747,-0.102819,-0.350716,0.387029,-0.105185,-0.895964,0.358324,-0.197562,-0.071809,0.284972,0.001842,-0.297686,0.315181,-0.059845,0.714546,0.484244,-0.242905,-0.325474,0.432486,0.033155,-0.717695,0.544424,-0.039765,-0.718112,0.539024,-0.037013,-0.167957,0.621766,-0.433244,-0.331358,0.422110,0.017753,-0.388615,0.508903,0.010417
-0.081957,0.356248,-0.289584,-1.324004,0.177455,-0.286697,-0.501613,0.328584,-0.125029,-0.388729,0.356469,-0.128979,-0.973770,0.340664,-0.262304,-0.112882,0.252330,0.012401,-0.348839,0.279413,-0.038896,0.830318,0.553095,-0.296659,-0.233151,0.463819,-0.018863,-0.696771,0.617001,-0.198411,-0.697332,0.609911,-0.194740,-0.142547,0.676967,-0.515909,-0.294841,0.469891,0.006436,-0.364220,0.572738,0.004263
-0.093739,0.370819,-0.297458,-1.410373,0.162773,-0.299933,-0.584054,0.314723,-0.135341,-0.401363,0.359140,-0.141861,-1.044547,0.319989,-0.277518,-0.197732,0.234254,0.002808,-0.444783,0.263862,-0.054159,0.855311,0.498256,-0.272688,-0.309020,0.345360,0.021709,-0.679898,0.481399,-0.179637,-0.680129,0.478570,-0.178149,-0.189356,0.608669,-0.517065,-0.324857,0.405252,0.036488,-0.398986,0.514442,0.037071
-0.107309,0.399648,-0.290557,-1.468355,0.166129,-0.297011,-0.581729,0.332981,-0.133852,-0.369747,0.383598,-0.141544,-1.118151,0.310177,-0.277594,-0.316457,0.226659,0.017475,-0.557484,0.258959,-0.047779,0.854064,0.486044,-0.252257,-0.354452,0.283482,0.044511,-0.623235,0.396495,-0.171562,-0.623235,0.396488,-0.171558,-0.217512,0.585687,-0.511026,-0.328473,0.394847,0.061424,-0.405021,0.507113,0.064009
-0.114453,0.429474,-0.270663,-1.468017,0.189950,-0.277425,-0.494693,0.378008,-0.119204,-0.308612,0.421684,-0.126021,-1.156523,0.319845,-0.261048,-0.408655,0.239292,0.051324,-0.629490,0.272949,-0.020776,0.829861,0.520952,-0.245047,-0.343534,0.308028,0.040993,-0.551869,0.405834,-0.173517,-0.551870,0.405825,-0.173513,-0.209921,0.623107,-0.497373,-0.299252,0.445833,0.072088,-0.374598,0.556438,0.075431
-0.125878,0.437362,-0.248192,-1.440695,0.210877,-0.252014,-0.533115,0.381743,-0.079788,-0.361949,0.421256,-0.086113,-1.177839,0.312082,-0.240987,-0.531046,0.235046,0.099230,-0.686123,0.263866,0.032820,0.755827,0.511992,-0.243406,-0.299026,0.301410,0.010661,-0.446883,0.375350,-0.158783,-0.446883,0.375352,-0.158784,-0.175514,0.613953,-0.468296,-0.245611,0.455050,0.062908,-0.314586,0.556997,0.065386
-0.129251,0.425799,-0.220675,-1.378308,0.227668,-0.219290,-0.557392,0.377882,-0.030919,-0.409543,0.411623,-0.036517,-1.165014,0.291660,-0.214335,-0.624846,0.221696,0.139562,-0.698716,0.245588,0.077347,0.667493,0.491107,-0.241116,-0.236886,0.286224,-0.028658,-0.345906,0.339163,-0.138655,-0.345900,0.339213,-0.138680,-0.127684,0.586434,-0.431762,-0.181919,0.447628,0.039133,-0.240966,0.536288,0.039324
-0.111760,0.397094,-0.186215,-1.273338,0.239445,-0.179185,-0.427231,0.397022,0.011220,-0.330361,0.418942,0.007438,-1.101140,0.263535,-0.179835,-0.630978,0.204643,0.149330,-0.638244,0.229851,0.075391,0.602229,0.489583,-0.232209,-0.171365,0.282597,-0.058061,-0.284769,0.329326,-0.123460,-0.284752,0.329487,-0.123543,-0.078655,0.571860,-0.395890,-0.120881,0.452858,0.006632,-0.168182,0.525996,0.003092
-0.096382,0.359043,-0.160269,-1.160293,0.225791,-0.151067,-0.454548,0.354975,0.041295,-0.370811,0.373871,0.037896,-1.004069,0.221130,-0.155281,-0.608150,0.173570,0.139956,-0.542759,0.195043,0.069622,0.497093,0.472062,-0.205502,-0.117223,0.250531,-0.081885,-0.229658,0.288674,-0.101425,-0.229583,0.289379,-0.101790,-0.044930,0.524017,-0.340201,-0.095137,0.417816,-0.037120,-0.127419,0.470937,-0.045836
-0.089932,0.331853,-0.154176,-1.095109,0.198301,-0.145062,-0.625489,0.278091,0.048739,-0.510449,0.303985,0.043917,-0.921499,0.189634,-0.150243,-0.567343,0.149920,0.119521,-0.459648,0.164456,0.066327,0.405375,0.446415,-0.173112,-0.100635,0.205120,-0.087105,-0.207067,0.236960,-0.082485,-0.206912,0.238369,-0.083210,-0.042380,0.469916,-0.290620,-0.116468,0.362472,-0.068769,-0.137918,0.401099,-0.081348
-0.080820,0.285935,-0.114897,-0.962692,0.188141,-0.103750,-0.665042,0.233541,0.083422,-0.507276,0.275490,0.048290,-0.782370,0.137955,-0.113266,-0.466823,0.109831,0.084096,-0.373211,0.115577,0.058988,0.275727,0.362142,-0.081421,-0.081878,0.112384,-0.042900,-0.131990,0.125500,-0.031211,-0.131934,0.126013,-0.031475,-0.054643,0.348592,-0.178465,-0.125435,0.266120,-0.055798,-0.130842,0.282982,-0.074761
-0.064925,0.238088,-0.061698,-0.803427,0.174262,-0.049933,-0.596889,0.203065,0.125423,-0.418850,0.258695,0.049379,-0.635381,0.090696,-0.061880,-0.358589,0.072588,0.055956,-0.300408,0.072831,0.050538,0.154175,0.279980,0.014582,-0.067407,0.032735,0.011720,-0.050932,0.026210,0.017933,-0.050998,0.025643,0.018214,-0.054770,0.228154,-0.061785,-0.114846,0.175188,-0.028247,-0.105304,0.171598,-0.053469
-0.037415,0.205592,-0.012981,-0.657028,0.139103,-0.003627,-0.445143,0.172375,0.157989,-0.302873,0.227733,0.049249,-0.528192,0.075603,-0.012542,-0.294082,0.063556,0.058369,-0.257531,0.066938,0.045303,0.087747,0.259159,0.060389,-0.062903,0.026319,0.039249,-0.009227,0.011170,0.032090,-0.009271,0.010773,0.032290,-0.014564,0.178228,0.003344,-0.076057,0.137158,-0.014863,-0.058818,0.123033,-0.043394
-0.028941,0.182514,0.012625,-0.537337,0.083579,0.017465,-0.429006,0.095856,0.171461,-0.288572,0.155122,0.045307,-0.427684,0.044169,0.010737,-0.259185,0.036429,0.054785,-0.263839,0.042712,0.036110,-0.011038,0.278832,0.077978,-0.086190,0.084407,0.044336,-0.006663,0.066871,0.012987,-0.006723,0.066350,0.013247,0.041772,0.166649,0.052424,-0.019583,0.137731,-0.012478,0.004471,0.114410,-0.044182
-0.043523,0.180818,0.003183,-0.503962,0.037146,0.004780,-0.556443,0.013714,0.160862,-0.382902,0.078913,0.041141,-0.384049,0.013491,-0.001755,-0.271632,0.006776,0.049184,-0.316504,0.014241,0.029671,-0.092483,0.329291,0.059697,-0.125525,0.178152,0.025435,-0.044533,0.165564,-0.029120,-0.044639,0.164686,-0.028694,0.086452,0.199918,0.061476,0.026566,0.177402,-0.021789,0.053084,0.150898,-0.055021
-0.022759,0.126788,0.044948,-0.293981,0.038352,0.046201,-0.374856,0.012769,0.148172,-0.252129,0.066192,0.029897,-0.237713,0.010969,0.041468,-0.164252,0.010453,0.025472,-0.237713,0.025717,-0.016269,-0.215275,0.165352,0.130260,-0.138119,0.080136,0.080302,-0.007325,0.051386,0.027604,-0.007375,0.050962,0.027809,0.049799,0.033080,0.152444,-0.006535,0.019616,0.048271,0.023015,-0.011157,0.013769
0.003636,0.058540,0.091558,-0.056296,0.047205,0.092289,-0.141017,0.024449,0.136136,-0.084256,0.063726,0.015590,-0.073281,0.011762,0.089927,-0.051647,0.018150,-0.001104,-0.129256,0.041420,-0.067336,-0.339249,-0.034919,0.193097,-0.140201,-0.050599,0.125217,0.023212,-0.094279,0.094851,0.023234,-0.094130,0.094784,0.006819,-0.159027,0.239721,-0.025768,-0.151640,0.122939,0.007306,-0.187072,0.087566
0.006078,0.014623,0.097709,0.059722,0.025142,0.097085,-0.112780,-0.017901,0.130619,-0.067893,0.019722,0.005750,0.024134,-0.007707,0.095622,-0.049453,0.002316,-0.012518,-0.093958,0.027295,-0.086562,-0.423927,-0.090545,0.156083,-0.148741,-0.052796,0.080096,-0.036476,-0.088773,0.086307,-0.036461,-0.088628,0.086236,0.031904,-0.200549,0.237249,0.059802,-0.149892,0.127911,0.096166,-0.189489,0.091532
0.014441,-0.037805,0.104813,0.204564,0.002400,0.102848,-0.064028,-0.062952,0.119987,-0.030877,-0.027729,-0.006355,0.160298,-0.036571,0.101423,-0.028707,-0.021688,-0.029835,-0.022469,0.004021,-0.110054,-0.512615,-0.143581,0.130151,-0.115744,-0.042756,0.034609,-0.020114,-0.082643,0.081256,-0.019954,-0.081256,0.080584,0.062778,-0.243935,0.247021,0.151764,-0.148351,0.142744,0.191928,-0.192702,0.105019
0.024545,-0.072480,0.109486,0.305774,-0.009422,0.107022,-0.019184,-0.088004,0.109876,0.008226,-0.054628,-0.014374,0.267167,-0.060155,0.104637,0.000312,-0.041324,-0.044158,0.049580,-0.016196,-0.125905,-0.561032,-0.168485,0.128260,-0.057489,-0.026428,0.011665,0.064672,-0.079483,0.082678,0.065051,-0.076227,0.081107,0.084506,-0.266958,0.264335,0.204786,-0.147167,0.160029,0.247516,-0.194415,0.121324
0.033780,-0.121437,0.107852,0.424670,-0.033725,0.104817,0.022721,-0.130358,0.089598,0.055080,-0.097837,-0.025536,0.403632,-0.088316,0.101686,0.039134,-0.064585,-0.065392,0.137564,-0.041896,-0.143441,-0.630222,-0.225109,0.119641,-0.009465,-0.032440,-0.018432,0.136806,-0.098803,0.082003,0.137568,-0.092192,0.078816,0.092834,-0.320088,0.277282,0.240038,-0.177925,0.168560,0.277648,-0.221435,0.139467
0.040620,-0.166057,0.100885,0.546948,-0.055692,0.097340,0.059240,-0.173203,0.073071,0.105726,-0.140939,-0.025529,0.531826,-0.114459,0.093525,0.081678,-0.085797,-0.086183,0.220943,-0.065879,-0.159085,-0.701399,-0.282277,0.105759,0.020816,-0.045513,-0.050208,0.186155,-0.122212,0.074874,0.187263,-0.112443,0.070197,0.095432,-0.371671,0.284804,0.267300,-0.208071,0.168890,0.295704,-0.244587,0.155060
0.043162,-0.188158,0.089150,0.658348,-0.061171,0.085064,0.087872,-0.201075,0.073353,0.156171,-0.168736,-0.000853,0.613979,-0.132929,0.080343,0.121889,-0.101138,-0.100574,0.279385,-0.082777,-0.170534,-0.756647,-0.308917,0.088058,0.024949,-0.049367,-0.078534,0.201573,-0.130675,0.056720,0.202816,-0.119625,0.051516,0.099512,-0.391639,0.284869,0.295934,-0.206316,0.160851,0.314696,-0.235806,0.162889
0.042124,-0.216860,0.080934,0.788119,-0.071465,0.076279,0.130443,-0.234689,0.070202,0.217441,-0.203579,0.023913,0.706533,-0.159277,0.070162,0.165713,-0.123972,-0.108725,0.345969,-0.105984,-0.179940,-0.815116,-0.352645,0.063166,0.041922,-0.064015,-0.116868,0.225601,-0.148344,0.027640,0.226920,-0.136361,0.021983,0.102631,-0.435693,0.275419,0.338525,-0.216871,0.142859,0.351745,-0.243603,0.156390
0.038258,-0.237560,0.080688,0.871308,-0.080324,0.076045,0.165755,-0.256232,0.065914,0.258966,-0.227083,0.037101,0.763255,-0.179249,0.068372,0.191303,-0.141059,-0.105799,0.387382,-0.122041,-0.181925,-0.846947,-0.392209,0.043241,0.064292,-0.084102,-0.145653,0.247362,-0.168106,0.002510,0.248655,-0.156005,-0.003292,0.103875,-0.479416,0.262001,0.374473,-0.232033,0.125054,0.389163,-0.261524,0.139925
0.052283,-0.275467,0.083837,0.978397,-0.077703,0.082491,0.253278,-0.259252,0.068855,0.390034,-0.220446,0.046853,0.853081,-0.202853,0.071058,0.249776,-0.159604,-0.114673,0.457728,-0.138915,-0.197238,-0.866618,-0.413534,0.046348,0.103645,-0.095438,-0.154736,0.308939,-0.181169,-0.024901,0.309876,-0.172119,-0.029350,0.126212,-0.514749,0.270255,0.403900,-0.255958,0.110004,0.420225,-0.288501,0.126341
0.078077,-0.306843,0.092996,1.118797,-0.057056,0.097197,0.448779,-0.223771,0.068985,0.525748,-0.197003,0.034980,0.953556,-0.205146,0.082230,0.313595,-0.154882,-0.122980,0.523886,-0.133013,-0.209578,-0.885290,-0.424299,0.057364,0.127011,-0.110707,-0.155127,0.399764,-0.212351,-0.037587,0.410501,-0.206718,-0.042819,0.160870,-0.538825,0.288512,0.444980,-0.269194,0.103359,0.462969,-0.304793,0.121205
0.108986,-0.308037,0.109542,1.301111,-0.012142,0.119316,0.807237,-0.128098,0.052847,0.580579,-0.169876,-0.019840,1.041221,-0.161862,0.104476,0.354560,-0.103546,-0.119623,0.551950,-0.082122,-0.203858,-0.913963,-0.431137,0.058722,0.101482,-0.142065,-0.158433,0.509354,-0.285185,-0.018608,0.550534,-0.280504,-0.030401,0.197810,-0.549742,0.303767,0.514335,-0.252844,0.110393,0.533881,-0.291243,0.129596
0.113246,-0.329097,0.104630,1.396598,-0.030531,0.117312,0.929512,-0.138252,0.046597,0.604263,-0.209084,-0.011031,1.139184,-0.174527,0.100019,0.435140,-0.115549,-0.098999,0.586061,-0.093732,-0.179641,-0.958494,-0.432132,0.032447,0.074932,-0.135723,-0.184580,0.556271,-0.295767,-0.050435,0.612192,-0.294930,-0.064387,0.142249,-0.539562,0.277435,0.546132,-0.168351,0.061410,0.581042,-0.208165,0.088717
0.089588,-0.359782,0.081710,1.358952,-0.102837,0.090720,0.756384,-0.252073,0.051596,0.586737,-0.297093,0.055256,1.199896,-0.235953,0.070127,0.516361,-0.184419,-0.072367,0.610532,-0.161359,-0.149872,-0.996273,-0.427539,-0.006017,0.062280,-0.098812,-0.220328,0.518882,-0.244210,-0.118830,0.566407,-0.248351,-0.129721,0.023008,-0.512142,0.223924,0.526413,-0.058941,-0.020498,0.582918,-0.098072,0.017450
0.097119,-0.427580,0.063248,1.377497,-0.184122,0.071396,0.698754,-0.342472,-0.017728,0.603840,-0.374642,0.013248,1.239441,-0.302696,0.050926,0.546349,-0.250533,-0.079620,0.609163,-0.226486,-0.155722,-0.932890,-0.532139,-0.009087,0.149942,-0.185331,-0.224830,0.587060,-0.318151,-0.158441,0.625758,-0.326401,-0.165189,0.047023,-0.614366,0.208826,0.577278,-0.142529,-0.049881,0.637066,-0.183145,-0.010412
0.114807,-0.488614,0.057033,1.409731,-0.247110,0.066132,0.702473,-0.393274,-0.094245,0.625842,-0.422919,-0.053534,1.257233,-0.356274,0.046367,0.554192,-0.299035,-0.094859,0.603806,-0.278084,-0.160708,-0.828130,-0.639989,0.006011,0.261772,-0.287100,-0.206648,0.672931,-0.406421,-0.173946,0.699951,-0.417598,-0.175855,0.120404,-0.724826,0.214531,0.636471,-0.270060,-0.042827,0.688254,-0.313442,-0.007018
0.120841,-0.499561,0.067219,1.413199,-0.264989,0.076414,0.715082,-0.396132,-0.117980,0.624659,-0.431362,-0.068845,1.252675,-0.378116,0.054566,0.568812,-0.316278,-0.098745,0.616331,-0.305737,-0.134641,-0.743734,-0.644566,0.021824,0.319442,-0.296552,-0.181160,0.686976,-0.398632,-0.178785,0.697017,-0.411262,-0.175765,0.148446,-0.724509,0.217379,0.640650,-0.296203,-0.025794,0.680466,-0.342897,0.004526
0.137364,-0.506759,0.087365,1.392385,-0.281656,0.096954,0.724164,-0.386752,-0.145513,0.636493,-0.425368,-0.078273,1.203928,-0.388788,0.076134,0.560466,-0.319006,-0.105447,0.636991,-0.322840,-0.103855,-0.635442,-0.623350,0.066442,0.359509,-0.320913,-0.125165,0.659852,-0.396624,-0.173304,0.644679,-0.411491,-0.162876,0.140267,-0.708146,0.231128,0.583863,-0.324015,0.000315,0.601398,-0.379779,0.021307
0.156790,-0.505907,0.109930,1.358283,-0.286271,0.121627,0.725190,-0.365638,-0.158550,0.655449,-0.403791,-0.072549,1.135983,-0.380812,0.103911,0.533624,-0.302570,-0.107086,0.655746,-0.317621,-0.079408,-0.556809,-0.587750,0.119367,0.363054,-0.349963,-0.064374,0.606310,-0.403448,-0.157703,0.570261,-0.420190,-0.141080,0.101024,-0.681261,0.252016,0.496360,-0.338646,0.024059,0.492527,-0.404729,0.036661
0.145833,-0.464836,0.140721,1.226625,-0.298699,0.143337,0.645760,-0.354831,-0.149724,0.600975,-0.387062,-0.060809,0.978680,-0.353229,0.137233,0.438533,-0.276711,-0.066451,0.601307,-0.285853,-0.061551,-0.409047,-0.520025,0.145917,0.360740,-0.373917,-0.016990,0.531405,-0.406986,-0.116770,0.465897,-0.416336,-0.095816,0.082948,-0.614700,0.237689,0.372838,-0.356539,0.007324,0.363595,-0.418202,0.016380
0.122463,-0.407345,0.172599,1.057583,-0.311497,0.160224,0.541168,-0.347384,-0.130136,0.516751,-0.372208,-0.050158,0.797772,-0.314182,0.170261,0.323623,-0.244734,-0.012578,0.498818,-0.239755,-0.049883,-0.252335,-0.436206,0.162821,0.339410,-0.387951,0.025571,0.435190,-0.402439,-0.060811,0.359950,-0.403207,-0.041244,0.059336,-0.529888,0.211286,0.230790,-0.365370,-0.021193,0.226685,-0.414332,-0.012158
0.105170,-0.356819,0.201303,0.911900,-0.317266,0.176219,0.466235,-0.334765,-0.103780,0.446062,-0.354575,-0.040486,0.659695,-0.271274,0.201502,0.237763,-0.206525,0.030698,0.374033,-0.188583,-0.038735,-0.146867,-0.353083,0.188504,0.286691,-0.389526,0.074274,0.318245,-0.388392,0.002013,0.281336,-0.387433,0.010953,0.004009,-0.445637,0.198861,0.088443,-0.350777,-0.031541,0.094862,-0.385323,-0.020249
0.083991,-0.279526,0.216468,0.688062,-0.299836,0.180356,0.341714,-0.300988,-0.066864,0.325597,-0.313495,-0.030493,0.467071,-0.211671,0.218622,0.147984,-0.153860,0.057505,0.206711,-0.127699,-0.025819,0.000183,-0.234461,0.206829,0.199445,-0.373733,0.130610,0.165260,-0.356650,0.072976,0.157714,-0.355238,0.074239,-0.068116,-0.319449,0.167206,-0.095861,-0.313737,-0.056105,-0.084231,-0.335309,-0.044970
0.069939,-0.213609,0.211590,0.498219,-0.266700,0.172354,0.229881,-0.260744,-0.035721,0.215622,-0.267282,-0.023041,0.316593,-0.164051,0.214355,0.099522,-0.111326,0.055970,0.080996,-0.085968,-0.016011,0.115593,-0.139372,0.209467,0.122224,-0.348744,0.168018,0.053746,-0.323627,0.118176,0.051861,-0.323227,0.118462,-0.120411,-0.213423,0.133401,-0.229139,-0.272506,-0.081310,-0.220203,-0.289067,-0.072548
0.064755,-0.102586,0.150840,0.252607,-0.157836,0.122589,0.108262,-0.140490,-0.028250,0.019312,-0.166472,-0.013550,0.137474,-0.088079,0.151558,0.099418,-0.044892,0.001115,-0.036806,-0.021711,-0.050829,0.274432,0.016488,0.155545,0.017270,-0.239795,0.172090,-0.096499,-0.204284,0.132985,-0.096480,-0.204112,0.132903,-0.163706,-0.016133,0.042756,-0.334318,-0.128259,-0.132148,-0.329013,-0.138091,-0.126808
0.054484,0.006136,0.077023,0.020496,-0.046123,0.061429,0.011622,-0.015380,-0.031888,-0.142518,-0.059000,-0.011993,-0.035425,-0.017673,0.074483,0.113180,0.009409,-0.045826,-0.132030,0.033699,-0.087604,0.419591,0.160387,0.074324,-0.091476,-0.109853,0.153951,-0.251461,-0.063371,0.121836,-0.251435,-0.063141,0.121725,-0.205171,0.184798,-0.068748,-0.409087,0.041901,-0.191300,-0.407139,0.038277,-0.189287
0.026427,0.066620,0.033082,-0.127874,-0.000774,0.018677,-0.023764,0.043840,-0.034378,-0.147332,0.011132,-0.028279,-0.166864,0.015606,0.027589,0.106501,0.018145,-0.022829,-0.190315,0.050440,-0.082535,0.495459,0.221189,-0.004997,-0.179305,-0.018718,0.124006,-0.376353,0.037515,0.088767,-0.376343,0.037601,0.088725,-0.250422,0.300833,-0.164240,-0.448760,0.158267,-0.240775,-0.448717,0.158184,-0.240727
0.004825,0.141284,-0.025956,-0.345363,0.066251,-0.033048,-0.083879,0.136700,-0.048405,-0.170162,0.115777,-0.052677,-0.326857,0.087173,-0.026548,0.082535,0.065689,-0.008770,-0.221679,0.098504,-0.070063,0.590747,0.306991,-0.079466,-0.282252,0.103098,0.109482,-0.511768,0.169273,0.061105,-0.511778,0.169183,0.061149,-0.321315,0.451031,-0.264955,-0.499826,0.318584,-0.279008,-0.502037,0.322746,-0.281389
0.000700,0.193040,-0.070238,-0.522949,0.122407,-0.067965,-0.138307,0.217428,-0.067180,-0.199298,0.203388,-0.073242,-0.435146,0.162035,-0.061020,0.053508,0.128897,-0.010883,-0.210236,0.154766,-0.056357,0.657966,0.374904,-0.111655,-0.347767,0.193594,0.119002,-0.588890,0.264647,0.053884,-0.588913,0.264438,0.053991,-0.381563,0.562378,-0.320847,-0.535790,0.444675,-0.286688,-0.539482,0.451670,-0.290729
0.000598,0.216129,-0.124342,-0.694179,0.144664,-0.115570,-0.172090,0.268357,-0.101182,-0.224161,0.255921,-0.103814,-0.581619,0.225104,-0.100242,-0.036243,0.181606,-0.017941,-0.227603,0.201316,-0.053817,0.812312,0.348865,-0.149840,-0.301770,0.176867,0.114586,-0.507603,0.237625,0.056823,-0.507623,0.237445,0.056916,-0.289586,0.553239,-0.374212,-0.487641,0.393739,-0.228816,-0.498945,0.415265,-0.241340
-0.004263,0.225457,-0.176356,-0.852828,0.140914,-0.167067,-0.217964,0.283464,-0.130059,-0.236565,0.277582,-0.124028,-0.710801,0.265668,-0.142380,-0.115031,0.210508,-0.019249,-0.247025,0.226204,-0.050285,0.963622,0.321594,-0.197588,-0.217809,0.167516,0.088297,-0.439400,0.232546,0.028594,-0.439411,0.232455,0.028640,-0.171952,0.529448,-0.436012,-0.414057,0.326615,-0.174634,-0.434744,0.364917,-0.194613
-0.022790,0.235752,-0.213775,-0.991979,0.116932,-0.211972,-0.309077,0.256357,-0.130824,-0.228600,0.271655,-0.111031,-0.766979,0.270179,-0.182717,-0.111543,0.199622,-0.000481,-0.242145,0.214944,-0.030413,1.022121,0.387840,-0.262088,-0.166723,0.283587,0.035630,-0.553034,0.397606,-0.068032,-0.553036,0.397577,-0.068017,-0.155089,0.597243,-0.516453,-0.373622,0.405205,-0.192237,-0.401200,0.453139,-0.210532
-0.054918,0.278349,-0.231692,-1.133862,0.139018,-0.233580,-0.404613,0.280823,-0.123803,-0.279437,0.301487,-0.080638,-0.879978,0.296830,-0.204597,-0.195260,0.221079,0.005081,-0.324009,0.237830,-0.029488,1.027269,0.396245,-0.270513,-0.168582,0.309375,0.035616,-0.601035,0.442393,-0.103692,-0.601034,0.442400,-0.103696,-0.171999,0.592694,-0.537536,-0.351197,0.421615,-0.151191,-0.385346,0.478788,-0.167200
-0.083497,0.332690,-0.219786,-1.206500,0.198172,-0.220306,-0.455302,0.345433,-0.112607,-0.362297,0.353425,-0.048121,-0.992409,0.334809,-0.196309,-0.323356,0.265879,-0.004677,-0.450701,0.285223,-0.047339,0.976255,0.343322,-0.214690,-0.223388,0.229376,0.088908,-0.560277,0.339657,-0.062381,-0.560278,0.339653,-0.062379,-0.213343,0.522308,-0.489117,-0.357872,0.371382,-0.072734,-0.394997,0.432725,-0.087067
-0.098476,0.369061,-0.201706,-1.267020,0.214294,-0.206579,-0.447421,0.377333,-0.100376,-0.398528,0.373240,-0.029171,-1.055816,0.339371,-0.185425,-0.333519,0.269849,0.007575,-0.472520,0.290237,-0.036562,0.925896,0.371390,-0.174627,-0.264024,0.221091,0.119598,-0.513818,0.310033,-0.042747,-0.513818,0.310030,-0.042746,-0.234783,0.501587,-0.459672,-0.340105,0.375031,-0.025903,-0.378131,0.437811,-0.039579
-0.104214,0.378452,-0.186192,-1.323673,0.193669,-0.196435,-0.467048,0.365259,-0.091390,-0.410060,0.363227,-0.022309,-1.082574,0.309117,-0.178244,-0.286539,0.237525,0.021854,-0.442962,0.258490,-0.021522,0.895956,0.404296,-0.148541,-0.277357,0.211496,0.134862,-0.453952,0.280719,-0.024713,-0.453951,0.280728,-0.024717,-0.233260,0.484914,-0.441384,-0.312141,0.374941,-0.004526,-0.349881,0.437472,-0.017877
-0.105423,0.352125,-0.182668,-1.385231,0.143883,-0.195460,-0.600540,0.299493,-0.092537,-0.418738,0.326569,-0.029005,-1.085576,0.243763,-0.182127,-0.243226,0.173134,0.015714,-0.415636,0.195251,-0.028900,0.904659,0.364931,-0.132785,-0.253277,0.126669,0.139090,-0.375517,0.177804,0.008126,-0.375512,0.177842,0.008108,-0.204860,0.427066,-0.428826,-0.287550,0.314270,-0.004842,-0.324635,0.375930,-0.017729
-0.106037,0.344184,-0.153677,-1.379894,0.141469,-0.163785,-0.630278,0.290422,-0.066131,-0.393702,0.332748,-0.019563,-1.087985,0.207906,-0.157309,-0.260612,0.140603,0.040238,-0.426991,0.162559,-0.004682,0.874265,0.364830,-0.098740,-0.200729,0.092621,0.144789,-0.272158,0.125377,0.048864,-0.272152,0.125423,0.048840,-0.152886,0.390783,-0.384286,-0.247429,0.271254,0.015499,-0.283371,0.331343,0.002918
-0.104577,0.358976,-0.111728,-1.308464,0.189264,-0.116071,-0.539830,0.344176,-0.024903,-0.346121,0.380795,0.001823,-1.086826,0.221407,-0.114672,-0.328613,0.160015,0.084683,-0.469885,0.180398,0.040641,0.820828,0.403196,-0.061862,-0.144158,0.124089,0.150829,-0.193607,0.147899,0.079025,-0.193604,0.147930,0.079006,-0.101953,0.397527,-0.327721,-0.210010,0.269410,0.048034,-0.244880,0.328025,0.035654
-0.097821,0.351473,-0.080314,-1.238455,0.209665,-0.080343,-0.507802,0.357266,0.008870,-0.354076,0.394203,-0.006789,-1.058274,0.217781,-0.082086,-0.406168,0.165869,0.105225,-0.512623,0.185384,0.058532,0.751844,0.413356,-0.034917,-0.095402,0.119049,0.142685,-0.147855,0.139035,0.106807,-0.147850,0.139092,0.106774,-0.036073,0.377011,-0.271347,-0.177904,0.228527,0.061626,-0.210552,0.284047,0.048973
-0.097330,0.330339,-0.056894,-1.173168,0.201744,-0.055220,-0.507992,0.334349,0.047168,-0.386247,0.373311,-0.008924,-1.020597,0.194328,-0.058552,-0.470471,0.150899,0.118447,-0.552618,0.170576,0.067210,0.671534,0.399401,-0.016705,-0.065508,0.094313,0.128169,-0.124101,0.111086,0.126310,-0.124050,0.111521,0.126075,0.014787,0.345601,-0.220586,-0.154488,0.183144,0.056982,-0.182342,0.232030,0.042905
-0.114276,0.304217,-0.038048,-1.114923,0.165180,-0.037336,-0.513690,0.280856,0.104044,-0.410687,0.318956,0.033927,-0.991258,0.149045,-0.041171,-0.498431,0.109975,0.143315,-0.586954,0.131121,0.087143,0.583992,0.364671,-0.005133,-0.065094,0.065351,0.116133,-0.110915,0.075495,0.132931,-0.110738,0.076977,0.132146,0.021302,0.321404,-0.179364,-0.142213,0.170245,0.037094,-0.161288,0.207019,0.019857
-0.116195,0.280289,-0.029678,-1.007194,0.132231,-0.029422,-0.501597,0.227010,0.137780,-0.425130,0.261381,0.059363,-0.923310,0.118440,-0.032418,-0.503586,0.086719,0.136672,-0.575614,0.109270,0.072549,0.478890,0.311506,-0.007989,-0.075353,0.024392,0.088898,-0.160935,0.039292,0.142049,-0.160263,0.044923,0.139126,0.052063,0.282094,-0.139059,-0.109547,0.139479,0.022391,-0.121245,0.166095,0.002482
-0.101816,0.270926,-0.035158,-0.903929,0.121167,-0.034644,-0.477694,0.201064,0.132130,-0.422181,0.230569,0.055235,-0.850733,0.119459,-0.036069,-0.483321,0.094502,0.103026,-0.524164,0.117791,0.031933,0.409256,0.265967,-0.022846,-0.090674,-0.009615,0.060297,-0.248924,0.018657,0.148876,-0.247637,0.029473,0.143316,0.091945,0.248933,-0.119128,-0.072682,0.106469,0.020049,-0.082063,0.130009,-0.000588
-0.090332,0.232990,-0.032768,-0.766932,0.079213,-0.032962,-0.401600,0.147920,0.133120,-0.359077,0.176545,0.047425,-0.733551,0.085695,-0.033544,-0.383969,0.065401,0.075714,-0.406873,0.088283,0.003125,0.322895,0.244946,-0.018156,-0.052949,-0.012244,0.032304,-0.180891,0.005110,0.130315,-0.179473,0.017071,0.124180,0.128267,0.216489,-0.082904,-0.004958,0.102424,0.016756,-0.007189,0.116150,-0.006595
-0.079494,0.184153,-0.022531,-0.619895,0.038956,-0.023003,-0.244306,0.113365,0.128110,-0.219815,0.138891,0.038681,-0.604353,0.048529,-0.023176,-0.255301,0.031418,0.056429,-0.270009,0.053311,-0.013967,0.242020,0.218237,-0.005896,0.003120,-0.030012,0.006119,-0.070509,-0.031749,0.122284,-0.068647,-0.016813,0.115454,0.158881,0.175080,-0.043209,0.064285,0.095504,0.016609,0.069707,0.098598,-0.009587
-0.066704,0.142090,-0.003674,-0.485800,0.033733,-0.002846,0.024077,0.144229,0.104484,0.012374,0.158110,0.031808,-0.495040,0.040101,-0.002713,-0.146518,0.025693,0.047129,-0.159304,0.046286,-0.019180,0.188675,0.155089,0.003175,0.042865,-0.110440,-0.017158,-0.032380,-0.124414,0.159163,-0.028980,-0.098803,0.149354,0.181907,0.115370,-0.011443,0.105872,0.053521,0.023891,0.115221,0.051020,-0.003313
-0.051379,0.099036,0.009402,-0.359057,0.019992,0.010542,0.112110,0.124539,0.093389,0.095798,0.137408,0.022961,-0.367221,0.025245,0.010710,-0.041927,0.013450,0.036167,-0.042561,0.032741,-0.026676,0.118936,0.102040,0.014440,0.060790,-0.137416,-0.026611,0.021903,-0.167866,0.175521,0.025416,-0.139564,0.163144,0.200403,0.045633,0.019312,0.180793,0.027100,0.039983,0.196007,0.016680,0.010111
-0.041131,0.076713,0.010529,-0.303302,0.005128,0.011634,-0.024605,0.065137,0.101883,-0.011610,0.088109,0.017973,-0.285039,0.011895,0.011390,0.005980,0.001726,0.030430,0.021724,0.020380,-0.031326,0.067883,0.085608,0.022474,0.048168,-0.097824,-0.016985,0.066078,-0.140139,0.164146,0.068265,-0.118470,0.150845,0.205285,0.001122,0.033465,0.251729,0.029459,0.056831,0.271819,0.012908,0.023906
-0.034725,0.036160,0.013210,-0.227327,-0.010161,0.014563,-0.225907,-0.016179,0.121865,-0.174464,0.018880,0.024935,-0.190280,-0.023395,0.012951,-0.008426,-0.030198,0.034299,0.019987,-0.013433,-0.021909,-0.029997,0.052071,0.037088,0.026534,-0.067821,-0.009744,0.113485,-0.122537,0.141524,0.115070,-0.106240,0.131264,0.164939,-0.042896,0.060187,0.255567,0.021226,0.066436,0.269228,0.008188,0.048106
-0.023736,-0.004308,0.016714,-0.120227,-0.017542,0.017946,-0.338204,-0.076493,0.133346,-0.260577,-0.034971,0.033085,-0.082426,-0.053902,0.015269,-0.034925,-0.056362,0.034200,0.006572,-0.041594,-0.016581,-0.137532,0.013672,0.046694,0.013235,-0.042984,-0.012665,0.158837,-0.107326,0.113211,0.160182,-0.094839,0.106708,0.123320,-0.081082,0.087813,0.241486,0.008657,0.070037,0.246994,0.000521,0.068674
0.000231,-0.026318,0.020361,0.028738,-0.008538,0.020595,-0.208340,-0.071444,0.116265,-0.138245,-0.035609,0.032029,0.038866,-0.052770,0.018235,-0.023277,-0.050861,0.016733,0.035891,-0.036770,-0.033235,-0.217457,-0.017258,0.039607,0.025719,-0.018905,-0.033846,0.196310,-0.087695,0.084505,0.197459,-0.077091,0.079228,0.124275,-0.108370,0.104054,0.258545,-0.002637,0.068823,0.263802,-0.012204,0.071227
0.013489,-0.061009,0.018392,0.196460,-0.016562,0.016904,-0.104387,-0.095394,0.106233,-0.029713,-0.060554,0.030999,0.178350,-0.071245,0.014598,0.003285,-0.064884,-0.008334,0.076604,-0.050490,-0.060389,-0.334685,-0.065772,0.027658,0.030792,-0.001270,-0.065917,0.209288,-0.069019,0.040167,0.210139,-0.061207,0.036442,0.104326,-0.149071,0.121572,0.246496,-0.031406,0.060884,0.252279,-0.043359,0.066432
0.009444,-0.091052,0.011863,0.299049,-0.037604,0.008837,-0.078118,-0.136959,0.108415,0.010894,-0.098047,0.030584,0.266271,-0.100073,0.006220,0.031511,-0.091218,-0.028333,0.108357,-0.075676,-0.084310,-0.430439,-0.107696,0.017024,0.026025,0.000570,-0.092911,0.191371,-0.061200,0.002167,0.191966,-0.055688,-0.000444,0.073569,-0.182226,0.131548,0.211435,-0.062727,0.050094,0.218260,-0.076795,0.056577
0.029613,-0.130215,0.011540,0.444387,-0.043135,0.007907,-0.025773,-0.167119,0.108286,0.086937,-0.117688,0.009696,0.398902,-0.116718,0.004780,0.068198,-0.102956,-0.060342,0.147309,-0.086460,-0.119560,-0.511907,-0.156100,0.011576,0.044736,-0.004849,-0.117699,0.217994,-0.065842,-0.034378,0.218322,-0.062789,-0.035817,0.069288,-0.225237,0.148728,0.201570,-0.105883,0.050478,0.209089,-0.121332,0.057563
0.053351,-0.165370,0.019177,0.588129,-0.043118,0.015862,0.038287,-0.188448,0.107715,0.169458,-0.128799,-0.015267,0.528088,-0.127165,0.011964,0.096657,-0.107031,-0.091422,0.181290,-0.089977,-0.153329,-0.581485,-0.202276,0.013509,0.066386,-0.017659,-0.134372,0.254759,-0.079505,-0.063837,0.254818,-0.078957,-0.064096,0.068156,-0.270519,0.169464,0.194888,-0.152232,0.057507,0.202896,-0.168619,0.065034
0.059943,-0.183550,0.035963,0.686262,-0.047752,0.032651,0.099681,-0.203113,0.106833,0.229563,-0.140407,-0.029698,0.605921,-0.137684,0.028086,0.100191,-0.111389,-0.110209,0.198132,-0.094197,-0.174331,-0.641870,-0.237550,0.025158,0.069971,-0.036974,-0.137231,0.266842,-0.097817,-0.080898,0.266638,-0.099721,-0.080008,0.046872,-0.311921,0.189315,0.169336,-0.194442,0.065902,0.177783,-0.211650,0.073834
0.066210,-0.214676,0.060017,0.811340,-0.066964,0.056427,0.199830,-0.228099,0.099543,0.315416,-0.167236,-0.042495,0.705723,-0.159481,0.051277,0.110559,-0.124478,-0.132617,0.222770,-0.107222,-0.199149,-0.711185,-0.293863,0.042032,0.079842,-0.073126,-0.137861,0.286928,-0.132168,-0.102476,0.286342,-0.137607,-0.099932,0.024706,-0.375566,0.216336,0.145327,-0.256837,0.078970,0.154412,-0.275249,0.087525
0.069279,-0.243033,0.079850,0.901133,-0.090177,0.076235,0.288983,-0.250410,0.090243,0.384411,-0.195240,-0.046507,0.777941,-0.180797,0.070581,0.122752,-0.137742,-0.146514,0.243068,-0.120628,-0.214510,-0.754555,-0.343662,0.055903,0.091801,-0.109762,-0.135618,0.305775,-0.167097,-0.117511,0.304874,-0.175387,-0.113633,0.013193,-0.427808,0.237951,0.135412,-0.306528,0.091024,0.145034,-0.325909,0.100134
0.090338,-0.269002,0.111163,1.052115,-0.095221,0.108194,0.530487,-0.230291,0.095979,0.501673,-0.204062,-0.050822,0.889395,-0.200222,0.100856,0.180938,-0.148407,-0.147821,0.313580,-0.131820,-0.216762,-0.812842,-0.301049,0.079499,0.100531,-0.002921,-0.114598,0.357597,-0.050845,-0.201802,0.354968,-0.075390,-0.190349,0.026328,-0.423892,0.268059,0.194649,-0.268616,0.118391,0.205608,-0.290546,0.128833
0.107107,-0.287652,0.138806,1.184687,-0.085823,0.138833,0.724824,-0.202708,0.102409,0.563445,-0.208441,-0.052637,0.979231,-0.210309,0.128513,0.235755,-0.150284,-0.141871,0.377155,-0.133827,-0.212351,-0.870551,-0.289457,0.106842,0.080562,0.047673,-0.090237,0.410638,-0.005997,-0.257119,0.416262,-0.044150,-0.241299,0.027986,-0.441600,0.299104,0.245647,-0.250628,0.152223,0.257819,-0.274728,0.163790
0.097254,-0.295025,0.146746,1.219782,-0.069040,0.151359,0.672674,-0.206550,0.092181,0.466076,-0.226894,-0.051779,0.986818,-0.206541,0.137926,0.237526,-0.141188,-0.135363,0.376277,-0.123845,-0.209314,-0.911126,-0.431635,0.127414,0.008531,-0.156760,-0.074439,0.438910,-0.249885,-0.177367,0.474280,-0.283076,-0.169943,-0.019582,-0.561824,0.323546,0.210239,-0.363590,0.184446,0.222459,-0.387533,0.196059
0.089145,-0.337366,0.146802,1.237080,-0.104211,0.154155,0.611916,-0.260212,0.078383,0.407286,-0.282648,-0.056866,1.025368,-0.240241,0.138268,0.295436,-0.174355,-0.110129,0.424352,-0.156305,-0.185975,-0.909709,-0.544748,0.124174,0.017838,-0.277825,-0.078525,0.477266,-0.385709,-0.139910,0.519652,-0.414196,-0.135936,-0.015269,-0.657634,0.327976,0.212990,-0.460691,0.187257,0.225333,-0.484620,0.199051
0.087846,-0.392723,0.140815,1.228598,-0.171231,0.147904,0.573887,-0.335004,0.069742,0.417441,-0.345560,-0.063474,1.076381,-0.291889,0.131326,0.381401,-0.229965,-0.076485,0.498176,-0.211685,-0.151711,-0.866625,-0.572411,0.102418,0.104505,-0.257390,-0.099752,0.505977,-0.350026,-0.165965,0.529039,-0.376392,-0.159045,0.040145,-0.676997,0.312404,0.253900,-0.489825,0.160805,0.266424,-0.513855,0.172841
0.086389,-0.404031,0.116074,1.191536,-0.191812,0.123353,0.517439,-0.366336,0.070464,0.428726,-0.367400,-0.027195,1.123847,-0.322291,0.101639,0.460048,-0.265690,-0.064797,0.521869,-0.244658,-0.141096,-0.847270,-0.532304,0.064459,0.131488,-0.181530,-0.130451,0.484579,-0.261911,-0.199995,0.491691,-0.281495,-0.192869,0.015321,-0.602597,0.272695,0.293351,-0.359684,0.073090,0.311111,-0.393412,0.090243
0.091881,-0.401215,0.081892,1.165474,-0.202878,0.088096,0.487932,-0.380346,0.040810,0.455931,-0.379312,-0.000880,1.145882,-0.338190,0.062787,0.507646,-0.286885,-0.065811,0.526500,-0.264346,-0.140618,-0.807635,-0.484510,0.029649,0.155679,-0.114089,-0.156755,0.466746,-0.184173,-0.231695,0.459641,-0.194495,-0.225712,0.006895,-0.521975,0.233280,0.341456,-0.231621,-0.016312,0.364215,-0.274562,0.005638
0.112320,-0.413720,0.048979,1.190782,-0.238556,0.050827,0.530354,-0.396866,-0.057273,0.513622,-0.406636,-0.035668,1.121307,-0.344748,0.031402,0.500696,-0.298251,-0.066075,0.543235,-0.279183,-0.133099,-0.702162,-0.490060,0.016997,0.235586,-0.117670,-0.161444,0.508143,-0.177689,-0.246156,0.486855,-0.178424,-0.241321,0.113612,-0.519566,0.221705,0.409669,-0.260000,-0.040792,0.431822,-0.301580,-0.019437
0.122527,-0.414381,0.026521,1.163054,-0.247969,0.028703,0.536215,-0.385419,-0.115188,0.540702,-0.397976,-0.056719,1.062763,-0.337745,0.012432,0.478145,-0.296710,-0.059618,0.542702,-0.284248,-0.108824,-0.570781,-0.479750,0.002475,0.300271,-0.114291,-0.158328,0.509870,-0.158453,-0.247162,0.474283,-0.151725,-0.242365,0.199233,-0.485519,0.200552,0.441530,-0.268541,-0.070109,0.462503,-0.307811,-0.049869
0.117680,-0.402265,0.026671,1.095901,-0.224544,0.034604,0.502764,-0.351875,-0.101775,0.524024,-0.357906,-0.051272,0.999526,-0.318463,0.015869,0.451309,-0.279890,-0.048264,0.525137,-0.273811,-0.078515,-0.478564,-0.459239,-0.005572,0.318311,-0.107599,-0.148375,0.471726,-0.138238,-0.233933,0.428837,-0.129882,-0.228020,0.221276,-0.435081,0.181216,0.421418,-0.252267,-0.089854,0.441267,-0.289393,-0.070659
0.118315,-0.367725,0.022815,0.990252,-0.215081,0.029222,0.459798,-0.323313,-0.104903,0.491821,-0.328883,-0.043822,0.894976,-0.260630,0.020594,0.403280,-0.229278,-0.019501,0.492294,-0.222652,-0.053796,-0.350057,-0.393527,-0.020116,0.326135,-0.091767,-0.139700,0.382408,-0.098363,-0.212402,0.359752,-0.093853,-0.209194,0.226746,-0.337796,0.142219,0.376550,-0.195456,-0.123766,0.394870,-0.229710,-0.106005
0.116242,-0.322038,0.019257,0.862046,-0.208516,0.021070,0.407866,-0.291633,-0.120624,0.443548,-0.301623,-0.036546,0.771104,-0.189212,0.027515,0.336356,-0.165385,0.009101,0.420813,-0.154466,-0.038116,-0.222011,-0.315980,-0.021149,0.323733,-0.076229,-0.117778,0.291542,-0.060891,-0.172371,0.291528,-0.060884,-0.172373,0.207058,-0.240410,0.107642,0.317580,-0.130218,-0.146737,0.334379,-0.161689,-0.130377
0.103504,-0.276486,0.020937,0.727667,-0.193286,0.019747,0.347406,-0.248202,-0.142763,0.378674,-0.266264,-0.029436,0.650498,-0.128392,0.037111,0.253210,-0.106543,0.019623,0.287782,-0.091033,-0.035114,-0.131197,-0.260396,0.012119,0.311898,-0.071354,-0.066909,0.249289,-0.049643,-0.103255,0.249289,-0.049595,-0.103275,0.153749,-0.187464,0.102862,0.255986,-0.086677,-0.132594,0.271751,-0.116256,-0.117173
0.086480,-0.201358,0.010426,0.546428,-0.151973,0.006494,0.259360,-0.184419,-0.141068,0.227035,-0.221100,-0.021262,0.493244,-0.069022,0.028257,0.165322,-0.048329,0.002535,0.141109,-0.025466,-0.068003,-0.010053,-0.167958,0.015478,0.267640,-0.048620,-0.033741,0.177284,-0.021937,-0.044525,0.177313,-0.021724,-0.044624,0.096434,-0.102862,0.058604,0.183832,-0.017886,-0.140000,0.197392,-0.043352,-0.126684
0.073829,-0.134317,-0.006305,0.409253,-0.105214,-0.010900,0.187894,-0.132055,-0.115458,0.064498,-0.188091,-0.015240,0.378338,-0.040700,0.006186,0.116895,-0.019428,-0.032938,0.054453,0.009895,-0.119728,0.080996,-0.085251,-0.012193,0.213815,-0.020649,-0.034400,0.112206,0.007064,-0.025161,0.112263,0.007482,-0.025360,0.064099,-0.028538,-0.002543,0.137626,0.041818,-0.164968,0.148882,0.020603,-0.153870
0.041168,-0.066158,-0.017833,0.245596,-0.076752,-0.028588,0.121635,-0.093751,-0.079318,-0.086150,-0.164727,-0.009228,0.237356,-0.037639,-0.017306,0.104263,-0.025764,-0.040663,0.024500,0.004568,-0.128985,0.183207,-0.011534,-0.047440,0.137638,-0.006701,-0.035202,0.036394,0.019454,-0.012152,0.036489,0.020162,-0.012496,0.028093,0.028938,-0.076861,0.065679,0.066872,-0.182726,0.072783,0.053420,-0.175695
0.005524,-0.008547,-0.025840,0.085441,-0.054404,-0.042055,0.067778,-0.056060,-0.051694,-0.173553,-0.130095,-0.005856,0.088931,-0.038919,-0.036110,0.103845,-0.039747,-0.035552,0.021043,-0.010666,-0.119190,0.276877,0.045420,-0.068251,0.058199,-0.002043,-0.021509,-0.034867,0.021595,0.003659,-0.034796,0.022129,0.003396,-0.015463,0.065487,-0.137571,-0.012443,0.072327,-0.184012,-0.009597,0.066899,-0.181182
-0.016071,0.026695,-0.031721,-0.041084,-0.026141,-0.046033,0.033620,-0.005125,-0.050894,-0.146398,-0.062310,-0.006419,-0.048182,-0.023773,-0.043201,0.092047,-0.033339,-0.031192,0.013654,-0.005138,-0.112341,0.342050,0.078276,-0.052376,-0.005444,-0.001692,0.021437,-0.086268,0.020156,0.031633,-0.086357,0.019504,0.031949,-0.070655,0.076534,-0.157861,-0.077222,0.072034,-0.159907,-0.077011,0.071630,-0.159698
-0.033867,0.065180,-0.035180,-0.186259,-0.008521,-0.050636,0.010277,0.044396,-0.056364,-0.122177,0.002468,-0.023521,-0.195857,-0.002229,-0.046495,0.066614,-0.022552,-0.014631,-0.007222,0.004215,-0.091149,0.422935,0.114004,-0.042495,-0.072395,-0.000636,0.063397,-0.151431,0.023455,0.048914,-0.151557,0.022510,0.049375,-0.116731,0.083223,-0.187904,-0.135634,0.064505,-0.135577,-0.138698,0.070425,-0.138658
-0.038974,0.087690,-0.034444,-0.277633,-0.010343,-0.053412,0.009451,0.067630,-0.065169,-0.113113,0.031973,-0.048647,-0.280357,0.014960,-0.044287,0.040272,-0.012513,0.006037,-0.031133,0.012943,-0.066093,0.479310,0.134467,-0.043501,-0.109090,0.000013,0.083608,-0.197664,0.029295,0.047044,-0.197689,0.029096,0.047142,-0.130676,0.082792,-0.212881,-0.158602,0.054067,-0.123374,-0.163943,0.064452,-0.128775
-0.030557,0.079779,-0.014149,-0.364339,-0.023278,-0.030692,0.053206,0.089976,-0.049259,-0.056265,0.059631,-0.040786,-0.390887,0.026451,-0.015255,-0.013570,-0.002979,0.033711,-0.045056,0.020146,-0.036543,0.603162,0.113915,-0.013965,-0.082576,-0.040831,0.135731,-0.202358,0.000607,0.069878,-0.202358,0.000598,0.069884,-0.027194,0.029896,-0.197427,-0.172836,-0.089127,-0.031999,-0.186139,-0.063259,-0.045179
-0.028157,0.078976,0.000063,-0.458564,-0.026979,-0.013244,0.062186,0.111972,-0.029971,-0.036293,0.085301,-0.024963,-0.496552,0.045043,0.007023,-0.070310,0.014366,0.055653,-0.069988,0.035885,-0.014055,0.702635,0.107729,0.008085,-0.065101,-0.060498,0.177469,-0.209836,-0.009698,0.090441,-0.209843,-0.009754,0.090470,0.063884,0.004421,-0.184088,-0.188807,-0.197681,0.047381,-0.209177,-0.158015,0.027010
-0.051213,0.123027,-0.016943,-0.572523,-0.000173,-0.031049,-0.042938,0.134834,-0.027315,-0.137928,0.109728,-0.025007,-0.566397,0.084283,-0.009674,-0.105468,0.048047,0.060742,-0.126958,0.070541,-0.008763,0.686129,0.169919,-0.016520,-0.129070,0.005460,0.167072,-0.264805,0.053315,0.082802,-0.264808,0.053294,0.082812,0.012699,0.086536,-0.214755,-0.216880,-0.101259,0.026910,-0.236912,-0.062029,0.006383
-0.061131,0.169679,-0.041202,-0.686206,0.032085,-0.054568,-0.129151,0.168772,-0.032313,-0.221548,0.145020,-0.032759,-0.641007,0.126905,-0.032775,-0.126018,0.084707,0.059417,-0.166576,0.106951,-0.006424,0.680145,0.246179,-0.043659,-0.192775,0.082408,0.157145,-0.321343,0.127637,0.077758,-0.321342,0.127649,0.077753,-0.026979,0.185102,-0.246703,-0.233097,0.011374,0.010429,-0.253311,0.050970,-0.010180
-0.052848,0.195629,-0.060511,-0.742508,0.054074,-0.072043,-0.153199,0.196791,-0.042377,-0.245172,0.173579,-0.044269,-0.682794,0.152015,-0.051016,-0.121641,0.106834,0.052561,-0.168924,0.127769,-0.007970,0.687623,0.298085,-0.059432,-0.223675,0.130123,0.153219,-0.350377,0.174238,0.078250,-0.350374,0.174263,0.078239,-0.035184,0.252315,-0.263971,-0.229143,0.084847,0.005534,-0.249928,0.125390,-0.015116
-0.049074,0.191411,-0.102204,-0.835023,0.011841,-0.119098,-0.249186,0.149160,-0.072587,-0.237090,0.153178,-0.076832,-0.695266,0.130218,-0.096149,-0.033436,0.073001,0.054069,-0.106879,0.090733,0.007371,0.748189,0.369939,-0.103989,-0.117876,0.256101,0.108548,-0.380458,0.344739,-0.024683,-0.380461,0.344723,-0.024676,0.013845,0.342426,-0.307978,-0.176889,0.175348,-0.031643,-0.198285,0.216836,-0.052171
-0.049224,0.188734,-0.131440,-0.906605,-0.018412,-0.151282,-0.322937,0.116526,-0.098838,-0.217003,0.144882,-0.105973,-0.706334,0.118384,-0.127178,0.026093,0.053120,0.062698,-0.070107,0.067541,0.029483,0.796312,0.409710,-0.132357,-0.009463,0.345436,0.076845,-0.391005,0.475873,-0.109219,-0.391011,0.475823,-0.109196,0.061226,0.399554,-0.331210,-0.124724,0.234016,-0.053498,-0.146081,0.275559,-0.073876
-0.052228,0.218887,-0.112538,-0.898239,0.037063,-0.126237,-0.278531,0.186456,-0.100373,-0.203039,0.207619,-0.110721,-0.742590,0.171743,-0.103538,-0.054171,0.113175,0.074180,-0.146889,0.125939,0.045593,0.764479,0.368085,-0.093984,-0.034036,0.283179,0.112887,-0.361912,0.398598,-0.058403,-0.361914,0.398579,-0.058394,0.047891,0.367313,-0.285083,-0.122440,0.211733,-0.012431,-0.142409,0.251409,-0.032980
-0.060072,0.256269,-0.087248,-0.925998,0.104572,-0.093732,-0.321210,0.255032,-0.096236,-0.262481,0.271036,-0.102893,-0.811052,0.231319,-0.073533,-0.204484,0.181016,0.089016,-0.288794,0.192796,0.062277,0.716718,0.323216,-0.042547,-0.057717,0.221697,0.156301,-0.306796,0.313511,0.002400,-0.306796,0.313511,0.002399,0.008435,0.336144,-0.228517,-0.166096,0.176440,0.037967,-0.186242,0.216212,0.018143
-0.068624,0.282420,-0.067582,-0.975972,0.151729,-0.068571,-0.429785,0.289400,-0.087161,-0.365683,0.304622,-0.085092,-0.877322,0.268504,-0.051455,-0.349687,0.225167,0.101200,-0.424832,0.237094,0.072536,0.677481,0.296694,-0.004149,-0.067592,0.189748,0.186119,-0.252290,0.262144,0.044608,-0.252290,0.262143,0.044608,-0.036966,0.323917,-0.189268,-0.232947,0.147461,0.072794,-0.254731,0.189245,0.054239
-0.077567,0.256876,-0.058788,-1.023320,0.109946,-0.061106,-0.526705,0.233399,-0.076607,-0.353685,0.275850,-0.079552,-0.883459,0.220583,-0.046746,-0.358692,0.180159,0.103335,-0.446054,0.193034,0.072459,0.657793,0.265995,-0.004449,-0.106195,0.119598,0.183644,-0.262012,0.181430,0.063801,-0.262009,0.181449,0.063792,-0.061403,0.291284,-0.193062,-0.259116,0.115258,0.042671,-0.278459,0.153406,0.024004
-0.083288,0.228932,-0.053630,-1.035999,0.067385,-0.056648,-0.552125,0.184532,-0.060040,-0.291392,0.250204,-0.075343,-0.862423,0.165118,-0.045907,-0.323946,0.127163,0.101430,-0.419175,0.140710,0.068527,0.638363,0.251450,-0.024006,-0.136649,0.075083,0.162194,-0.280727,0.130847,0.063849,-0.280723,0.130876,0.063836,-0.060331,0.270689,-0.209736,-0.227583,0.119677,-0.002996,-0.242608,0.151324,-0.021680
-0.081365,0.247639,-0.043323,-0.979848,0.112486,-0.042382,-0.444599,0.239535,-0.035428,-0.242626,0.293491,-0.063281,-0.845301,0.180115,-0.036070,-0.336507,0.146972,0.099655,-0.409471,0.159962,0.065610,0.599704,0.273471,-0.040657,-0.122374,0.120035,0.135673,-0.253323,0.170558,0.049714,-0.253324,0.170556,0.049714,-0.027971,0.293620,-0.207518,-0.119830,0.197975,-0.014348,-0.130959,0.223002,-0.031367
-0.078662,0.258097,-0.035137,-0.927077,0.143480,-0.031662,-0.383050,0.269850,-0.007709,-0.238483,0.313636,-0.051483,-0.818001,0.186431,-0.028549,-0.331841,0.157609,0.093330,-0.390327,0.169396,0.061262,0.542158,0.280886,-0.040793,-0.114972,0.138191,0.119461,-0.202997,0.173987,0.051235,-0.202997,0.173989,0.051232,-0.027369,0.302524,-0.191848,-0.060761,0.251246,-0.020326,-0.069307,0.270820,-0.033818
-0.076471,0.255343,-0.032749,-0.904472,0.145827,-0.028320,-0.398454,0.261299,0.010657,-0.281077,0.301247,-0.044646,-0.794420,0.181809,-0.026418,-0.312355,0.155731,0.086682,-0.371421,0.166165,0.058647,0.494854,0.269986,-0.024026,-0.117617,0.118769,0.121792,-0.154381,0.137712,0.067597,-0.154376,0.137751,0.067578,-0.058635,0.294965,-0.170241,-0.079713,0.254724,-0.017819,-0.088253,0.272718,-0.027712
-0.067810,0.247637,-0.020842,-0.852068,0.150970,-0.015211,-0.404526,0.249933,0.049869,-0.313818,0.284279,-0.008297,-0.755658,0.173299,-0.014768,-0.335585,0.153175,0.070698,-0.391112,0.161564,0.048620,0.423544,0.268855,-0.005389,-0.142652,0.108608,0.125180,-0.168914,0.122050,0.088044,-0.168898,0.122183,0.087979,-0.097603,0.295640,-0.142601,-0.129764,0.251216,-0.017077,-0.137642,0.267364,-0.025036
-0.057815,0.238275,-0.009641,-0.788936,0.160919,-0.002794,-0.404683,0.243153,0.089560,-0.333410,0.272690,0.032756,-0.711975,0.165097,-0.003815,-0.367314,0.150844,0.049406,-0.413091,0.157556,0.031617,0.352043,0.267647,0.009723,-0.166832,0.100985,0.125468,-0.200460,0.113627,0.107396,-0.200436,0.113819,0.107302,-0.127813,0.294855,-0.116053,-0.177721,0.241925,-0.017398,-0.184682,0.256232,-0.024383
-0.051568,0.230802,-0.009074,-0.734120,0.178703,-0.000791,-0.402141,0.248126,0.109782,-0.336393,0.276150,0.054075,-0.673598,0.162275,-0.003208,-0.373354,0.151555,0.027443,-0.401075,0.158018,0.008728,0.304105,0.256175,0.016239,-0.167085,0.088679,0.118084,-0.203035,0.098744,0.120139,-0.203021,0.098867,0.120077,-0.132701,0.283725,-0.097572,-0.190311,0.228362,-0.017976,-0.196499,0.241122,-0.024168
-0.046162,0.214747,-0.014693,-0.652594,0.179041,-0.006564,-0.377211,0.235782,0.110553,-0.322596,0.260850,0.056498,-0.609121,0.157574,-0.008892,-0.357372,0.150138,-0.003210,-0.383196,0.157729,-0.025938,0.248717,0.218605,0.016818,-0.146843,0.027763,0.091447,-0.216411,0.035697,0.164813,-0.215456,0.043566,0.160938,-0.130773,0.262339,-0.076060,-0.211204,0.193973,-0.015769,-0.217049,0.206064,-0.021611
-0.044216,0.198266,-0.023247,-0.585126,0.162243,-0.016317,-0.342424,0.212930,0.092298,-0.298999,0.235051,0.039604,-0.550761,0.153808,-0.017464,-0.327373,0.147956,-0.026578,-0.368394,0.157476,-0.054471,0.213649,0.173622,0.011521,-0.115952,-0.051855,0.058733,-0.234305,-0.045164,0.218576,-0.231955,-0.025585,0.208961,-0.122761,0.242182,-0.061814,-0.229703,0.156586,-0.011490,-0.235799,0.169232,-0.017586
-0.035504,0.168907,-0.012241,-0.488470,0.130602,-0.006916,-0.281231,0.174495,0.089397,-0.258189,0.193225,0.030210,-0.460677,0.138362,-0.006924,-0.301112,0.135148,-0.033368,-0.332280,0.144526,-0.061820,0.157338,0.144748,0.021471,-0.093526,-0.055398,0.050589,-0.198992,-0.057187,0.231493,-0.196373,-0.035110,0.220713,-0.095096,0.195904,-0.033908,-0.190234,0.120069,0.008628,-0.195811,0.131665,0.003042
-0.024715,0.140626,0.000740,-0.395980,0.106156,0.004949,-0.227818,0.141746,0.093201,-0.219561,0.158757,0.025835,-0.370916,0.117465,0.005155,-0.269952,0.116674,-0.036701,-0.284535,0.124976,-0.063321,0.100149,0.127124,0.032773,-0.080527,-0.028734,0.050910,-0.147919,-0.040104,0.220711,-0.145585,-0.020057,0.210972,-0.067543,0.151179,-0.007195,-0.137493,0.093972,0.031085,-0.142392,0.104170,0.026180
-0.016461,0.127859,-0.001459,-0.341476,0.112170,0.002949,-0.216530,0.137450,0.095292,-0.202689,0.156602,0.024097,-0.313981,0.098516,0.001824,-0.225520,0.098316,-0.048999,-0.235097,0.105851,-0.073682,0.062712,0.115981,0.031936,-0.077844,-0.017835,0.043052,-0.120004,-0.034859,0.201847,-0.117935,-0.016674,0.192971,-0.059445,0.136745,0.003811,-0.115872,0.088929,0.042831,-0.120538,0.098645,0.038159
-0.005022,0.106676,-0.003661,-0.272713,0.119321,0.001074,-0.196315,0.132723,0.098371,-0.173730,0.154164,0.026129,-0.238497,0.076034,-0.001485,-0.173228,0.076890,-0.063142,-0.181009,0.082781,-0.082477,0.012264,0.101054,0.037479,-0.071150,-0.006327,0.037658,-0.074644,-0.031026,0.178940,-0.072946,-0.015774,0.171464,-0.047096,0.121533,0.027120,-0.107701,0.071650,0.060567,-0.112344,0.081315,0.055916
0.003906,0.087586,-0.004638,-0.223851,0.123993,0.000344,-0.177117,0.130168,0.100867,-0.147063,0.152880,0.030917,-0.182014,0.061258,-0.003037,-0.139068,0.063023,-0.071943,-0.149156,0.067209,-0.085195,-0.025950,0.089654,0.046724,-0.063630,-0.000136,0.037423,-0.034567,-0.030817,0.163279,-0.033178,-0.018108,0.157054,-0.036627,0.113076,0.051204,-0.116873,0.050642,0.075476,-0.121712,0.060698,0.070620
0.010929,0.068752,-0.010007,-0.147825,0.136068,-0.004981,-0.146154,0.131080,0.097260,-0.104197,0.155224,0.033932,-0.104879,0.060014,-0.008712,-0.116134,0.063501,-0.074775,-0.117279,0.064672,-0.078690,-0.083391,0.056347,0.028020,-0.054876,0.008852,0.008865,0.000690,-0.028237,0.131900,0.001951,-0.016536,0.126206,-0.014625,0.088712,0.058060,-0.064543,0.047859,0.082737,-0.068648,0.056365,0.078612
0.016365,0.050010,-0.013177,-0.062918,0.148371,-0.008142,-0.114605,0.129788,0.095331,-0.058963,0.155464,0.040550,-0.023098,0.064798,-0.011983,-0.108981,0.070898,-0.070547,-0.093653,0.068153,-0.062967,-0.149962,0.019251,0.004008,-0.047326,0.017929,-0.026350,0.028705,-0.024994,0.100150,0.029942,-0.013437,0.094572,0.004858,0.059402,0.061262,0.000707,0.050977,0.089126,-0.002363,0.057319,0.086052
0.020545,0.031037,-0.007515,0.012970,0.153619,-0.002511,-0.093603,0.120758,0.102631,-0.025091,0.147906,0.056016,0.047699,0.068024,-0.006257,-0.122007,0.077394,-0.057960,-0.086312,0.070257,-0.037799,-0.215804,-0.003928,-0.002481,-0.043266,0.024157,-0.046461,0.047291,-0.022944,0.083407,0.048522,-0.011354,0.077837,0.007830,0.035702,0.074478,0.030725,0.047111,0.101473,0.028363,0.051970,0.099120
0.026410,0.006689,-0.007561,0.111736,0.147251,-0.002838,-0.056839,0.098632,0.090123,0.025471,0.128269,0.048421,0.141316,0.059894,-0.006635,-0.123292,0.073322,-0.054294,-0.063490,0.062162,-0.023350,-0.295151,-0.034755,-0.010611,-0.037963,0.020061,-0.072937,0.069622,-0.031411,0.058500,0.070818,-0.020059,0.053061,0.011252,-0.002800,0.087781,0.060538,0.029532,0.106723,0.059237,0.032196,0.105435
0.031050,-0.010863,-0.013262,0.184093,0.132458,-0.008855,-0.022650,0.074577,0.064161,0.067449,0.106468,0.021649,0.211009,0.044464,-0.012864,-0.112127,0.060897,-0.061310,-0.036531,0.048054,-0.026776,-0.348343,-0.057829,-0.016435,-0.034001,0.007430,-0.092582,0.084514,-0.046335,0.037939,0.085664,-0.035369,0.032693,0.013397,-0.036605,0.094572,0.075247,0.007268,0.102299,0.074829,0.008119,0.101885
0.044027,-0.029728,-0.010837,0.279572,0.103493,-0.007380,0.016848,0.031512,0.050198,0.122309,0.066476,0.011745,0.301615,0.030516,-0.010892,-0.081798,0.050299,-0.061676,0.009599,0.037151,-0.028590,-0.431660,-0.062531,-0.009413,-0.054553,0.059581,-0.090436,0.121421,0.006192,-0.038741,0.121277,0.004826,-0.038095,0.007706,-0.079759,0.111671,0.108676,-0.004555,0.107142,0.109895,-0.007026,0.108335
0.053471,-0.046575,-0.007410,0.368182,0.080615,-0.004370,0.052442,-0.005078,0.043503,0.172086,0.032111,0.011787,0.387069,0.022252,-0.007419,-0.043797,0.045154,-0.063684,0.061956,0.032783,-0.035842,-0.515739,-0.073696,-0.002830,-0.077648,0.099795,-0.089812,0.144796,0.048532,-0.115316,0.143386,0.035218,-0.108978,-0.004762,-0.117741,0.130076,0.125810,-0.017976,0.112574,0.128482,-0.023364,0.115183
0.047546,-0.058062,-0.010221,0.420007,0.084030,-0.006102,0.075043,-0.009682,0.039753,0.198884,0.027177,0.014962,0.441348,0.023751,-0.009561,-0.009726,0.049075,-0.075829,0.107514,0.038244,-0.055813,-0.571268,-0.115602,-0.010485,-0.081540,0.051972,-0.113187,0.119048,0.004892,-0.133547,0.117717,-0.007625,-0.127575,-0.023501,-0.136899,0.140354,0.091257,-0.046081,0.109373,0.094242,-0.052068,0.112296
0.047055,-0.077171,-0.015666,0.491060,0.071499,-0.010881,0.107662,-0.031929,0.023623,0.230985,0.003188,0.006621,0.518093,0.019189,-0.014236,0.049932,0.047204,-0.090509,0.179809,0.038000,-0.079224,-0.626444,-0.159272,-0.017235,-0.073291,0.007959,-0.137201,0.100143,-0.034274,-0.148238,0.098917,-0.045503,-0.142870,-0.030443,-0.157880,0.154992,0.060889,-0.079514,0.097578,0.064697,-0.087106,0.101290
0.052267,-0.094403,-0.020888,0.546010,0.049255,-0.015813,0.134009,-0.060647,0.003520,0.252404,-0.027797,-0.008662,0.579140,0.010798,-0.018571,0.105397,0.040901,-0.099712,0.242786,0.032539,-0.093743,-0.653892,-0.183121,-0.019808,-0.056739,-0.011273,-0.150099,0.097817,-0.050514,-0.152441,0.096668,-0.060609,-0.147613,-0.022145,-0.169097,0.166957,0.049891,-0.100515,0.083351,0.054627,-0.109908,0.087944
0.051806,-0.091825,-0.013933,0.654224,0.101443,-0.004778,0.327849,0.015675,-0.003520,0.323720,0.017123,-0.014282,0.640312,0.029876,-0.009908,0.156910,0.063236,-0.104347,0.305708,0.055152,-0.102505,-0.709381,-0.198707,-0.036050,-0.027065,0.013025,-0.180416,0.118145,-0.025984,-0.171348,0.117069,-0.035088,-0.167004,-0.004035,-0.180378,0.173521,0.106555,-0.081373,0.079805,0.113017,-0.094124,0.086074
0.049599,-0.101445,-0.005872,0.759637,0.120397,0.006986,0.523567,0.059698,-0.004056,0.391870,0.027544,-0.009664,0.705416,0.024752,-0.000958,0.232630,0.059664,-0.096390,0.366306,0.052140,-0.095035,-0.754272,-0.201989,-0.053159,-0.004381,0.038656,-0.207850,0.121800,0.003613,-0.195142,0.120710,-0.005375,-0.190862,0.008392,-0.188608,0.171989,0.154272,-0.062318,0.072644,0.162100,-0.077699,0.080206
0.049674,-0.155449,-0.007396,0.806877,-0.001476,0.000131,0.556046,-0.066068,-0.009643,0.404345,-0.107180,0.000461,0.778903,-0.056472,-0.005199,0.361200,-0.026246,-0.069857,0.422956,-0.031852,-0.062362,-0.750440,-0.190110,-0.056445,-0.010401,0.024862,-0.212224,0.068029,0.004295,-0.213735,0.066747,-0.006179,-0.208687,0.000191,-0.192241,0.160080,0.117097,-0.085716,0.047366,0.124755,-0.100692,0.054767
0.049635,-0.209302,-0.015758,0.850699,-0.103476,-0.013133,0.561774,-0.174917,-0.045736,0.401410,-0.224565,-0.010775,0.841389,-0.132732,-0.016431,0.462370,-0.107279,-0.051878,0.444988,-0.108902,-0.043111,-0.718994,-0.226188,-0.056305,0.021899,-0.023429,-0.214995,0.072442,-0.035352,-0.226362,0.070999,-0.046932,-0.220711,0.021346,-0.235171,0.153225,0.114972,-0.146395,0.039329,0.121935,-0.159934,0.046072
0.049495,-0.236139,-0.026524,0.868964,-0.135008,-0.024125,0.537503,-0.211676,-0.091980,0.384106,-0.264984,-0.035255,0.861428,-0.166187,-0.028077,0.485427,-0.142205,-0.049681,0.421179,-0.139861,-0.045310,-0.675384,-0.292130,-0.054028,0.077527,-0.083969,-0.214178,0.133915,-0.097655,-0.226191,0.132405,-0.109415,-0.220429,0.060670,-0.294067,0.155245,0.148429,-0.211957,0.053183,0.154525,-0.223742,0.059084
0.041486,-0.265109,-0.020379,0.888251,-0.174380,-0.019335,0.501639,-0.260035,-0.112214,0.382270,-0.307196,-0.045140,0.873817,-0.203108,-0.023246,0.492837,-0.180058,-0.033974,0.395038,-0.170412,-0.047306,-0.643676,-0.354174,-0.046838,0.127527,-0.133678,-0.208278,0.186162,-0.147607,-0.224958,0.184514,-0.160187,-0.218734,0.088475,-0.352797,0.161471,0.171325,-0.275731,0.066087,0.176879,-0.286403,0.071480
0.035114,-0.279487,-0.002833,0.908379,-0.192497,-0.002854,0.484194,-0.282411,-0.116689,0.384880,-0.324493,-0.049321,0.867057,-0.225186,-0.007313,0.460763,-0.199994,-0.022384,0.363239,-0.186969,-0.046885,-0.630912,-0.404757,-0.032503,0.139396,-0.184723,-0.192127,0.239184,-0.211786,-0.199254,0.237714,-0.223098,-0.193614,0.099480,-0.401146,0.175345,0.184034,-0.323102,0.080463,0.189624,-0.333775,0.085913
0.039752,-0.262499,0.020108,0.928592,-0.161031,0.022112,0.514848,-0.241811,-0.114609,0.380571,-0.290518,-0.055878,0.829073,-0.214850,0.014770,0.365008,-0.180849,-0.032104,0.322272,-0.175515,-0.041575,-0.643801,-0.435908,-0.009545,0.080219,-0.248861,-0.161261,0.302609,-0.316425,-0.126169,0.302043,-0.321662,-0.123578,0.088163,-0.428619,0.199649,0.186670,-0.339249,0.098129,0.193125,-0.351498,0.104435
0.037678,-0.241082,0.020108,0.905719,-0.152524,0.020292,0.431667,-0.249052,-0.101032,0.290029,-0.297570,-0.050099,0.789264,-0.213742,0.011402,0.304383,-0.179757,-0.025257,0.312249,-0.177149,-0.035325,-0.658294,-0.379341,-0.022213,0.034310,-0.208961,-0.166166,0.322041,-0.299733,-0.090878,0.322162,-0.299449,-0.091029,0.035584,-0.346335,0.184343,0.194447,-0.205055,0.038680,0.205719,-0.226317,0.049722
0.030049,-0.226324,-0.002192,0.851685,-0.171944,-0.007765,0.276620,-0.301302,-0.084055,0.158782,-0.342890,-0.036213,0.767942,-0.222986,-0.015807,0.309525,-0.199181,-0.005609,0.338416,-0.192937,-0.031480,-0.667668,-0.263240,-0.062352,0.024805,-0.087524,-0.204408,0.288086,-0.173191,-0.112436,0.288311,-0.170695,-0.113634,-0.031906,-0.194634,0.136628,0.203479,0.012006,-0.069923,0.221155,-0.021203,-0.052675
0.028156,-0.221763,0.007974,0.818067,-0.169514,0.002168,0.200635,-0.312859,-0.051846,0.121054,-0.343000,-0.010642,0.690255,-0.214633,-0.004189,0.223826,-0.190326,0.004062,0.294796,-0.185736,-0.023989,-0.601563,-0.245036,-0.044405,0.080268,-0.078009,-0.185312,0.293646,-0.149308,-0.093647,0.293893,-0.146776,-0.094881,0.006865,-0.176270,0.144773,0.220859,0.017290,-0.102097,0.240250,-0.019053,-0.083313
0.026365,-0.218245,0.033872,0.784352,-0.156378,0.030319,0.167064,-0.301904,-0.010998,0.122479,-0.321429,0.023070,0.605829,-0.198444,0.025461,0.132198,-0.170062,0.014744,0.235893,-0.168688,-0.008745,-0.513238,-0.259479,-0.006636,0.143441,-0.109855,-0.143512,0.298386,-0.163368,-0.060915,0.298573,-0.161882,-0.061664,0.070800,-0.200767,0.171587,0.224616,-0.051338,-0.094933,0.243219,-0.086206,-0.076977
0.018968,-0.207242,0.058567,0.731031,-0.145237,0.055634,0.139427,-0.287808,0.029646,0.108599,-0.302666,0.058974,0.565049,-0.185383,0.050793,0.119731,-0.157703,0.035020,0.216488,-0.157273,0.016101,-0.456934,-0.240640,0.013852,0.156994,-0.114151,-0.115760,0.262402,-0.152322,-0.043341,0.262455,-0.151868,-0.043574,0.079047,-0.178154,0.178457,0.193229,-0.058968,-0.090649,0.210857,-0.092002,-0.073688
0.017044,-0.191664,0.082268,0.667806,-0.133692,0.079288,0.122905,-0.266059,0.057462,0.104071,-0.276186,0.079800,0.518855,-0.168426,0.075211,0.115248,-0.141441,0.050863,0.202937,-0.142756,0.039586,-0.384114,-0.209877,0.041667,0.161769,-0.118532,-0.076797,0.216941,-0.140583,-0.020309,0.216768,-0.141799,-0.019713,0.080649,-0.147864,0.185319,0.150543,-0.061616,-0.087794,0.167209,-0.092846,-0.071792
0.021692,-0.179174,0.093585,0.626311,-0.126989,0.089891,0.125708,-0.246146,0.058670,0.111103,-0.253808,0.075214,0.490375,-0.155604,0.086920,0.121070,-0.128945,0.054810,0.202102,-0.131917,0.050430,-0.330907,-0.182694,0.063353,0.155728,-0.121686,-0.045578,0.185024,-0.134789,-0.002898,0.184648,-0.137479,-0.001571,0.074916,-0.123916,0.188956,0.117847,-0.057431,-0.087881,0.134044,-0.087788,-0.072327
0.033633,-0.161741,0.095420,0.581810,-0.101138,0.095000,0.168422,-0.196373,0.056421,0.159057,-0.200696,0.064523,0.464794,-0.136741,0.089631,0.140318,-0.109006,0.042261,0.211718,-0.114155,0.046917,-0.245483,-0.145662,0.075439,0.158062,-0.121338,-0.019287,0.149291,-0.120756,-0.002304,0.148516,-0.126345,0.000458,0.083296,-0.089742,0.178529,0.096934,-0.047096,-0.081992,0.111460,-0.074327,-0.068029
0.043791,-0.142931,0.090758,0.532193,-0.074672,0.094066,0.208289,-0.144908,0.047718,0.206115,-0.145393,0.047375,0.430956,-0.118063,0.085970,0.152355,-0.087957,0.019483,0.213467,-0.094553,0.030697,-0.158207,-0.112727,0.082345,0.159066,-0.118548,0.003632,0.121414,-0.106920,-0.005178,0.120234,-0.115443,-0.000951,0.091925,-0.059602,0.163027,0.078635,-0.039781,-0.073889,0.091141,-0.063231,-0.061835
0.043270,-0.126445,0.082616,0.475974,-0.065855,0.085605,0.202904,-0.119758,0.028333,0.210773,-0.116256,0.022211,0.378172,-0.105773,0.078149,0.136761,-0.072539,-0.007467,0.189289,-0.078502,0.003165,-0.099440,-0.098222,0.088675,0.149377,-0.115036,0.024866,0.113473,-0.102355,0.002027,0.112075,-0.112467,0.007055,0.087222,-0.047371,0.151479,0.053966,-0.044445,-0.067535,0.064968,-0.065080,-0.056894
0.038939,-0.105231,0.078385,0.391630,-0.060438,0.079592,0.189687,-0.092594,0.011971,0.204607,-0.085927,0.000353,0.300950,-0.090450,0.074486,0.132671,-0.058686,-0.018119,0.175119,-0.064211,-0.007318,-0.023676,-0.077829,0.089876,0.130433,-0.107404,0.047136,0.094703,-0.092428,0.002945,0.093313,-0.102495,0.007962,0.076593,-0.029421,0.129046,0.031844,-0.038356,-0.062195,0.041071,-0.055673,-0.053227
0.033082,-0.089785,0.080343,0.321527,-0.060539,0.079221,0.175404,-0.076530,0.006914,0.190866,-0.069104,-0.007177,0.238089,-0.079272,0.076970,0.142217,-0.053071,-0.006994,0.178154,-0.058534,0.004631,0.031278,-0.061783,0.085520,0.111856,-0.099575,0.059430,0.074639,-0.082207,-0.002770,0.073478,-0.090620,0.001430,0.065436,-0.014416,0.106989,0.023180,-0.024340,-0.060605,0.031253,-0.039500,-0.052727
0.026351,-0.065497,0.080845,0.240581,-0.062626,0.074562,0.176279,-0.052943,-0.011217,0.189379,-0.045338,-0.028512,0.165497,-0.062340,0.077500,0.150391,-0.043029,0.005252,0.177416,-0.048845,0.019421,0.085456,-0.032971,0.082576,0.077643,-0.081878,0.076361,0.039065,-0.062395,-0.001688,0.038509,-0.066420,0.000325,0.032890,0.013846,0.081224,-0.006353,0.002412,-0.055803,0.000217,-0.009936,-0.049369
0.018737,-0.042999,0.079353,0.159904,-0.065826,0.068008,0.181908,-0.030041,-0.028921,0.190720,-0.022845,-0.048978,0.093955,-0.048610,0.075652,0.159000,-0.036095,0.014509,0.178012,-0.042428,0.031535,0.135231,-0.006441,0.079532,0.042647,-0.066640,0.092401,0.004141,-0.046317,0.006141,0.004119,-0.046473,0.006218,-0.000733,0.039715,0.056265,-0.035196,0.027793,-0.048631,-0.030183,0.018368,-0.043705
0.010370,-0.032838,0.075489,0.090720,-0.069126,0.062200,0.181979,-0.015905,-0.032522,0.185536,-0.009738,-0.053765,0.034381,-0.046871,0.071163,0.170083,-0.039553,0.016817,0.185296,-0.046300,0.035618,0.177295,0.002848,0.075031,0.021847,-0.066006,0.102159,-0.013878,-0.047051,0.020765,-0.013886,-0.047109,0.020794,-0.015006,0.047753,0.036778,-0.041707,0.037987,-0.039863,-0.038012,0.031045,-0.036225
0.001322,-0.015700,0.062848,0.001895,-0.071057,0.046733,0.173529,-0.001032,-0.035181,0.168418,0.003333,-0.058000,-0.046987,-0.040613,0.057970,0.174013,-0.041267,0.018479,0.165606,-0.046504,0.036078,0.232724,0.021475,0.060386,-0.006853,-0.055030,0.107396,-0.048211,-0.035739,0.036878,-0.048210,-0.035726,0.036872,-0.033934,0.064766,0.002327,-0.053944,0.054874,-0.034764,-0.052241,0.051676,-0.033085
-0.003885,-0.000111,0.047766,-0.062185,-0.070549,0.029395,0.160822,0.007297,-0.035434,0.147967,0.010020,-0.059430,-0.109500,-0.032896,0.042715,0.168830,-0.040255,0.018811,0.128769,-0.042815,0.032815,0.273807,0.040174,0.042892,-0.029073,-0.039338,0.105573,-0.081662,-0.018208,0.046476,-0.081659,-0.018185,0.046465,-0.048074,0.082491,-0.029936,-0.065862,0.070244,-0.035895,-0.065830,0.070183,-0.035862
-0.005519,0.019922,0.032658,-0.145493,-0.050113,0.017393,0.116157,0.030182,-0.023671,0.099592,0.032384,-0.049052,-0.195558,-0.013778,0.030070,0.123393,-0.025420,0.015862,0.085343,-0.031198,0.039185,0.304371,0.073273,0.021518,-0.077033,-0.015102,0.102917,-0.151721,0.010777,0.056294,-0.151714,0.010822,0.056272,-0.082275,0.107793,-0.070453,-0.101250,0.091519,-0.051841,-0.102616,0.094084,-0.053188
-0.009233,0.044821,0.018375,-0.240456,-0.032904,0.004298,0.055811,0.050858,-0.019323,0.033813,0.052120,-0.046296,-0.285865,0.008660,0.017878,0.065108,-0.007220,0.014970,0.037283,-0.017338,0.049736,0.337334,0.118191,0.004008,-0.119844,0.022248,0.104090,-0.216770,0.053520,0.063590,-0.216764,0.053566,0.063568,-0.112654,0.141291,-0.107843,-0.132902,0.122367,-0.075480,-0.135031,0.126367,-0.077587
-0.020639,0.074915,0.005835,-0.339044,-0.042157,-0.016021,-0.003534,0.052015,-0.041241,-0.038399,0.050464,-0.070015,-0.360711,0.026214,0.004246,0.021527,0.004079,0.021748,-0.013268,-0.006687,0.059217,0.385344,0.172483,-0.001804,-0.126557,0.077280,0.113376,-0.235035,0.112407,0.065380,-0.235036,0.112394,0.065386,-0.115322,0.183190,-0.130392,-0.133585,0.165944,-0.099486,-0.135477,0.169507,-0.101364
-0.031941,0.110235,-0.012856,-0.457291,-0.032214,-0.037537,-0.079113,0.071791,-0.060388,-0.128994,0.067082,-0.091708,-0.449608,0.053423,-0.014000,-0.036894,0.024203,0.028997,-0.082929,0.012957,0.069221,0.438633,0.216991,-0.015043,-0.141461,0.118017,0.118629,-0.256556,0.155200,0.067520,-0.256560,0.155170,0.067535,-0.119844,0.218956,-0.161064,-0.135117,0.202997,-0.123352,-0.137220,0.206971,-0.125440
-0.037464,0.133246,-0.028258,-0.536369,-0.007805,-0.049465,-0.133151,0.100538,-0.067322,-0.192734,0.093928,-0.100667,-0.508395,0.076944,-0.027717,-0.080923,0.043502,0.033292,-0.136890,0.032163,0.074952,0.470932,0.229433,-0.028935,-0.157019,0.123519,0.117628,-0.270536,0.159906,0.069189,-0.270536,0.159910,0.069187,-0.123875,0.231687,-0.184754,-0.136622,0.215974,-0.135332,-0.139273,0.221010,-0.137964
-0.032371,0.141642,-0.036769,-0.607331,0.017995,-0.050431,-0.173885,0.135385,-0.075830,-0.233135,0.129179,-0.110129,-0.604753,0.108621,-0.028297,-0.163467,0.073745,0.039832,-0.183716,0.061559,0.078931,0.562539,0.189085,-0.013097,-0.113541,0.082049,0.147473,-0.219204,0.116705,0.094150,-0.219203,0.116715,0.094146,-0.027829,0.165388,-0.174948,-0.166491,0.050040,-0.051724,-0.177670,0.071117,-0.062102
-0.027950,0.144193,-0.050326,-0.682033,0.022485,-0.060739,-0.232800,0.141243,-0.080474,-0.259083,0.143179,-0.113735,-0.679654,0.123451,-0.037744,-0.214064,0.085541,0.044803,-0.202376,0.072595,0.081957,0.657813,0.182678,-0.012473,-0.046538,0.089875,0.157931,-0.188986,0.137556,0.075848,-0.188987,0.137548,0.075854,0.071596,0.133311,-0.181790,-0.188040,-0.080006,0.018906,-0.208217,-0.042225,0.000969
-0.035525,0.150028,-0.080658,-0.773178,-0.016842,-0.099020,-0.342116,0.084745,-0.072850,-0.280107,0.107852,-0.102351,-0.674822,0.096266,-0.075734,-0.162709,0.049418,0.047555,-0.172393,0.036418,0.087768,0.702180,0.296276,-0.074631,0.009341,0.245362,0.100582,-0.265856,0.337096,-0.049775,-0.265862,0.337052,-0.049753,0.077632,0.249689,-0.254631,-0.164526,0.043887,-0.027882,-0.186812,0.084830,-0.045512
-0.040095,0.177350,-0.092633,-0.841612,-0.001283,-0.110982,-0.407250,0.094165,-0.056389,-0.306380,0.126131,-0.083409,-0.695739,0.108961,-0.090454,-0.163851,0.059235,0.052962,-0.195951,0.046429,0.095326,0.715770,0.362065,-0.100180,0.013804,0.315935,0.081469,-0.317315,0.429640,-0.109291,-0.317321,0.429593,-0.109268,0.054407,0.311840,-0.290549,-0.154451,0.124194,-0.034244,-0.178663,0.167963,-0.051185
-0.039035,0.212414,-0.079743,-0.852233,0.061505,-0.091205,-0.394665,0.163834,-0.040485,-0.323886,0.188165,-0.067611,-0.731164,0.155539,-0.075008,-0.216268,0.110456,0.057582,-0.260592,0.098064,0.100122,0.691084,0.347660,-0.073981,-0.035795,0.264706,0.110476,-0.317448,0.365600,-0.074744,-0.317450,0.365587,-0.074738,0.013520,0.290039,-0.271153,-0.163198,0.121415,0.002202,-0.188157,0.166209,-0.014091
-0.044019,0.236148,-0.064174,-0.884551,0.098069,-0.072114,-0.382119,0.211866,-0.022239,-0.350861,0.225753,-0.047069,-0.776401,0.182826,-0.058524,-0.263660,0.141575,0.062836,-0.317643,0.130054,0.103859,0.665479,0.339207,-0.051847,-0.077490,0.221797,0.132740,-0.299390,0.304354,-0.029658,-0.299390,0.304354,-0.029658,-0.034000,0.274419,-0.257819,-0.181350,0.124774,0.020117,-0.205264,0.168167,0.003644
-0.053901,0.239264,-0.053605,-0.937231,0.093473,-0.061652,-0.415088,0.211568,-0.007085,-0.376652,0.225618,-0.025782,-0.814153,0.179354,-0.048919,-0.278482,0.139426,0.069633,-0.346275,0.128959,0.109095,0.651742,0.319012,-0.039315,-0.109808,0.170025,0.146165,-0.280271,0.235046,0.013428,-0.280271,0.235051,0.013426,-0.078700,0.253876,-0.254931,-0.202525,0.121443,0.014497,-0.223638,0.161052,-0.002936
-0.067555,0.212298,-0.056112,-1.008192,0.033186,-0.067892,-0.538838,0.136423,-0.000257,-0.390330,0.174461,-0.007663,-0.826414,0.133834,-0.054381,-0.233086,0.091394,0.078725,-0.325512,0.081846,0.118119,0.661890,0.268618,-0.042524,-0.131342,0.091892,0.148045,-0.277113,0.147082,0.041778,-0.277111,0.147097,0.041771,-0.111082,0.217078,-0.267064,-0.219942,0.098324,-0.020236,-0.236501,0.131766,-0.039364
-0.071254,0.218505,-0.053834,-1.038274,0.056070,-0.060686,-0.598743,0.155198,-0.006431,-0.402866,0.205848,-0.018989,-0.853735,0.148005,-0.050162,-0.264385,0.109396,0.073248,-0.364856,0.100458,0.111339,0.647591,0.226194,-0.029452,-0.140548,0.040675,0.159217,-0.236381,0.077131,0.089153,-0.236380,0.077138,0.089149,-0.133855,0.198841,-0.250762,-0.223466,0.098598,-0.034042,-0.234370,0.124235,-0.055056
-0.062675,0.254924,-0.046923,-1.011849,0.151704,-0.044764,-0.563947,0.258340,-0.024442,-0.407186,0.303795,-0.056111,-0.881929,0.215813,-0.038662,-0.356189,0.184999,0.055403,-0.444071,0.176219,0.091707,0.616462,0.212809,-0.005046,-0.132415,0.040520,0.174609,-0.178023,0.059039,0.132532,-0.178026,0.059023,0.132540,-0.134895,0.209732,-0.213531,-0.210802,0.122816,-0.019798,-0.217759,0.142954,-0.041906
-0.051863,0.252825,-0.027892,-0.947651,0.182375,-0.022359,-0.471797,0.294578,0.004335,-0.368601,0.327929,-0.031890,-0.851661,0.228492,-0.018689,-0.336082,0.200939,0.060655,-0.410837,0.192115,0.095949,0.560412,0.223053,0.007103,-0.144101,0.054053,0.173824,-0.174209,0.065261,0.154134,-0.174173,0.065541,0.153989,-0.131846,0.223730,-0.186596,-0.212647,0.136244,-0.012288,-0.221278,0.157174,-0.029782
-0.040044,0.233517,-0.010902,-0.878632,0.181584,-0.004405,-0.389582,0.294803,0.043517,-0.337177,0.315450,0.009451,-0.796892,0.215011,-0.002315,-0.282529,0.189693,0.067726,-0.346008,0.180680,0.102380,0.502555,0.238805,0.011490,-0.155957,0.070883,0.165318,-0.184983,0.079668,0.161048,-0.184908,0.080258,0.160743,-0.126367,0.235191,-0.167164,-0.215832,0.144034,-0.009508,-0.227217,0.167071,-0.021700
-0.028118,0.218563,-0.009361,-0.836861,0.184747,-0.001943,-0.383501,0.288904,0.056207,-0.361937,0.301980,0.022842,-0.750786,0.206032,-0.001343,-0.273582,0.184285,0.055162,-0.329966,0.175250,0.089191,0.465834,0.241580,0.014388,-0.148535,0.079570,0.156833,-0.170388,0.085269,0.159837,-0.170312,0.085876,0.159522,-0.118962,0.239603,-0.152486,-0.206304,0.152285,-0.009717,-0.216943,0.173800,-0.020897
-0.011459,0.202369,-0.013409,-0.770516,0.187391,-0.005737,-0.372162,0.277611,0.067659,-0.385582,0.281787,0.036326,-0.681168,0.199870,-0.005996,-0.258465,0.182600,0.027630,-0.307438,0.173272,0.061947,0.415093,0.238696,0.017167,-0.138536,0.090466,0.145229,-0.152111,0.092027,0.160824,-0.152040,0.092608,0.160521,-0.103149,0.237079,-0.131417,-0.184396,0.156708,-0.004517,-0.194145,0.176418,-0.014627
0.001729,0.193197,-0.020511,-0.712995,0.188866,-0.013592,-0.361329,0.267693,0.072228,-0.396423,0.266045,0.043181,-0.623018,0.200249,-0.013835,-0.244716,0.186178,-0.000875,-0.289705,0.176468,0.034516,0.375981,0.231512,0.019134,-0.130803,0.097025,0.136608,-0.139181,0.095431,0.163838,-0.139118,0.095960,0.163561,-0.086689,0.230070,-0.114159,-0.161056,0.156048,0.003737,-0.170202,0.174598,-0.005777
0.000623,0.168675,-0.032174,-0.632161,0.173545,-0.026553,-0.335637,0.239418,0.067002,-0.388160,0.233974,0.035694,-0.561316,0.185951,-0.026416,-0.216966,0.173804,-0.027405,-0.274869,0.163057,0.013053,0.327430,0.175076,0.008877,-0.100353,0.013367,0.098802,-0.149509,0.010089,0.213667,-0.147979,0.022657,0.207330,-0.070654,0.198778,-0.098871,-0.154686,0.119876,0.006810,-0.163480,0.137744,-0.002319
-0.003499,0.141694,-0.037159,-0.553956,0.155260,-0.032437,-0.309545,0.208950,0.065688,-0.367421,0.203892,0.026150,-0.504569,0.165136,-0.032243,-0.191627,0.154366,-0.045356,-0.260502,0.142778,-0.000329,0.277749,0.119049,0.001478,-0.074121,-0.065750,0.065018,-0.158287,-0.072255,0.260435,-0.155421,-0.048169,0.248241,-0.058259,0.159897,-0.083893,-0.148447,0.079004,0.007472,-0.156678,0.095755,-0.001078
0.000757,0.125176,-0.023932,-0.504896,0.147734,-0.019781,-0.297905,0.192980,0.081396,-0.341270,0.194623,0.026128,-0.461819,0.145804,-0.020104,-0.185269,0.136654,-0.047981,-0.244439,0.125066,-0.003412,0.235760,0.113273,0.012239,-0.078946,-0.046557,0.069737,-0.138622,-0.059165,0.256772,-0.136034,-0.036700,0.245195,-0.053145,0.130550,-0.067064,-0.126098,0.064600,0.009183,-0.133111,0.078917,0.001834
0.004687,0.107796,-0.007930,-0.434542,0.144593,-0.004210,-0.256048,0.183974,0.092987,-0.299470,0.187451,0.027784,-0.404110,0.133469,-0.004761,-0.193560,0.127210,-0.051160,-0.226235,0.114223,-0.004694,0.177923,0.100050,0.020662,-0.082586,-0.032050,0.068148,-0.115196,-0.050209,0.241904,-0.112957,-0.030123,0.231418,-0.052063,0.097991,-0.047553,-0.103043,0.050117,0.015422,-0.108825,0.061954,0.009315
0.006395,0.098224,0.003042,-0.377743,0.147635,0.006368,-0.204701,0.186970,0.094202,-0.262686,0.186439,0.030002,-0.359970,0.134517,0.005926,-0.212163,0.130797,-0.053538,-0.214781,0.115776,-0.003768,0.133122,0.085852,0.022808,-0.083057,-0.029709,0.060945,-0.099985,-0.050387,0.222846,-0.098008,-0.032255,0.213390,-0.055323,0.078794,-0.034951,-0.090565,0.043058,0.023144,-0.095708,0.053602,0.017698
0.009035,0.080661,0.008562,-0.315930,0.129316,0.011075,-0.185708,0.158827,0.092075,-0.240345,0.158042,0.031784,-0.306177,0.112379,0.010620,-0.216805,0.110947,-0.058034,-0.199784,0.091820,0.003112,0.074220,0.078978,0.025665,-0.087723,-0.022022,0.051373,-0.092247,-0.043780,0.198739,-0.090553,-0.027971,0.190568,-0.068675,0.068360,-0.019907,-0.085424,0.049005,0.020870,-0.089116,0.056579,0.016964
0.012558,0.060583,0.010561,-0.254323,0.107890,0.012443,-0.171464,0.125970,0.090277,-0.214910,0.126520,0.035534,-0.247050,0.084503,0.011875,-0.209426,0.085111,-0.062663,-0.177594,0.062225,0.009447,0.017471,0.069582,0.026971,-0.092656,-0.019784,0.040561,-0.089356,-0.041726,0.176653,-0.087878,-0.027734,0.169477,-0.078411,0.055320,-0.005802,-0.081628,0.048424,0.019843,-0.084156,0.053606,0.017175
0.016933,0.043303,0.011076,-0.197614,0.101489,0.012756,-0.134036,0.114987,0.091777,-0.168522,0.116287,0.043170,-0.186397,0.068199,0.012039,-0.191797,0.070524,-0.065709,-0.144280,0.046497,0.008390,-0.021115,0.047676,0.024541,-0.093856,-0.033912,0.029306,-0.088834,-0.055876,0.163119,-0.087436,-0.042333,0.156133,-0.070706,0.028356,0.003963,-0.073099,0.021807,0.031155,-0.075839,0.027422,0.028245
0.016716,0.022798,0.012146,-0.129317,0.097494,0.013805,-0.100057,0.102468,0.091317,-0.116925,0.106680,0.049206,-0.112138,0.049770,0.012883,-0.163373,0.054124,-0.067718,-0.110868,0.030124,0.005864,-0.074662,0.010768,0.027486,-0.091348,-0.052957,0.020177,-0.073047,-0.077832,0.153437,-0.071712,-0.064676,0.146620,-0.063160,-0.016384,0.022716,-0.061648,-0.019278,0.045363,-0.064188,-0.014075,0.042651
0.012019,0.009325,0.013286,-0.083635,0.097930,0.015001,-0.086507,0.094790,0.089075,-0.085956,0.102552,0.050544,-0.061447,0.038454,0.013951,-0.138436,0.044030,-0.067717,-0.094123,0.021295,0.003124,-0.116380,-0.022748,0.034341,-0.086347,-0.067514,0.017744,-0.049947,-0.096629,0.152564,-0.048645,-0.083598,0.145813,-0.059529,-0.056515,0.041120,-0.052985,-0.054278,0.055409,-0.055016,-0.050124,0.053238
0.009733,-0.008362,0.011494,-0.019072,0.080777,0.013084,-0.067142,0.066057,0.079459,-0.052475,0.076978,0.042661,0.005252,0.026449,0.012223,-0.101795,0.033630,-0.073110,-0.079546,0.015831,-0.015336,-0.166311,-0.064120,0.038010,-0.079700,-0.088344,0.009715,-0.023277,-0.121995,0.146094,-0.022018,-0.109174,0.139445,-0.053742,-0.101595,0.060367,-0.038525,-0.091461,0.065407,-0.039895,-0.088665,0.063940
0.009071,-0.029032,0.008713,0.049857,0.054982,0.010239,-0.038242,0.029741,0.071479,-0.014844,0.042534,0.036316,0.071702,0.009432,0.009537,-0.061451,0.018243,-0.079600,-0.056066,0.005772,-0.037106,-0.213065,-0.100214,0.037091,-0.072600,-0.106863,-0.002585,0.000087,-0.144117,0.135998,0.001317,-0.131381,0.129385,-0.044395,-0.141402,0.075265,-0.018105,-0.121620,0.070947,-0.018735,-0.120336,0.070269
0.009250,-0.051436,0.006894,0.108512,0.029511,0.008432,0.003920,-0.000445,0.073855,0.028534,0.012031,0.041972,0.121531,-0.016917,0.007661,-0.025478,-0.007062,-0.083070,-0.012675,-0.017178,-0.049951,-0.245289,-0.117762,0.030388,-0.066389,-0.114362,-0.017750,0.013132,-0.153172,0.124251,0.014366,-0.140180,0.117498,-0.030164,-0.165787,0.080625,0.008346,-0.135641,0.067615,0.008459,-0.135870,0.067736
0.010968,-0.079835,0.002035,0.182579,-0.007967,0.003505,0.061039,-0.042799,0.070072,0.086201,-0.030534,0.040196,0.191953,-0.048144,0.002752,0.026108,-0.036910,-0.087732,0.046584,-0.045963,-0.059746,-0.283644,-0.140276,0.016369,-0.053549,-0.116540,-0.041872,0.034099,-0.156517,0.099780,0.035273,-0.143958,0.093239,-0.007244,-0.195961,0.082860,0.051129,-0.150115,0.062555,0.052089,-0.152060,0.063591
0.013373,-0.100025,-0.003361,0.234994,-0.038698,-0.002020,0.104570,-0.076191,0.062086,0.129314,-0.063924,0.031931,0.247731,-0.068611,-0.002655,0.067479,-0.056162,-0.091108,0.092063,-0.065940,-0.061432,-0.308901,-0.156554,0.002027,-0.040421,-0.112562,-0.062889,0.052543,-0.152543,0.074895,0.053617,-0.140890,0.068809,0.012947,-0.216570,0.080981,0.088861,-0.157509,0.058464,0.090350,-0.160516,0.060070
0.015651,-0.121896,-0.007621,0.311105,-0.065820,-0.006360,0.151422,-0.111630,0.058170,0.184499,-0.098285,0.033792,0.315302,-0.094101,-0.007071,0.065531,-0.077162,-0.095061,0.103880,-0.087104,-0.067708,-0.350997,-0.174090,-0.018437,-0.029931,-0.106364,-0.093301,0.068700,-0.146498,0.041174,0.069680,-0.135727,0.035533,0.025470,-0.235662,0.076517,0.125292,-0.158655,0.051602,0.127501,-0.163105,0.053986
0.018562,-0.133342,-0.009613,0.402190,-0.070867,-0.008165,0.223721,-0.122428,0.058707,0.230726,-0.117812,0.044632,0.383085,-0.106854,-0.009233,0.037302,-0.083486,-0.098643,0.096291,-0.093573,-0.075206,-0.407246,-0.180781,-0.043178,-0.020783,-0.081239,-0.130146,0.087423,-0.122410,0.001277,0.088308,-0.112609,-0.003873,0.034058,-0.245267,0.070339,0.173705,-0.139131,0.046210,0.176906,-0.145559,0.049660
0.022853,-0.122314,-0.008484,0.499781,-0.035448,-0.006182,0.343723,-0.081742,0.064136,0.247140,-0.106873,0.063283,0.439729,-0.089193,-0.007998,-0.000184,-0.059018,-0.101076,0.083580,-0.069814,-0.080733,-0.475188,-0.164679,-0.070825,-0.011619,-0.020250,-0.170878,0.113619,-0.064122,-0.042476,0.114396,-0.055487,-0.047026,0.042508,-0.237726,0.063003,0.247522,-0.084669,0.046359,0.252068,-0.093771,0.051237
0.025503,-0.140163,-0.011825,0.560725,-0.037207,-0.008514,0.334794,-0.104649,0.078588,0.201550,-0.142590,0.092022,0.506356,-0.115146,-0.011843,-0.013453,-0.078771,-0.102130,0.088603,-0.089291,-0.087347,-0.544829,-0.172131,-0.081826,-0.016279,0.031055,-0.189388,0.152527,-0.013689,-0.121430,0.152463,-0.014566,-0.120965,0.029398,-0.269119,0.061850,0.291452,-0.074400,0.046035,0.297489,-0.086434,0.052445
0.025226,-0.177947,-0.017460,0.554428,-0.075231,-0.013778,0.201622,-0.180492,0.094972,0.116886,-0.207525,0.116772,0.549532,-0.171643,-0.018751,0.004187,-0.132653,-0.101270,0.108883,-0.142030,-0.091708,-0.581074,-0.199758,-0.069950,-0.032224,0.046391,-0.176393,0.184464,0.002610,-0.196499,0.183222,-0.011369,-0.189109,0.001606,-0.322949,0.068427,0.283788,-0.112735,0.046071,0.290720,-0.126474,0.053369
0.016886,-0.199555,-0.032992,0.586815,-0.101643,-0.029462,0.129600,-0.237678,0.079206,0.083529,-0.255724,0.107343,0.590194,-0.202575,-0.035398,0.026415,-0.161511,-0.110070,0.134057,-0.169317,-0.107406,-0.612841,-0.232216,-0.070979,-0.025455,0.009594,-0.189026,0.200556,-0.033788,-0.236148,0.198917,-0.051499,-0.226772,-0.011393,-0.348754,0.074357,0.260352,-0.144715,0.038869,0.267702,-0.159257,0.046547
0.005046,-0.212895,-0.046708,0.636814,-0.124431,-0.044050,0.100084,-0.283533,0.055898,0.090974,-0.291502,0.083922,0.622498,-0.217598,-0.050191,0.053083,-0.175041,-0.117941,0.150133,-0.180958,-0.120291,-0.640489,-0.263913,-0.073517,-0.010480,-0.041872,-0.206232,0.207118,-0.085059,-0.248899,0.205484,-0.101859,-0.239998,-0.014773,-0.363190,0.083239,0.232088,-0.175545,0.030417,0.239668,-0.190522,0.038291
-0.005668,-0.225852,-0.046783,0.683940,-0.150939,-0.045691,0.094837,-0.325925,0.050137,0.129222,-0.319794,0.067228,0.641230,-0.225749,-0.051021,0.084244,-0.182855,-0.114148,0.143360,-0.186471,-0.115949,-0.664803,-0.289731,-0.065931,-0.001505,-0.069984,-0.208031,0.210341,-0.113554,-0.245213,0.208737,-0.129522,-0.236744,-0.013229,-0.383347,0.099271,0.210557,-0.210699,0.027375,0.218488,-0.226295,0.035571
-0.005925,-0.245812,-0.040341,0.735319,-0.175169,-0.040641,0.096052,-0.365766,0.054247,0.139397,-0.355769,0.064560,0.680396,-0.255076,-0.046865,0.125601,-0.211185,-0.106231,0.167372,-0.212494,-0.112422,-0.666442,-0.302538,-0.059800,0.032508,-0.079990,-0.211039,0.219294,-0.117466,-0.260821,0.217489,-0.135032,-0.251489,0.009730,-0.397422,0.111366,0.200122,-0.246805,0.014715,0.208393,-0.262987,0.023237
0.004441,-0.262698,-0.029876,0.764850,-0.184811,-0.030291,0.103361,-0.383841,0.067119,0.116622,-0.382217,0.078124,0.720039,-0.290627,-0.039649,0.156505,-0.244900,-0.098161,0.210156,-0.245209,-0.111548,-0.644171,-0.295833,-0.057259,0.074986,-0.068478,-0.213463,0.229467,-0.097030,-0.287918,0.227288,-0.117799,-0.276846,0.042947,-0.396906,0.114197,0.206301,-0.264646,-0.000581,0.214730,-0.281076,0.008103
0.015497,-0.274661,-0.019534,0.802932,-0.212881,-0.022466,0.167582,-0.404722,0.060963,0.184989,-0.401197,0.068408,0.744207,-0.316248,-0.032245,0.178255,-0.270288,-0.079280,0.242068,-0.269753,-0.098942,-0.605991,-0.299836,-0.055100,0.125380,-0.073755,-0.215101,0.254305,-0.095422,-0.309737,0.251791,-0.118760,-0.297248,0.083386,-0.396089,0.116770,0.217659,-0.284397,-0.010789,0.225943,-0.300496,-0.002244
0.023719,-0.288227,-0.008952,0.842947,-0.251388,-0.015741,0.264471,-0.426081,0.048665,0.293812,-0.417959,0.049741,0.768480,-0.339942,-0.024363,0.205128,-0.295262,-0.055193,0.276290,-0.294289,-0.078710,-0.566385,-0.298730,-0.056248,0.168400,-0.082506,-0.218469,0.270082,-0.097615,-0.324186,0.267346,-0.122177,-0.311003,0.121691,-0.389153,0.115366,0.229138,-0.296519,-0.023616,0.237280,-0.312315,-0.015193
0.025556,-0.309826,0.002310,0.877961,-0.292503,-0.008364,0.370099,-0.446705,0.044581,0.392732,-0.438989,0.037739,0.808134,-0.369730,-0.016187,0.251333,-0.327027,-0.031476,0.325900,-0.326326,-0.054985,-0.539620,-0.276596,-0.063164,0.188437,-0.081679,-0.226865,0.252678,-0.088696,-0.329918,0.249947,-0.112402,-0.317143,0.148825,-0.369927,0.106018,0.235869,-0.291423,-0.047211,0.244189,-0.307542,-0.038581
0.021467,-0.296943,0.025722,0.900337,-0.267495,0.014962,0.448675,-0.404150,0.050940,0.389871,-0.421748,0.054446,0.799511,-0.353999,0.005824,0.229712,-0.310082,-0.012664,0.310882,-0.309387,-0.037763,-0.534923,-0.300495,-0.043486,0.149308,-0.143629,-0.201931,0.263376,-0.167760,-0.263472,0.261269,-0.185507,-0.253846,0.139823,-0.384305,0.121588,0.221911,-0.309431,-0.037409,0.230479,-0.326014,-0.028499
0.013514,-0.255996,0.049483,0.899069,-0.188385,0.042926,0.461141,-0.319856,0.064573,0.286862,-0.375445,0.091073,0.747157,-0.300225,0.030260,0.151192,-0.251644,-0.008234,0.238877,-0.250745,-0.035781,-0.554761,-0.358788,-0.007298,0.071225,-0.238261,-0.154707,0.297626,-0.296755,-0.156872,0.296444,-0.306454,-0.151618,0.098993,-0.423478,0.155699,0.194483,-0.339973,0.002335,0.203247,-0.356920,0.011479
0.003800,-0.256872,0.042516,0.840610,-0.208407,0.032830,0.413840,-0.335713,0.043594,0.227261,-0.398895,0.089144,0.716103,-0.311949,0.020341,0.166957,-0.270968,0.011082,0.247590,-0.268098,-0.021913,-0.507812,-0.345116,-0.026876,0.088762,-0.231657,-0.166233,0.298350,-0.287843,-0.143369,0.297567,-0.294141,-0.139963,0.101398,-0.390657,0.128378,0.197014,-0.308194,-0.019156,0.205630,-0.324840,-0.010123
-0.004041,-0.268836,0.025937,0.768449,-0.258517,0.009727,0.354837,-0.379656,0.006301,0.202978,-0.434657,0.062061,0.692467,-0.338216,-0.000105,0.214866,-0.309321,0.030914,0.283333,-0.304382,-0.006156,-0.439778,-0.308388,-0.056381,0.133016,-0.199920,-0.190097,0.283661,-0.241639,-0.159516,0.283021,-0.246715,-0.156766,0.114328,-0.339704,0.086024,0.204364,-0.262121,-0.057821,0.212791,-0.278400,-0.048969
-0.006590,-0.260793,0.019831,0.725668,-0.268237,-0.000259,0.331978,-0.378674,-0.027558,0.206079,-0.425325,0.024226,0.662167,-0.327001,-0.007061,0.232607,-0.304702,0.038072,0.292222,-0.299438,0.002548,-0.396005,-0.298176,-0.052591,0.135624,-0.218128,-0.179099,0.272289,-0.257032,-0.139380,0.271827,-0.260613,-0.137448,0.104826,-0.322697,0.075943,0.191837,-0.247792,-0.068140,0.200332,-0.264207,-0.059203
-0.018294,-0.228791,0.015422,0.649224,-0.265929,-0.010282,0.280717,-0.366248,-0.047915,0.182873,-0.403548,-0.001480,0.634249,-0.298836,-0.013612,0.285418,-0.286940,0.053640,0.307092,-0.280831,0.025208,-0.381210,-0.241045,-0.047060,0.097398,-0.189026,-0.163277,0.222967,-0.225290,-0.121079,0.222584,-0.228214,-0.119506,0.020567,-0.253465,0.056927,0.159657,-0.139011,-0.116339,0.171583,-0.162070,-0.103768
-0.033235,-0.188811,0.015114,0.577526,-0.252284,-0.016085,0.226868,-0.348636,-0.045908,0.145085,-0.380375,-0.003689,0.622888,-0.267274,-0.017736,0.346995,-0.265002,0.068478,0.320605,-0.258000,0.049133,-0.402861,-0.165598,-0.041939,0.037554,-0.128217,-0.150601,0.160495,-0.163506,-0.114047,0.160043,-0.166942,-0.112195,-0.096153,-0.166039,0.038605,0.124311,0.009098,-0.179238,0.141310,-0.023832,-0.161354
-0.026502,-0.179940,0.017064,0.539478,-0.235403,-0.012998,0.236525,-0.314626,-0.054362,0.172152,-0.341584,-0.009732,0.566158,-0.251780,-0.014976,0.364079,-0.254672,0.066206,0.315443,-0.243400,0.036712,-0.326842,-0.176146,-0.009583,0.049902,-0.166306,-0.105783,0.164903,-0.199287,-0.073585,0.164429,-0.202880,-0.071645,-0.091392,-0.187821,0.048972,0.131986,-0.012628,-0.172041,0.149239,-0.046145,-0.153957
-0.011356,-0.179145,0.020809,0.517725,-0.216047,-0.005410,0.273350,-0.272816,-0.066315,0.222858,-0.297017,-0.013909,0.503846,-0.239405,-0.007989,0.366473,-0.244252,0.058254,0.305808,-0.228015,0.013663,-0.229272,-0.203875,0.026190,0.078553,-0.221203,-0.055371,0.183265,-0.251275,-0.024485,0.182818,-0.254648,-0.022666,-0.048927,-0.230590,0.067012,0.137027,-0.084773,-0.138968,0.152337,-0.114612,-0.122919
-0.001176,-0.163489,0.025235,0.494888,-0.195061,0.000241,0.300965,-0.232194,-0.077604,0.255895,-0.256888,-0.013441,0.475719,-0.217089,-0.002134,0.384005,-0.223130,0.053257,0.305815,-0.204136,0.002861,-0.186584,-0.179666,0.042039,0.067060,-0.212033,-0.027211,0.162210,-0.239616,0.006569,0.161841,-0.242371,0.008051,-0.052779,-0.206114,0.070850,0.093382,-0.090255,-0.127842,0.107203,-0.117277,-0.113332
0.011929,-0.145372,0.021548,0.455801,-0.170269,-0.000824,0.341375,-0.179912,-0.092781,0.286628,-0.210216,-0.013634,0.430904,-0.180726,-0.000823,0.381815,-0.185661,0.035465,0.295676,-0.168207,-0.007641,-0.117625,-0.151848,0.047348,0.055095,-0.198717,-0.002569,0.135666,-0.222442,0.034800,0.135401,-0.224421,0.035865,-0.042152,-0.169345,0.063056,0.056844,-0.088279,-0.125218,0.068892,-0.111900,-0.112509
0.021471,-0.133867,0.011879,0.420028,-0.154011,-0.008162,0.374446,-0.141929,-0.104437,0.299682,-0.180121,-0.014683,0.391818,-0.148454,-0.004727,0.361034,-0.150729,0.013709,0.280477,-0.138361,-0.012637,-0.056776,-0.134322,0.039816,0.048689,-0.188139,0.006616,0.116930,-0.208551,0.046503,0.116740,-0.209982,0.047278,-0.022304,-0.138490,0.047778,0.045853,-0.080209,-0.132383,0.056709,-0.101567,-0.120856
0.023447,-0.113739,0.001548,0.347752,-0.127540,-0.014428,0.380994,-0.092847,-0.108427,0.305960,-0.132458,-0.011967,0.299025,-0.110608,-0.007910,0.293530,-0.111332,-0.003297,0.208570,-0.103909,-0.011543,0.025829,-0.110084,0.025059,0.033823,-0.161828,0.017365,0.065912,-0.172420,0.055382,0.065728,-0.173826,0.056145,-0.015352,-0.090870,0.018381,0.019366,-0.057572,-0.140950,0.028410,-0.075437,-0.131275
0.022111,-0.090347,-0.006491,0.262522,-0.100594,-0.018446,0.355674,-0.049064,-0.110543,0.286137,-0.088282,-0.008814,0.196535,-0.071099,-0.008629,0.218677,-0.071782,-0.011364,0.131224,-0.067528,-0.008115,0.107600,-0.084750,0.012727,0.017818,-0.131297,0.030904,0.005375,-0.129807,0.063529,0.005138,-0.131609,0.064508,-0.016182,-0.043003,-0.010692,-0.016681,-0.035901,-0.140461,-0.009934,-0.049291,-0.133183
0.021740,-0.069037,-0.009071,0.188001,-0.082686,-0.019020,0.293144,-0.026233,-0.116555,0.220691,-0.067625,-0.008663,0.128489,-0.033659,-0.005040,0.175951,-0.036208,-0.006193,0.099814,-0.031716,-0.006047,0.165853,-0.063911,0.012663,0.008037,-0.108048,0.048708,-0.041839,-0.096352,0.073438,-0.042171,-0.098874,0.074812,-0.019703,-0.011355,-0.024654,-0.056136,-0.030822,-0.120123,-0.052031,-0.039003,-0.115656
0.017424,-0.036576,-0.010238,0.082333,-0.070498,-0.021276,0.212288,-0.006179,-0.122622,0.147956,-0.044592,-0.018290,0.036033,0.002091,-0.002188,0.136887,-0.004044,-0.001564,0.075082,0.000253,-0.003660,0.242600,-0.017370,0.011469,-0.003696,-0.059796,0.070539,-0.097509,-0.035628,0.073377,-0.098059,-0.039841,0.075686,-0.022446,0.039689,-0.045731,-0.080479,0.002855,-0.091994,-0.079403,0.000704,-0.090811
0.000000,0.000000,0.000000,-0.012931,-0.060900,-0.014719,0.142372,0.010154,-0.116228,0.093103,-0.021753,-0.023466,-0.045891,0.027485,0.007861,0.109717,0.017843,0.009570,0.058087,0.021618,0.007198,0.288105,0.040797,0.019016,-0.022758,-0.001688,0.094959,-0.145017,0.030992,0.072934,-0.145795,0.024967,0.076260,-0.034363,0.094012,-0.054013,-0.088809,0.057552,-0.060888,-0.089646,0.059229,-0.061813
0.023631,-0.005594,-0.003264,-0.047521,-0.072527,-0.017176,0.142011,0.013967,-0.142614,0.117130,-0.005310,-0.079555,-0.106262,0.028174,0.008983,0.094657,0.017684,0.002616,0.100981,0.018821,-0.002566,0.411288,0.005222,0.021482,0.032007,-0.044223,0.114811,-0.110643,-0.005871,0.082156,-0.111160,-0.009921,0.084409,0.075193,0.035997,-0.059602,-0.061302,-0.061262,0.033393,-0.069775,-0.044298,0.024044
0.030479,0.000180,0.006289,-0.094720,-0.064253,-0.004860,0.124724,0.031768,-0.139064,0.118043,0.022877,-0.103321,-0.173376,0.035473,0.021175,0.068411,0.023794,0.009315,0.131293,0.021888,0.003036,0.503496,-0.017380,0.030512,0.062599,-0.074332,0.138606,-0.086784,-0.034305,0.102581,-0.086943,-0.035556,0.103282,0.154741,-0.004213,-0.058167,-0.052553,-0.155526,0.126169,-0.067947,-0.124794,0.109059
0.008024,0.034082,0.017501,-0.182725,-0.031748,0.008538,0.048705,0.054504,-0.080182,0.038404,0.045481,-0.048936,-0.230351,0.043835,0.027742,0.053051,0.027794,0.024705,0.121973,0.024124,0.023293,0.501706,0.042317,0.017912,0.016670,-0.015335,0.137116,-0.120376,0.021466,0.098745,-0.120448,0.020896,0.099065,0.098035,0.066559,-0.083897,-0.072522,-0.061684,0.116225,-0.087679,-0.031505,0.099257
-0.007740,0.068987,0.027369,-0.281085,0.011780,0.023677,-0.031294,0.090067,-0.017460,-0.045675,0.080731,0.009672,-0.296049,0.057717,0.034718,0.014441,0.039336,0.036115,0.076014,0.034606,0.039844,0.508284,0.099756,0.008096,-0.021319,0.040457,0.139014,-0.143647,0.073423,0.099739,-0.143657,0.073347,0.099781,0.046801,0.137593,-0.106923,-0.086855,0.033274,0.100608,-0.101308,0.061945,0.084408
-0.008952,0.087469,0.031013,-0.340692,0.044589,0.032923,-0.075167,0.120347,0.017649,-0.092047,0.110658,0.043086,-0.337676,0.070193,0.038363,-0.028199,0.052564,0.037614,0.016318,0.047995,0.044189,0.519868,0.126398,0.006552,-0.032388,0.064582,0.143574,-0.144926,0.094896,0.105110,-0.144927,0.094884,0.105117,0.026766,0.173979,-0.115551,-0.088144,0.082032,0.086974,-0.101770,0.108964,0.071734
-0.000778,0.062120,0.011508,-0.387340,-0.000110,0.010951,-0.151095,0.060659,0.024134,-0.076673,0.076123,0.048338,-0.327001,0.036475,0.016982,-0.014354,0.014415,0.038058,-0.001227,0.010797,0.047446,0.574806,0.176155,-0.019215,0.078222,0.152512,0.107729,-0.151333,0.214655,0.018427,-0.151340,0.214607,0.018453,0.073805,0.225432,-0.143702,-0.054385,0.124945,0.034468,-0.067080,0.149944,0.020327
0.008088,0.038058,-0.007697,-0.412427,-0.039469,-0.010405,-0.199612,0.011906,0.016347,-0.041334,0.050595,0.039081,-0.312722,0.012397,-0.002547,-0.004219,-0.012539,0.036271,-0.019508,-0.015175,0.047674,0.623072,0.206221,-0.034103,0.187097,0.215304,0.082095,-0.146026,0.307185,-0.052841,-0.146037,0.307098,-0.052793,0.127658,0.255504,-0.156358,-0.020737,0.141892,-0.005583,-0.032533,0.165076,-0.018660
0.008882,0.060279,-0.002671,-0.407402,0.008875,0.000155,-0.161104,0.074169,0.007444,-0.027664,0.106556,0.027787,-0.343660,0.053207,0.006806,-0.057951,0.032935,0.030551,-0.081332,0.030574,0.042459,0.613934,0.175101,0.001085,0.169753,0.163415,0.118572,-0.112455,0.242757,-0.004166,-0.112459,0.242724,-0.004148,0.128002,0.228079,-0.117448,-0.023074,0.112815,0.018497,-0.034172,0.134595,0.006242
0.007391,0.079635,-0.006168,-0.411254,0.050135,0.001096,-0.142857,0.125327,-0.008757,-0.037971,0.150461,0.008554,-0.368485,0.082118,0.005394,-0.108033,0.066211,0.014774,-0.135793,0.063988,0.027017,0.593109,0.152385,0.025537,0.145417,0.131155,0.143534,-0.069971,0.192922,0.038391,-0.069970,0.192925,0.038389,0.130821,0.207854,-0.086326,-0.015784,0.095916,0.035137,-0.026060,0.116059,0.023826
0.004382,0.086492,-0.016415,-0.422174,0.063838,-0.007860,-0.154083,0.140071,-0.023939,-0.067140,0.160657,-0.008773,-0.374857,0.084836,-0.005930,-0.129432,0.070936,-0.002741,-0.155680,0.068649,0.009494,0.571382,0.149043,0.026215,0.126624,0.133914,0.144643,-0.039758,0.182496,0.054583,-0.039757,0.182501,0.054580,0.134858,0.205655,-0.078659,-0.002102,0.100150,0.036121,-0.011856,0.119260,0.025423
0.000986,0.090935,-0.030068,-0.400899,0.071645,-0.021962,-0.142875,0.144621,-0.037124,-0.057272,0.165290,-0.024678,-0.349696,0.085240,-0.021469,-0.108251,0.071417,-0.017672,-0.138720,0.069131,-0.004601,0.519451,0.148927,0.015691,0.102103,0.148058,0.128865,-0.014968,0.183268,0.053366,-0.014967,0.183274,0.053362,0.139860,0.202643,-0.074642,0.024590,0.112307,0.031373,0.015708,0.129701,0.021671
-0.000193,0.090161,-0.041152,-0.368163,0.070556,-0.034397,-0.129679,0.136489,-0.042736,-0.039443,0.158649,-0.032175,-0.312236,0.081094,-0.034447,-0.081787,0.067414,-0.028679,-0.116726,0.064988,-0.014251,0.460055,0.149245,0.005595,0.080376,0.163061,0.110780,0.004337,0.187267,0.045061,0.004338,0.187273,0.045058,0.141666,0.198212,-0.069267,0.040599,0.118092,0.026635,0.032448,0.134055,0.017790
0.003416,0.081313,-0.043720,-0.344829,0.057317,-0.038589,-0.135060,0.113007,-0.035576,-0.044834,0.134958,-0.024629,-0.281836,0.069955,-0.038328,-0.087427,0.058513,-0.034703,-0.121600,0.055601,-0.018699,0.415970,0.147602,0.007712,0.069968,0.167927,0.104980,0.018047,0.186077,0.039957,0.018048,0.186080,0.039955,0.136101,0.192465,-0.057592,0.022305,0.103768,0.027564,0.014249,0.119544,0.018872
0.004872,0.066710,-0.044058,-0.303081,0.045906,-0.039680,-0.133731,0.087186,-0.018680,-0.051052,0.106744,-0.006354,-0.235926,0.056812,-0.039750,-0.099311,0.049383,-0.041579,-0.117116,0.045913,-0.026633,0.356136,0.127902,-0.001655,0.064122,0.158045,0.082513,0.036481,0.169533,0.025079,0.036482,0.169541,0.025074,0.144149,0.164709,-0.050322,0.042488,0.085523,0.020057,0.035365,0.099467,0.012402
0.003470,0.053702,-0.041969,-0.263843,0.042189,-0.037217,-0.126349,0.072107,-0.000709,-0.054945,0.088287,0.013254,-0.197494,0.048376,-0.038047,-0.111493,0.044684,-0.045917,-0.105508,0.040827,-0.034112,0.310615,0.099895,-0.017715,0.065828,0.137995,0.054780,0.050493,0.145597,0.008102,0.050495,0.145614,0.008093,0.161941,0.129084,-0.050953,0.091177,0.072596,0.007942,0.085357,0.084000,0.001717
0.002297,0.030195,-0.038734,-0.197926,0.024767,-0.034771,-0.093095,0.042824,0.019707,-0.029383,0.056655,0.035084,-0.146028,0.023549,-0.036339,-0.082371,0.020218,-0.038840,-0.075263,0.015945,-0.025818,0.248424,0.062378,-0.030131,0.072358,0.108230,0.024629,0.063233,0.112948,-0.004976,0.063238,0.112995,-0.005002,0.172204,0.080851,-0.046270,0.128285,0.044104,0.003501,0.123488,0.053516,-0.001599
0.001187,0.005605,-0.033481,-0.133283,0.002830,-0.030729,-0.052404,0.012181,0.037692,0.002429,0.023456,0.054140,-0.095407,-0.003604,-0.032680,-0.039537,-0.007706,-0.027454,-0.039121,-0.012288,-0.012040,0.188748,0.027187,-0.036629,0.080940,0.076032,-0.000222,0.073762,0.078927,-0.013189,0.073772,0.079020,-0.013240,0.175345,0.035567,-0.038191,0.149959,0.012502,0.005214,0.145829,0.020616,0.000850
0.000053,-0.010575,-0.025299,-0.097879,-0.014215,-0.023585,-0.022692,-0.006749,0.048188,0.017334,0.000480,0.065225,-0.059490,-0.018853,-0.025197,-0.010546,-0.022706,-0.019002,-0.009778,-0.027419,-0.003178,0.150927,0.006223,-0.034866,0.088831,0.048468,-0.011907,0.081128,0.050731,-0.015453,0.081144,0.050883,-0.015537,0.171855,0.009090,-0.028482,0.152422,-0.009526,0.011664,0.148525,-0.001860,0.007571
-0.001397,-0.023840,-0.017115,-0.051294,-0.027839,-0.016585,0.009162,-0.023633,0.052388,0.038942,-0.019236,0.070004,-0.020836,-0.032077,-0.017892,0.020601,-0.036777,-0.003137,0.021211,-0.041326,0.012174,0.102810,-0.011655,-0.030314,0.090504,0.017280,-0.022918,0.083818,0.018634,-0.018704,0.083835,0.018799,-0.018795,0.157888,-0.013142,-0.015787,0.140941,-0.029541,0.019593,0.137273,-0.022322,0.015762
-0.002423,-0.027548,-0.013034,-0.016831,-0.031172,-0.013268,0.027233,-0.029957,0.048161,0.056468,-0.025742,0.066049,0.001218,-0.036618,-0.014441,0.038332,-0.042830,0.012205,0.038349,-0.047000,0.026342,0.068513,-0.017543,-0.025265,0.085153,-0.002003,-0.027729,0.080497,-0.001360,-0.021300,0.080510,-0.001234,-0.021369,0.140487,-0.020008,-0.006442,0.121324,-0.037599,0.025015,0.117764,-0.030594,0.021314
-0.002243,-0.026644,-0.011586,0.012127,-0.026381,-0.011881,0.040305,-0.026999,0.035699,0.068991,-0.022553,0.051820,0.028561,-0.037199,-0.013813,0.047320,-0.042748,0.015807,0.054211,-0.046886,0.028459,0.031336,-0.017610,-0.018644,0.067915,-0.018565,-0.028953,0.071468,-0.019748,-0.025831,0.071469,-0.019739,-0.025836,0.110802,-0.018184,0.002658,0.084216,-0.041019,0.032993,0.080486,-0.033682,0.029131
-0.001783,-0.022896,-0.012064,0.034103,-0.018043,-0.012146,0.047654,-0.019984,0.020167,0.075238,-0.015459,0.034456,0.047695,-0.034030,-0.014806,0.048007,-0.038896,0.017409,0.060223,-0.043195,0.029537,0.000797,-0.015421,-0.012876,0.045923,-0.030390,-0.027552,0.057237,-0.033025,-0.030730,0.057226,-0.033129,-0.030673,0.078297,-0.011248,0.009090,0.043017,-0.040515,0.040449,0.038988,-0.032602,0.036288
0.000000,0.000000,0.000000,0.049657,0.007341,-0.000018,0.050538,0.003989,0.020503,0.075931,0.007892,0.034882,0.047145,-0.009248,-0.002424,0.042851,-0.015493,0.040585,0.049835,-0.020002,0.054417,-0.011670,0.003507,0.003371,0.028298,-0.017443,-0.010732,0.040315,-0.019672,-0.020667,0.040301,-0.019804,-0.020594,0.054400,0.015209,0.024195,0.013042,-0.018833,0.058071,0.008741,-0.010398,0.053634
-0.001925,-0.011400,-0.018801,0.053027,-0.007146,-0.019433,0.051557,-0.008253,-0.015429,0.072954,-0.005255,-0.002005,0.045127,-0.013955,-0.020248,0.051691,-0.022010,0.030391,0.049926,-0.026707,0.046515,-0.024660,-0.012324,-0.010463,0.005132,-0.037759,-0.022369,0.016989,-0.039536,-0.037063,0.016979,-0.039640,-0.037006,0.023866,0.010520,0.008540,-0.020547,-0.026154,0.045048,-0.025009,-0.017425,0.040448
-0.001656,-0.006188,-0.024652,0.047434,-0.009054,-0.026277,0.055099,-0.005375,-0.035253,0.072679,-0.003120,-0.023358,0.047556,-0.000605,-0.024948,0.075002,-0.009977,0.026309,0.065350,-0.014766,0.044151,-0.026728,-0.009790,-0.013058,-0.007064,-0.035960,-0.022241,0.003841,-0.037466,-0.037310,0.003837,-0.037498,-0.037292,0.006888,0.022212,0.004329,-0.035987,-0.013622,0.042241,-0.040416,-0.004980,0.037676
-0.003549,0.002660,-0.025922,0.035356,-0.002767,-0.027717,0.048529,0.003233,-0.041325,0.067381,0.005847,-0.029648,0.037036,0.014278,-0.025118,0.063706,0.005908,0.019686,0.054662,0.000835,0.038261,-0.029014,-0.001209,-0.017360,-0.027625,-0.028956,-0.021667,-0.027632,-0.028130,-0.031086,-0.027626,-0.028073,-0.031118,-0.018707,0.040502,-0.003702,-0.059249,0.006474,0.032730,-0.063423,0.014600,0.028426
-0.005980,0.011520,-0.023868,0.020301,0.006338,-0.025329,0.039203,0.013816,-0.038515,0.060966,0.017107,-0.026499,0.022197,0.026073,-0.022333,0.039357,0.019513,0.014002,0.033937,0.014184,0.032688,-0.028750,0.009462,-0.021401,-0.045923,-0.021418,-0.020964,-0.059797,-0.017740,-0.021695,-0.059778,-0.017567,-0.021790,-0.041818,0.058186,-0.012218,-0.080958,0.025747,0.019554,-0.084724,0.033062,0.015669
-0.007332,0.016733,-0.019710,0.005699,0.012855,-0.020648,0.034362,0.022569,-0.031614,0.057179,0.026081,-0.019478,0.011590,0.030078,-0.018135,0.023356,0.024651,0.012683,0.019101,0.019295,0.031180,-0.023118,0.018235,-0.023187,-0.051266,-0.017999,-0.020430,-0.074942,-0.012517,-0.012386,-0.074907,-0.012194,-0.012564,-0.051316,0.067921,-0.017849,-0.091629,0.035692,0.005676,-0.094891,0.042017,0.002307
-0.006438,0.021204,-0.017916,-0.012022,0.019071,-0.018127,0.032666,0.032773,-0.027279,0.051263,0.035281,-0.015899,0.000411,0.034920,-0.015999,0.008753,0.030589,0.008878,0.005552,0.025381,0.026646,-0.010161,0.027471,-0.027169,-0.050445,-0.013749,-0.021707,-0.083794,-0.005985,-0.010714,-0.083768,-0.005750,-0.010844,-0.056139,0.077388,-0.026582,-0.097110,0.045719,-0.010974,-0.099865,0.051056,-0.013826
-0.003747,0.022700,-0.019398,-0.023990,0.021878,-0.019045,0.034987,0.039313,-0.027701,0.046207,0.040091,-0.017570,-0.005735,0.038182,-0.017001,0.002879,0.034354,0.004487,0.000096,0.029385,0.021356,0.003631,0.032549,-0.031365,-0.043894,-0.010792,-0.024162,-0.081936,-0.001406,-0.017530,-0.081941,-0.001451,-0.017505,-0.053869,0.081886,-0.034064,-0.094651,0.050843,-0.022049,-0.097153,0.055687,-0.024644
-0.004601,0.025288,-0.018697,-0.045203,0.026153,-0.017587,0.021726,0.045135,-0.023160,0.026881,0.044655,-0.014762,-0.022891,0.038033,-0.016336,-0.005157,0.033857,0.004070,-0.010416,0.028774,0.021739,0.021412,0.035116,-0.030010,-0.038465,-0.004914,-0.018885,-0.081165,0.006092,-0.016608,-0.081181,0.005944,-0.016526,-0.051655,0.077907,-0.038626,-0.095080,0.045425,-0.029980,-0.097439,0.049994,-0.032434
-0.006821,0.028319,-0.017875,-0.066071,0.029881,-0.016212,0.004515,0.049167,-0.018181,0.005451,0.047933,-0.011496,-0.041326,0.037416,-0.015697,-0.010972,0.032500,0.004965,-0.017665,0.027139,0.023788,0.037934,0.036516,-0.027240,-0.033131,-0.000509,-0.012565,-0.077261,0.011288,-0.014875,-0.077278,0.011132,-0.014787,-0.047483,0.070549,-0.041471,-0.094061,0.036209,-0.035710,-0.096339,0.040623,-0.038087
-0.008227,0.031156,-0.019012,-0.077064,0.031051,-0.017395,-0.004999,0.050328,-0.017271,-0.005910,0.048861,-0.011773,-0.051338,0.039280,-0.016787,-0.010198,0.033668,0.004506,-0.013359,0.028053,0.023498,0.047999,0.038122,-0.027214,-0.026879,-0.001931,-0.011889,-0.066047,0.009021,-0.019282,-0.066065,0.008860,-0.019193,-0.039329,0.064920,-0.043849,-0.087261,0.029928,-0.040220,-0.089472,0.034217,-0.042534
-0.008836,0.031549,-0.019291,-0.083767,0.025969,-0.018411,-0.009663,0.045491,-0.016765,-0.010854,0.044065,-0.011795,-0.062635,0.038500,-0.017004,-0.010306,0.031664,0.008192,-0.010938,0.025977,0.026923,0.060334,0.038191,-0.026544,-0.016532,-0.001242,-0.010580,-0.049244,0.008288,-0.020901,-0.049257,0.008175,-0.020838,-0.024595,0.051781,-0.045950,-0.069913,0.019159,-0.045666,-0.071908,0.023037,-0.047762
-0.008342,0.029297,-0.018553,-0.082827,0.017172,-0.018723,-0.007150,0.037054,-0.016884,-0.006912,0.035916,-0.011522,-0.069571,0.035465,-0.016220,-0.011227,0.027510,0.014200,-0.011596,0.021970,0.032367,0.068783,0.036669,-0.025543,-0.007240,0.001209,-0.009264,-0.035222,0.009452,-0.018898,-0.035226,0.009416,-0.018878,-0.010622,0.037695,-0.046706,-0.050660,0.009300,-0.049307,-0.052397,0.012686,-0.051138
-0.010447,0.021362,-0.016071,-0.082048,0.006855,-0.016681,-0.011256,0.024933,-0.012125,-0.007625,0.024543,-0.006116,-0.075361,0.021493,-0.014571,-0.020709,0.013558,0.017299,-0.028698,0.007799,0.037513,0.075086,0.027082,-0.022673,0.011439,0.000535,-0.008608,-0.007678,0.005920,-0.012197,-0.007670,0.005991,-0.012237,0.010482,0.013262,-0.043680,-0.020512,-0.008154,-0.049641,-0.021893,-0.005456,-0.051100
-0.012773,0.013358,-0.014009,-0.079442,-0.003478,-0.015078,-0.017032,0.011814,-0.007382,-0.012520,0.011449,-0.000464,-0.075215,0.008665,-0.013281,-0.029464,0.001870,0.014685,-0.042087,-0.004245,0.036906,0.079011,0.014242,-0.023181,0.030734,-0.000359,-0.011733,0.020298,0.001925,-0.006249,0.020322,0.002138,-0.006367,0.032712,-0.013399,-0.042833,0.022334,-0.019705,-0.051170,0.021575,-0.018216,-0.051974
0.000000,0.000000,0.000000,-0.060095,-0.023199,-0.002191,-0.006562,-0.010530,0.006996,-0.008161,-0.012777,0.015094,-0.051386,-0.001814,0.000910,-0.015235,-0.006397,0.018014,-0.018630,-0.012797,0.039541,0.093264,-0.007954,-0.017768,0.054793,-0.009485,-0.007203,0.048532,-0.009192,0.008032,0.048576,-0.008802,0.007816,0.062985,-0.045019,-0.035574,0.092614,-0.022761,-0.043756,0.092904,-0.023332,-0.043449
0.000000,0.000000,0.000000,-0.051506,-0.024827,-0.002618,-0.011133,-0.016524,0.011607,-0.014973,-0.019628,0.020888,-0.043506,-0.005317,0.000219,-0.016058,-0.007766,0.006428,-0.012932,-0.013904,0.025943,0.089066,-0.007323,-0.018906,0.065427,-0.004523,-0.011876,0.067710,-0.006800,0.006371,0.067739,-0.006534,0.006224,0.073006,-0.057041,-0.036231,0.122673,-0.019864,-0.049635,0.123756,-0.022005,-0.048491
0.000000,0.000000,0.000000,-0.045179,-0.020900,-0.002131,-0.015680,-0.016501,0.018140,-0.016763,-0.019006,0.028011,-0.042737,-0.013450,-0.000979,-0.018743,-0.014881,-0.000233,-0.015071,-0.020332,0.016957,0.081284,0.002498,-0.012046,0.070074,-0.001292,-0.009457,0.080994,-0.005402,0.003542,0.080983,-0.005500,0.003595,0.070530,-0.056729,-0.030484,0.110155,-0.025645,-0.051982,0.111379,-0.028076,-0.050691
-0.009440,-0.012931,0.009242,-0.044029,-0.028723,0.007668,-0.023550,-0.026934,0.029345,-0.022824,-0.029122,0.039961,-0.048369,-0.032755,0.007269,-0.028336,-0.033312,0.003638,-0.035118,-0.038488,0.021821,0.064456,-0.006262,0.004025,0.069590,-0.012997,0.001587,0.085070,-0.017992,0.010961,0.085050,-0.018178,0.011063,0.068247,-0.065233,-0.010469,0.098454,-0.039930,-0.038742,0.099775,-0.042562,-0.037352
-0.005409,-0.015633,0.011591,-0.030157,-0.026385,0.010560,-0.016711,-0.026159,0.030534,-0.014452,-0.028050,0.041667,-0.038215,-0.037433,0.009213,-0.021185,-0.037099,0.000672,-0.035686,-0.042210,0.020077,0.061467,-0.008591,0.012997,0.080443,-0.015457,0.006631,0.099319,-0.021190,0.014206,0.099304,-0.021323,0.014279,0.080169,-0.061644,0.004012,0.101445,-0.042011,-0.028914,0.102773,-0.044666,-0.027518
-0.003557,-0.015320,0.011395,-0.024172,-0.022323,0.010841,-0.015692,-0.022852,0.027510,-0.011491,-0.024197,0.038541,-0.028606,-0.032049,0.009586,-0.012181,-0.030643,-0.006044,-0.017925,-0.035714,0.011714,0.056552,-0.009866,0.019055,0.080489,-0.014897,0.011552,0.104534,-0.022022,0.019328,0.104527,-0.022091,0.019366,0.081637,-0.055388,0.013714,0.094275,-0.041597,-0.020958,0.095476,-0.044003,-0.019698
0.000000,0.000000,0.000000,-0.015722,-0.003242,-0.000103,-0.010945,-0.004128,0.012845,-0.004321,-0.004755,0.023585,-0.018512,-0.010537,-0.001066,0.004958,-0.009248,-0.018622,0.004267,-0.014365,-0.001595,0.052082,0.002774,0.011558,0.077607,0.000388,0.003995,0.102146,-0.006877,0.011909,0.102144,-0.006898,0.011920,0.082413,-0.029052,0.011218,0.088673,-0.020266,-0.019666,0.089513,-0.021953,-0.018785
0.000000,0.000000,0.000000,-0.012519,-0.001355,0.000103,-0.008323,-0.002008,0.010777,-0.000007,-0.002102,0.021183,-0.016468,-0.006330,-0.000508,0.018171,-0.006284,-0.013855,0.016299,-0.011501,0.003721,0.046812,0.000342,0.011143,0.069755,0.000085,0.004628,0.089857,-0.006007,0.012548,0.089856,-0.006018,0.012554,0.078617,-0.018472,0.014649,0.083965,-0.011356,-0.008778,0.084391,-0.012212,-0.008332
0.000000,0.000000,0.000000,-0.010948,0.003030,0.000719,-0.001240,0.004629,0.006857,0.005827,0.004631,0.015359,-0.014350,-0.003225,-0.000115,0.020585,-0.003686,-0.010155,0.018048,-0.008940,0.007658,0.039611,-0.000283,0.008219,0.056958,0.001303,0.003565,0.069535,-0.003098,0.014389,0.069543,-0.003030,0.014353,0.066827,-0.006060,0.013983,0.071782,-0.000285,-0.001834,0.071816,-0.000353,-0.001798
0.000000,0.000000,0.000000,-0.008871,0.007508,0.001331,0.009561,0.012125,0.003522,0.015176,0.012220,0.009861,-0.012586,-0.001530,0.000084,0.021763,-0.002309,-0.007575,0.018663,-0.007600,0.010459,0.032516,0.000205,0.004912,0.044917,0.003739,0.001956,0.049179,0.001193,0.016030,0.049194,0.001328,0.015958,0.053310,0.006642,0.012254,0.059620,0.012274,0.004183,0.059306,0.012907,0.003855
0.000000,0.000000,0.000000,-0.004155,0.009665,0.001532,0.023328,0.016816,0.003224,0.030030,0.017447,0.008463,-0.011610,-0.001562,0.000057,0.031261,-0.003021,-0.006170,0.027290,-0.008418,0.012364,0.027582,0.001127,0.003356,0.039366,0.007114,0.000956,0.036836,0.006236,0.016072,0.036848,0.006346,0.016012,0.044371,0.018100,0.012492,0.055022,0.025673,0.012272,0.054424,0.026876,0.011652
0.000000,0.000000,0.000000,0.002031,0.009424,0.001342,0.036847,0.018800,0.001600,0.043945,0.019590,0.006588,-0.008694,0.000565,0.000285,0.045502,-0.002326,-0.000330,0.035963,-0.008154,0.020593,0.020706,0.000215,0.000149,0.033008,0.008824,-0.001987,0.026525,0.008766,0.015158,0.026537,0.008881,0.015097,0.032412,0.026403,0.010442,0.050720,0.038415,0.017013,0.049993,0.039875,0.016261
0.002956,-0.020748,0.009596,0.009549,-0.013844,0.010452,0.046323,-0.003656,0.009055,0.052930,-0.003162,0.014767,-0.002340,-0.016961,0.010249,0.060318,-0.021298,0.016617,0.043297,-0.027672,0.040627,0.018281,-0.022821,0.006490,0.031975,-0.012727,0.004195,0.026357,-0.013223,0.023343,0.026372,-0.013078,0.023266,0.026363,0.006662,0.016717,0.051816,0.023404,0.025620,0.051178,0.024680,0.024964
0.006483,-0.023163,0.009016,0.013710,-0.017943,0.009607,0.036167,-0.011274,0.006073,0.042109,-0.011016,0.012030,0.005829,-0.018019,0.009746,0.059671,-0.021356,0.012669,0.043455,-0.028263,0.038231,0.013145,-0.023994,0.007369,0.024727,-0.017281,0.005145,0.021613,-0.018123,0.021227,0.021611,-0.018142,0.021237,0.015896,0.007801,0.016799,0.044342,0.026358,0.027864,0.043684,0.027673,0.027188
0.011412,-0.024873,0.007973,0.017065,-0.020752,0.008440,0.019833,-0.019020,0.002472,0.024665,-0.018941,0.007903,0.012502,-0.018067,0.008889,0.048752,-0.019300,0.003774,0.036141,-0.026529,0.029738,0.011636,-0.023387,0.010416,0.019729,-0.020618,0.008562,0.018767,-0.021525,0.019849,0.018746,-0.021722,0.019954,0.008689,0.008127,0.018225,0.036117,0.025787,0.030587,0.035363,0.027291,0.029814
0.014605,-0.025998,0.010773,0.018205,-0.022637,0.011178,0.006819,-0.024325,0.002645,0.009833,-0.024377,0.006493,0.010406,-0.015044,0.012382,0.028798,-0.014348,0.000464,0.017097,-0.021515,0.026073,0.016112,-0.023567,0.017864,0.021478,-0.020996,0.016749,0.020318,-0.021524,0.024856,0.020296,-0.021728,0.024965,0.008433,0.003461,0.023164,0.030993,0.017717,0.035290,0.030102,0.019490,0.034380
0.018538,-0.025813,0.015613,0.018487,-0.016819,0.016925,-0.007562,-0.022748,0.009954,-0.009709,-0.023920,0.012626,0.007502,-0.009951,0.018044,-0.002194,-0.005806,-0.007651,-0.005637,-0.012568,0.015248,0.023410,-0.022332,0.027205,0.025287,-0.023404,0.026510,0.025128,-0.023774,0.030538,0.025110,-0.023951,0.030633,0.010253,-0.000336,0.029647,0.025105,0.008422,0.042042,0.023963,0.010688,0.040879
0.021248,-0.024403,0.020077,0.017764,-0.006195,0.022804,-0.016139,-0.015072,0.020747,-0.024215,-0.017796,0.023238,0.005236,-0.005327,0.023045,-0.028761,0.002061,-0.016518,-0.020723,-0.004162,0.002663,0.029883,-0.020289,0.033776,0.029255,-0.026629,0.032977,0.030803,-0.027140,0.034066,0.030789,-0.027270,0.034136,0.013232,-0.001359,0.034434,0.021387,0.002557,0.047464,0.020004,0.005292,0.046058
0.023087,-0.019396,0.021030,0.015123,0.003274,0.024496,-0.035452,-0.011834,0.032749,-0.042810,-0.014843,0.037416,0.002878,-0.007391,0.023112,-0.050040,0.002089,-0.024215,-0.041057,-0.003568,-0.006995,0.035087,-0.010194,0.035259,0.029300,-0.020801,0.035261,0.033238,-0.021467,0.031829,0.033227,-0.021573,0.031886,0.016875,0.006581,0.034902,0.017011,0.005109,0.045713,0.015517,0.008055,0.044196
0.025216,-0.014398,0.018415,0.010408,0.009064,0.022138,-0.059479,-0.013071,0.040990,-0.063172,-0.015626,0.048134,0.001471,-0.010181,0.019508,-0.071518,0.001284,-0.034233,-0.058801,-0.004230,-0.018066,0.037411,0.005411,0.036088,0.025878,-0.010129,0.036957,0.032291,-0.010862,0.027927,0.032281,-0.010959,0.027979,0.018770,0.022099,0.035589,0.001885,0.009231,0.040995,0.000215,0.012517,0.039300
0.028829,-0.013019,0.012202,0.003477,0.008656,0.015883,-0.082262,-0.018801,0.040528,-0.083046,-0.020708,0.048396,0.002059,-0.007720,0.013490,-0.098793,0.006664,-0.050084,-0.066183,0.000375,-0.034899,0.035264,0.024015,0.040752,0.019468,0.001195,0.041723,0.027849,0.000585,0.026504,0.027838,0.000488,0.026556,0.016502,0.043857,0.041074,-0.034115,0.008063,0.037573,-0.036228,0.012209,0.035428
0.026500,-0.007532,0.004922,0.001605,0.018337,0.009156,-0.099215,-0.014999,0.044351,-0.094679,-0.015843,0.054154,0.005787,-0.006249,0.005527,-0.105983,0.008813,-0.058019,-0.068187,0.002642,-0.044218,0.025062,0.029720,0.030481,0.009408,0.008437,0.031674,0.018439,0.007776,0.015254,0.018435,0.007731,0.015279,0.015634,0.054061,0.034531,-0.043770,0.012422,0.027207,-0.045922,0.016634,0.025016
0.019379,-0.000675,0.000201,0.005725,0.033270,0.005322,-0.101794,-0.003601,0.050564,-0.092189,-0.003486,0.062540,0.010789,-0.006505,-0.000397,-0.089445,0.006631,-0.054034,-0.063789,0.001465,-0.041341,0.011956,0.019645,0.010397,0.000761,0.007974,0.011795,0.008799,0.007122,-0.000223,0.008803,0.007153,-0.000240,0.016660,0.047585,0.019213,-0.022195,0.020235,0.014980,-0.023962,0.023687,0.013179
0.000000,0.000000,0.000000,-0.000606,0.040171,0.005722,-0.094618,0.005514,0.059832,-0.086802,0.004326,0.075912,0.011867,-0.002149,-0.000524,-0.080403,0.010561,-0.053767,-0.049046,0.005447,-0.042404,-0.022583,0.014451,-0.002607,-0.030266,0.012478,-0.000735,-0.029427,0.013369,-0.011838,-0.029426,0.013379,-0.011844,-0.006197,0.040379,0.008803,-0.024150,0.027030,0.011677,-0.025784,0.030220,0.010010
0.000000,0.000000,0.000000,0.011983,0.041951,0.005716,-0.059117,0.013061,0.062709,-0.056072,0.009833,0.082476,0.035384,0.002918,-0.000320,-0.050243,0.015369,-0.053655,-0.004456,0.009882,-0.044053,-0.040304,0.016798,-0.009931,-0.042915,0.020775,-0.008599,-0.047274,0.023112,-0.021027,-0.047278,0.023074,-0.021007,-0.014111,0.036844,0.002507,-0.014354,0.034944,0.014368,-0.016076,0.038301,0.012612
0.005631,-0.012431,-0.017382,0.027495,0.024239,-0.012615,-0.022110,0.002530,0.036426,-0.022957,-0.001936,0.057103,0.062310,-0.012479,-0.018520,-0.015649,-0.001519,-0.063451,0.044150,-0.007214,-0.056236,-0.048314,0.012059,-0.026243,-0.041784,0.014399,-0.027740,-0.041126,0.015661,-0.042470,-0.041130,0.015616,-0.042446,-0.013619,0.024081,-0.013712,-0.002875,0.028835,0.006873,-0.004870,0.032720,0.004839
-0.001452,-0.022820,-0.037768,0.041157,0.008475,-0.034184,0.008349,-0.006925,0.004547,-0.001268,-0.013932,0.025821,0.094720,-0.020090,-0.039320,0.028738,-0.012305,-0.065677,0.105917,-0.018361,-0.061209,-0.078690,0.011286,-0.039885,-0.063862,0.014515,-0.043604,-0.051789,0.013428,-0.064767,-0.051795,0.013370,-0.064736,-0.028029,0.008864,-0.027001,-0.000971,0.023602,0.005874,-0.003354,0.028235,0.003448
-0.009693,-0.034379,-0.055506,0.054210,-0.005892,-0.052759,0.025120,-0.019063,-0.021498,0.006227,-0.028627,-0.000215,0.124526,-0.024585,-0.056886,0.068826,-0.020064,-0.063758,0.158114,-0.026481,-0.061059,-0.108278,0.006527,-0.048528,-0.090132,0.012728,-0.052774,-0.065962,0.009124,-0.081320,-0.065970,0.009053,-0.081281,-0.042132,-0.009560,-0.035224,-0.001547,0.013547,0.007363,-0.004242,0.018776,0.004624
