body_0_w,body_0_x,body_0_y,body_0_z,body_1_w,body_1_x,body_1_y,body_1_z,body_2_w,body_2_x,body_2_y,body_2_z,body_3_w,body_3_x,body_3_y,body_3_z,body_4_w,body_4_x,body_4_y,body_4_z,body_5_w,body_5_x,body_5_y,body_5_z,body_6_w,body_6_x,body_6_y,body_6_z,body_7_w,body_7_x,body_7_y,body_7_z,body_8_w,body_8_x,body_8_y,body_8_z,body_9_w,body_9_x,body_9_y,body_9_z,body_10_w,body_10_x,body_10_y,body_10_z,body_11_w,body_11_x,body_11_y,body_11_z,body_12_w,body_12_x,body_12_y,body_12_z,body_13_w,body_13_x,body_13_y,body_13_z
-0.706741,-0.022829,0.022439,-0.706747,-0.699515,-0.103448,-0.013111,-0.706969,-0.328160,0.610223,-0.478709,-0.539236,-0.328375,0.565500,-0.335487,-0.678106,-0.702742,-0.078779,0.090838,-0.701210,-0.426130,0.556314,-0.591447,-0.398897,-0.605799,0.379016,-0.452145,-0.533778,-0.702639,0.025598,-0.008683,-0.711032,-0.705364,-0.039626,-0.048881,-0.706047,-0.522373,0.327866,-0.325779,-0.716587,-0.470781,0.428773,-0.402364,-0.657740,-0.686820,0.105155,0.126485,-0.707971,-0.480137,0.498052,-0.128939,-0.710484,-0.478009,0.594628,-0.198647,-0.615194
-0.703520,-0.023311,0.016837,-0.710093,-0.696575,-0.103175,-0.009105,-0.709968,-0.329417,0.612660,-0.477306,-0.536946,-0.329240,0.568132,-0.333962,-0.676237,-0.700127,-0.078822,0.087012,-0.704300,-0.419845,0.560560,-0.591850,-0.399019,-0.602384,0.379940,-0.453676,-0.535685,-0.701466,0.024418,-0.008782,-0.712230,-0.706774,-0.055402,-0.035583,-0.704369,-0.533616,0.311903,-0.312734,-0.721227,-0.484671,0.413721,-0.389697,-0.664880,-0.683635,0.088396,0.139535,-0.710886,-0.487996,0.485901,-0.113472,-0.716159,-0.487678,0.583509,-0.184093,-0.622734
-0.700591,-0.023477,0.011758,-0.713080,-0.693899,-0.103390,-0.005075,-0.712593,-0.330959,0.614565,-0.475775,-0.535178,-0.330247,0.570420,-0.332393,-0.674592,-0.697662,-0.079510,0.083756,-0.707057,-0.414412,0.564056,-0.591765,-0.399897,-0.599243,0.380385,-0.454950,-0.537806,-0.700337,0.023747,-0.008815,-0.713363,-0.707955,-0.070597,-0.022269,-0.702367,-0.545365,0.295363,-0.299580,-0.724975,-0.499338,0.398082,-0.376591,-0.671098,-0.680194,0.071744,0.151715,-0.713562,-0.495044,0.473102,-0.098457,-0.722089,-0.496518,0.571791,-0.169913,-0.630598
-0.698293,-0.023013,0.007723,-0.715401,-0.691701,-0.104472,-0.001006,-0.714587,-0.332980,0.615572,-0.473931,-0.534401,-0.331419,0.572176,-0.330704,-0.673358,-0.695539,-0.081478,0.081625,-0.709171,-0.410690,0.566077,-0.590791,-0.402314,-0.596664,0.379885,-0.455728,-0.540362,-0.699308,0.024066,-0.008704,-0.714363,-0.708995,-0.084641,-0.008846,-0.700060,-0.558466,0.277890,-0.286247,-0.727293,-0.515888,0.381550,-0.362706,-0.675813,-0.676544,0.055358,0.162272,-0.716164,-0.500715,0.459431,-0.084193,-0.728779,-0.503953,0.559315,-0.156372,-0.639333
-0.696494,-0.022039,0.004901,-0.717207,-0.689875,-0.105789,0.001544,-0.716156,-0.334084,0.615960,-0.473128,-0.533977,-0.332108,0.572987,-0.329991,-0.672679,-0.693695,-0.083830,0.079675,-0.710923,-0.407435,0.567232,-0.590213,-0.404837,-0.594361,0.378878,-0.456964,-0.542558,-0.698279,0.023443,-0.008264,-0.715394,-0.709589,-0.098050,0.004367,-0.697746,-0.572167,0.259114,-0.272550,-0.728836,-0.533461,0.363916,-0.348112,-0.679561,-0.672905,0.038091,0.171110,-0.718658,-0.505884,0.443620,-0.070826,-0.736387,-0.510749,0.544935,-0.143621,-0.649272
-0.694944,-0.020808,0.002685,-0.718758,-0.688224,-0.107223,0.003331,-0.717523,-0.334715,0.616048,-0.472840,-0.533735,-0.332537,0.573332,-0.329763,-0.672284,-0.691982,-0.086373,0.077805,-0.712493,-0.404402,0.567958,-0.589830,-0.407410,-0.592183,0.377625,-0.458434,-0.544571,-0.697253,0.022345,-0.007664,-0.716435,-0.709880,-0.111158,0.017452,-0.695277,-0.585907,0.239476,-0.258605,-0.729718,-0.551325,0.345451,-0.333102,-0.682457,-0.669058,0.020381,0.179042,-0.721034,-0.510532,0.426610,-0.057909,-0.744317,-0.516976,0.529461,-0.131220,-0.659688
-0.694347,-0.019236,0.001467,-0.719382,-0.687468,-0.108266,0.004262,-0.718087,-0.334985,0.615943,-0.473516,-0.533087,-0.332834,0.573461,-0.330537,-0.671647,-0.691050,-0.088863,0.075741,-0.713314,-0.402121,0.567744,-0.589656,-0.410208,-0.589957,0.376559,-0.459676,-0.546674,-0.696890,0.021441,-0.006490,-0.716828,-0.710451,-0.121445,0.029701,-0.692552,-0.600866,0.220544,-0.246193,-0.727812,-0.570641,0.327824,-0.319276,-0.681882,-0.665819,0.004302,0.185508,-0.722671,-0.514277,0.409606,-0.045956,-0.752084,-0.522310,0.513628,-0.119590,-0.670131
-0.693895,-0.017825,0.000612,-0.719856,-0.686843,-0.109282,0.005306,-0.718523,-0.335504,0.615698,-0.474013,-0.532602,-0.333149,0.573706,-0.331289,-0.670911,-0.690295,-0.090824,0.074076,-0.713973,-0.400362,0.567589,-0.589364,-0.412558,-0.588087,0.375841,-0.460532,-0.548460,-0.696688,0.020712,-0.005140,-0.717057,-0.710863,-0.130782,0.040708,-0.689864,-0.615703,0.200770,-0.234242,-0.725074,-0.590098,0.309093,-0.305564,-0.680350,-0.662488,-0.011005,0.191574,-0.724078,-0.517380,0.392613,-0.034095,-0.759612,-0.527052,0.497598,-0.107894,-0.680420
-0.693736,-0.016738,0.000482,-0.720035,-0.686486,-0.110235,0.006580,-0.718708,-0.336534,0.615177,-0.474145,-0.532436,-0.333508,0.574191,-0.331992,-0.669969,-0.689910,-0.091724,0.073222,-0.714317,-0.399663,0.567560,-0.588844,-0.414013,-0.586952,0.375817,-0.460617,-0.549619,-0.696808,0.020336,-0.003437,-0.716961,-0.711151,-0.138212,0.049267,-0.687557,-0.630773,0.179755,-0.223289,-0.721080,-0.610238,0.288694,-0.292141,-0.677435,-0.659383,-0.024771,0.196919,-0.725137,-0.519692,0.375864,-0.022451,-0.766905,-0.531068,0.481422,-0.096183,-0.690615
-0.693494,-0.016073,0.000206,-0.720283,-0.686156,-0.110757,0.007937,-0.718930,-0.337582,0.614930,-0.474379,-0.531849,-0.334103,0.574732,-0.332607,-0.668903,-0.689542,-0.092357,0.072415,-0.714674,-0.399170,0.567554,-0.588223,-0.415378,-0.585630,0.376378,-0.460258,-0.550944,-0.696660,0.019850,-0.002529,-0.717122,-0.711077,-0.144873,0.055516,-0.685783,-0.644174,0.159854,-0.214660,-0.716524,-0.626391,0.268664,-0.281932,-0.675255,-0.656509,-0.036817,0.199709,-0.726469,-0.519911,0.360755,-0.013215,-0.774192,-0.532717,0.466868,-0.086753,-0.700515
-0.693210,-0.015620,-0.000143,-0.720567,-0.685841,-0.111064,0.009335,-0.719166,-0.338640,0.614815,-0.474667,-0.531053,-0.334817,0.575294,-0.333182,-0.667775,-0.689182,-0.092855,0.071632,-0.715035,-0.398779,0.567558,-0.587551,-0.416698,-0.584213,0.377230,-0.459675,-0.552351,-0.696380,0.019308,-0.002021,-0.717410,-0.710814,-0.151148,0.060604,-0.684269,-0.656618,0.140533,-0.207129,-0.711478,-0.640460,0.248878,-0.273191,-0.673229,-0.653705,-0.047989,0.201207,-0.727930,-0.519020,0.346439,-0.005191,-0.781390,-0.533109,0.453081,-0.078463,-0.710180
-0.692887,-0.015376,0.000021,-0.720882,-0.685533,-0.110854,0.010660,-0.719474,-0.339764,0.614806,-0.475041,-0.530010,-0.335683,0.575903,-0.333774,-0.666519,-0.688797,-0.092932,0.070912,-0.715467,-0.397969,0.568080,-0.587280,-0.417143,-0.582634,0.378762,-0.459225,-0.553344,-0.695768,0.018019,-0.002046,-0.718038,-0.710162,-0.156757,0.063578,-0.683414,-0.667175,0.122818,-0.201728,-0.706470,-0.652279,0.230935,-0.266740,-0.670858,-0.651400,-0.057279,0.200864,-0.729418,-0.516301,0.336289,-0.000282,-0.787619,-0.531243,0.443730,-0.073633,-0.717957
-0.692638,-0.015227,0.000215,-0.721125,-0.685323,-0.110489,0.011789,-0.719712,-0.340713,0.614899,-0.475457,-0.528918,-0.336395,0.576567,-0.334414,-0.665264,-0.688504,-0.092910,0.070196,-0.715823,-0.397173,0.568688,-0.586959,-0.417524,-0.581057,0.380390,-0.458624,-0.554383,-0.695416,0.016866,-0.002091,-0.718407,-0.709709,-0.161604,0.065856,-0.682540,-0.676924,0.106934,-0.197689,-0.700898,-0.663002,0.215038,-0.261862,-0.667545,-0.649434,-0.065853,0.200025,-0.730677,-0.513390,0.326701,0.004012,-0.793524,-0.529059,0.434897,-0.069463,-0.725352
-0.692535,-0.015270,0.000470,-0.721223,-0.685310,-0.109815,0.012527,-0.719815,-0.341315,0.615204,-0.475954,-0.527727,-0.336801,0.577351,-0.335146,-0.664009,-0.688393,-0.092690,0.069489,-0.716027,-0.396408,0.569469,-0.586537,-0.417780,-0.579489,0.382212,-0.457724,-0.555514,-0.695585,0.015984,-0.002169,-0.718263,-0.709687,-0.164934,0.066765,-0.681677,-0.685399,0.094680,-0.196519,-0.694726,-0.671808,0.203214,-0.260338,-0.663025,-0.648277,-0.073033,0.198230,-0.731511,-0.510255,0.318275,0.007071,-0.798931,-0.526402,0.427156,-0.066638,-0.732119
-0.692575,-0.015737,0.000805,-0.721174,-0.685498,-0.108921,0.013104,-0.719762,-0.341779,0.615689,-0.476212,-0.526627,-0.337051,0.578234,-0.335614,-0.662876,-0.688472,-0.092476,0.069508,-0.715977,-0.396612,0.569937,-0.585584,-0.418285,-0.578414,0.383971,-0.456359,-0.556543,-0.695983,0.014810,-0.002970,-0.717900,-0.709944,-0.167715,0.066115,-0.680793,-0.692623,0.084493,-0.197697,-0.688513,-0.678915,0.193762,-0.261455,-0.658158,-0.648029,-0.078948,0.194585,-0.732094,-0.507846,0.309497,0.007962,-0.803891,-0.524286,0.418970,-0.065654,-0.738429
-0.692685,-0.016417,0.001180,-0.721052,-0.685785,-0.107917,0.013599,-0.719630,-0.342174,0.616264,-0.476350,-0.525573,-0.337222,0.579166,-0.335951,-0.661804,-0.688645,-0.092267,0.069889,-0.715801,-0.397297,0.570249,-0.584366,-0.418913,-0.577583,0.385698,-0.454763,-0.557518,-0.696491,0.013487,-0.004132,-0.717427,-0.710337,-0.170225,0.064687,-0.679897,-0.699196,0.075382,-0.200039,-0.682222,-0.685153,0.185536,-0.263897,-0.653070,-0.648224,-0.084242,0.190020,-0.732531,-0.505812,0.300502,0.007769,-0.808574,-0.522455,0.410506,-0.065597,-0.744461
-0.692703,-0.016806,0.001173,-0.721026,-0.686089,-0.106102,0.013317,-0.719616,-0.342696,0.616339,-0.476611,-0.524908,-0.337693,0.579475,-0.336268,-0.661133,-0.688697,-0.092139,0.068219,-0.715928,-0.396230,0.570986,-0.583504,-0.420118,-0.575841,0.386779,-0.453856,-0.559306,-0.697378,0.012075,-0.002969,-0.716595,-0.710513,-0.171763,0.063600,-0.679429,-0.703165,0.071972,-0.204969,-0.677028,-0.687956,0.183792,-0.269727,-0.648217,-0.646883,-0.092155,0.192359,-0.732153,-0.507327,0.284011,0.017086,-0.813428,-0.525394,0.393021,-0.055381,-0.752615
-0.692690,-0.017253,0.001325,-0.721028,-0.686331,-0.104436,0.013248,-0.719630,-0.343319,0.616422,-0.476833,-0.524201,-0.338261,0.579803,-0.336531,-0.660420,-0.688728,-0.091869,0.066879,-0.716059,-0.395328,0.571698,-0.582854,-0.420902,-0.574266,0.388043,-0.453064,-0.560691,-0.697866,0.010736,-0.002274,-0.716144,-0.710458,-0.173556,0.062661,-0.679118,-0.706925,0.067720,-0.208711,-0.672392,-0.690836,0.180976,-0.274170,-0.644068,-0.645901,-0.098182,0.192878,-0.732100,-0.507804,0.270808,0.023379,-0.817467,-0.526820,0.379208,-0.048366,-0.759159
-0.692617,-0.017815,0.001795,-0.721083,-0.686457,-0.103065,0.013607,-0.719701,-0.344148,0.616516,-0.476985,-0.523408,-0.339031,0.580165,-0.336694,-0.659624,-0.688720,-0.091311,0.066200,-0.716201,-0.394760,0.572373,-0.582626,-0.420833,-0.573031,0.389690,-0.452499,-0.561268,-0.697558,0.009541,-0.002519,-0.716460,-0.709945,-0.175859,0.062018,-0.679121,-0.710365,0.061798,-0.210056,-0.668909,-0.693997,0.176048,-0.275799,-0.641335,-0.645784,-0.100487,0.189734,-0.732712,-0.506597,0.264271,0.023529,-0.820346,-0.525667,0.372956,-0.047933,-0.763073
-0.692412,-0.018287,0.002245,-0.721267,-0.686428,-0.101835,0.014178,-0.719893,-0.344923,0.616773,-0.477216,-0.522383,-0.339685,0.580770,-0.337016,-0.658589,-0.688600,-0.090564,0.065775,-0.716450,-0.394353,0.572990,-0.582643,-0.420351,-0.571908,0.391569,-0.452170,-0.561370,-0.696909,0.009186,-0.002667,-0.717096,-0.709209,-0.176899,0.061381,-0.679678,-0.713300,0.057525,-0.211138,-0.665818,-0.696650,0.172738,-0.277134,-0.638778,-0.645337,-0.101444,0.187280,-0.733605,-0.505181,0.260173,0.023539,-0.822526,-0.524268,0.369327,-0.047788,-0.765805
-0.692142,-0.018713,0.002684,-0.721514,-0.686321,-0.100675,0.014856,-0.720144,-0.345674,0.617111,-0.477483,-0.521242,-0.340283,0.581497,-0.337415,-0.657435,-0.688424,-0.089722,0.065478,-0.716753,-0.394027,0.573580,-0.582781,-0.419661,-0.570839,0.393562,-0.451959,-0.561234,-0.696088,0.009252,-0.002765,-0.717892,-0.708363,-0.177305,0.060748,-0.680510,-0.715987,0.054090,-0.212077,-0.662917,-0.699054,0.170249,-0.278315,-0.636301,-0.644726,-0.101723,0.185173,-0.734637,-0.503663,0.257302,0.023473,-0.824359,-0.522750,0.367017,-0.047791,-0.767950
-0.691762,-0.019003,0.003084,-0.721869,-0.686089,-0.099588,0.015788,-0.720496,-0.346432,0.617616,-0.477831,-0.519819,-0.340803,0.582509,-0.337994,-0.655970,-0.688148,-0.088789,0.065730,-0.717111,-0.394404,0.573796,-0.582879,-0.418874,-0.570101,0.395649,-0.451565,-0.560834,-0.695074,0.009772,-0.002894,-0.718866,-0.707363,-0.177649,0.060257,-0.681504,-0.718282,0.050878,-0.212472,-0.660559,-0.701164,0.167930,-0.278918,-0.634329,-0.643864,-0.101337,0.183882,-0.735770,-0.502101,0.256099,0.023600,-0.825682,-0.521199,0.366540,-0.047766,-0.769232
-0.691418,-0.019275,0.003573,-0.722189,-0.685881,-0.098504,0.016647,-0.720824,-0.347138,0.618121,-0.478131,-0.518472,-0.341329,0.583430,-0.338462,-0.654636,-0.687904,-0.087775,0.066042,-0.717442,-0.394754,0.574126,-0.582983,-0.417946,-0.569415,0.397777,-0.451054,-0.560437,-0.694291,0.009960,-0.003167,-0.719619,-0.706552,-0.178328,0.059514,-0.682233,-0.720471,0.047502,-0.213240,-0.658175,-0.703111,0.165470,-0.279960,-0.632358,-0.643188,-0.101364,0.182916,-0.736598,-0.500840,0.254734,0.023930,-0.826860,-0.519969,0.365940,-0.047658,-0.770356
-0.691146,-0.019510,0.004240,-0.722440,-0.685725,-0.097423,0.017358,-0.721103,-0.347733,0.618627,-0.478335,-0.517279,-0.341863,0.584173,-0.338710,-0.653565,-0.687726,-0.086602,0.066471,-0.717715,-0.395049,0.574682,-0.583105,-0.416733,-0.568835,0.399991,-0.450309,-0.560049,-0.693970,0.009480,-0.003735,-0.719932,-0.706122,-0.179683,0.058263,-0.682431,-0.722448,0.043779,-0.214772,-0.655763,-0.704725,0.162710,-0.281890,-0.630417,-0.642886,-0.102226,0.182592,-0.736823,-0.500182,0.253042,0.024674,-0.827755,-0.519380,0.365090,-0.047377,-0.771174
-0.690801,-0.019539,0.004725,-0.722765,-0.685451,-0.096657,0.017930,-0.721452,-0.348251,0.618895,-0.478637,-0.516329,-0.342342,0.584673,-0.339067,-0.652682,-0.687447,-0.085631,0.066570,-0.718090,-0.395205,0.574940,-0.583437,-0.415763,-0.568192,0.401818,-0.449786,-0.559815,-0.693403,0.009876,-0.004095,-0.720471,-0.705586,-0.180338,0.057955,-0.682837,-0.724759,0.040582,-0.215225,-0.653266,-0.706816,0.160398,-0.282729,-0.628290,-0.642273,-0.102176,0.182400,-0.737412,-0.499159,0.252575,0.025306,-0.828496,-0.518413,0.365540,-0.047191,-0.771623
-0.690421,-0.019465,0.005120,-0.723128,-0.685118,-0.096048,0.018434,-0.721836,-0.348732,0.619045,-0.478988,-0.515501,-0.342793,0.585049,-0.339478,-0.651893,-0.687116,-0.084760,0.066505,-0.718516,-0.395293,0.575050,-0.583874,-0.414913,-0.567516,0.403454,-0.449372,-0.559656,-0.692713,0.010712,-0.004350,-0.721121,-0.704999,-0.180644,0.058117,-0.683349,-0.727234,0.037648,-0.215132,-0.650716,-0.709145,0.158311,-0.283019,-0.626060,-0.641503,-0.101669,0.182275,-0.738182,-0.497953,0.252720,0.025883,-0.829160,-0.517255,0.366641,-0.047051,-0.771886
-0.690069,-0.019409,0.005829,-0.723460,-0.684783,-0.095563,0.019512,-0.722190,-0.349390,0.619478,-0.479223,-0.514313,-0.343277,0.585868,-0.339872,-0.650697,-0.686771,-0.084073,0.067006,-0.718880,-0.395622,0.575135,-0.584283,-0.413904,-0.567208,0.404898,-0.448713,-0.559455,-0.692257,0.011678,-0.004798,-0.721541,-0.704342,-0.181656,0.056478,-0.683895,-0.727331,0.036418,-0.217624,-0.649849,-0.708537,0.158324,-0.286186,-0.625305,-0.640878,-0.101284,0.182263,-0.738781,-0.497129,0.252711,0.026415,-0.829640,-0.516459,0.367598,-0.046997,-0.771967
-0.689749,-0.019384,0.006462,-0.723760,-0.684468,-0.095242,0.020613,-0.722501,-0.350037,0.619856,-0.479479,-0.513179,-0.343785,0.586595,-0.340256,-0.649572,-0.686456,-0.083507,0.067535,-0.719197,-0.395976,0.575129,-0.584709,-0.412971,-0.566966,0.406170,-0.448033,-0.559323,-0.691899,0.012779,-0.005339,-0.721862,-0.703845,-0.182563,0.055093,-0.684279,-0.727544,0.035303,-0.219895,-0.648907,-0.708057,0.158423,-0.289176,-0.624447,-0.640339,-0.100816,0.182211,-0.739325,-0.496457,0.252719,0.026821,-0.830026,-0.515791,0.368571,-0.047073,-0.771945
-0.689494,-0.019422,0.006942,-0.723998,-0.684193,-0.095249,0.021757,-0.722727,-0.350659,0.620127,-0.479773,-0.512152,-0.344341,0.587143,-0.340621,-0.648590,-0.686202,-0.083185,0.068118,-0.719421,-0.396379,0.574940,-0.585172,-0.412190,-0.566859,0.407104,-0.447309,-0.559332,-0.691737,0.014144,-0.006067,-0.721985,-0.703669,-0.183265,0.054221,-0.684342,-0.727996,0.034405,-0.221715,-0.647827,-0.707850,0.158682,-0.291802,-0.623394,-0.639972,-0.100186,0.182080,-0.739760,-0.496096,0.252758,0.026975,-0.830226,-0.515383,0.369573,-0.047410,-0.771718
-0.689060,-0.019416,0.007372,-0.724406,-0.683655,-0.095962,0.023170,-0.723098,-0.351442,0.620083,-0.479791,-0.511651,-0.345172,0.587205,-0.340525,-0.648143,-0.685741,-0.083185,0.068953,-0.719781,-0.396796,0.574709,-0.585548,-0.411578,-0.566865,0.407768,-0.446381,-0.559583,-0.691372,0.016069,-0.007192,-0.722284,-0.703441,-0.183843,0.053431,-0.684483,-0.728266,0.033698,-0.223233,-0.647040,-0.707510,0.159086,-0.294092,-0.622600,-0.639396,-0.099090,0.181908,-0.740448,-0.495723,0.253189,0.026939,-0.830318,-0.514978,0.370384,-0.047518,-0.771593
-0.688537,-0.019389,0.007777,-0.724900,-0.682981,-0.097028,0.024714,-0.723541,-0.352302,0.619879,-0.479672,-0.511417,-0.346139,0.587019,-0.340200,-0.647966,-0.685176,-0.083347,0.069911,-0.720208,-0.397218,0.574454,-0.585881,-0.411052,-0.566926,0.408297,-0.445353,-0.559954,-0.690905,0.018273,-0.008512,-0.722665,-0.703188,-0.184358,0.052686,-0.684662,-0.728443,0.033088,-0.224596,-0.646399,-0.707104,0.159563,-0.296209,-0.621936,-0.638715,-0.097762,0.181717,-0.741259,-0.495345,0.253816,0.026809,-0.830356,-0.514575,0.371098,-0.047510,-0.771519
-0.687789,-0.018931,0.007859,-0.725621,-0.681991,-0.098725,0.026557,-0.724180,-0.353818,0.618876,-0.478987,-0.512228,-0.347615,0.586157,-0.339272,-0.648443,-0.684369,-0.083587,0.070919,-0.720849,-0.397306,0.574464,-0.586291,-0.410368,-0.566826,0.408961,-0.444268,-0.560433,-0.690215,0.021335,-0.010598,-0.723212,-0.703170,-0.184245,0.052958,-0.684690,-0.729922,0.031617,-0.224029,-0.645000,-0.708441,0.158814,-0.296175,-0.620620,-0.637798,-0.095877,0.181249,-0.742408,-0.494839,0.254627,0.026422,-0.830422,-0.514003,0.372001,-0.047653,-0.771457
-0.686994,-0.018469,0.007876,-0.726386,-0.680933,-0.100581,0.028550,-0.724844,-0.355268,0.617978,-0.478341,-0.512911,-0.349176,0.585235,-0.338249,-0.648971,-0.683503,-0.083998,0.072016,-0.721514,-0.397376,0.574437,-0.586691,-0.409765,-0.566749,0.409506,-0.443109,-0.561030,-0.689427,0.024689,-0.012812,-0.723821,-0.703064,-0.184144,0.052967,-0.684826,-0.731176,0.030217,-0.223607,-0.643793,-0.709540,0.158143,-0.296253,-0.619498,-0.636765,-0.093769,0.180805,-0.743671,-0.494294,0.255575,0.026053,-0.830468,-0.513392,0.373045,-0.047749,-0.771353
-0.686104,-0.017997,0.007768,-0.727240,-0.679745,-0.102752,0.030852,-0.725559,-0.356596,0.617298,-0.477776,-0.513335,-0.350917,0.584200,-0.337035,-0.649595,-0.682520,-0.084747,0.073298,-0.722227,-0.397408,0.574342,-0.587075,-0.409318,-0.566724,0.409813,-0.441799,-0.561864,-0.688447,0.028630,-0.015288,-0.724560,-0.702780,-0.184071,0.052444,-0.685177,-0.731984,0.028954,-0.223484,-0.642974,-0.710166,0.157625,-0.296559,-0.618766,-0.635499,-0.091211,0.180409,-0.745167,-0.493669,0.256796,0.025722,-0.830473,-0.512704,0.374373,-0.047752,-0.771167
-0.685097,-0.017553,0.008014,-0.728196,-0.678336,-0.105440,0.033571,-0.726372,-0.358495,0.616065,-0.476772,-0.514425,-0.352780,0.583089,-0.335682,-0.650285,-0.681363,-0.085725,0.074710,-0.723059,-0.397067,0.574446,-0.587655,-0.408669,-0.566561,0.410174,-0.440607,-0.562700,-0.687342,0.032910,-0.018097,-0.725362,-0.702454,-0.184126,0.051771,-0.685548,-0.732618,0.027615,-0.223389,-0.642344,-0.710621,0.157042,-0.296886,-0.618235,-0.634024,-0.088619,0.180181,-0.746790,-0.492954,0.258156,0.025553,-0.830481,-0.511949,0.375838,-0.047572,-0.770967
-0.684030,-0.017123,0.008437,-0.729204,-0.676802,-0.108389,0.036493,-0.727227,-0.360664,0.614548,-0.475545,-0.515858,-0.354689,0.581929,-0.334261,-0.651017,-0.680114,-0.086818,0.076184,-0.723950,-0.396531,0.574650,-0.588336,-0.407923,-0.566325,0.410560,-0.439475,-0.563541,-0.686165,0.037366,-0.021065,-0.726180,-0.702105,-0.184238,0.051029,-0.685931,-0.733168,0.026245,-0.223300,-0.641805,-0.710996,0.156433,-0.297216,-0.617800,-0.632439,-0.086012,0.180037,-0.748472,-0.492193,0.259582,0.025471,-0.830491,-0.511162,0.377370,-0.047295,-0.770759
-0.682981,-0.016599,0.008416,-0.730199,-0.675337,-0.111079,0.038883,-0.728059,-0.361045,0.614616,-0.475553,-0.515503,-0.355810,0.581257,-0.333491,-0.651402,-0.678924,-0.087856,0.077642,-0.724786,-0.396394,0.574663,-0.588642,-0.407595,-0.566326,0.410657,-0.437916,-0.564681,-0.684925,0.042308,-0.024551,-0.726970,-0.701885,-0.183328,0.049370,-0.686521,-0.733429,0.026224,-0.224160,-0.641207,-0.710856,0.157201,-0.298499,-0.617147,-0.631012,-0.082854,0.178650,-0.750362,-0.491005,0.261564,0.024029,-0.830615,-0.509756,0.379494,-0.048296,-0.770584
-0.681788,-0.015938,0.008370,-0.731328,-0.673711,-0.113755,0.041473,-0.729008,-0.361742,0.614472,-0.475448,-0.515282,-0.357285,0.580358,-0.332515,-0.651894,-0.677580,-0.088883,0.079105,-0.725760,-0.396356,0.574637,-0.588804,-0.407436,-0.566334,0.410721,-0.436261,-0.565907,-0.683472,0.047574,-0.027857,-0.727892,-0.701505,-0.182128,0.048028,-0.687323,-0.733648,0.026589,-0.224703,-0.640752,-0.710695,0.158373,-0.299472,-0.616560,-0.629373,-0.079296,0.177246,-0.752453,-0.489578,0.264039,0.022525,-0.830716,-0.508106,0.382107,-0.049307,-0.770319
-0.680312,-0.015004,0.008275,-0.732722,-0.671778,-0.116394,0.044466,-0.730198,-0.363084,0.613905,-0.475114,-0.515322,-0.359476,0.579015,-0.331125,-0.652591,-0.675932,-0.089883,0.080577,-0.727010,-0.396523,0.574537,-0.588670,-0.407608,-0.566356,0.410722,-0.434418,-0.567301,-0.681618,0.053466,-0.030803,-0.729102,-0.700803,-0.180364,0.047313,-0.688553,-0.733769,0.027705,-0.224622,-0.640594,-0.710484,0.160338,-0.299832,-0.616121,-0.627321,-0.074945,0.175815,-0.754944,-0.487677,0.267494,0.020899,-0.830772,-0.505970,0.385690,-0.050339,-0.769872
-0.678821,-0.014099,0.008097,-0.734124,-0.669853,-0.118893,0.047352,-0.731382,-0.364353,0.613357,-0.474898,-0.515279,-0.361588,0.577713,-0.329884,-0.653206,-0.674302,-0.090670,0.081748,-0.728294,-0.396557,0.574473,-0.588647,-0.407699,-0.566091,0.411044,-0.432978,-0.568431,-0.679891,0.058907,-0.033936,-0.730155,-0.700273,-0.178503,0.046223,-0.689650,-0.733822,0.028967,-0.224880,-0.640387,-0.710146,0.162419,-0.300534,-0.615624,-0.625480,-0.071103,0.174023,-0.757255,-0.485939,0.270490,0.018896,-0.830868,-0.503936,0.388833,-0.051778,-0.769530
-0.677321,-0.013208,0.007879,-0.735527,-0.667927,-0.121328,0.050175,-0.732554,-0.365571,0.612808,-0.474747,-0.515208,-0.363650,0.576418,-0.328724,-0.653790,-0.672681,-0.091353,0.082766,-0.729592,-0.396522,0.574425,-0.588679,-0.407754,-0.565681,0.411525,-0.431743,-0.569430,-0.678219,0.064123,-0.037153,-0.731114,-0.699829,-0.176591,0.044954,-0.690677,-0.733842,0.030307,-0.225298,-0.640154,-0.709747,0.164560,-0.301397,-0.615093,-0.623739,-0.067518,0.172053,-0.759466,-0.484283,0.273260,0.016711,-0.830975,-0.501954,0.391757,-0.053414,-0.769230
-0.675784,-0.012744,0.007858,-0.736948,-0.666070,-0.123230,0.052691,-0.733750,-0.366421,0.612684,-0.474752,-0.514747,-0.365657,0.575166,-0.327454,-0.654411,-0.671093,-0.091660,0.083541,-0.730927,-0.396696,0.574276,-0.588655,-0.407830,-0.565303,0.412096,-0.430790,-0.570114,-0.676599,0.067981,-0.039802,-0.732126,-0.699259,-0.174840,0.043599,-0.691785,-0.733676,0.031725,-0.226017,-0.640023,-0.709369,0.166252,-0.301973,-0.614791,-0.622287,-0.064635,0.169789,-0.761415,-0.482791,0.275709,0.014106,-0.831083,-0.500071,0.394361,-0.055520,-0.768977
-0.674342,-0.012321,0.007995,-0.738273,-0.664360,-0.124691,0.054829,-0.734896,-0.367077,0.612657,-0.474988,-0.514094,-0.367528,0.573976,-0.326419,-0.654924,-0.669612,-0.091721,0.084121,-0.732210,-0.396876,0.574111,-0.588734,-0.407773,-0.565043,0.412589,-0.429767,-0.570787,-0.675070,0.071286,-0.042022,-0.733098,-0.698648,-0.173109,0.042280,-0.692919,-0.733455,0.033224,-0.226793,-0.639926,-0.708942,0.167987,-0.302564,-0.614521,-0.620997,-0.061973,0.167507,-0.763193,-0.481400,0.278038,0.011456,-0.831155,-0.498282,0.396833,-0.057703,-0.768706
-0.673094,-0.011978,0.008444,-0.739412,-0.662951,-0.125261,0.056231,-0.735965,-0.367368,0.612851,-0.475668,-0.513025,-0.369154,0.572944,-0.325839,-0.655202,-0.668347,-0.091284,0.084316,-0.733397,-0.397078,0.573920,-0.589013,-0.407441,-0.565028,0.412936,-0.428594,-0.571432,-0.673740,0.073485,-0.043411,-0.734023,-0.697959,-0.171423,0.041013,-0.694107,-0.733119,0.034878,-0.227703,-0.639899,-0.708409,0.169807,-0.303201,-0.614323,-0.620045,-0.059757,0.165179,-0.764650,-0.480212,0.280119,0.008695,-0.831177,-0.496680,0.399038,-0.060062,-0.768421
-0.672124,-0.011917,0.009318,-0.740284,-0.661954,-0.124863,0.056967,-0.736872,-0.367460,0.613219,-0.476707,-0.511553,-0.370278,0.572512,-0.326038,-0.654846,-0.667371,-0.090554,0.084336,-0.734373,-0.397163,0.573828,-0.589544,-0.406718,-0.564982,0.413506,-0.427745,-0.571701,-0.672769,0.074409,-0.043810,-0.734797,-0.697246,-0.169830,0.039626,-0.695295,-0.732583,0.036731,-0.228970,-0.639958,-0.707615,0.171814,-0.304172,-0.614199,-0.619614,-0.057980,0.162856,-0.765634,-0.479337,0.281743,0.005964,-0.831157,-0.495396,0.400760,-0.062492,-0.768160
-0.671294,-0.011997,0.010405,-0.741021,-0.661165,-0.123979,0.057375,-0.737698,-0.367457,0.613672,-0.477923,-0.509875,-0.371158,0.572384,-0.326623,-0.654168,-0.666541,-0.089675,0.084270,-0.735242,-0.397194,0.573786,-0.590200,-0.405796,-0.564924,0.414189,-0.427056,-0.571780,-0.671978,0.074696,-0.043715,-0.735497,-0.696519,-0.168280,0.038180,-0.696481,-0.731944,0.038687,-0.230412,-0.640055,-0.706690,0.173917,-0.305307,-0.614109,-0.619442,-0.056420,0.160536,-0.766379,-0.478619,0.283139,0.003245,-0.831111,-0.494270,0.402242,-0.064958,-0.767906
-0.671017,-0.012742,0.011849,-0.741238,-0.661103,-0.122220,0.057050,-0.738072,-0.367872,0.613618,-0.478946,-0.508678,-0.372099,0.572176,-0.327308,-0.653473,-0.666329,-0.088431,0.083505,-0.735671,-0.397462,0.573644,-0.590467,-0.405346,-0.564845,0.414782,-0.426191,-0.572073,-0.672036,0.073050,-0.042245,-0.735695,-0.695998,-0.167536,0.036671,-0.697261,-0.731386,0.040054,-0.232515,-0.639849,-0.705764,0.175427,-0.307130,-0.613835,-0.620354,-0.055541,0.158370,-0.766156,-0.478727,0.283395,0.000817,-0.830967,-0.494007,0.402541,-0.067348,-0.767712
-0.670923,-0.013699,0.013393,-0.741280,-0.661271,-0.120232,0.056325,-0.738303,-0.368321,0.613334,-0.479995,-0.507706,-0.372933,0.571912,-0.328175,-0.652793,-0.666329,-0.087036,0.082410,-0.735962,-0.397707,0.573465,-0.590740,-0.404961,-0.564721,0.415352,-0.425389,-0.572379,-0.672386,0.070896,-0.040253,-0.735697,-0.695568,-0.166947,0.035309,-0.697902,-0.730895,0.041342,-0.234667,-0.639542,-0.704896,0.176843,-0.309023,-0.613476,-0.621597,-0.054820,0.156374,-0.765610,-0.479125,0.283319,-0.001393,-0.830763,-0.494065,0.402486,-0.069591,-0.767504
-0.671195,-0.015077,0.015137,-0.740973,-0.661897,-0.117793,0.054798,-0.738251,-0.368828,0.612589,-0.481104,-0.507189,-0.373548,0.571530,-0.329414,-0.652152,-0.666747,-0.085349,0.080653,-0.735975,-0.397897,0.573211,-0.591028,-0.404714,-0.564500,0.415871,-0.424720,-0.572716,-0.673319,0.067726,-0.037218,-0.735302,-0.695324,-0.166673,0.034240,-0.698263,-0.730542,0.042463,-0.236924,-0.639040,-0.704151,0.178067,-0.311062,-0.612948,-0.623504,-0.054420,0.154717,-0.764424,-0.480105,0.282574,-0.003162,-0.830447,-0.494764,0.401722,-0.071539,-0.767275
-0.671791,-0.017186,0.017285,-0.740339,-0.662953,-0.114937,0.052991,-0.737886,-0.369216,0.612116,-0.481988,-0.506637,-0.373953,0.571421,-0.330472,-0.651479,-0.667574,-0.083263,0.078587,-0.735688,-0.397927,0.573225,-0.591377,-0.404155,-0.564103,0.416797,-0.424186,-0.572830,-0.674859,0.062794,-0.033934,-0.734487,-0.695461,-0.166992,0.032829,-0.698119,-0.730241,0.043273,-0.240166,-0.638119,-0.703310,0.178944,-0.314120,-0.612096,-0.626270,-0.055166,0.153019,-0.762449,-0.481876,0.280324,-0.004813,-0.830175,-0.496264,0.399455,-0.073553,-0.767299
-0.672543,-0.019662,0.019636,-0.739536,-0.664215,-0.111877,0.051034,-0.737358,-0.369535,0.611777,-0.482763,-0.506075,-0.374246,0.571442,-0.331445,-0.650799,-0.668601,-0.080985,0.076358,-0.735244,-0.397867,0.573368,-0.591760,-0.403449,-0.563608,0.417919,-0.423726,-0.572840,-0.676679,0.056978,-0.030514,-0.733435,-0.695772,-0.167615,0.031249,-0.697732,-0.729940,0.043924,-0.243895,-0.637003,-0.702400,0.179645,-0.317680,-0.611099,-0.629452,-0.056515,0.151282,-0.760072,-0.484032,0.277290,-0.006404,-0.829929,-0.498154,0.396405,-0.075601,-0.767457
-0.673497,-0.021712,0.021229,-0.738566,-0.666045,-0.106421,0.047252,-0.736767,-0.368910,0.612123,-0.484913,-0.504053,-0.374790,0.571108,-0.332983,-0.649992,-0.669976,-0.077413,0.072493,-0.734768,-0.397547,0.573535,-0.592474,-0.402478,-0.562855,0.419295,-0.423895,-0.572450,-0.678472,0.050729,-0.024465,-0.732464,-0.695643,-0.166693,0.031408,-0.698075,-0.729637,0.046653,-0.246239,-0.636254,-0.701604,0.182354,-0.319838,-0.610084,-0.632467,-0.057217,0.151445,-0.757480,-0.485023,0.277849,-0.006907,-0.829159,-0.499048,0.396613,-0.076700,-0.766659
-0.674483,-0.024142,0.023132,-0.737533,-0.667867,-0.101101,0.043630,-0.736090,-0.368685,0.612135,-0.486718,-0.502462,-0.375519,0.570650,-0.334281,-0.649307,-0.671367,-0.074052,0.068823,-0.734198,-0.397471,0.573546,-0.592964,-0.401814,-0.562233,0.420456,-0.423906,-0.572201,-0.680278,0.043891,-0.018238,-0.731412,-0.695525,-0.166042,0.031813,-0.698328,-0.729420,0.048968,-0.248234,-0.635553,-0.700965,0.184650,-0.321680,-0.609159,-0.635647,-0.058290,0.151549,-0.754710,-0.486226,0.277872,-0.007382,-0.828442,-0.500161,0.396300,-0.077805,-0.765984
-0.675535,-0.027334,0.025656,-0.736374,-0.669720,-0.096050,0.040348,-0.735269,-0.369273,0.611485,-0.487841,-0.501732,-0.376624,0.569942,-0.335103,-0.648865,-0.672810,-0.071106,0.065557,-0.733467,-0.397896,0.573255,-0.593002,-0.401755,-0.561890,0.421202,-0.423586,-0.572227,-0.682153,0.035860,-0.011672,-0.730236,-0.695429,-0.165958,0.032697,-0.698404,-0.729378,0.050437,-0.249552,-0.634970,-0.700642,0.186107,-0.322907,-0.608437,-0.639150,-0.060078,0.151553,-0.751605,-0.487844,0.276851,-0.007781,-0.827829,-0.501702,0.394974,-0.078901,-0.765549
-0.676680,-0.030460,0.027949,-0.735115,-0.671746,-0.090192,0.036627,-0.734358,-0.369652,0.611194,-0.488930,-0.500746,-0.377918,0.569108,-0.335484,-0.648648,-0.674375,-0.067903,0.062452,-0.732603,-0.399050,0.572843,-0.592322,-0.402199,-0.561851,0.421875,-0.422693,-0.572429,-0.684067,0.026756,-0.005645,-0.728906,-0.695455,-0.167444,0.033853,-0.697968,-0.729387,0.051290,-0.252683,-0.633653,-0.700108,0.186975,-0.325924,-0.607176,-0.643053,-0.062529,0.150853,-0.748209,-0.489767,0.275158,-0.008961,-0.827246,-0.503427,0.393006,-0.080820,-0.765229
-0.677867,-0.033553,0.030127,-0.733800,-0.673816,-0.083938,0.032666,-0.733389,-0.369897,0.611088,-0.489995,-0.499652,-0.379278,0.568211,-0.335637,-0.648562,-0.675989,-0.064580,0.059412,-0.731668,-0.400544,0.572372,-0.591282,-0.402915,-0.561942,0.422507,-0.421524,-0.572736,-0.685964,0.017118,0.000135,-0.727434,-0.695530,-0.169711,0.035166,-0.697280,-0.729391,0.051823,-0.256711,-0.631983,-0.699441,0.187537,-0.329822,-0.605664,-0.647134,-0.065345,0.149770,-0.744658,-0.491824,0.273087,-0.010539,-0.826693,-0.505222,0.390678,-0.083156,-0.764988
-0.678700,-0.036927,0.032748,-0.732755,-0.675399,-0.078541,0.029503,-0.732664,-0.371213,0.610047,-0.490236,-0.499712,-0.380990,0.567084,-0.335398,-0.648668,-0.677270,-0.060968,0.056601,-0.731016,-0.402509,0.571738,-0.590090,-0.403604,-0.562573,0.422818,-0.420288,-0.572796,-0.686815,0.008282,0.006862,-0.726753,-0.694721,-0.170858,0.037769,-0.697670,-0.729425,0.052763,-0.257956,-0.631359,-0.699229,0.188569,-0.330915,-0.604993,-0.650042,-0.067173,0.149997,-0.741912,-0.493192,0.272358,-0.010763,-0.826115,-0.506569,0.389660,-0.083982,-0.764526
-0.679307,-0.040158,0.035223,-0.731908,-0.676695,-0.073347,0.026394,-0.732125,-0.372434,0.609017,-0.490526,-0.499775,-0.382517,0.566065,-0.335324,-0.648698,-0.678317,-0.057251,0.053701,-0.730564,-0.404518,0.571063,-0.588845,-0.404369,-0.563256,0.423039,-0.418977,-0.572922,-0.687091,0.000111,0.013640,-0.726443,-0.693514,-0.171537,0.040697,-0.698539,-0.729340,0.053997,-0.258313,-0.631207,-0.699031,0.189922,-0.331089,-0.604703,-0.652413,-0.068309,0.150334,-0.739656,-0.494116,0.272468,-0.010946,-0.825525,-0.507508,0.389485,-0.084644,-0.763919
-0.679478,-0.043099,0.037410,-0.731473,-0.677472,-0.068542,0.023429,-0.731973,-0.373505,0.608006,-0.490924,-0.499815,-0.383720,0.565267,-0.335589,-0.648547,-0.678917,-0.053309,0.050651,-0.730524,-0.406661,0.570308,-0.587491,-0.405253,-0.564082,0.423092,-0.417493,-0.573153,-0.686305,-0.006744,0.020496,-0.726994,-0.691521,-0.171304,0.044236,-0.700354,-0.729024,0.055814,-0.256924,-0.631980,-0.698864,0.191911,-0.329450,-0.605163,-0.653735,-0.068004,0.150955,-0.738389,-0.494176,0.274312,-0.011017,-0.824877,-0.507662,0.391054,-0.084950,-0.762981
-0.679635,-0.046080,0.039605,-0.731030,-0.678211,-0.063690,0.020543,-0.731814,-0.374166,0.607562,-0.491323,-0.499469,-0.384467,0.565005,-0.335934,-0.648153,-0.679506,-0.049073,0.047719,-0.730470,-0.407925,0.570555,-0.586414,-0.405195,-0.564299,0.424180,-0.416383,-0.572942,-0.685966,-0.014702,0.026245,-0.727012,-0.690042,-0.172381,0.046918,-0.701374,-0.728708,0.056039,-0.256246,-0.632600,-0.698663,0.192303,-0.328592,-0.605737,-0.655259,-0.069952,0.152025,-0.736635,-0.495104,0.274141,-0.010512,-0.824384,-0.508764,0.390649,-0.084828,-0.762468
-0.679780,-0.049082,0.041804,-0.730577,-0.678910,-0.058813,0.017692,-0.731648,-0.374610,0.607409,-0.491714,-0.498937,-0.384976,0.565016,-0.336311,-0.647646,-0.680070,-0.044690,0.044842,-0.730408,-0.408730,0.571313,-0.585470,-0.404681,-0.564191,0.425789,-0.415461,-0.572525,-0.685823,-0.023210,0.031443,-0.726718,-0.688814,-0.174110,0.049183,-0.701999,-0.728389,0.055470,-0.255911,-0.633152,-0.698444,0.191903,-0.328110,-0.606377,-0.656869,-0.073033,0.153300,-0.734635,-0.496454,0.272954,-0.009729,-0.823975,-0.510326,0.389251,-0.084499,-0.762175
-0.679719,-0.051311,0.043655,-0.730372,-0.679313,-0.054251,0.016008,-0.731665,-0.375413,0.607696,-0.491877,-0.497823,-0.385522,0.565818,-0.336680,-0.646428,-0.680358,-0.040353,0.042284,-0.730545,-0.409600,0.572197,-0.584355,-0.404162,-0.564172,0.427413,-0.414241,-0.572218,-0.685122,-0.029410,0.035426,-0.726971,-0.687409,-0.174749,0.050886,-0.703095,-0.727879,0.055706,-0.255192,-0.634008,-0.698064,0.192307,-0.327191,-0.607183,-0.657442,-0.075115,0.154878,-0.733580,-0.497012,0.272915,-0.008628,-0.823664,-0.511103,0.389019,-0.083696,-0.761862
-0.679475,-0.053465,0.045281,-0.730346,-0.679472,-0.050117,0.014268,-0.731849,-0.375879,0.608066,-0.491823,-0.497073,-0.385695,0.566596,-0.336853,-0.645553,-0.680427,-0.036195,0.039699,-0.730844,-0.410353,0.573064,-0.583209,-0.403826,-0.564083,0.428895,-0.412981,-0.572106,-0.684232,-0.035085,0.039020,-0.727374,-0.685916,-0.175298,0.052396,-0.704305,-0.727262,0.055993,-0.254464,-0.634983,-0.697581,0.192776,-0.326238,-0.608101,-0.657713,-0.077077,0.156460,-0.732798,-0.497338,0.272893,-0.007391,-0.823486,-0.511659,0.388833,-0.082709,-0.761691
-0.678872,-0.055473,0.046458,-0.730682,-0.679178,-0.046834,0.012419,-0.732372,-0.375684,0.608580,-0.491366,-0.497043,-0.385136,0.567309,-0.336667,-0.645357,-0.680085,-0.032387,0.037066,-0.731479,-0.410900,0.573888,-0.582006,-0.403834,-0.563887,0.430094,-0.411641,-0.572365,-0.683007,-0.039724,0.041845,-0.728130,-0.684252,-0.175678,0.053492,-0.705744,-0.726421,0.056375,-0.253748,-0.636197,-0.696878,0.193366,-0.325247,-0.609249,-0.657387,-0.078793,0.158075,-0.732561,-0.497203,0.272916,-0.005861,-0.823572,-0.511784,0.388746,-0.081339,-0.761799
-0.678118,-0.057310,0.047623,-0.731166,-0.678689,-0.043940,0.010985,-0.733028,-0.375311,0.609398,-0.490948,-0.496734,-0.384352,0.568361,-0.336593,-0.644938,-0.679549,-0.028945,0.034847,-0.732230,-0.411408,0.574619,-0.581072,-0.403623,-0.563872,0.431103,-0.410387,-0.572521,-0.681607,-0.043641,0.044083,-0.729084,-0.682537,-0.176042,0.054385,-0.707244,-0.725468,0.056710,-0.252981,-0.637559,-0.696078,0.193917,-0.324190,-0.610551,-0.656664,-0.080410,0.159861,-0.732646,-0.496805,0.272810,-0.003903,-0.823859,-0.511713,0.388565,-0.079491,-0.762134
-0.677285,-0.059061,0.048782,-0.731722,-0.678097,-0.041236,0.009762,-0.733750,-0.374850,0.610372,-0.490545,-0.496285,-0.383454,0.569585,-0.336570,-0.644404,-0.678910,-0.025682,0.032840,-0.733037,-0.411901,0.575310,-0.580262,-0.403301,-0.563949,0.432024,-0.409164,-0.572627,-0.680116,-0.047199,0.046026,-0.730135,-0.680793,-0.176398,0.055182,-0.708774,-0.724456,0.057023,-0.252183,-0.638995,-0.695229,0.194450,-0.323092,-0.611929,-0.655742,-0.081979,0.161732,-0.732888,-0.496277,0.272639,-0.001730,-0.824242,-0.511545,0.388336,-0.077403,-0.762578
-0.676282,-0.060612,0.049872,-0.732449,-0.677272,-0.039472,0.009072,-0.734617,-0.373852,0.611814,-0.490268,-0.495535,-0.382066,0.571166,-0.336708,-0.643757,-0.678063,-0.023214,0.031984,-0.733940,-0.412455,0.575933,-0.579794,-0.402517,-0.564323,0.432857,-0.408033,-0.572436,-0.678590,-0.049529,0.046695,-0.731356,-0.679227,-0.176731,0.055396,-0.710174,-0.723454,0.056952,-0.251321,-0.640476,-0.694419,0.194603,-0.321947,-0.613402,-0.654482,-0.083307,0.163214,-0.733536,-0.495257,0.272388,0.000350,-0.824940,-0.510881,0.388088,-0.075328,-0.763357
-0.675283,-0.062115,0.050932,-0.733171,-0.676427,-0.038106,0.008613,-0.735473,-0.372822,0.613260,-0.489993,-0.494796,-0.380888,0.572482,-0.336598,-0.643343,-0.677204,-0.021092,0.031429,-0.734822,-0.412938,0.576519,-0.579481,-0.401635,-0.564755,0.433586,-0.407002,-0.572192,-0.677139,-0.051290,0.047083,-0.732554,-0.677781,-0.177044,0.055522,-0.711468,-0.722439,0.056901,-0.250493,-0.641948,-0.693589,0.194757,-0.320852,-0.614864,-0.653138,-0.084526,0.164686,-0.734265,-0.494199,0.272012,0.002533,-0.825694,-0.510193,0.387733,-0.073132,-0.764211
-0.674298,-0.063518,0.051928,-0.733888,-0.675554,-0.037543,0.008610,-0.736304,-0.371729,0.614705,-0.489733,-0.494082,-0.380136,0.573259,-0.336007,-0.643405,-0.676336,-0.019673,0.031461,-0.735658,-0.413271,0.577012,-0.579498,-0.400557,-0.565304,0.434091,-0.406198,-0.571839,-0.675851,-0.051913,0.046913,-0.733709,-0.676583,-0.177319,0.055463,-0.712543,-0.721404,0.056889,-0.249751,-0.643401,-0.692724,0.194913,-0.319869,-0.616300,-0.651630,-0.085528,0.166136,-0.735161,-0.493066,0.271384,0.004917,-0.826567,-0.509456,0.387161,-0.070699,-0.765221
-0.673486,-0.064786,0.052733,-0.734465,-0.674805,-0.037866,0.009153,-0.736967,-0.370634,0.616135,-0.489342,-0.493511,-0.379553,0.573845,-0.335366,-0.643562,-0.675618,-0.019010,0.032137,-0.736305,-0.413631,0.577354,-0.579572,-0.399584,-0.566062,0.434211,-0.405357,-0.571594,-0.674985,-0.051423,0.045862,-0.734607,-0.675824,-0.178000,0.054609,-0.713159,-0.719886,0.056994,-0.250016,-0.644987,-0.691230,0.195111,-0.319894,-0.617900,-0.650210,-0.086403,0.167406,-0.736028,-0.492208,0.270044,0.007353,-0.827498,-0.508982,0.385926,-0.068208,-0.766385
-0.672759,-0.065984,0.053441,-0.734973,-0.674118,-0.038633,0.009968,-0.737545,-0.369541,0.617557,-0.488884,-0.493008,-0.379057,0.574335,-0.334698,-0.643764,-0.674976,-0.018727,0.033134,-0.736857,-0.414003,0.577616,-0.579678,-0.398666,-0.566925,0.434137,-0.404499,-0.571403,-0.674327,-0.050374,0.044372,-0.735376,-0.675284,-0.178881,0.053359,-0.713545,-0.718125,0.057158,-0.250782,-0.646636,-0.689420,0.195330,-0.320420,-0.619578,-0.648832,-0.087217,0.168583,-0.736879,-0.491483,0.268342,0.009812,-0.828457,-0.508635,0.384353,-0.065690,-0.767625
-0.672044,-0.066759,0.053803,-0.735531,-0.673354,-0.040691,0.011405,-0.738111,-0.368675,0.618571,-0.488113,-0.493147,-0.378743,0.574534,-0.334372,-0.643941,-0.674303,-0.019424,0.034689,-0.737384,-0.413852,0.577910,-0.580239,-0.397580,-0.567613,0.433909,-0.404061,-0.571204,-0.673950,-0.047473,0.041375,-0.736088,-0.675456,-0.179097,0.052221,-0.713412,-0.717170,0.057375,-0.251269,-0.647487,-0.688419,0.195531,-0.320813,-0.620424,-0.647452,-0.087127,0.168961,-0.738015,-0.490528,0.267204,0.011340,-0.829371,-0.507919,0.383371,-0.064010,-0.768731
-0.671352,-0.067414,0.054047,-0.736085,-0.672591,-0.043006,0.013114,-0.738648,-0.368024,0.619464,-0.487238,-0.493377,-0.378696,0.574561,-0.333851,-0.644215,-0.673640,-0.020497,0.036437,-0.737876,-0.413651,0.578126,-0.580796,-0.396661,-0.568289,0.433512,-0.403578,-0.571174,-0.673688,-0.044049,0.037962,-0.736724,-0.675840,-0.179224,0.050967,-0.713107,-0.716390,0.057539,-0.251861,-0.648105,-0.687571,0.195666,-0.321340,-0.621049,-0.646089,-0.086836,0.169257,-0.739175,-0.489624,0.266056,0.012785,-0.830253,-0.507239,0.382387,-0.062402,-0.769802
-0.670708,-0.067827,0.054055,-0.736633,-0.671827,-0.045836,0.015371,-0.739129,-0.367796,0.620113,-0.486162,-0.493794,-0.379178,0.574240,-0.332947,-0.644685,-0.672993,-0.022321,0.038572,-0.738305,-0.413350,0.578194,-0.581346,-0.396069,-0.568942,0.432784,-0.403004,-0.571482,-0.673660,-0.039583,0.033709,-0.737210,-0.676646,-0.179180,0.049475,-0.712458,-0.715959,0.057594,-0.252666,-0.648264,-0.687027,0.195665,-0.322140,-0.621237,-0.644760,-0.086141,0.169389,-0.740386,-0.488826,0.264895,0.014069,-0.831072,-0.506634,0.381402,-0.060931,-0.770806
-0.670130,-0.068039,0.053790,-0.737159,-0.671077,-0.049207,0.018153,-0.739530,-0.367910,0.620558,-0.485059,-0.494234,-0.379922,0.573743,-0.331515,-0.645427,-0.672379,-0.024911,0.041134,-0.738644,-0.413048,0.578042,-0.581861,-0.395851,-0.569682,0.431609,-0.402190,-0.572206,-0.673733,-0.034059,0.028627,-0.737634,-0.677753,-0.178917,0.047681,-0.711594,-0.715798,0.057575,-0.253642,-0.648062,-0.686717,0.195579,-0.323148,-0.621083,-0.643387,-0.084930,0.169259,-0.741749,-0.487962,0.263972,0.015060,-0.831856,-0.505915,0.380668,-0.059711,-0.771736
-0.669585,-0.068151,0.053389,-0.737673,-0.670327,-0.052855,0.021199,-0.739877,-0.368198,0.620897,-0.483945,-0.494685,-0.380799,0.573153,-0.329819,-0.646303,-0.671775,-0.027888,0.043908,-0.738927,-0.412738,0.577776,-0.582363,-0.395823,-0.570463,0.430202,-0.401260,-0.573139,-0.673827,-0.027998,0.023124,-0.737996,-0.679009,-0.178532,0.045751,-0.710619,-0.715779,0.057524,-0.254690,-0.647676,-0.686533,0.195454,-0.324247,-0.620752,-0.641989,-0.083475,0.168983,-0.743187,-0.487060,0.263153,0.015894,-0.832628,-0.505136,0.380044,-0.058623,-0.772637
-0.668688,-0.067779,0.052322,-0.738596,-0.669066,-0.058075,0.024518,-0.740525,-0.369017,0.620001,-0.482606,-0.496505,-0.381275,0.572015,-0.327134,-0.648391,-0.670739,-0.032065,0.047043,-0.739505,-0.411935,0.577370,-0.583026,-0.396274,-0.570956,0.428342,-0.400548,-0.574537,-0.673343,-0.019720,0.016998,-0.738872,-0.680006,-0.177491,0.044026,-0.710035,-0.715980,0.057443,-0.254573,-0.647508,-0.686747,0.195347,-0.324179,-0.620585,-0.639885,-0.080136,0.168462,-0.745484,-0.485369,0.263984,0.016361,-0.833344,-0.503527,0.381085,-0.057692,-0.773244
-0.667880,-0.067302,0.051210,-0.739448,-0.667843,-0.063573,0.028029,-0.741052,-0.369945,0.618966,-0.481481,-0.498195,-0.381902,0.570796,-0.324667,-0.650334,-0.669766,-0.036478,0.050391,-0.739962,-0.410970,0.577013,-0.583855,-0.396577,-0.571394,0.426514,-0.400012,-0.575835,-0.672892,-0.011251,0.010566,-0.739580,-0.681143,-0.176508,0.042174,-0.709302,-0.716369,0.057076,-0.254508,-0.647135,-0.687147,0.194961,-0.324188,-0.620259,-0.637826,-0.076757,0.167943,-0.747718,-0.483823,0.264804,0.016766,-0.833974,-0.502048,0.382107,-0.056832,-0.773765
-0.667252,-0.066616,0.050012,-0.740159,-0.666718,-0.069608,0.031935,-0.741365,-0.371101,0.617665,-0.480786,-0.499619,-0.382833,0.569433,-0.322640,-0.651989,-0.668932,-0.041343,0.054173,-0.740194,-0.409702,0.576761,-0.585001,-0.396567,-0.571736,0.424768,-0.399810,-0.576925,-0.672555,-0.002428,0.003516,-0.740035,-0.682558,-0.175663,0.040030,-0.708276,-0.717121,0.056128,-0.254583,-0.646355,-0.687901,0.194011,-0.324382,-0.619619,-0.635874,-0.073276,0.167449,-0.749837,-0.482576,0.265629,0.017060,-0.834429,-0.500840,0.383118,-0.056100,-0.774101
-0.666480,-0.065745,0.048848,-0.741010,-0.665325,-0.076474,0.036308,-0.741739,-0.372835,0.615624,-0.479798,-0.501792,-0.383909,0.567916,-0.321073,-0.653450,-0.667899,-0.046658,0.058120,-0.740511,-0.408057,0.576497,-0.586506,-0.396424,-0.571961,0.422897,-0.400093,-0.577879,-0.672073,0.008060,-0.003505,-0.740432,-0.684012,-0.172785,0.037471,-0.707721,-0.717919,0.056417,-0.253336,-0.645934,-0.689029,0.193878,-0.322916,-0.619173,-0.633566,-0.068565,0.167361,-0.752252,-0.481082,0.267370,0.017760,-0.834721,-0.499449,0.385014,-0.054888,-0.774146
-0.665635,-0.064784,0.047703,-0.741928,-0.663759,-0.083753,0.040896,-0.742117,-0.374819,0.613201,-0.478665,-0.504355,-0.385025,0.566309,-0.319746,-0.654838,-0.666747,-0.052199,0.062135,-0.740853,-0.406192,0.576229,-0.588186,-0.396238,-0.572100,0.420959,-0.400629,-0.578784,-0.671478,0.019375,-0.010495,-0.740697,-0.685483,-0.168880,0.034742,-0.707379,-0.718740,0.057321,-0.251405,-0.645695,-0.690345,0.194151,-0.320598,-0.618827,-0.631068,-0.063266,0.167450,-0.754792,-0.479456,0.269537,0.018652,-0.834939,-0.497955,0.387321,-0.053445,-0.774059
-0.664946,-0.063592,0.046369,-0.742733,-0.662174,-0.092023,0.046306,-0.742236,-0.377618,0.610070,-0.476544,-0.508060,-0.386027,0.565020,-0.318770,-0.655836,-0.665671,-0.058372,0.066649,-0.740968,-0.404855,0.575557,-0.589328,-0.396886,-0.572449,0.418522,-0.400732,-0.580134,-0.670945,0.030140,-0.019229,-0.740645,-0.687315,-0.167439,0.031490,-0.706095,-0.719892,0.055291,-0.250310,-0.645014,-0.691995,0.191590,-0.319172,-0.618519,-0.628746,-0.059231,0.167199,-0.757109,-0.478343,0.270446,0.019233,-0.835271,-0.496907,0.388422,-0.052378,-0.774253
-0.664404,-0.062231,0.044833,-0.743428,-0.660699,-0.099901,0.051669,-0.742177,-0.380166,0.607354,-0.474594,-0.511229,-0.387022,0.563914,-0.317788,-0.656678,-0.664691,-0.064660,0.071489,-0.740874,-0.404246,0.574512,-0.589919,-0.398141,-0.572699,0.416333,-0.400753,-0.581446,-0.670312,0.040511,-0.028581,-0.740421,-0.689246,-0.166091,0.027599,-0.704692,-0.721100,0.052996,-0.249789,-0.644058,-0.693621,0.188783,-0.318307,-0.618006,-0.626738,-0.055244,0.165882,-0.759362,-0.477658,0.270428,0.018858,-0.835677,-0.496126,0.388617,-0.052208,-0.774668
-0.664158,-0.060535,0.042898,-0.743901,-0.659548,-0.106979,0.056960,-0.741827,-0.382290,0.605507,-0.473013,-0.513298,-0.388067,0.563197,-0.316791,-0.657158,-0.663950,-0.071158,0.076995,-0.740391,-0.405158,0.572699,-0.589417,-0.400562,-0.572810,0.414652,-0.400594,-0.582646,-0.669572,0.050075,-0.039177,-0.740021,-0.691376,-0.164964,0.022347,-0.703055,-0.722400,0.050158,-0.250498,-0.642552,-0.695172,0.185470,-0.318642,-0.617093,-0.625367,-0.051287,0.162485,-0.761502,-0.477857,0.268642,0.016606,-0.836186,-0.495913,0.387075,-0.053800,-0.775467
-0.663760,-0.058254,0.040774,-0.744558,-0.658257,-0.113162,0.061623,-0.741684,-0.383757,0.604190,-0.472433,-0.514287,-0.389073,0.562521,-0.316444,-0.657309,-0.663023,-0.076732,0.081082,-0.740228,-0.404918,0.571476,-0.589640,-0.402220,-0.572366,0.413378,-0.401240,-0.583543,-0.668627,0.060226,-0.048305,-0.739579,-0.693261,-0.162655,0.018577,-0.701846,-0.724153,0.048958,-0.250627,-0.640619,-0.697082,0.183920,-0.318565,-0.615439,-0.623731,-0.046398,0.159596,-0.763765,-0.477591,0.268656,0.014501,-0.836373,-0.495257,0.387440,-0.055326,-0.775596
-0.663281,-0.055679,0.038554,-0.745300,-0.656877,-0.118903,0.065966,-0.741636,-0.384871,0.603132,-0.472364,-0.514761,-0.390037,0.561849,-0.316434,-0.657318,-0.661989,-0.081851,0.084452,-0.740229,-0.404082,0.570560,-0.590218,-0.403512,-0.571619,0.412311,-0.402287,-0.584308,-0.667538,0.070675,-0.056691,-0.739042,-0.695016,-0.159739,0.015573,-0.700852,-0.726134,0.048604,-0.250424,-0.638478,-0.699179,0.183278,-0.318240,-0.613418,-0.621944,-0.041054,0.156945,-0.766074,-0.477092,0.269562,0.012471,-0.836399,-0.494379,0.388751,-0.056817,-0.775393
-0.662255,-0.053594,0.036441,-0.746470,-0.654976,-0.124580,0.069710,-0.742042,-0.385734,0.601834,-0.471823,-0.516128,-0.390907,0.560540,-0.315700,-0.658270,-0.660536,-0.085882,0.086965,-0.740779,-0.402451,0.570485,-0.591078,-0.403988,-0.570941,0.411313,-0.403258,-0.585005,-0.666260,0.079016,-0.062859,-0.738852,-0.695930,-0.158229,0.013721,-0.700327,-0.727402,0.047891,-0.250098,-0.637216,-0.700461,0.182686,-0.318030,-0.612240,-0.620173,-0.036355,0.155114,-0.768117,-0.476470,0.270627,0.011240,-0.836427,-0.493514,0.390138,-0.057577,-0.775191
-0.661206,-0.051501,0.034458,-0.747641,-0.653093,-0.129720,0.073133,-0.742492,-0.386400,0.600741,-0.471476,-0.517219,-0.391851,0.559147,-0.314925,-0.659264,-0.659093,-0.089319,0.089042,-0.741411,-0.400626,0.570671,-0.592063,-0.404099,-0.570317,0.410416,-0.404135,-0.585639,-0.664828,0.086703,-0.068453,-0.738783,-0.696602,-0.156581,0.012174,-0.700056,-0.728456,0.047649,-0.249694,-0.636188,-0.701478,0.182656,-0.317802,-0.611201,-0.618367,-0.031902,0.153240,-0.770144,-0.475643,0.272074,0.009803,-0.836447,-0.492426,0.391851,-0.058525,-0.774948
-0.660118,-0.049392,0.032739,-0.748821,-0.651290,-0.133776,0.075941,-0.743074,-0.386720,0.600082,-0.471498,-0.517725,-0.392982,0.557616,-0.314049,-0.660305,-0.657696,-0.091554,0.090271,-0.742230,-0.398451,0.571372,-0.593292,-0.403455,-0.569841,0.409726,-0.404806,-0.586121,-0.663175,0.093081,-0.072921,-0.739065,-0.696807,-0.154690,0.011182,-0.700290,-0.729067,0.048310,-0.249204,-0.635629,-0.701945,0.183711,-0.317605,-0.610452,-0.616524,-0.027918,0.151297,-0.772158,-0.474407,0.274293,0.007942,-0.836444,-0.490891,0.394229,-0.059863,-0.774614
-0.658901,-0.047556,0.031436,-0.750066,-0.649490,-0.136902,0.078316,-0.743832,-0.386669,0.600132,-0.471148,-0.518023,-0.393688,0.556641,-0.312775,-0.661311,-0.656227,-0.093165,0.091126,-0.743224,-0.396468,0.572136,-0.594345,-0.402774,-0.569449,0.409159,-0.405356,-0.586517,-0.661337,0.097872,-0.076424,-0.739739,-0.696583,-0.152863,0.010719,-0.700921,-0.729541,0.049285,-0.248671,-0.635219,-0.702190,0.185267,-0.317475,-0.609766,-0.614688,-0.024778,0.149297,-0.774116,-0.472926,0.277197,0.005510,-0.836345,-0.489041,0.397244,-0.061787,-0.774092
-0.657619,-0.045856,0.030342,-0.751341,-0.647690,-0.139568,0.080467,-0.744677,-0.386432,0.600536,-0.470613,-0.518218,-0.394178,0.555940,-0.311305,-0.662302,-0.654722,-0.094465,0.091789,-0.744305,-0.394575,0.572932,-0.595310,-0.402076,-0.569096,0.408653,-0.405849,-0.586872,-0.659407,0.101871,-0.079439,-0.740604,-0.696143,-0.151070,0.010520,-0.701750,-0.729945,0.050417,-0.248114,-0.634884,-0.702325,0.187073,-0.317379,-0.609110,-0.612851,-0.022059,0.147271,-0.776040,-0.471315,0.280449,0.002801,-0.836184,-0.487025,0.400579,-0.063997,-0.773464
-0.656822,-0.045162,0.030028,-0.752093,-0.646517,-0.141576,0.082032,-0.745146,-0.386520,0.600478,-0.470221,-0.518576,-0.395062,0.554812,-0.309913,-0.663373,-0.653794,-0.095271,0.092089,-0.744981,-0.393747,0.573110,-0.595709,-0.402044,-0.568849,0.408294,-0.406196,-0.587121,-0.657958,0.103160,-0.080517,-0.741597,-0.695379,-0.150097,0.010636,-0.702713,-0.730420,0.050403,-0.246988,-0.634778,-0.702658,0.187855,-0.316754,-0.608809,-0.611639,-0.020882,0.145702,-0.777324,-0.470158,0.282865,0.000453,-0.836026,-0.485522,0.403041,-0.066014,-0.772961
-0.656265,-0.044688,0.029941,-0.752610,-0.645665,-0.143055,0.083199,-0.745473,-0.386542,0.600429,-0.470232,-0.518605,-0.395937,0.553755,-0.308974,-0.664172,-0.653137,-0.095760,0.092152,-0.745487,-0.393197,0.573166,-0.595989,-0.402086,-0.568659,0.408022,-0.406461,-0.587312,-0.656902,0.103635,-0.080938,-0.742420,-0.694679,-0.149238,0.010568,-0.703589,-0.730786,0.050573,-0.246430,-0.634561,-0.702820,0.188743,-0.316619,-0.608418,-0.610851,-0.020116,0.144274,-0.778230,-0.469299,0.284833,-0.001717,-0.835838,-0.484343,0.405034,-0.067940,-0.772492
-0.656188,-0.044656,0.030308,-0.752665,-0.645466,-0.143470,0.083583,-0.745523,-0.386443,0.600403,-0.471047,-0.517970,-0.396811,0.552852,-0.308933,-0.664422,-0.653026,-0.095613,0.091747,-0.745653,-0.393215,0.572978,-0.596031,-0.402275,-0.568589,0.407922,-0.406558,-0.587381,-0.656637,0.102477,-0.080049,-0.742913,-0.694107,-0.148605,0.010130,-0.704294,-0.730935,0.051110,-0.247011,-0.634120,-0.702635,0.189848,-0.317463,-0.607848,-0.610919,-0.020180,0.143123,-0.778387,-0.469046,0.285894,-0.003541,-0.835612,-0.483822,0.406083,-0.069699,-0.772110
-0.656330,-0.045150,0.031172,-0.752476,-0.645692,-0.142725,0.083119,-0.745522,-0.386411,0.600286,-0.471939,-0.517316,-0.397658,0.552016,-0.309092,-0.664536,-0.653213,-0.094788,0.090720,-0.745720,-0.393453,0.572760,-0.595951,-0.402472,-0.568389,0.408182,-0.406837,-0.587201,-0.656965,0.099307,-0.077858,-0.743285,-0.693493,-0.148599,0.009556,-0.704908,-0.730895,0.051573,-0.248556,-0.633524,-0.702258,0.190611,-0.318951,-0.607265,-0.611774,-0.021088,0.142161,-0.777868,-0.469406,0.285938,-0.005079,-0.835387,-0.483954,0.406097,-0.071334,-0.771871
-0.656580,-0.045908,0.032283,-0.752165,-0.646131,-0.141401,0.082230,-0.745493,-0.386415,0.600123,-0.472871,-0.516651,-0.398496,0.551214,-0.309350,-0.664579,-0.653551,-0.093625,0.089379,-0.745732,-0.393800,0.572524,-0.595813,-0.402672,-0.568124,0.408619,-0.407209,-0.586896,-0.657579,0.095129,-0.075011,-0.743581,-0.692853,-0.148902,0.008923,-0.705481,-0.730756,0.052005,-0.250576,-0.632853,-0.701782,0.191210,-0.320750,-0.606680,-0.613021,-0.022428,0.141288,-0.777007,-0.470071,0.285463,-0.006477,-0.835166,-0.484410,0.405581,-0.072910,-0.771709
-0.657452,-0.047184,0.033965,-0.751251,-0.647390,-0.138796,0.080034,-0.745128,-0.386344,0.599805,-0.473904,-0.516127,-0.399022,0.550567,-0.310023,-0.664488,-0.654616,-0.091529,0.087695,-0.745258,-0.395190,0.571729,-0.595544,-0.402837,-0.568430,0.409017,-0.408798,-0.585215,-0.659195,0.089368,-0.070538,-0.743303,-0.692550,-0.149120,0.008553,-0.705737,-0.730766,0.052830,-0.252917,-0.631841,-0.701372,0.192134,-0.322922,-0.605709,-0.615398,-0.024261,0.140513,-0.775211,-0.471350,0.283691,-0.007393,-0.835041,-0.485557,0.403746,-0.074211,-0.771827
-0.658402,-0.048622,0.035682,-0.750246,-0.648785,-0.135938,0.077331,-0.744728,-0.386126,0.599351,-0.475143,-0.515679,-0.399456,0.549766,-0.310922,-0.664470,-0.655783,-0.089312,0.085482,-0.744758,-0.396521,0.570723,-0.595406,-0.403161,-0.568868,0.408975,-0.410449,-0.583661,-0.660842,0.083693,-0.065183,-0.742990,-0.692073,-0.149193,0.008655,-0.706188,-0.730665,0.053850,-0.254672,-0.631167,-0.700940,0.193253,-0.324495,-0.605012,-0.617649,-0.026053,0.140416,-0.773379,-0.472118,0.282821,-0.007757,-0.834899,-0.486262,0.402724,-0.075006,-0.771840
-0.659515,-0.050386,0.037470,-0.749064,-0.650449,-0.132565,0.073616,-0.744260,-0.385613,0.598628,-0.476790,-0.515382,-0.399710,0.548660,-0.312271,-0.664598,-0.657154,-0.086852,0.082214,-0.744208,-0.397743,0.569289,-0.595531,-0.403798,-0.569575,0.408059,-0.412222,-0.582362,-0.662569,0.078189,-0.058076,-0.742641,-0.691265,-0.148971,0.009684,-0.707013,-0.730364,0.055263,-0.255271,-0.631150,-0.700481,0.194765,-0.324893,-0.604845,-0.619655,-0.027733,0.141689,-0.771481,-0.471876,0.283796,-0.007013,-0.834712,-0.486096,0.403371,-0.074784,-0.771628
-0.660870,-0.052584,0.039641,-0.747606,-0.652540,-0.128177,0.069526,-0.743591,-0.385805,0.597515,-0.477913,-0.515489,-0.400529,0.547279,-0.313033,-0.664886,-0.658795,-0.084350,0.078891,-0.743404,-0.399676,0.567627,-0.594819,-0.405276,-0.570617,0.406730,-0.412750,-0.581897,-0.664743,0.071317,-0.051100,-0.741903,-0.690775,-0.149022,0.009647,-0.707481,-0.729609,0.056904,-0.257321,-0.631046,-0.699342,0.196446,-0.326710,-0.604640,-0.622537,-0.029957,0.142326,-0.768956,-0.471912,0.283785,-0.006662,-0.834698,-0.486070,0.403029,-0.075141,-0.771789
-0.662338,-0.054998,0.042001,-0.746002,-0.654826,-0.123299,0.065228,-0.742796,-0.386336,0.596194,-0.478787,-0.515811,-0.401623,0.545743,-0.313512,-0.665263,-0.660568,-0.081842,0.075530,-0.742460,-0.401946,0.565833,-0.593694,-0.407185,-0.571813,0.405176,-0.412674,-0.581861,-0.667099,0.063774,-0.044176,-0.740919,-0.690438,-0.149197,0.009094,-0.707780,-0.728619,0.058670,-0.260072,-0.630900,-0.697860,0.198222,-0.329214,-0.604415,-0.625847,-0.032483,0.142628,-0.766106,-0.472090,0.283249,-0.006506,-0.834780,-0.486112,0.402162,-0.075786,-0.772151
-0.664674,-0.057191,0.044299,-0.743624,-0.658274,-0.116151,0.059810,-0.741355,-0.386649,0.595622,-0.480279,-0.514849,-0.402695,0.544923,-0.314554,-0.664794,-0.663300,-0.078139,0.071434,-0.740827,-0.404171,0.564647,-0.592382,-0.408537,-0.572732,0.404607,-0.412376,-0.581564,-0.670317,0.053626,-0.037108,-0.739204,-0.690753,-0.151777,0.009221,-0.706922,-0.729134,0.058103,-0.264695,-0.628430,-0.697636,0.197543,-0.333938,-0.602301,-0.630612,-0.036256,0.142440,-0.762053,-0.472814,0.281295,-0.006592,-0.835031,-0.486483,0.399815,-0.077051,-0.773011
-0.667054,-0.059492,0.046603,-0.741167,-0.661787,-0.108646,0.054149,-0.739798,-0.386814,0.595194,-0.482000,-0.513610,-0.403871,0.544017,-0.315624,-0.664316,-0.666118,-0.074119,0.067206,-0.739105,-0.406262,0.563611,-0.591242,-0.409544,-0.573569,0.404311,-0.412360,-0.580957,-0.673360,0.043551,-0.029519,-0.737440,-0.690931,-0.153545,0.009639,-0.706360,-0.729817,0.057934,-0.268456,-0.626053,-0.697686,0.197229,-0.337840,-0.600166,-0.635306,-0.039589,0.142423,-0.757980,-0.473383,0.279712,-0.006442,-0.835241,-0.486705,0.397807,-0.078087,-0.773802
-0.669539,-0.062015,0.048923,-0.738565,-0.665475,-0.100380,0.048049,-0.738077,-0.386722,0.595093,-0.484142,-0.511777,-0.405282,0.542988,-0.316709,-0.663781,-0.669116,-0.069420,0.062737,-0.737244,-0.408139,0.562914,-0.590416,-0.409827,-0.574271,0.404613,-0.412859,-0.579697,-0.676138,0.033586,-0.020939,-0.735712,-0.690869,-0.153703,0.010584,-0.706374,-0.730910,0.058578,-0.270531,-0.623821,-0.698352,0.197659,-0.340148,-0.597942,-0.639914,-0.041981,0.142764,-0.753900,-0.473650,0.278933,-0.005866,-0.835355,-0.486637,0.396539,-0.078716,-0.774432
-0.671869,-0.064882,0.051461,-0.736026,-0.668929,-0.092443,0.042311,-0.736341,-0.387445,0.594241,-0.485496,-0.510938,-0.407289,0.541328,-0.316950,-0.663794,-0.671987,-0.064576,0.058381,-0.735428,-0.409573,0.562777,-0.589631,-0.409716,-0.574711,0.405364,-0.413438,-0.578322,-0.678795,0.023370,-0.012360,-0.733852,-0.690817,-0.154332,0.011968,-0.706265,-0.732207,0.058230,-0.271597,-0.621865,-0.699430,0.197129,-0.341508,-0.596079,-0.644439,-0.044890,0.143430,-0.749741,-0.474132,0.277434,-0.004723,-0.835588,-0.486864,0.394575,-0.078806,-0.775283
-0.674113,-0.067922,0.054110,-0.733505,-0.672225,-0.084685,0.036714,-0.734571,-0.388542,0.593005,-0.486461,-0.510623,-0.409564,0.539332,-0.316773,-0.664103,-0.674774,-0.059674,0.054050,-0.733619,-0.410736,0.562913,-0.588881,-0.409444,-0.574981,0.406319,-0.414086,-0.576917,-0.681333,0.013038,-0.003750,-0.731848,-0.690768,-0.155178,0.013601,-0.706098,-0.733613,0.057397,-0.272133,-0.620049,-0.700725,0.196130,-0.342368,-0.594392,-0.648908,-0.048093,0.144236,-0.745521,-0.474719,0.275547,-0.003293,-0.835886,-0.487233,0.392235,-0.078622,-0.776256
-0.676154,-0.071130,0.056575,-0.731133,-0.675179,-0.077781,0.031284,-0.732874,-0.388609,0.592520,-0.487661,-0.509990,-0.410718,0.538077,-0.317114,-0.664246,-0.677349,-0.054801,0.049690,-0.731933,-0.410653,0.564100,-0.588455,-0.408504,-0.574591,0.407921,-0.414644,-0.575775,-0.683777,0.003585,0.004091,-0.729671,-0.691010,-0.156690,0.016020,-0.705476,-0.735060,0.055560,-0.271270,-0.618880,-0.702340,0.194194,-0.341852,-0.593418,-0.652950,-0.051721,0.145739,-0.741446,-0.475842,0.273098,-0.001126,-0.836057,-0.488313,0.389367,-0.077636,-0.777120
-0.678007,-0.074173,0.058953,-0.728924,-0.677834,-0.071310,0.025981,-0.731288,-0.388725,0.591826,-0.488488,-0.509916,-0.411724,0.536702,-0.317202,-0.664694,-0.679696,-0.049986,0.045451,-0.730376,-0.410320,0.565463,-0.588126,-0.407426,-0.574216,0.409438,-0.415156,-0.574702,-0.686065,-0.005431,0.011354,-0.727431,-0.691353,-0.158345,0.018532,-0.704709,-0.736431,0.053650,-0.270340,-0.617825,-0.703898,0.192194,-0.341255,-0.592566,-0.656773,-0.055438,0.147233,-0.737495,-0.477162,0.270457,0.001020,-0.836163,-0.489637,0.386339,-0.076600,-0.777901
-0.679505,-0.076887,0.061158,-0.727064,-0.679990,-0.065659,0.021015,-0.729973,-0.389028,0.590736,-0.488549,-0.510889,-0.412503,0.535129,-0.316759,-0.665689,-0.681636,-0.045244,0.041517,-0.729110,-0.409594,0.567202,-0.587954,-0.405986,-0.573959,0.410839,-0.415511,-0.573701,-0.688163,-0.013612,0.017413,-0.725219,-0.691899,-0.160331,0.021176,-0.703649,-0.737636,0.051565,-0.269326,-0.617007,-0.705323,0.190045,-0.340544,-0.591973,-0.660190,-0.059268,0.148750,-0.733832,-0.478876,0.267477,0.003119,-0.836136,-0.491454,0.383031,-0.075472,-0.778501
-0.680926,-0.079330,0.063116,-0.725302,-0.681991,-0.060245,0.016381,-0.728690,-0.388001,0.591142,-0.489642,-0.510153,-0.412165,0.534965,-0.317532,-0.665662,-0.683439,-0.040866,0.038121,-0.727865,-0.409019,0.568765,-0.587870,-0.404499,-0.574018,0.411916,-0.415433,-0.572926,-0.689872,-0.020637,0.022264,-0.723294,-0.692483,-0.161955,0.023860,-0.702616,-0.738743,0.049899,-0.268115,-0.616347,-0.706661,0.188313,-0.339610,-0.591467,-0.663032,-0.062635,0.150179,-0.730692,-0.480701,0.265195,0.004705,-0.835809,-0.493419,0.380451,-0.074663,-0.778602
-0.682303,-0.081634,0.064947,-0.723588,-0.683891,-0.054967,0.011902,-0.727413,-0.386285,0.592284,-0.491254,-0.508579,-0.411250,0.535490,-0.318922,-0.665141,-0.685158,-0.036683,0.034986,-0.726629,-0.408497,0.570237,-0.587834,-0.403003,-0.574215,0.412824,-0.415148,-0.572281,-0.691375,-0.027073,0.026511,-0.721502,-0.693084,-0.163393,0.026564,-0.701592,-0.739801,0.048444,-0.266804,-0.615763,-0.707958,0.186790,-0.338562,-0.591000,-0.665577,-0.065767,0.151559,-0.727813,-0.482577,0.263262,0.006031,-0.835330,-0.495452,0.378235,-0.074017,-0.778451
-0.683094,-0.083541,0.066326,-0.722499,-0.685039,-0.051165,0.008021,-0.726663,-0.383832,0.593802,-0.492710,-0.507257,-0.410206,0.535597,-0.320271,-0.665052,-0.686206,-0.033430,0.033026,-0.725888,-0.408741,0.571025,-0.587650,-0.401906,-0.574664,0.413547,-0.414536,-0.571752,-0.691644,-0.031078,0.029330,-0.720973,-0.693003,-0.163919,0.029379,-0.701438,-0.740579,0.047549,-0.264165,-0.616035,-0.709173,0.185908,-0.336082,-0.591236,-0.666490,-0.067525,0.153012,-0.726511,-0.483754,0.262440,0.007299,-0.834898,-0.497000,0.377268,-0.072983,-0.778032
-0.683620,-0.085248,0.067673,-0.721677,-0.685880,-0.047679,0.004704,-0.726136,-0.381710,0.595248,-0.493616,-0.506281,-0.409411,0.535625,-0.321256,-0.665044,-0.686960,-0.030420,0.031354,-0.725381,-0.409007,0.571809,-0.587396,-0.400891,-0.575070,0.414291,-0.413965,-0.571218,-0.691675,-0.034488,0.031635,-0.720691,-0.692815,-0.164243,0.031936,-0.701436,-0.741283,0.046761,-0.261519,-0.616378,-0.710312,0.185138,-0.333578,-0.591529,-0.667018,-0.069107,0.154563,-0.725549,-0.484799,0.261820,0.008629,-0.834473,-0.498472,0.376530,-0.071799,-0.777558
-0.683624,-0.086559,0.068957,-0.721395,-0.686146,-0.044800,0.002534,-0.726079,-0.380289,0.596590,-0.493412,-0.505970,-0.409138,0.535535,-0.321489,-0.665172,-0.687155,-0.027875,0.030276,-0.725344,-0.409356,0.572584,-0.586999,-0.400009,-0.575432,0.415080,-0.413463,-0.570645,-0.691249,-0.036720,0.032906,-0.720932,-0.692411,-0.164171,0.033970,-0.701755,-0.741832,0.046187,-0.258865,-0.616880,-0.711293,0.184592,-0.331030,-0.591952,-0.666781,-0.070337,0.156323,-0.725272,-0.485587,0.261606,0.010089,-0.834066,-0.499798,0.376252,-0.070308,-0.776977
-0.683739,-0.087972,0.070089,-0.721006,-0.686508,-0.042039,0.001083,-0.725905,-0.378455,0.598880,-0.493745,-0.504311,-0.408576,0.536404,-0.322167,-0.664489,-0.687447,-0.025692,0.029868,-0.725165,-0.409836,0.573384,-0.586582,-0.398982,-0.575686,0.416238,-0.413218,-0.569722,-0.691069,-0.038939,0.032897,-0.720989,-0.692302,-0.164863,0.034771,-0.701661,-0.742317,0.044779,-0.257590,-0.616934,-0.712037,0.183202,-0.329880,-0.592131,-0.666505,-0.072559,0.158173,-0.724905,-0.486687,0.260401,0.011793,-0.833779,-0.501486,0.375018,-0.068601,-0.776639
-0.683908,-0.089436,0.071146,-0.720561,-0.686912,-0.039335,-0.000011,-0.725675,-0.376403,0.601643,-0.494337,-0.501973,-0.407861,0.537754,-0.323064,-0.663400,-0.687785,-0.023687,0.029794,-0.724916,-0.410378,0.574199,-0.586152,-0.397884,-0.575882,0.417582,-0.413101,-0.568623,-0.691004,-0.041153,0.032250,-0.720958,-0.692337,-0.165935,0.034955,-0.701366,-0.742767,0.042957,-0.257005,-0.616766,-0.712660,0.181392,-0.329429,-0.592191,-0.666209,-0.075281,0.160071,-0.724483,-0.487946,0.258693,0.013618,-0.833547,-0.503358,0.373298,-0.066789,-0.776414
-0.683314,-0.090074,0.071776,-0.720984,-0.686393,-0.039119,0.000077,-0.726178,-0.375629,0.602664,-0.493781,-0.501876,-0.407855,0.537758,-0.323072,-0.663397,-0.687270,-0.023155,0.030065,-0.725411,-0.410971,0.574174,-0.585876,-0.397715,-0.576249,0.417737,-0.413548,-0.567813,-0.689716,-0.038995,0.031223,-0.722354,-0.691520,-0.164741,0.035297,-0.702434,-0.742784,0.043258,-0.254865,-0.617612,-0.713004,0.181745,-0.327265,-0.592867,-0.664177,-0.074597,0.162020,-0.725985,-0.487145,0.260432,0.015291,-0.833445,-0.503254,0.375062,-0.064694,-0.775808
-0.682666,-0.090532,0.072198,-0.721498,-0.685784,-0.039339,0.000412,-0.726741,-0.374772,0.603731,-0.493262,-0.501744,-0.407750,0.537837,-0.323201,-0.663334,-0.686675,-0.022989,0.030482,-0.725961,-0.411300,0.574181,-0.585793,-0.397486,-0.576546,0.417785,-0.414166,-0.567025,-0.688583,-0.036181,0.029639,-0.723647,-0.690934,-0.163491,0.035243,-0.703305,-0.742678,0.043869,-0.253390,-0.618303,-0.713108,0.182396,-0.325739,-0.593383,-0.662112,-0.073849,0.163866,-0.727531,-0.486341,0.261778,0.017077,-0.833459,-0.503174,0.376462,-0.062465,-0.775365
-0.681914,-0.090630,0.072202,-0.722196,-0.684994,-0.040434,0.001236,-0.727425,-0.373749,0.604891,-0.492820,-0.501544,-0.407449,0.538065,-0.323572,-0.663153,-0.685923,-0.023559,0.031188,-0.726624,-0.411097,0.574255,-0.586097,-0.397141,-0.576698,0.417620,-0.415132,-0.566285,-0.687757,-0.032067,0.026933,-0.724733,-0.690812,-0.162136,0.034389,-0.703782,-0.742334,0.045101,-0.253260,-0.618681,-0.712734,0.183645,-0.325501,-0.593577,-0.659995,-0.072977,0.165494,-0.729173,-0.485520,0.262338,0.019077,-0.833718,-0.503134,0.377138,-0.059987,-0.775258
-0.681071,-0.090362,0.071941,-0.723050,-0.684053,-0.042200,0.002480,-0.728206,-0.372740,0.606017,-0.492393,-0.501355,-0.407118,0.538316,-0.323981,-0.662953,-0.685041,-0.024743,0.032477,-0.727360,-0.410765,0.574322,-0.586563,-0.396699,-0.577036,0.417144,-0.415971,-0.565676,-0.686885,-0.027137,0.023312,-0.725885,-0.690814,-0.161320,0.033299,-0.704019,-0.741831,0.045707,-0.253087,-0.619310,-0.712251,0.184281,-0.325222,-0.594112,-0.657651,-0.071996,0.166858,-0.731074,-0.484458,0.262528,0.021094,-0.834227,-0.502882,0.377501,-0.057424,-0.775438
-0.680182,-0.089911,0.071546,-0.723982,-0.683030,-0.044305,0.003930,-0.729035,-0.371736,0.607125,-0.491973,-0.501174,-0.406770,0.538579,-0.324408,-0.662744,-0.684091,-0.026239,0.034054,-0.728129,-0.410361,0.574383,-0.587112,-0.396216,-0.577459,0.416508,-0.416752,-0.565137,-0.685974,-0.021792,0.019241,-0.727045,-0.690880,-0.160768,0.032104,-0.704136,-0.741253,0.046000,-0.252883,-0.620064,-0.711718,0.184613,-0.324914,-0.594816,-0.655192,-0.070976,0.168078,-0.733100,-0.483272,0.262514,0.023115,-0.834865,-0.502520,0.377689,-0.054825,-0.775770
-0.679274,-0.088908,0.070643,-0.725046,-0.681890,-0.047178,0.005798,-0.729908,-0.370611,0.608272,-0.491817,-0.500768,-0.406317,0.538924,-0.324960,-0.662472,-0.683045,-0.028720,0.036277,-0.728909,-0.409651,0.574334,-0.588005,-0.395698,-0.577967,0.415436,-0.417503,-0.564852,-0.685045,-0.014917,0.013957,-0.728215,-0.691199,-0.160322,0.030429,-0.703999,-0.740511,0.046156,-0.252870,-0.620943,-0.711006,0.184778,-0.324809,-0.595673,-0.652511,-0.069279,0.168806,-0.735482,-0.481758,0.262705,0.024739,-0.835633,-0.501575,0.378110,-0.052631,-0.776328
-0.678412,-0.087786,0.069628,-0.726088,-0.680750,-0.050509,0.008003,-0.730729,-0.369494,0.609452,-0.491619,-0.500352,-0.405828,0.539297,-0.325287,-0.662307,-0.682021,-0.031464,0.038752,-0.729627,-0.408987,0.574194,-0.588917,-0.395231,-0.578568,0.414206,-0.418176,-0.564643,-0.684132,-0.007636,0.008304,-0.729271,-0.691655,-0.159841,0.028598,-0.703737,-0.739800,0.046295,-0.252968,-0.621739,-0.710307,0.184915,-0.324828,-0.596454,-0.649809,-0.067502,0.169403,-0.737899,-0.480265,0.262751,0.026287,-0.836431,-0.500528,0.378394,-0.050552,-0.777003
-0.677641,-0.086424,0.068389,-0.727087,-0.679611,-0.054755,0.010891,-0.731445,-0.368397,0.610703,-0.491336,-0.499914,-0.405275,0.539731,-0.325161,-0.662354,-0.681044,-0.034728,0.041740,-0.730226,-0.408429,0.573877,-0.589864,-0.394855,-0.579369,0.412666,-0.418680,-0.564575,-0.683284,0.000451,0.001890,-0.730150,-0.692385,-0.159304,0.026433,-0.703226,-0.739147,0.046399,-0.253303,-0.622371,-0.709624,0.184989,-0.325112,-0.597088,-0.647070,-0.065538,0.169757,-0.740397,-0.478819,0.262541,0.027693,-0.837280,-0.499287,0.378438,-0.048693,-0.777898
-0.676865,-0.084937,0.066892,-0.728124,-0.678376,-0.059770,0.014272,-0.732141,-0.367429,0.611821,-0.490960,-0.499630,-0.404745,0.540077,-0.324712,-0.662616,-0.680020,-0.038415,0.045062,-0.730799,-0.407842,0.573515,-0.590762,-0.394646,-0.580243,0.410869,-0.419061,-0.564706,-0.682513,0.009103,-0.004884,-0.730801,-0.693339,-0.158881,0.024292,-0.702458,-0.738647,0.046318,-0.253698,-0.622810,-0.709088,0.184860,-0.325496,-0.597556,-0.644393,-0.063230,0.170124,-0.742844,-0.477607,0.262103,0.029196,-0.838058,-0.498281,0.378261,-0.046737,-0.778749
-0.676083,-0.083387,0.065266,-0.729176,-0.677069,-0.065176,0.017887,-0.732810,-0.366517,0.612872,-0.490536,-0.499428,-0.404220,0.540376,-0.324102,-0.662992,-0.678961,-0.042321,0.048541,-0.731344,-0.407223,0.573124,-0.591642,-0.394534,-0.581139,0.408932,-0.419392,-0.564945,-0.681737,0.018040,-0.011830,-0.731279,-0.694402,-0.158500,0.022194,-0.701563,-0.738232,0.046151,-0.254094,-0.623153,-0.708638,0.184636,-0.325902,-0.597938,-0.641741,-0.060776,0.170477,-0.745260,-0.476506,0.261523,0.030739,-0.838811,-0.497386,0.377947,-0.044741,-0.779590
-0.675194,-0.081248,0.063339,-0.730411,-0.675505,-0.071380,0.021645,-0.733573,-0.365634,0.613587,-0.489852,-0.499869,-0.404089,0.539741,-0.322692,-0.664276,-0.677721,-0.046589,0.052350,-0.731973,-0.406610,0.572619,-0.592578,-0.394496,-0.582154,0.406730,-0.419752,-0.565222,-0.680605,0.027581,-0.019726,-0.731865,-0.695420,-0.158123,0.019658,-0.700715,-0.737919,0.045648,-0.254600,-0.623354,-0.708286,0.184119,-0.326405,-0.598239,-0.638816,-0.058026,0.170476,-0.747987,-0.475306,0.261238,0.031790,-0.839541,-0.496316,0.377957,-0.043164,-0.780357
-0.674209,-0.078964,0.061527,-0.731725,-0.673722,-0.078345,0.026047,-0.734358,-0.365920,0.613229,-0.488306,-0.501607,-0.404282,0.538929,-0.321375,-0.665455,-0.676339,-0.051192,0.056350,-0.732646,-0.405922,0.572033,-0.593549,-0.394594,-0.583066,0.404461,-0.420208,-0.565571,-0.679355,0.037573,-0.027754,-0.732321,-0.696505,-0.157187,0.017150,-0.699914,-0.737732,0.045222,-0.254263,-0.623744,-0.708252,0.183532,-0.325965,-0.598701,-0.635756,-0.055132,0.170645,-0.750769,-0.474129,0.260883,0.033091,-0.840266,-0.495303,0.377898,-0.041322,-0.781127
-0.673038,-0.076393,0.059951,-0.733205,-0.671515,-0.086817,0.031744,-0.735202,-0.368530,0.610701,-0.485038,-0.505932,-0.405130,0.537764,-0.320251,-0.666423,-0.674686,-0.056450,0.060740,-0.733432,-0.405109,0.571307,-0.594569,-0.394946,-0.583788,0.402091,-0.420833,-0.566051,-0.677962,0.048446,-0.036055,-0.732612,-0.697727,-0.155164,0.014650,-0.699204,-0.737771,0.044930,-0.252297,-0.624516,-0.708816,0.182785,-0.323688,-0.599496,-0.632442,-0.051903,0.171188,-0.753670,-0.473005,0.260439,0.034911,-0.840963,-0.494412,0.377755,-0.038936,-0.781883
-0.672107,-0.073767,0.057822,-0.734498,-0.669515,-0.094693,0.037135,-0.735802,-0.369939,0.609491,-0.482646,-0.508644,-0.405284,0.537314,-0.318707,-0.667431,-0.673212,-0.062093,0.065684,-0.733905,-0.404775,0.570496,-0.594921,-0.395931,-0.584397,0.399872,-0.421084,-0.566808,-0.676722,0.059111,-0.045404,-0.732456,-0.699303,-0.153821,0.011097,-0.697991,-0.737937,0.043964,-0.251867,-0.624563,-0.709265,0.181452,-0.323019,-0.599730,-0.629894,-0.048311,0.169752,-0.756362,-0.472715,0.258343,0.035065,-0.841766,-0.494078,0.375881,-0.038086,-0.783039
-0.671290,-0.071114,0.055417,-0.735691,-0.667592,-0.102277,0.042361,-0.736252,-0.370752,0.608940,-0.480697,-0.510554,-0.405093,0.537217,-0.316953,-0.668460,-0.671806,-0.067938,0.070892,-0.734190,-0.404667,0.569635,-0.594943,-0.397244,-0.584935,0.397719,-0.421160,-0.567710,-0.675476,0.069671,-0.055267,-0.731999,-0.701050,-0.152791,0.007059,-0.696516,-0.738189,0.042677,-0.252164,-0.624235,-0.709686,0.179842,-0.323116,-0.599665,-0.627723,-0.044561,0.167309,-0.758938,-0.472868,0.255415,0.034393,-0.842601,-0.494050,0.373131,-0.038000,-0.784375
-0.670561,-0.067506,0.052254,-0.736926,-0.665718,-0.109113,0.047056,-0.736682,-0.371297,0.608394,-0.480246,-0.511233,-0.405053,0.537193,-0.316503,-0.668716,-0.670439,-0.073038,0.075250,-0.734516,-0.403729,0.569247,-0.595658,-0.397684,-0.584826,0.396452,-0.422311,-0.567854,-0.673885,0.081079,-0.064305,-0.731553,-0.702488,-0.151299,0.003878,-0.695417,-0.738735,0.041807,-0.251798,-0.623795,-0.710425,0.178755,-0.322619,-0.599383,-0.625142,-0.039726,0.165469,-0.761735,-0.472724,0.253864,0.034125,-0.843161,-0.493796,0.371759,-0.037498,-0.785210
-0.669784,-0.063833,0.049046,-0.738180,-0.663761,-0.115837,0.051711,-0.737109,-0.371884,0.607757,-0.479931,-0.511860,-0.405016,0.537179,-0.316202,-0.668893,-0.669017,-0.077974,0.079551,-0.734852,-0.402823,0.568865,-0.596379,-0.398069,-0.584658,0.395341,-0.423346,-0.568030,-0.672130,0.092164,-0.073001,-0.731039,-0.703769,-0.149971,0.000900,-0.694419,-0.739293,0.040887,-0.251495,-0.623317,-0.711130,0.177713,-0.322245,-0.599058,-0.622542,-0.034995,0.163632,-0.764488,-0.472479,0.252441,0.033868,-0.843736,-0.493445,0.370571,-0.037031,-0.786014
-0.668924,-0.060028,0.045750,-0.739489,-0.661707,-0.122329,0.056316,-0.737569,-0.372598,0.606939,-0.479887,-0.512352,-0.405026,0.537199,-0.316189,-0.668876,-0.667524,-0.082572,0.083765,-0.735239,-0.402024,0.568491,-0.597113,-0.398310,-0.584417,0.394551,-0.424131,-0.568242,-0.670197,0.102610,-0.081047,-0.730574,-0.704754,-0.149019,-0.001763,-0.693623,-0.739854,0.039834,-0.251403,-0.622757,-0.711738,0.176729,-0.322198,-0.598652,-0.619930,-0.030408,0.161847,-0.767182,-0.472015,0.251317,0.033626,-0.844340,-0.492883,0.369797,-0.036641,-0.786749
-0.667862,-0.056062,0.042597,-0.740948,-0.659494,-0.128118,0.060572,-0.738231,-0.373298,0.606086,-0.480119,-0.512635,-0.405039,0.537212,-0.316181,-0.668862,-0.665874,-0.086306,0.087195,-0.735908,-0.400945,0.568322,-0.598127,-0.398118,-0.584114,0.393981,-0.424707,-0.568519,-0.667745,0.112381,-0.088592,-0.730506,-0.705249,-0.147482,-0.004238,-0.693437,-0.740370,0.039736,-0.251667,-0.622043,-0.712105,0.176914,-0.322609,-0.597940,-0.617174,-0.025456,0.159381,-0.770095,-0.470963,0.251227,0.032448,-0.845001,-0.491596,0.370322,-0.037265,-0.787278
-0.666687,-0.052011,0.039513,-0.742470,-0.657179,-0.133572,0.064637,-0.738984,-0.373949,0.605203,-0.480499,-0.512847,-0.405017,0.537198,-0.316191,-0.668882,-0.664135,-0.089620,0.090220,-0.736718,-0.399695,0.568252,-0.599286,-0.397730,-0.583758,0.393512,-0.425191,-0.568848,-0.664992,0.121826,-0.095876,-0.730583,-0.705495,-0.145643,-0.006612,-0.693557,-0.740866,0.040129,-0.252096,-0.621252,-0.712354,0.177697,-0.323234,-0.597072,-0.614323,-0.020326,0.156564,-0.773099,-0.469619,0.251652,0.030806,-0.845683,-0.489950,0.371495,-0.038390,-0.787697
-0.665256,-0.048766,0.036866,-0.744108,-0.654897,-0.137683,0.068310,-0.739924,-0.374587,0.604730,-0.480856,-0.512604,-0.405131,0.537424,-0.316052,-0.668697,-0.662303,-0.091949,0.092156,-0.737840,-0.398001,0.568812,-0.600232,-0.397202,-0.583388,0.393009,-0.425704,-0.569191,-0.662554,0.128386,-0.100883,-0.731000,-0.705329,-0.144059,-0.007684,-0.694045,-0.741171,0.040926,-0.252068,-0.620849,-0.712313,0.179149,-0.323721,-0.596423,-0.611997,-0.016258,0.154239,-0.775504,-0.468648,0.253082,0.028795,-0.845866,-0.488629,0.373452,-0.039968,-0.787514
-0.663700,-0.045825,0.034414,-0.745801,-0.652606,-0.141264,0.071778,-0.740944,-0.375203,0.604398,-0.481108,-0.512309,-0.405265,0.537722,-0.315872,-0.668461,-0.660399,-0.094028,0.093710,-0.739088,-0.396138,0.569542,-0.601094,-0.396715,-0.582818,0.392664,-0.426481,-0.569432,-0.660114,0.133956,-0.105209,-0.731599,-0.704961,-0.142370,-0.008523,-0.694758,-0.741278,0.042144,-0.252094,-0.620628,-0.712136,0.180824,-0.324077,-0.595935,-0.609807,-0.012479,0.151794,-0.777778,-0.467658,0.254864,0.026418,-0.845956,-0.487245,0.375642,-0.041880,-0.787230
-0.661913,-0.043496,0.032360,-0.747618,-0.650336,-0.143756,0.074873,-0.742153,-0.375849,0.604375,-0.481120,-0.511852,-0.405497,0.538214,-0.315574,-0.668065,-0.658364,-0.095584,0.094527,-0.740598,-0.393983,0.570618,-0.601778,-0.396277,-0.581880,0.392652,-0.427760,-0.569440,-0.657734,0.137536,-0.108200,-0.732641,-0.704198,-0.140491,-0.008917,-0.695908,-0.740993,0.044186,-0.252257,-0.620761,-0.711687,0.182924,-0.324202,-0.595762,-0.607923,-0.009259,0.149124,-0.779812,-0.466629,0.257356,0.023299,-0.845862,-0.485731,0.378306,-0.044476,-0.786748
-0.660211,-0.041801,0.030899,-0.749279,-0.648400,-0.145014,0.077126,-0.743371,-0.376189,0.604792,-0.481078,-0.511148,-0.405562,0.538984,-0.315490,-0.667444,-0.656522,-0.096386,0.094752,-0.742099,-0.392238,0.571542,-0.602284,-0.395907,-0.580779,0.393141,-0.429252,-0.569104,-0.655698,0.139056,-0.109609,-0.733968,-0.703160,-0.138301,-0.009030,-0.697393,-0.740464,0.046895,-0.252410,-0.621131,-0.710997,0.185653,-0.324195,-0.595746,-0.606548,-0.006663,0.146350,-0.781433,-0.465778,0.260385,0.019558,-0.845499,-0.484306,0.381437,-0.047771,-0.785921
-0.658552,-0.040425,0.029738,-0.750860,-0.646633,-0.145655,0.078954,-0.744592,-0.376379,0.605425,-0.481008,-0.510324,-0.405546,0.539889,-0.315511,-0.666712,-0.654778,-0.096809,0.094681,-0.743592,-0.390702,0.572388,-0.602701,-0.395570,-0.579597,0.393880,-0.430846,-0.568593,-0.653840,0.139540,-0.110232,-0.735439,-0.701980,-0.135963,-0.009000,-0.699041,-0.739809,0.049930,-0.252551,-0.621617,-0.710185,0.188690,-0.324115,-0.595805,-0.605428,-0.004377,0.143528,-0.782839,-0.465003,0.263686,0.015515,-0.844986,-0.482912,0.384803,-0.051406,-0.784907
-0.657834,-0.039911,0.030001,-0.751506,-0.645978,-0.144867,0.079487,-0.745257,-0.376596,0.605905,-0.481148,-0.509462,-0.404805,0.541619,-0.316461,-0.665307,-0.654086,-0.095887,0.094576,-0.744334,-0.391366,0.572087,-0.602685,-0.395372,-0.579424,0.394708,-0.432158,-0.567197,-0.653419,0.136890,-0.108361,-0.736589,-0.701022,-0.133663,-0.008887,-0.700445,-0.739184,0.053286,-0.253204,-0.621816,-0.709299,0.192018,-0.324550,-0.595559,-0.605852,-0.003493,0.140835,-0.783004,-0.465205,0.266271,0.011266,-0.844131,-0.482458,0.387356,-0.055519,-0.783650
-0.657355,-0.039743,0.030488,-0.751915,-0.645626,-0.143810,0.079743,-0.745739,-0.376992,0.606165,-0.481192,-0.508817,-0.404397,0.542946,-0.317207,-0.664118,-0.653679,-0.094698,0.094319,-0.744875,-0.392424,0.571729,-0.602308,-0.395416,-0.579400,0.395512,-0.433269,-0.565813,-0.653542,0.133371,-0.105857,-0.737489,-0.700224,-0.131596,-0.008977,-0.701633,-0.738599,0.056513,-0.254314,-0.621773,-0.708385,0.195200,-0.325459,-0.595117,-0.606872,-0.003070,0.138060,-0.782711,-0.465794,0.268288,0.006951,-0.843214,-0.482377,0.389325,-0.059793,-0.782409
-0.657355,-0.040265,0.031423,-0.751848,-0.645883,-0.142215,0.079446,-0.745854,-0.377748,0.605987,-0.481048,-0.508605,-0.404660,0.543478,-0.317543,-0.663362,-0.653846,-0.092978,0.093754,-0.745017,-0.394261,0.571255,-0.601209,-0.395947,-0.579672,0.396270,-0.433981,-0.564456,-0.654748,0.128115,-0.102065,-0.737885,-0.699757,-0.129990,-0.009479,-0.702391,-0.738099,0.059486,-0.256357,-0.621251,-0.707414,0.198097,-0.327333,-0.594286,-0.609084,-0.003589,0.135114,-0.781504,-0.467180,0.269151,0.002500,-0.842196,-0.483065,0.390113,-0.064402,-0.781225
-0.657829,-0.041148,0.032878,-0.751323,-0.646778,-0.139496,0.077956,-0.745749,-0.378472,0.605495,-0.481254,-0.508457,-0.405171,0.543491,-0.318050,-0.662796,-0.654501,-0.090905,0.092495,-0.744855,-0.396238,0.570556,-0.600093,-0.396672,-0.580207,0.396582,-0.434187,-0.563528,-0.656472,0.121633,-0.097296,-0.738094,-0.699283,-0.128591,-0.010476,-0.703106,-0.737537,0.062324,-0.259043,-0.620526,-0.706287,0.200848,-0.329848,-0.593311,-0.612017,-0.004481,0.131622,-0.779802,-0.468754,0.269148,-0.002269,-0.841323,-0.483897,0.390052,-0.069416,-0.780311
-0.658537,-0.042212,0.034594,-0.750567,-0.647987,-0.136221,0.075862,-0.745521,-0.379181,0.604840,-0.481639,-0.508344,-0.405807,0.543240,-0.318650,-0.662325,-0.655401,-0.088660,0.090883,-0.744533,-0.398278,0.569740,-0.598970,-0.397499,-0.580867,0.396666,-0.434150,-0.562817,-0.658423,0.114538,-0.092020,-0.738169,-0.698789,-0.127285,-0.011698,-0.703815,-0.736932,0.065107,-0.262024,-0.619707,-0.705075,0.203539,-0.332653,-0.592269,-0.615313,-0.005604,0.127837,-0.777828,-0.470421,0.268657,-0.007209,-0.840521,-0.484799,0.389511,-0.074645,-0.779538
-0.659844,-0.043235,0.036379,-0.749275,-0.650028,-0.131372,0.072243,-0.744974,-0.379830,0.603861,-0.482658,-0.508058,-0.406501,0.542745,-0.319850,-0.661726,-0.656970,-0.085370,0.087271,-0.743966,-0.399172,0.569275,-0.598765,-0.397578,-0.581218,0.396739,-0.434615,-0.562044,-0.661119,0.106478,-0.084119,-0.737908,-0.698270,-0.126156,-0.011198,-0.704541,-0.736760,0.067159,-0.262710,-0.619401,-0.704686,0.205534,-0.333253,-0.591706,-0.618987,-0.007145,0.126463,-0.775120,-0.471412,0.269330,-0.009869,-0.839723,-0.485426,0.389915,-0.077797,-0.778637
-0.661346,-0.044373,0.038134,-0.747795,-0.652370,-0.125925,0.068161,-0.744252,-0.380292,0.603095,-0.483865,-0.507474,-0.407270,0.542167,-0.320871,-0.661232,-0.658763,-0.081984,0.083468,-0.743197,-0.400143,0.568800,-0.598416,-0.397808,-0.581592,0.396750,-0.434912,-0.561419,-0.664065,0.097633,-0.076153,-0.737351,-0.697930,-0.125957,-0.010853,-0.704919,-0.736654,0.068770,-0.264634,-0.618531,-0.704183,0.207052,-0.335131,-0.590715,-0.623143,-0.009209,0.124990,-0.772001,-0.472627,0.269282,-0.012473,-0.839021,-0.486250,0.389590,-0.081007,-0.777958
-0.663240,-0.045735,0.039822,-0.745946,-0.655302,-0.119283,0.063173,-0.743209,-0.380358,0.602774,-0.485433,-0.506306,-0.408166,0.541436,-0.321521,-0.660963,-0.660994,-0.078404,0.079305,-0.742058,-0.401268,0.568321,-0.597763,-0.398341,-0.582011,0.396655,-0.434854,-0.561096,-0.667594,0.087227,-0.068095,-0.736256,-0.697957,-0.127662,-0.010856,-0.704586,-0.736648,0.069448,-0.269084,-0.616539,-0.703418,0.207569,-0.339607,-0.588885,-0.628230,-0.012248,0.123340,-0.768092,-0.474277,0.267863,-0.014940,-0.838503,-0.487455,0.387879,-0.084303,-0.777709
-0.665073,-0.047837,0.041860,-0.744068,-0.658147,-0.113012,0.058059,-0.742092,-0.380473,0.602071,-0.486914,-0.505634,-0.408784,0.540616,-0.322088,-0.660975,-0.663241,-0.074638,0.074815,-0.740907,-0.402066,0.567855,-0.597545,-0.398526,-0.582323,0.396614,-0.435366,-0.560405,-0.670657,0.077342,-0.058894,-0.735370,-0.697525,-0.128632,-0.009638,-0.704855,-0.736943,0.070078,-0.271177,-0.615197,-0.703323,0.208075,-0.341767,-0.587568,-0.632702,-0.014663,0.122989,-0.764426,-0.475432,0.266884,-0.015758,-0.838146,-0.488385,0.386567,-0.085937,-0.777600
-0.666868,-0.050307,0.044071,-0.742169,-0.660922,-0.106947,0.052860,-0.740912,-0.380597,0.601161,-0.488362,-0.505226,-0.409254,0.539734,-0.322627,-0.661143,-0.665481,-0.070800,0.070143,-0.739731,-0.402680,0.567382,-0.597560,-0.398558,-0.582564,0.396580,-0.436182,-0.559543,-0.673408,0.067737,-0.049110,-0.734522,-0.696865,-0.129197,-0.007783,-0.705426,-0.737412,0.070711,-0.272062,-0.614170,-0.703589,0.208601,-0.342744,-0.586494,-0.636869,-0.016805,0.123264,-0.760869,-0.476353,0.266089,-0.015766,-0.837876,-0.489188,0.385421,-0.086754,-0.777573
-0.668491,-0.053109,0.046490,-0.740363,-0.663579,-0.100451,0.047711,-0.739795,-0.381306,0.599962,-0.489225,-0.505281,-0.409915,0.538908,-0.322812,-0.661317,-0.667605,-0.066608,0.065741,-0.738610,-0.404152,0.566793,-0.596783,-0.399071,-0.583239,0.396419,-0.436100,-0.559018,-0.675742,0.057759,-0.039865,-0.733790,-0.696067,-0.129889,-0.006005,-0.706104,-0.737975,0.070595,-0.272128,-0.613479,-0.704118,0.208417,-0.342933,-0.585814,-0.640836,-0.018991,0.123937,-0.757369,-0.477220,0.264788,-0.015000,-0.837809,-0.490054,0.383787,-0.086811,-0.777829
-0.670088,-0.055816,0.048747,-0.738573,-0.666222,-0.093486,0.042193,-0.738667,-0.381478,0.599275,-0.490543,-0.504689,-0.410477,0.538176,-0.323164,-0.661392,-0.669713,-0.062131,0.061334,-0.737471,-0.405815,0.566213,-0.595898,-0.399529,-0.584019,0.396339,-0.435921,-0.558399,-0.677859,0.047906,-0.030650,-0.732989,-0.695241,-0.130303,-0.003976,-0.706856,-0.738555,0.070587,-0.271594,-0.613018,-0.704755,0.208354,-0.342517,-0.585313,-0.644692,-0.021093,0.124711,-0.753906,-0.478084,0.263626,-0.014156,-0.837697,-0.490927,0.382284,-0.086778,-0.778023
-0.671651,-0.058337,0.050681,-0.736827,-0.668875,-0.085543,0.035974,-0.737560,-0.380599,0.599634,-0.492751,-0.502772,-0.410864,0.537665,-0.323825,-0.661245,-0.671806,-0.057045,0.056948,-0.736328,-0.407903,0.565684,-0.594765,-0.399838,-0.585041,0.396464,-0.435504,-0.557566,-0.679678,0.038265,-0.021527,-0.732196,-0.694367,-0.130216,-0.001503,-0.707740,-0.739157,0.070755,-0.269918,-0.613013,-0.705588,0.208497,-0.340947,-0.585175,-0.648344,-0.022948,0.125741,-0.750542,-0.478932,0.262823,-0.013136,-0.837482,-0.491812,0.381123,-0.086546,-0.778059
-0.672825,-0.061044,0.052790,-0.735386,-0.670958,-0.078716,0.030304,-0.736682,-0.380098,0.599431,-0.494125,-0.502045,-0.411439,0.536590,-0.323960,-0.661695,-0.673485,-0.052126,0.052747,-0.735471,-0.409394,0.565721,-0.593615,-0.399973,-0.585637,0.397008,-0.435064,-0.556897,-0.681042,0.028727,-0.012935,-0.731567,-0.693345,-0.130971,0.001516,-0.708602,-0.739612,0.070005,-0.267504,-0.613608,-0.706453,0.207791,-0.338624,-0.585731,-0.651424,-0.025384,0.127533,-0.747487,-0.479669,0.261870,-0.011281,-0.837385,-0.492719,0.379823,-0.085455,-0.778241
-0.673801,-0.063842,0.054985,-0.734094,-0.672737,-0.072453,0.024899,-0.735905,-0.379779,0.598939,-0.495091,-0.501922,-0.412103,0.535221,-0.323839,-0.662449,-0.674940,-0.047296,0.048631,-0.734747,-0.410560,0.566038,-0.592459,-0.400042,-0.585996,0.397754,-0.434624,-0.556329,-0.682131,0.019246,-0.004602,-0.730962,-0.692247,-0.132130,0.004831,-0.709445,-0.739999,0.068804,-0.264698,-0.614494,-0.707343,0.206667,-0.335903,-0.586620,-0.654212,-0.028125,0.129685,-0.744578,-0.480351,0.260836,-0.009018,-0.837345,-0.493636,0.378448,-0.083942,-0.778495
-0.674517,-0.066452,0.057060,-0.733045,-0.674143,-0.066767,0.019736,-0.735312,-0.379051,0.598733,-0.495985,-0.501835,-0.412504,0.534020,-0.324463,-0.662862,-0.676088,-0.042626,0.044670,-0.734229,-0.410799,0.566955,-0.591867,-0.399374,-0.585919,0.398984,-0.434736,-0.555442,-0.682878,0.010605,0.002662,-0.730451,-0.691243,-0.133375,0.008441,-0.710157,-0.740198,0.067751,-0.261726,-0.615643,-0.708072,0.205712,-0.332973,-0.587746,-0.656363,-0.031148,0.132498,-0.742066,-0.481000,0.260324,-0.006376,-0.837156,-0.494606,0.377581,-0.081987,-0.778509
-0.675141,-0.069069,0.058930,-0.732080,-0.675390,-0.061370,0.014772,-0.734754,-0.378104,0.598766,-0.496666,-0.501836,-0.412620,0.533025,-0.325041,-0.663308,-0.677109,-0.038079,0.040811,-0.733763,-0.410808,0.568052,-0.591277,-0.398680,-0.585624,0.400400,-0.434967,-0.554552,-0.683472,0.002331,0.009433,-0.729912,-0.690284,-0.134666,0.011979,-0.710795,-0.740348,0.066635,-0.258747,-0.616842,-0.708759,0.204693,-0.330033,-0.588931,-0.658305,-0.034336,0.135200,-0.739714,-0.481763,0.259596,-0.003835,-0.836959,-0.495715,0.376533,-0.080076,-0.778510
-0.675590,-0.071698,0.060389,-0.731294,-0.676366,-0.056540,0.010241,-0.734321,-0.376732,0.599299,-0.496902,-0.501998,-0.412167,0.532467,-0.325504,-0.663810,-0.677904,-0.033763,0.037183,-0.733433,-0.410401,0.569514,-0.590678,-0.397900,-0.584931,0.402206,-0.435410,-0.553628,-0.683860,-0.005215,0.015195,-0.729436,-0.689417,-0.136086,0.015317,-0.711301,-0.740381,0.065373,-0.255809,-0.618161,-0.709336,0.203532,-0.327125,-0.590260,-0.659839,-0.037815,0.137718,-0.737710,-0.482741,0.258454,-0.001479,-0.836756,-0.497096,0.375142,-0.078233,-0.778488
-0.676081,-0.074086,0.061856,-0.730479,-0.677305,-0.052254,0.006605,-0.733815,-0.375581,0.600009,-0.497042,-0.501874,-0.411737,0.532332,-0.326007,-0.663939,-0.678688,-0.029833,0.034037,-0.733031,-0.410095,0.570724,-0.590384,-0.396917,-0.584642,0.403547,-0.435917,-0.552558,-0.684330,-0.011405,0.020474,-0.728796,-0.688872,-0.136759,0.018658,-0.711621,-0.740324,0.065461,-0.253565,-0.619145,-0.709638,0.203612,-0.324914,-0.591089,-0.661079,-0.041090,0.140680,-0.735864,-0.483767,0.257648,0.001226,-0.836412,-0.498600,0.374070,-0.076004,-0.778263
-0.676590,-0.076353,0.063325,-0.729648,-0.678213,-0.048242,0.003411,-0.733272,-0.374524,0.600806,-0.497136,-0.501617,-0.411307,0.532402,-0.326533,-0.663891,-0.679458,-0.026099,0.031127,-0.732589,-0.409830,0.571812,-0.590239,-0.395839,-0.584547,0.404655,-0.436456,-0.551421,-0.684829,-0.016913,0.025512,-0.728061,-0.688488,-0.137053,0.022004,-0.711841,-0.740230,0.066231,-0.251664,-0.619950,-0.709813,0.204319,-0.323049,-0.591657,-0.662164,-0.044260,0.143861,-0.734087,-0.484819,0.257014,0.004104,-0.835989,-0.500169,0.373160,-0.073581,-0.777926
-0.676993,-0.078118,0.064331,-0.728999,-0.678913,-0.044960,0.001215,-0.732840,-0.373851,0.601622,-0.496746,-0.501527,-0.411201,0.532467,-0.326672,-0.663836,-0.680046,-0.023033,0.029021,-0.732233,-0.410253,0.572358,-0.589793,-0.395276,-0.585051,0.405003,-0.436398,-0.550677,-0.685118,-0.021376,0.028682,-0.727553,-0.688281,-0.137941,0.024858,-0.711775,-0.740257,0.065776,-0.249447,-0.620862,-0.710221,0.203840,-0.320916,-0.592493,-0.662756,-0.047439,0.146620,-0.732807,-0.485881,0.255594,0.006876,-0.835789,-0.501825,0.371578,-0.071116,-0.777846
-0.677280,-0.079676,0.065178,-0.728488,-0.679438,-0.042188,-0.000713,-0.732519,-0.373879,0.601631,-0.495852,-0.502379,-0.411609,0.531804,-0.326153,-0.664369,-0.680479,-0.020355,0.027080,-0.731984,-0.410784,0.572673,-0.589273,-0.395045,-0.585623,0.405032,-0.436216,-0.550192,-0.685318,-0.025219,0.031483,-0.727126,-0.688146,-0.138546,0.027896,-0.711675,-0.740191,0.065708,-0.246963,-0.621940,-0.710554,0.203698,-0.318533,-0.593428,-0.663127,-0.050402,0.149343,-0.731723,-0.486841,0.254253,0.009651,-0.835612,-0.503399,0.370094,-0.068595,-0.777763
-0.677339,-0.080820,0.065707,-0.728260,-0.679642,-0.040435,-0.002092,-0.732426,-0.375344,0.600021,-0.493943,-0.505087,-0.413076,0.529690,-0.324304,-0.666051,-0.680629,-0.018451,0.025481,-0.731953,-0.411559,0.572513,-0.588611,-0.395457,-0.586356,0.404421,-0.435783,-0.550204,-0.685363,-0.027818,0.033539,-0.726897,-0.688152,-0.138589,0.031284,-0.711520,-0.739929,0.066413,-0.243961,-0.623360,-0.710724,0.204231,-0.315665,-0.594573,-0.663065,-0.052930,0.152001,-0.731053,-0.487589,0.253071,0.012429,-0.835498,-0.504802,0.368810,-0.065964,-0.777691
-0.677356,-0.081685,0.066090,-0.728113,-0.679774,-0.038882,-0.003238,-0.732383,-0.375663,0.599645,-0.492836,-0.506376,-0.413707,0.528657,-0.323502,-0.666869,-0.680710,-0.017005,0.024361,-0.731950,-0.412439,0.572249,-0.587886,-0.395999,-0.587250,0.403551,-0.435127,-0.550407,-0.685309,-0.029633,0.034804,-0.726816,-0.688123,-0.138728,0.033728,-0.711410,-0.739594,0.066637,-0.241275,-0.624777,-0.710832,0.204357,-0.313063,-0.595775,-0.662765,-0.054951,0.154645,-0.730621,-0.488224,0.251453,0.015601,-0.835563,-0.506211,0.367144,-0.062860,-0.777821
-0.677354,-0.082411,0.066400,-0.728005,-0.679869,-0.037428,-0.004268,-0.732365,-0.375409,0.599889,-0.492132,-0.506959,-0.413921,0.528165,-0.323226,-0.667260,-0.680758,-0.015786,0.023481,-0.731962,-0.413373,0.571932,-0.587129,-0.396606,-0.588224,0.402550,-0.434360,-0.550706,-0.685207,-0.031056,0.035673,-0.726811,-0.688077,-0.138916,0.035700,-0.711322,-0.739218,0.066619,-0.238745,-0.626194,-0.710905,0.204278,-0.310594,-0.597006,-0.662347,-0.056720,0.157283,-0.730302,-0.488798,0.249614,0.018971,-0.835709,-0.507618,0.365280,-0.059518,-0.778043
-0.677269,-0.082707,0.066235,-0.728065,-0.679807,-0.036605,-0.005279,-0.732458,-0.372908,0.602091,-0.492852,-0.505493,-0.412350,0.529386,-0.324776,-0.666511,-0.680675,-0.015038,0.023048,-0.732069,-0.413404,0.572267,-0.586784,-0.396601,-0.588509,0.402357,-0.434123,-0.550731,-0.684905,-0.030970,0.034784,-0.727142,-0.688054,-0.139092,0.036215,-0.711283,-0.738787,0.066063,-0.236866,-0.627475,-0.710831,0.203726,-0.308725,-0.598251,-0.661597,-0.057610,0.158715,-0.730603,-0.488920,0.247909,0.021247,-0.836091,-0.508112,0.363629,-0.057256,-0.778664
-0.677144,-0.082798,0.066058,-0.728187,-0.679679,-0.036289,-0.005830,-0.732588,-0.370761,0.604025,-0.493342,-0.504285,-0.411028,0.530410,-0.325970,-0.665931,-0.680543,-0.014636,0.022976,-0.732201,-0.413313,0.572636,-0.586592,-0.396448,-0.588775,0.402180,-0.433997,-0.550674,-0.684630,-0.030157,0.033425,-0.727499,-0.688144,-0.139223,0.036474,-0.711157,-0.738416,0.065431,-0.235129,-0.628630,-0.710793,0.203100,-0.307005,-0.599392,-0.660730,-0.058190,0.160039,-0.731053,-0.488966,0.246359,0.023404,-0.836464,-0.508494,0.362144,-0.055085,-0.779263
-0.676938,-0.082480,0.065854,-0.728434,-0.679424,-0.036989,-0.005463,-0.732793,-0.369333,0.605430,-0.493388,-0.503604,-0.410208,0.531040,-0.326453,-0.665698,-0.680318,-0.014926,0.023625,-0.732384,-0.412981,0.573071,-0.586705,-0.395996,-0.589007,0.402036,-0.434094,-0.550454,-0.684405,-0.027887,0.031126,-0.727903,-0.688459,-0.139261,0.036225,-0.710858,-0.738170,0.064651,-0.233675,-0.629541,-0.710835,0.202329,-0.305581,-0.600330,-0.659626,-0.058148,0.161145,-0.731809,-0.488863,0.245125,0.025322,-0.836831,-0.508658,0.360997,-0.053094,-0.779826
-0.676773,-0.081948,0.065298,-0.728696,-0.679147,-0.038528,-0.004487,-0.732977,-0.367876,0.606921,-0.493341,-0.502920,-0.409441,0.531624,-0.326767,-0.665551,-0.680102,-0.015846,0.024810,-0.732526,-0.412659,0.573337,-0.586969,-0.395557,-0.589335,0.401667,-0.434332,-0.550184,-0.684256,-0.024446,0.027692,-0.728306,-0.689047,-0.139368,0.035362,-0.710310,-0.738010,0.063834,-0.233060,-0.630039,-0.710827,0.201516,-0.304998,-0.600910,-0.658413,-0.057661,0.161658,-0.732826,-0.488611,0.244244,0.026511,-0.837198,-0.508567,0.360232,-0.051765,-0.780328
-0.676630,-0.081308,0.064567,-0.728966,-0.678857,-0.040487,-0.003209,-0.733146,-0.366411,0.608455,-0.493244,-0.502230,-0.408703,0.532188,-0.326990,-0.665443,-0.679891,-0.017081,0.026260,-0.732643,-0.412340,0.573515,-0.587308,-0.395126,-0.589710,0.401183,-0.434643,-0.549890,-0.684127,-0.020419,0.023694,-0.728692,-0.689771,-0.139504,0.034202,-0.709637,-0.737900,0.063003,-0.232856,-0.630327,-0.710800,0.200687,-0.304827,-0.601306,-0.657146,-0.056963,0.161866,-0.733971,-0.488285,0.243530,0.027329,-0.837570,-0.508348,0.359650,-0.050772,-0.780805
-0.676388,-0.079998,0.063650,-0.729416,-0.678389,-0.043428,-0.001213,-0.733418,-0.364853,0.610161,-0.493106,-0.501430,-0.408253,0.532527,-0.327239,-0.665326,-0.679543,-0.019074,0.028432,-0.732836,-0.411812,0.573614,-0.588110,-0.394342,-0.590062,0.400704,-0.435461,-0.549215,-0.683933,-0.014658,0.018557,-0.729162,-0.690714,-0.139266,0.032573,-0.708842,-0.737971,0.062328,-0.232951,-0.630277,-0.710889,0.200009,-0.304965,-0.601357,-0.655557,-0.055409,0.161678,-0.735551,-0.487531,0.243675,0.027596,-0.837959,-0.507631,0.359945,-0.050227,-0.781171
-0.676054,-0.078606,0.062669,-0.729962,-0.677790,-0.046755,0.001109,-0.733766,-0.363454,0.611780,-0.492818,-0.500756,-0.407987,0.532732,-0.327360,-0.665266,-0.679089,-0.021337,0.030860,-0.733096,-0.411218,0.573674,-0.589044,-0.393478,-0.590439,0.400156,-0.436381,-0.548479,-0.683630,-0.008420,0.013122,-0.729662,-0.691670,-0.138912,0.030892,-0.708054,-0.738107,0.061701,-0.233062,-0.630137,-0.711035,0.199383,-0.305120,-0.601314,-0.653838,-0.053563,0.161387,-0.737280,-0.486631,0.244125,0.027707,-0.838347,-0.506750,0.360548,-0.049801,-0.781491
-0.675538,-0.077047,0.061563,-0.730699,-0.676938,-0.050861,0.004087,-0.734270,-0.362367,0.613223,-0.492244,-0.500343,-0.408086,0.532656,-0.327237,-0.665327,-0.678424,-0.024147,0.033805,-0.733495,-0.410495,0.573660,-0.590244,-0.392453,-0.590865,0.399471,-0.437506,-0.547621,-0.683137,-0.001220,0.007082,-0.730255,-0.692654,-0.138338,0.029089,-0.707282,-0.738367,0.061165,-0.233221,-0.629826,-0.711286,0.198855,-0.305323,-0.601089,-0.651856,-0.051108,0.160903,-0.739312,-0.485439,0.245205,0.027516,-0.838729,-0.505541,0.361789,-0.049604,-0.781714
-0.674810,-0.075286,0.060191,-0.731669,-0.675792,-0.055567,0.007615,-0.734956,-0.361783,0.614295,-0.491330,-0.500350,-0.408480,0.532360,-0.326746,-0.665563,-0.677507,-0.027429,0.037116,-0.734067,-0.409601,0.573580,-0.591673,-0.391351,-0.591259,0.398681,-0.438849,-0.546698,-0.682396,0.006824,0.000540,-0.730950,-0.693598,-0.137552,0.027183,-0.706584,-0.738725,0.060729,-0.233419,-0.629375,-0.711617,0.198443,-0.305554,-0.600714,-0.649587,-0.048119,0.160227,-0.741653,-0.483936,0.246773,0.027098,-0.839151,-0.503993,0.363535,-0.049560,-0.781906
-0.673973,-0.073421,0.058686,-0.732753,-0.674475,-0.060585,0.011409,-0.735719,-0.361440,0.615180,-0.490246,-0.500574,-0.409013,0.531945,-0.326074,-0.665897,-0.676449,-0.030958,0.040604,-0.734717,-0.408594,0.573458,-0.593226,-0.390230,-0.591614,0.397823,-0.440319,-0.545756,-0.681490,0.015306,-0.006249,-0.731641,-0.694522,-0.136644,0.025251,-0.705925,-0.739140,0.060357,-0.233609,-0.628852,-0.712002,0.198101,-0.305774,-0.600260,-0.647161,-0.044879,0.159440,-0.744142,-0.482270,0.248566,0.026560,-0.839598,-0.502269,0.365514,-0.049597,-0.782090
-0.672731,-0.071143,0.057178,-0.734236,-0.672606,-0.066800,0.016433,-0.736796,-0.362910,0.614620,-0.487426,-0.502946,-0.410200,0.531042,-0.324595,-0.666610,-0.674940,-0.035030,0.045046,-0.735663,-0.407876,0.573296,-0.594486,-0.389302,-0.592227,0.396747,-0.441315,-0.545069,-0.680138,0.023993,-0.014957,-0.732539,-0.695263,-0.137010,0.021195,-0.705258,-0.739947,0.057863,-0.235631,-0.627382,-0.712584,0.195854,-0.307749,-0.599297,-0.644425,-0.041795,0.158124,-0.746971,-0.480345,0.249179,0.026121,-0.840533,-0.500295,0.366424,-0.049480,-0.782937
-0.671453,-0.068895,0.055583,-0.735741,-0.670612,-0.073370,0.021472,-0.737859,-0.364157,0.614081,-0.484843,-0.505195,-0.411044,0.530386,-0.323534,-0.667128,-0.673362,-0.039273,0.049430,-0.736612,-0.407032,0.573062,-0.595791,-0.388532,-0.592737,0.395551,-0.442421,-0.544487,-0.678587,0.033460,-0.023279,-0.733388,-0.695966,-0.136172,0.017678,-0.704824,-0.740801,0.056294,-0.236360,-0.626242,-0.713428,0.194353,-0.308326,-0.598483,-0.641458,-0.038056,0.157004,-0.749956,-0.478173,0.250397,0.025851,-0.841418,-0.498106,0.367923,-0.049146,-0.783650
-0.670110,-0.066708,0.053815,-0.737297,-0.668426,-0.080624,0.026566,-0.738919,-0.364981,0.613600,-0.482745,-0.507190,-0.411225,0.530246,-0.323306,-0.667238,-0.671682,-0.043834,0.053718,-0.737589,-0.405991,0.572706,-0.597167,-0.388034,-0.593084,0.394148,-0.443709,-0.544079,-0.676751,0.044454,-0.030835,-0.734221,-0.696587,-0.132973,0.015199,-0.704879,-0.741697,0.056517,-0.234558,-0.625839,-0.714741,0.194293,-0.306146,-0.598055,-0.638034,-0.032961,0.156301,-0.753257,-0.475499,0.252875,0.025935,-0.842189,-0.495484,0.370645,-0.048357,-0.784079
-0.668805,-0.064093,0.051413,-0.738883,-0.666249,-0.087262,0.031070,-0.739954,-0.365131,0.613640,-0.481231,-0.508471,-0.411086,0.530356,-0.323479,-0.667151,-0.669982,-0.048462,0.057866,-0.738530,-0.404921,0.572468,-0.598113,-0.388047,-0.593189,0.392787,-0.444703,-0.544136,-0.674915,0.055195,-0.038852,-0.734802,-0.697295,-0.130859,0.012235,-0.704632,-0.742410,0.056104,-0.233997,-0.625239,-0.715635,0.193785,-0.305360,-0.597552,-0.634761,-0.028267,0.155229,-0.756428,-0.473003,0.255083,0.025575,-0.842940,-0.492966,0.373105,-0.048036,-0.784519
-0.667512,-0.061264,0.048695,-0.740475,-0.664061,-0.093598,0.035258,-0.740958,-0.364929,0.613935,-0.480017,-0.509406,-0.410778,0.530583,-0.323860,-0.666976,-0.668264,-0.053133,0.061924,-0.739436,-0.403816,0.572284,-0.598852,-0.388331,-0.593155,0.391440,-0.445565,-0.544439,-0.673018,0.065803,-0.047076,-0.735187,-0.698041,-0.129270,0.009063,-0.704234,-0.743047,0.055392,-0.234024,-0.624537,-0.716338,0.193072,-0.305241,-0.597001,-0.631552,-0.023806,0.153955,-0.759522,-0.470593,0.257125,0.024985,-0.843685,-0.490495,0.375405,-0.047956,-0.784975
-0.666588,-0.058458,0.046024,-0.741704,-0.662269,-0.099429,0.039110,-0.741609,-0.364362,0.614660,-0.479109,-0.509792,-0.410174,0.531047,-0.323650,-0.667081,-0.666906,-0.057924,0.066784,-0.739879,-0.403639,0.571814,-0.599016,-0.388953,-0.593382,0.390254,-0.446175,-0.544543,-0.671462,0.075613,-0.055814,-0.735055,-0.699166,-0.128594,0.005075,-0.703282,-0.743673,0.054067,-0.235494,-0.623354,-0.716772,0.191788,-0.306795,-0.596098,-0.629142,-0.019833,0.151151,-0.762195,-0.469791,0.256704,0.023213,-0.844311,-0.489381,0.375369,-0.049127,-0.785615
-0.665820,-0.055462,0.043348,-0.742784,-0.660627,-0.104975,0.043079,-0.742090,-0.364204,0.615143,-0.478544,-0.509853,-0.409855,0.531537,-0.323396,-0.667010,-0.665700,-0.062352,0.071374,-0.740177,-0.403336,0.571507,-0.599269,-0.389329,-0.593571,0.389247,-0.446785,-0.544558,-0.669896,0.085171,-0.064170,-0.734757,-0.700269,-0.128040,0.001344,-0.702301,-0.744368,0.052726,-0.236945,-0.622088,-0.717241,0.190506,-0.308448,-0.595090,-0.626762,-0.016123,0.148686,-0.764723,-0.469178,0.256383,0.021658,-0.844790,-0.488485,0.375399,-0.050117,-0.786095
-0.665375,-0.052081,0.040656,-0.743579,-0.659328,-0.109944,0.047324,-0.742266,-0.364873,0.615137,-0.478671,-0.509263,-0.410115,0.532072,-0.323067,-0.666583,-0.664821,-0.066039,0.075466,-0.740241,-0.402827,0.571547,-0.599673,-0.389174,-0.593719,0.388634,-0.447354,-0.544367,-0.668438,0.094237,-0.071810,-0.734271,-0.701344,-0.127778,-0.001951,-0.701275,-0.745169,0.051310,-0.238432,-0.620678,-0.717743,0.189191,-0.310370,-0.593904,-0.624466,-0.012889,0.146926,-0.767000,-0.468921,0.256291,0.020541,-0.844989,-0.488005,0.375589,-0.050738,-0.786263
-0.664962,-0.048842,0.038047,-0.744307,-0.658083,-0.114612,0.050932,-0.742426,-0.365193,0.615090,-0.478970,-0.508808,-0.410241,0.532325,-0.322912,-0.666378,-0.663995,-0.069415,0.078997,-0.740305,-0.402141,0.571645,-0.600131,-0.389034,-0.593669,0.388161,-0.447818,-0.544378,-0.667149,0.102183,-0.078501,-0.733695,-0.702305,-0.127826,-0.004924,-0.700288,-0.745841,0.050032,-0.240219,-0.619284,-0.718033,0.188078,-0.312633,-0.592719,-0.622480,-0.010360,0.145215,-0.768976,-0.468930,0.256134,0.019252,-0.845062,-0.487763,0.375684,-0.051601,-0.786311
-0.664558,-0.045672,0.035478,-0.744996,-0.656851,-0.119136,0.054218,-0.742572,-0.365325,0.615024,-0.479355,-0.508431,-0.410287,0.532434,-0.322846,-0.666295,-0.663187,-0.072642,0.082246,-0.740366,-0.401359,0.571773,-0.600615,-0.388907,-0.593512,0.387757,-0.448232,-0.544496,-0.665924,0.109571,-0.084719,-0.733050,-0.703208,-0.128025,-0.007724,-0.699320,-0.746451,0.048827,-0.242141,-0.617895,-0.718220,0.187070,-0.315054,-0.591528,-0.620651,-0.008189,0.143519,-0.770797,-0.469076,0.255942,0.017870,-0.845069,-0.487644,0.375727,-0.052592,-0.786299
-0.664253,-0.042801,0.033421,-0.745532,-0.655896,-0.122386,0.057145,-0.742669,-0.365717,0.615056,-0.479819,-0.507672,-0.410476,0.532815,-0.322610,-0.665988,-0.662504,-0.075335,0.084453,-0.740460,-0.400181,0.572166,-0.601041,-0.388885,-0.593153,0.387315,-0.448712,-0.544806,-0.665138,0.114921,-0.089449,-0.732382,-0.704038,-0.128318,-0.009826,-0.698404,-0.746870,0.048449,-0.244640,-0.616432,-0.718237,0.186584,-0.317673,-0.590259,-0.619522,-0.006895,0.141667,-0.772059,-0.469719,0.255615,0.015987,-0.844849,-0.487941,0.375587,-0.054202,-0.786072
-0.663956,-0.040171,0.031561,-0.746024,-0.655019,-0.125191,0.059802,-0.742766,-0.366176,0.614977,-0.480422,-0.506867,-0.410641,0.533219,-0.322397,-0.665666,-0.661841,-0.077874,0.086249,-0.740583,-0.398813,0.572584,-0.601569,-0.388858,-0.592537,0.387062,-0.449572,-0.544948,-0.664298,0.119535,-0.093501,-0.731900,-0.704623,-0.128670,-0.011580,-0.697723,-0.747081,0.048204,-0.246907,-0.615291,-0.718086,0.186257,-0.320010,-0.589283,-0.618467,-0.005695,0.139777,-0.773259,-0.470321,0.255260,0.014079,-0.844655,-0.488196,0.375419,-0.055844,-0.785880
-0.663685,-0.038024,0.030095,-0.746439,-0.654328,-0.127103,0.061925,-0.742876,-0.366792,0.614682,-0.481298,-0.505947,-0.410782,0.533683,-0.322218,-0.665294,-0.661241,-0.080094,0.087233,-0.740767,-0.397076,0.573047,-0.602306,-0.388812,-0.591416,0.387183,-0.451191,-0.544741,-0.663398,0.122674,-0.096206,-0.731846,-0.704721,-0.129157,-0.012673,-0.697514,-0.746872,0.048209,-0.248742,-0.614805,-0.717592,0.186238,-0.321817,-0.588907,-0.617552,-0.004670,0.137826,-0.774346,-0.470827,0.254858,0.012135,-0.844525,-0.488356,0.375202,-0.057538,-0.785762
-0.663615,-0.036498,0.029257,-0.746611,-0.653961,-0.128329,0.063645,-0.742843,-0.367402,0.614536,-0.481924,-0.505084,-0.410459,0.534862,-0.322627,-0.664348,-0.660923,-0.081624,0.088189,-0.740770,-0.396059,0.573182,-0.603032,-0.388526,-0.590841,0.387209,-0.452956,-0.543881,-0.663082,0.124068,-0.097489,-0.731727,-0.704853,-0.129558,-0.013198,-0.697297,-0.746679,0.048395,-0.250124,-0.614464,-0.717177,0.186401,-0.323166,-0.588622,-0.617358,-0.004027,0.136256,-0.774782,-0.471801,0.254284,0.010461,-0.844177,-0.489022,0.374741,-0.059100,-0.785451
-0.663646,-0.035284,0.028733,-0.746661,-0.653756,-0.129213,0.065165,-0.742738,-0.368012,0.614465,-0.482425,-0.504248,-0.409904,0.536394,-0.323332,-0.663111,-0.660747,-0.082810,0.089133,-0.740683,-0.395402,0.573151,-0.603752,-0.388122,-0.590537,0.387185,-0.454793,-0.542694,-0.663061,0.124590,-0.098063,-0.731581,-0.705002,-0.129917,-0.013439,-0.697075,-0.746495,0.048669,-0.251279,-0.614195,-0.716801,0.186655,-0.324288,-0.588382,-0.617525,-0.003574,0.134879,-0.774892,-0.473009,0.253625,0.008926,-0.843716,-0.489943,0.374161,-0.060593,-0.785040
-0.663815,-0.035043,0.028632,-0.746527,-0.653890,-0.129383,0.066244,-0.742496,-0.368830,0.614385,-0.482283,-0.503883,-0.409213,0.538226,-0.324215,-0.661621,-0.660869,-0.083179,0.090111,-0.740414,-0.396139,0.572782,-0.603549,-0.388231,-0.591146,0.386732,-0.455310,-0.541921,-0.663811,0.122744,-0.096847,-0.731375,-0.705180,-0.130278,-0.013150,-0.696833,-0.746410,0.048868,-0.251852,-0.614048,-0.716616,0.186836,-0.324850,-0.588240,-0.618620,-0.003750,0.134180,-0.774139,-0.474549,0.253075,0.007824,-0.843027,-0.491270,0.373571,-0.061844,-0.784394
-0.664024,-0.035049,0.028641,-0.746340,-0.654123,-0.129305,0.066948,-0.742241,-0.369651,0.614126,-0.482152,-0.503724,-0.408736,0.539592,-0.324873,-0.660479,-0.661085,-0.083181,0.090719,-0.740147,-0.397098,0.572323,-0.603190,-0.388487,-0.591911,0.386133,-0.455584,-0.541282,-0.664587,0.120286,-0.095082,-0.731310,-0.705180,-0.130530,-0.012837,-0.696791,-0.746259,0.049152,-0.252291,-0.614028,-0.716387,0.187119,-0.325254,-0.588206,-0.619829,-0.003882,0.133527,-0.773283,-0.475959,0.252645,0.006779,-0.842370,-0.492484,0.373086,-0.063053,-0.783767
-0.664314,-0.035550,0.028867,-0.746049,-0.654555,-0.128728,0.066900,-0.741965,-0.370474,0.613508,-0.482040,-0.503978,-0.408694,0.540036,-0.325073,-0.660044,-0.661488,-0.082449,0.090586,-0.739885,-0.398498,0.571684,-0.602520,-0.389033,-0.592987,0.385241,-0.455373,-0.540917,-0.665410,0.116601,-0.092223,-0.731525,-0.704825,-0.130562,-0.012474,-0.697151,-0.745977,0.049609,-0.252463,-0.614264,-0.716066,0.187607,-0.325344,-0.588391,-0.621270,-0.003930,0.132962,-0.772224,-0.477113,0.252455,0.005846,-0.841781,-0.493475,0.372809,-0.064182,-0.783184
-0.664610,-0.036278,0.029298,-0.745734,-0.655126,-0.127378,0.066424,-0.741736,-0.371573,0.612661,-0.481855,-0.504377,-0.409118,0.540074,-0.325198,-0.659689,-0.661949,-0.081191,0.089921,-0.739693,-0.399897,0.571232,-0.601647,-0.389611,-0.593990,0.384536,-0.454926,-0.540695,-0.666375,0.112156,-0.088553,-0.731795,-0.704323,-0.130333,-0.012050,-0.697709,-0.745763,0.050345,-0.252655,-0.614385,-0.715791,0.188350,-0.325468,-0.588419,-0.622947,-0.003828,0.132720,-0.770914,-0.478166,0.252583,0.005203,-0.841149,-0.494418,0.372800,-0.065066,-0.782520
-0.664908,-0.037119,0.029831,-0.745406,-0.655764,-0.125640,0.065733,-0.741531,-0.372807,0.611700,-0.481629,-0.504848,-0.409774,0.539911,-0.325284,-0.659373,-0.662438,-0.079669,0.088988,-0.739534,-0.401290,0.570876,-0.600671,-0.390207,-0.594951,0.383924,-0.454361,-0.540548,-0.667395,0.107328,-0.084469,-0.732072,-0.703744,-0.129968,-0.011585,-0.698368,-0.745584,0.051227,-0.252845,-0.614451,-0.715542,0.189226,-0.325598,-0.588370,-0.624746,-0.003661,0.132627,-0.769473,-0.479172,0.252857,0.004695,-0.840497,-0.495341,0.372913,-0.065838,-0.781818
-0.664892,-0.037658,0.030240,-0.745377,-0.656223,-0.122797,0.063848,-0.741765,-0.373864,0.610564,-0.481125,-0.505921,-0.410351,0.539291,-0.325002,-0.659660,-0.662677,-0.076972,0.086253,-0.739929,-0.401555,0.571235,-0.600096,-0.390294,-0.595331,0.383755,-0.454092,-0.540475,-0.668126,0.101766,-0.078874,-0.732823,-0.702483,-0.129319,-0.010573,-0.699773,-0.745203,0.052728,-0.252836,-0.614790,-0.715098,0.190738,-0.325466,-0.588494,-0.626025,-0.003897,0.134390,-0.768125,-0.478517,0.255660,0.005387,-0.840018,-0.494858,0.375377,-0.065421,-0.780979
-0.664976,-0.038478,0.030797,-0.745237,-0.656824,-0.119741,0.061747,-0.741911,-0.374786,0.609526,-0.480744,-0.506851,-0.410832,0.538762,-0.324882,-0.659852,-0.663021,-0.074316,0.083458,-0.740212,-0.401911,0.571490,-0.599455,-0.390540,-0.595710,0.383514,-0.453817,-0.540459,-0.668970,0.095778,-0.073204,-0.733448,-0.701283,-0.128868,-0.009709,-0.701072,-0.744816,0.053998,-0.252953,-0.615100,-0.714642,0.192021,-0.325466,-0.588631,-0.627534,-0.004461,0.135999,-0.766606,-0.478076,0.257941,0.006028,-0.839568,-0.494579,0.377330,-0.065096,-0.780241
-0.665259,-0.039861,0.031648,-0.744876,-0.657710,-0.116265,0.059216,-0.741885,-0.375434,0.608682,-0.480619,-0.507504,-0.411114,0.538414,-0.325087,-0.659859,-0.663583,-0.071743,0.080545,-0.740286,-0.402452,0.571534,-0.598682,-0.391103,-0.596087,0.383133,-0.453531,-0.540554,-0.670083,0.088949,-0.067387,-0.733850,-0.700211,-0.128828,-0.009165,-0.702157,-0.744412,0.054797,-0.253349,-0.615356,-0.714150,0.192839,-0.325758,-0.588799,-0.629496,-0.005665,0.137312,-0.764754,-0.478049,0.259186,0.006582,-0.839195,-0.494696,0.378273,-0.064938,-0.779723
-0.665745,-0.041324,0.032832,-0.744310,-0.658840,-0.112247,0.056433,-0.741718,-0.376152,0.607864,-0.480621,-0.507952,-0.411498,0.538130,-0.325434,-0.659681,-0.664356,-0.068780,0.077485,-0.740200,-0.403312,0.571478,-0.597804,-0.391640,-0.596662,0.382750,-0.453048,-0.540596,-0.671335,0.081748,-0.061511,-0.734059,-0.699234,-0.128740,-0.008880,-0.703149,-0.743983,0.055648,-0.253981,-0.615537,-0.713594,0.193704,-0.326282,-0.588900,-0.631712,-0.007180,0.138442,-0.762707,-0.478176,0.259918,0.007082,-0.838892,-0.494951,0.378714,-0.064882,-0.779352
-0.666331,-0.042826,0.034181,-0.743640,-0.660079,-0.107964,0.053518,-0.741469,-0.376898,0.607058,-0.480687,-0.508300,-0.411925,0.537875,-0.325852,-0.659415,-0.665229,-0.065628,0.074348,-0.740024,-0.404319,0.571369,-0.596879,-0.392173,-0.597326,0.382360,-0.452476,-0.540618,-0.672625,0.074370,-0.055600,-0.734134,-0.698300,-0.128617,-0.008704,-0.704102,-0.743544,0.056537,-0.254707,-0.615687,-0.713010,0.194602,-0.326897,-0.588969,-0.634051,-0.008863,0.139464,-0.760559,-0.478381,0.260379,0.007548,-0.838628,-0.495276,0.378890,-0.064883,-0.779060
-0.667438,-0.044087,0.035300,-0.742520,-0.662042,-0.101884,0.049802,-0.740837,-0.377033,0.607246,-0.481812,-0.506908,-0.412800,0.537678,-0.326455,-0.658731,-0.666643,-0.061947,0.071236,-0.739375,-0.406402,0.570980,-0.595127,-0.393247,-0.598423,0.381921,-0.450922,-0.541014,-0.674399,0.065400,-0.050060,-0.733760,-0.697687,-0.131619,-0.008773,-0.704153,-0.743441,0.055389,-0.258546,-0.614314,-0.712358,0.193385,-0.330780,-0.587990,-0.637164,-0.012096,0.139985,-0.757813,-0.479347,0.259206,0.007636,-0.838439,-0.496278,0.377459,-0.065421,-0.779072
-0.668460,-0.045494,0.036568,-0.741454,-0.663843,-0.096127,0.046160,-0.740231,-0.377367,0.607081,-0.482792,-0.505924,-0.413804,0.537180,-0.326967,-0.658253,-0.667957,-0.058387,0.067996,-0.738784,-0.408155,0.570660,-0.593547,-0.394283,-0.599269,0.381577,-0.449609,-0.541412,-0.675962,0.056774,-0.044157,-0.733418,-0.696913,-0.134229,-0.008379,-0.704432,-0.743338,0.054445,-0.261563,-0.613245,-0.711825,0.192387,-0.333831,-0.587239,-0.639990,-0.015157,0.140861,-0.755209,-0.480168,0.258192,0.008159,-0.838277,-0.497209,0.376185,-0.065493,-0.779088
-0.669314,-0.047196,0.038137,-0.740498,-0.665376,-0.091009,0.042693,-0.739709,-0.378134,0.606205,-0.483490,-0.505735,-0.415104,0.536084,-0.327300,-0.658162,-0.669087,-0.055058,0.064517,-0.738328,-0.409296,0.570480,-0.592313,-0.395214,-0.599657,0.381435,-0.448763,-0.541785,-0.677153,0.048828,-0.037563,-0.733259,-0.695833,-0.136069,-0.007109,-0.705161,-0.743278,0.053904,-0.262973,-0.612762,-0.711571,0.191823,-0.335256,-0.586919,-0.642259,-0.017843,0.142477,-0.752918,-0.480699,0.257530,0.009554,-0.838162,-0.497999,0.375258,-0.064624,-0.779103
-0.670004,-0.049223,0.039916,-0.739648,-0.666714,-0.086052,0.038831,-0.739310,-0.378196,0.605619,-0.484708,-0.505224,-0.415752,0.535287,-0.328197,-0.657954,-0.670066,-0.051650,0.060581,-0.738021,-0.409386,0.570825,-0.591721,-0.395510,-0.599357,0.381945,-0.448794,-0.541731,-0.677968,0.041362,-0.030551,-0.733291,-0.694466,-0.137683,-0.005163,-0.706211,-0.743220,0.053159,-0.262917,-0.612921,-0.711567,0.191107,-0.335208,-0.587185,-0.644111,-0.020193,0.144276,-0.750931,-0.480781,0.257602,0.011031,-0.838075,-0.498341,0.375056,-0.063616,-0.779065
-0.670607,-0.051413,0.041802,-0.738848,-0.667938,-0.081178,0.034764,-0.738959,-0.377907,0.605174,-0.486188,-0.504552,-0.416078,0.534639,-0.329378,-0.657686,-0.670960,-0.048208,0.056411,-0.737772,-0.408941,0.571422,-0.591460,-0.395499,-0.598707,0.382771,-0.449277,-0.541468,-0.678556,0.034137,-0.023328,-0.733384,-0.692954,-0.139168,-0.002862,-0.707417,-0.743171,0.052322,-0.262111,-0.613398,-0.711698,0.190323,-0.334407,-0.587738,-0.645754,-0.022390,0.146156,-0.749092,-0.480644,0.258033,0.012546,-0.837999,-0.498466,0.375207,-0.062541,-0.778999
-0.671167,-0.053306,0.043057,-0.738132,-0.669176,-0.075326,0.030019,-0.738667,-0.376663,0.605735,-0.488241,-0.502823,-0.416537,0.533798,-0.330307,-0.657612,-0.671811,-0.044369,0.052295,-0.737541,-0.408813,0.572069,-0.590950,-0.395459,-0.598167,0.383801,-0.449608,-0.541059,-0.679192,0.027036,-0.016907,-0.733267,-0.691738,-0.139579,-0.001218,-0.708530,-0.743058,0.052581,-0.261692,-0.613691,-0.711644,0.190601,-0.333952,-0.587971,-0.647654,-0.024297,0.147297,-0.747167,-0.480990,0.258414,0.013132,-0.837674,-0.498960,0.375324,-0.062370,-0.778640
-0.671684,-0.055272,0.044419,-0.737436,-0.670288,-0.069912,0.025517,-0.738360,-0.375738,0.605938,-0.489870,-0.501686,-0.417145,0.532699,-0.330972,-0.657784,-0.672599,-0.040650,0.048368,-0.737305,-0.408715,0.572684,-0.590445,-0.395423,-0.597720,0.384709,-0.449854,-0.540704,-0.679865,0.020023,-0.010586,-0.732988,-0.690632,-0.140236,0.000513,-0.709480,-0.743008,0.052519,-0.261170,-0.613979,-0.711684,0.190564,-0.333416,-0.588238,-0.649549,-0.026434,0.148671,-0.745174,-0.481643,0.258070,0.014205,-0.837388,-0.499827,0.374738,-0.061733,-0.778417
-0.672116,-0.057379,0.045993,-0.736785,-0.671213,-0.065383,0.021529,-0.738061,-0.375471,0.605425,-0.490662,-0.501730,-0.418056,0.531078,-0.331121,-0.658441,-0.673287,-0.037174,0.044845,-0.737083,-0.408711,0.573244,-0.589942,-0.395367,-0.597485,0.385385,-0.449910,-0.540436,-0.680671,0.013202,-0.004487,-0.732457,-0.689749,-0.141409,0.002370,-0.710101,-0.743068,0.051801,-0.260486,-0.614259,-0.711891,0.189878,-0.332758,-0.588582,-0.651430,-0.028994,0.150537,-0.743059,-0.482900,0.256308,0.016266,-0.837168,-0.501432,0.372775,-0.060151,-0.778451
-0.672530,-0.059446,0.047551,-0.736145,-0.672078,-0.061039,0.017679,-0.737749,-0.374973,0.605181,-0.491412,-0.501663,-0.418630,0.529850,-0.331581,-0.658835,-0.673937,-0.033826,0.041532,-0.736845,-0.408866,0.573670,-0.589417,-0.395372,-0.597362,0.385948,-0.449867,-0.540207,-0.681260,0.006948,0.001191,-0.732008,-0.688862,-0.142341,0.004312,-0.710767,-0.743148,0.050991,-0.259093,-0.614819,-0.712237,0.189120,-0.331392,-0.589178,-0.653097,-0.031210,0.152091,-0.741188,-0.484054,0.254650,0.018034,-0.836971,-0.502858,0.370946,-0.058811,-0.778508
-0.672932,-0.061490,0.049099,-0.735507,-0.672899,-0.056793,0.013896,-0.737420,-0.374353,0.605067,-0.492144,-0.501545,-0.419029,0.528813,-0.332200,-0.659101,-0.674559,-0.030546,0.038322,-0.736593,-0.409093,0.574028,-0.588882,-0.395416,-0.597287,0.386450,-0.449778,-0.540004,-0.681722,0.000984,0.006658,-0.731580,-0.687972,-0.143145,0.006306,-0.711452,-0.743240,0.050139,-0.257336,-0.615514,-0.712656,0.188331,-0.329663,-0.589894,-0.654654,-0.033262,0.153482,-0.739436,-0.485155,0.253039,0.019653,-0.836786,-0.504191,0.369178,-0.057596,-0.778577
-0.673164,-0.063364,0.050641,-0.735032,-0.673490,-0.053022,0.010503,-0.737218,-0.373309,0.605480,-0.492554,-0.501423,-0.418723,0.528449,-0.332773,-0.659299,-0.674989,-0.027395,0.035455,-0.736466,-0.408960,0.574601,-0.588827,-0.394802,-0.597042,0.387392,-0.450138,-0.539300,-0.681951,-0.004075,0.011077,-0.731303,-0.687144,-0.143377,0.007797,-0.712191,-0.743113,0.050071,-0.256064,-0.616204,-0.712744,0.188316,-0.328355,-0.590522,-0.655937,-0.034860,0.154197,-0.738075,-0.485958,0.252071,0.020359,-0.836595,-0.505096,0.368085,-0.057196,-0.778537
-0.673388,-0.065175,0.052166,-0.734560,-0.674037,-0.049533,0.007217,-0.736999,-0.372122,0.605962,-0.492940,-0.501344,-0.418245,0.528152,-0.333364,-0.659541,-0.675398,-0.024351,0.032708,-0.736325,-0.408790,0.575137,-0.588916,-0.394064,-0.596860,0.388263,-0.450576,-0.538508,-0.682119,-0.008802,0.015234,-0.731029,-0.686361,-0.143489,0.009278,-0.712905,-0.742949,0.050163,-0.254786,-0.616923,-0.712790,0.188462,-0.327030,-0.591155,-0.657119,-0.036353,0.154846,-0.736815,-0.486715,0.251248,0.020949,-0.836388,-0.505938,0.367141,-0.056889,-0.778459
-0.673605,-0.066862,0.053659,-0.734102,-0.674527,-0.046600,0.004150,-0.736766,-0.370659,0.606590,-0.493272,-0.501342,-0.417434,0.528001,-0.333983,-0.659862,-0.675781,-0.021514,0.030204,-0.736169,-0.408562,0.575597,-0.589293,-0.393064,-0.596816,0.388999,-0.451166,-0.537530,-0.682203,-0.012877,0.018868,-0.730806,-0.685670,-0.143375,0.010721,-0.713572,-0.742706,0.050568,-0.253518,-0.617705,-0.712741,0.188923,-0.325688,-0.591807,-0.658104,-0.037623,0.155382,-0.735758,-0.487382,0.250733,0.021314,-0.836144,-0.506657,0.366513,-0.056760,-0.778296
-0.673897,-0.068378,0.054984,-0.733597,-0.675051,-0.044086,0.001563,-0.736451,-0.369469,0.607085,-0.493599,-0.501299,-0.416823,0.527852,-0.334619,-0.660047,-0.676211,-0.019141,0.027969,-0.735928,-0.408410,0.575763,-0.589854,-0.392135,-0.596838,0.389504,-0.452054,-0.536394,-0.682302,-0.016167,0.022227,-0.730554,-0.685234,-0.142751,0.012903,-0.714080,-0.742186,0.052064,-0.251885,-0.618873,-0.712426,0.190361,-0.324004,-0.592649,-0.658923,-0.038780,0.155826,-0.734871,-0.487841,0.250705,0.021410,-0.835883,-0.507136,0.366368,-0.056864,-0.778045
-0.674225,-0.069808,0.056226,-0.733066,-0.675590,-0.041781,-0.000788,-0.736093,-0.368412,0.607509,-0.493926,-0.501240,-0.416308,0.527699,-0.335265,-0.660165,-0.676664,-0.017000,0.025864,-0.735641,-0.408298,0.575781,-0.590509,-0.391239,-0.596891,0.389892,-0.453091,-0.535176,-0.682403,-0.019066,0.025451,-0.730284,-0.684925,-0.141870,0.015461,-0.714501,-0.741530,0.054116,-0.250062,-0.620220,-0.711982,0.192296,-0.322144,-0.593572,-0.659659,-0.039883,0.156225,-0.734066,-0.488198,0.250918,0.021371,-0.835611,-0.507498,0.366463,-0.057083,-0.777748
-0.674316,-0.070879,0.057200,-0.732804,-0.675844,-0.039956,-0.002389,-0.735957,-0.367655,0.607987,-0.493874,-0.501269,-0.415930,0.527724,-0.335741,-0.660142,-0.676848,-0.015476,0.024305,-0.735559,-0.407920,0.575918,-0.591263,-0.390291,-0.596842,0.390261,-0.454129,-0.534081,-0.682300,-0.021018,0.027520,-0.730252,-0.684578,-0.141336,0.017178,-0.714900,-0.740720,0.055569,-0.248591,-0.621649,-0.711367,0.193680,-0.320602,-0.594693,-0.659934,-0.040688,0.156814,-0.733649,-0.488254,0.251070,0.021767,-0.835523,-0.507628,0.366532,-0.056806,-0.777652
-0.674410,-0.071855,0.058140,-0.732549,-0.676085,-0.038336,-0.003883,-0.735816,-0.366833,0.608499,-0.493843,-0.501280,-0.415523,0.527746,-0.336248,-0.660123,-0.677029,-0.014046,0.022977,-0.735464,-0.407706,0.575987,-0.591961,-0.389355,-0.596934,0.390543,-0.455034,-0.533001,-0.682192,-0.022674,0.029325,-0.730233,-0.684276,-0.140792,0.018736,-0.715257,-0.739962,0.056923,-0.247151,-0.623003,-0.710802,0.194969,-0.319097,-0.595756,-0.660139,-0.041404,0.157369,-0.733306,-0.488233,0.251216,0.022182,-0.835480,-0.507684,0.366605,-0.056495,-0.777603
-0.674510,-0.072637,0.059010,-0.732310,-0.676304,-0.037124,-0.005162,-0.735669,-0.365889,0.609082,-0.493854,-0.501251,-0.415062,0.527770,-0.336814,-0.660106,-0.677208,-0.012800,0.022113,-0.735348,-0.407816,0.575918,-0.592550,-0.388444,-0.597308,0.390651,-0.455679,-0.531951,-0.682084,-0.023737,0.030601,-0.730248,-0.684066,-0.140230,0.019968,-0.715536,-0.739302,0.058068,-0.245782,-0.624221,-0.710332,0.196061,-0.317673,-0.596718,-0.660203,-0.041939,0.157860,-0.733112,-0.488055,0.251354,0.022637,-0.835530,-0.507592,0.366688,-0.056115,-0.777651
-0.674597,-0.073175,0.059753,-0.732116,-0.676481,-0.036255,-0.006393,-0.735540,-0.364765,0.609690,-0.493921,-0.501265,-0.414464,0.527750,-0.337394,-0.660201,-0.677359,-0.011777,0.021549,-0.735242,-0.408011,0.575788,-0.593138,-0.387533,-0.597714,0.390765,-0.456265,-0.530908,-0.681870,-0.024203,0.031221,-0.730406,-0.683866,-0.139647,0.020830,-0.715816,-0.738710,0.058962,-0.244441,-0.625364,-0.709936,0.196925,-0.316274,-0.597647,-0.660013,-0.042408,0.158129,-0.733198,-0.487541,0.251834,0.022793,-0.835682,-0.507131,0.367133,-0.055981,-0.777752
-0.674677,-0.073590,0.060430,-0.731945,-0.676637,-0.035560,-0.007598,-0.735418,-0.363554,0.610308,-0.494016,-0.501299,-0.413801,0.527706,-0.337983,-0.660351,-0.677497,-0.010867,0.021135,-0.735141,-0.408250,0.575627,-0.593725,-0.386621,-0.598136,0.390880,-0.456821,-0.529869,-0.681605,-0.024369,0.031510,-0.730636,-0.683672,-0.139056,0.021505,-0.716096,-0.738149,0.059727,-0.243117,-0.626468,-0.709574,0.197675,-0.314891,-0.598560,-0.659696,-0.042841,0.158287,-0.733424,-0.486859,0.252485,0.022800,-0.835883,-0.506486,0.367758,-0.055967,-0.777878
-0.674811,-0.073775,0.060955,-0.731760,-0.676796,-0.035728,-0.008451,-0.735254,-0.362335,0.610744,-0.494144,-0.501524,-0.413175,0.527392,-0.338412,-0.660773,-0.677671,-0.010700,0.021144,-0.734983,-0.408225,0.575432,-0.594448,-0.385826,-0.598371,0.390913,-0.457405,-0.529074,-0.681639,-0.023382,0.031174,-0.730650,-0.683888,-0.138532,0.021868,-0.715980,-0.737831,0.060164,-0.241941,-0.627256,-0.709436,0.198073,-0.313714,-0.599209,-0.659321,-0.043116,0.158618,-0.733674,-0.486293,0.252535,0.023329,-0.836182,-0.506023,0.367810,-0.055435,-0.778192
-0.674907,-0.073872,0.061400,-0.731624,-0.676897,-0.036245,-0.009141,-0.735128,-0.361052,0.611192,-0.494248,-0.501802,-0.412488,0.527048,-0.338747,-0.661305,-0.677799,-0.010851,0.021301,-0.734859,-0.407935,0.575336,-0.595260,-0.385024,-0.598410,0.391025,-0.458039,-0.528398,-0.681699,-0.021964,0.030441,-0.730669,-0.684203,-0.138033,0.022057,-0.715770,-0.737535,0.060519,-0.240876,-0.627980,-0.709305,0.198386,-0.312655,-0.599813,-0.658862,-0.043288,0.158882,-0.734019,-0.485655,0.252487,0.023889,-0.836552,-0.505492,0.367782,-0.054854,-0.778592
-0.674929,-0.073791,0.061685,-0.731588,-0.676876,-0.037460,-0.009503,-0.735081,-0.359637,0.611667,-0.494304,-0.502184,-0.411674,0.526648,-0.338891,-0.662057,-0.677833,-0.011638,0.021758,-0.734802,-0.407108,0.575441,-0.596251,-0.384207,-0.598055,0.391300,-0.458775,-0.527958,-0.681807,-0.019680,0.028914,-0.730696,-0.684716,-0.137581,0.021899,-0.715371,-0.737286,0.060711,-0.240030,-0.628577,-0.709194,0.198528,-0.311833,-0.600326,-0.658234,-0.043259,0.159014,-0.734555,-0.484869,0.252241,0.024509,-0.837064,-0.504821,0.367590,-0.054177,-0.779165
-0.674987,-0.073509,0.061820,-0.731551,-0.676856,-0.039112,-0.009378,-0.735015,-0.358527,0.612003,-0.494424,-0.502449,-0.411233,0.526104,-0.338993,-0.662711,-0.677886,-0.012833,0.022680,-0.734705,-0.406193,0.575572,-0.597340,-0.383287,-0.597719,0.391544,-0.459485,-0.527540,-0.681945,-0.016615,0.026723,-0.730727,-0.685416,-0.136966,0.021568,-0.714828,-0.737174,0.060934,-0.239264,-0.628979,-0.709198,0.198686,-0.311115,-0.600641,-0.657474,-0.042872,0.159107,-0.735238,-0.484061,0.252142,0.025086,-0.837544,-0.504121,0.367554,-0.053510,-0.779681
-0.675064,-0.073126,0.061880,-0.731514,-0.676832,-0.040985,-0.009009,-0.734940,-0.357567,0.612273,-0.494573,-0.502657,-0.410975,0.525490,-0.339072,-0.663318,-0.677946,-0.014232,0.023835,-0.734587,-0.405230,0.575716,-0.598477,-0.382317,-0.597390,0.391773,-0.460182,-0.527136,-0.682091,-0.013158,0.024198,-0.730748,-0.686211,-0.136267,0.021155,-0.714211,-0.737131,0.061175,-0.238535,-0.629283,-0.709261,0.198854,-0.310445,-0.600858,-0.656649,-0.042311,0.159176,-0.735993,-0.483242,0.252112,0.025636,-0.838009,-0.503404,0.367592,-0.052853,-0.780171
-0.675044,-0.072429,0.061881,-0.731601,-0.676681,-0.043180,-0.007664,-0.734969,-0.357002,0.612812,-0.494488,-0.502487,-0.411074,0.525146,-0.338667,-0.663735,-0.677889,-0.016129,0.025704,-0.734538,-0.404304,0.575922,-0.599509,-0.381367,-0.597174,0.391902,-0.460685,-0.526845,-0.682074,-0.008565,0.020281,-0.730952,-0.686994,-0.135783,0.019242,-0.713605,-0.737659,0.060224,-0.238677,-0.628702,-0.709791,0.197973,-0.310623,-0.600430,-0.655497,-0.040974,0.159164,-0.737097,-0.482293,0.252064,0.026322,-0.838549,-0.502573,0.367652,-0.051986,-0.780737
-0.675037,-0.071713,0.061796,-0.731685,-0.676507,-0.045691,-0.006190,-0.734991,-0.356468,0.613258,-0.494383,-0.502425,-0.411195,0.524697,-0.338185,-0.664261,-0.677825,-0.018345,0.027723,-0.734472,-0.403423,0.575953,-0.600567,-0.380590,-0.597051,0.391732,-0.461189,-0.526669,-0.682059,-0.003577,0.016174,-0.731110,-0.687881,-0.135112,0.017441,-0.712923,-0.738285,0.059508,-0.238827,-0.627977,-0.710401,0.197303,-0.310828,-0.599823,-0.654288,-0.039543,0.159030,-0.738277,-0.481281,0.252194,0.026811,-0.839076,-0.501651,0.367894,-0.051295,-0.781262
-0.675054,-0.070962,0.061541,-0.731764,-0.676295,-0.048833,-0.004457,-0.734997,-0.355996,0.613518,-0.494243,-0.502580,-0.411359,0.524034,-0.337552,-0.665004,-0.677750,-0.021196,0.030040,-0.734372,-0.402635,0.575633,-0.601674,-0.380157,-0.597119,0.390965,-0.461694,-0.526720,-0.682064,0.002195,0.011687,-0.731196,-0.688977,-0.134071,0.015860,-0.712099,-0.739099,0.059258,-0.239004,-0.626976,-0.711160,0.197054,-0.311093,-0.598868,-0.652965,-0.037917,0.158660,-0.739612,-0.480144,0.252695,0.026914,-0.839573,-0.500551,0.368511,-0.050951,-0.781698
-0.675104,-0.070007,0.061144,-0.731843,-0.676074,-0.052171,-0.002336,-0.734981,-0.355764,0.613753,-0.494151,-0.502547,-0.411698,0.523483,-0.336926,-0.665546,-0.677671,-0.024433,0.032679,-0.734232,-0.402071,0.575055,-0.602705,-0.379996,-0.597428,0.389757,-0.462043,-0.526959,-0.682018,0.008528,0.006798,-0.731254,-0.690170,-0.132914,0.014273,-0.711193,-0.739904,0.059278,-0.239379,-0.625880,-0.711863,0.197052,-0.311562,-0.597788,-0.651500,-0.036204,0.158123,-0.741103,-0.479012,0.253512,0.026648,-0.839982,-0.499399,0.369450,-0.050937,-0.781993
-0.675171,-0.068951,0.060675,-0.731921,-0.675836,-0.055608,-0.000019,-0.734951,-0.355649,0.613979,-0.494081,-0.502421,-0.412119,0.522988,-0.336301,-0.665990,-0.677577,-0.027866,0.035480,-0.734066,-0.401611,0.574349,-0.603694,-0.379980,-0.597849,0.388328,-0.462313,-0.527299,-0.681922,0.015146,0.001708,-0.731266,-0.691412,-0.131690,0.012698,-0.710244,-0.740710,0.059439,-0.239839,-0.624734,-0.712546,0.197179,-0.312117,-0.596642,-0.649962,-0.034459,0.157487,-0.742671,-0.477880,0.254476,0.026189,-0.840349,-0.498219,0.370538,-0.051097,-0.782220
-0.675126,-0.068060,0.060321,-0.732076,-0.675304,-0.061198,0.003069,-0.734990,-0.357189,0.611983,-0.492612,-0.505199,-0.413039,0.521202,-0.335080,-0.667434,-0.677329,-0.032242,0.038846,-0.733946,-0.401484,0.573102,-0.604522,-0.380681,-0.598587,0.386010,-0.462269,-0.528202,-0.682015,0.022437,-0.003693,-0.730984,-0.692955,-0.131306,0.011376,-0.708832,-0.741682,0.058721,-0.240254,-0.623488,-0.713443,0.196420,-0.312696,-0.595517,-0.648344,-0.032855,0.157449,-0.744164,-0.477138,0.254425,0.026762,-0.840768,-0.497557,0.370634,-0.050259,-0.782650
-0.675067,-0.066953,0.059684,-0.732284,-0.674723,-0.066444,0.006411,-0.735046,-0.358839,0.610276,-0.491021,-0.507638,-0.413886,0.519915,-0.333754,-0.668577,-0.677020,-0.036597,0.042411,-0.733830,-0.401652,0.571872,-0.604943,-0.381683,-0.599251,0.383899,-0.462001,-0.529221,-0.682016,0.029606,-0.009652,-0.730674,-0.694524,-0.130852,0.009577,-0.707406,-0.742558,0.058277,-0.241394,-0.622045,-0.714116,0.195929,-0.313971,-0.594199,-0.646807,-0.031263,0.156859,-0.745694,-0.476336,0.254459,0.026682,-0.841215,-0.496740,0.370831,-0.050059,-0.783088
-0.674981,-0.065415,0.058481,-0.732599,-0.674106,-0.071013,0.010263,-0.735142,-0.360740,0.609130,-0.489224,-0.509398,-0.414629,0.519610,-0.332245,-0.669105,-0.676621,-0.040913,0.046375,-0.733730,-0.402444,0.570660,-0.604563,-0.383262,-0.599802,0.382196,-0.461286,-0.530451,-0.681860,0.036543,-0.016730,-0.730378,-0.696150,-0.130272,0.006782,-0.705945,-0.743228,0.058371,-0.244028,-0.620205,-0.714324,0.195963,-0.316678,-0.592499,-0.645428,-0.029670,0.155196,-0.747300,-0.475419,0.254692,0.025318,-0.841705,-0.495622,0.371258,-0.051111,-0.783527
-0.674988,-0.063641,0.056985,-0.732867,-0.673545,-0.075469,0.014046,-0.735149,-0.362557,0.608009,-0.488083,-0.510541,-0.415295,0.519569,-0.331216,-0.669234,-0.676279,-0.045108,0.050301,-0.733541,-0.403211,0.569549,-0.604131,-0.384786,-0.600086,0.380928,-0.460916,-0.531363,-0.681594,0.043694,-0.023321,-0.730053,-0.697676,-0.129657,0.004516,-0.704569,-0.743989,0.058413,-0.246068,-0.618481,-0.714716,0.195953,-0.318806,-0.590885,-0.643918,-0.027880,0.153904,-0.748937,-0.474310,0.255302,0.024311,-0.842176,-0.494374,0.372036,-0.051798,-0.783901
-0.675038,-0.061747,0.055343,-0.733109,-0.673001,-0.079865,0.017793,-0.735101,-0.364323,0.606895,-0.487275,-0.511381,-0.415917,0.519653,-0.330436,-0.669169,-0.675954,-0.049242,0.054207,-0.733296,-0.403965,0.568489,-0.603671,-0.386284,-0.600235,0.379879,-0.460718,-0.532117,-0.681245,0.050950,-0.029664,-0.729677,-0.699148,-0.129015,0.002533,-0.703235,-0.744800,0.058439,-0.247789,-0.616813,-0.715207,0.195928,-0.320625,-0.589313,-0.642342,-0.026006,0.152784,-0.750585,-0.473103,0.256086,0.023472,-0.842640,-0.493059,0.372976,-0.052314,-0.784248
-0.674942,-0.059773,0.053299,-0.733512,-0.672277,-0.084326,0.021564,-0.735165,-0.365730,0.606089,-0.486832,-0.511754,-0.416474,0.519774,-0.329731,-0.669076,-0.675459,-0.053395,0.057991,-0.733172,-0.404432,0.567682,-0.603120,-0.387838,-0.600079,0.379066,-0.460923,-0.532694,-0.680723,0.058255,-0.035743,-0.729346,-0.700451,-0.128689,0.000824,-0.702002,-0.745586,0.058137,-0.249251,-0.615302,-0.715734,0.195607,-0.322175,-0.587933,-0.640611,-0.024070,0.151866,-0.752313,-0.471726,0.257058,0.022846,-0.843133,-0.491612,0.374098,-0.052600,-0.784603
-0.674739,-0.057864,0.051368,-0.733989,-0.671409,-0.088990,0.025457,-0.735284,-0.367267,0.605097,-0.486289,-0.512344,-0.417090,0.519787,-0.329052,-0.669016,-0.674860,-0.057391,0.061709,-0.733118,-0.404643,0.567044,-0.602820,-0.389016,-0.599887,0.378401,-0.461172,-0.533168,-0.680062,0.065814,-0.041557,-0.729011,-0.701663,-0.127742,-0.000696,-0.700964,-0.746333,0.058087,-0.249717,-0.614210,-0.716371,0.195529,-0.322736,-0.586875,-0.638724,-0.021927,0.151168,-0.754122,-0.470296,0.258182,0.022458,-0.843599,-0.490148,0.375366,-0.052627,-0.784911
-0.674331,-0.056089,0.049667,-0.734619,-0.670271,-0.094057,0.029589,-0.735537,-0.369070,0.603745,-0.485532,-0.513359,-0.417826,0.519595,-0.328411,-0.669021,-0.674074,-0.061070,0.065299,-0.733233,-0.404343,0.566746,-0.603026,-0.389442,-0.599625,0.378027,-0.461513,-0.533433,-0.679189,0.073878,-0.046841,-0.728732,-0.702698,-0.125577,-0.001874,-0.700316,-0.746992,0.058521,-0.248236,-0.613968,-0.717211,0.195916,-0.321361,-0.586474,-0.636522,-0.019343,0.150934,-0.756098,-0.468763,0.259635,0.022564,-0.844003,-0.488654,0.376953,-0.052119,-0.785116
-0.674163,-0.054466,0.048040,-0.735003,-0.669440,-0.098527,0.033665,-0.735534,-0.370070,0.603570,-0.485286,-0.513078,-0.417918,0.520556,-0.328387,-0.668228,-0.673550,-0.064533,0.069048,-0.733075,-0.404357,0.566594,-0.602830,-0.389952,-0.599728,0.377466,-0.461334,-0.533869,-0.678621,0.080770,-0.053040,-0.728104,-0.704091,-0.124570,-0.003961,-0.699087,-0.747440,0.058046,-0.248081,-0.613531,-0.717687,0.195387,-0.321325,-0.586088,-0.635118,-0.017691,0.149014,-0.757699,-0.468630,0.258590,0.021302,-0.844431,-0.488285,0.376176,-0.053053,-0.785656
-0.674113,-0.052919,0.046451,-0.735264,-0.668756,-0.102696,0.037714,-0.735388,-0.370674,0.603974,-0.485305,-0.512148,-0.417693,0.522084,-0.328682,-0.667030,-0.673151,-0.067886,0.072878,-0.732767,-0.404536,0.566514,-0.602433,-0.390497,-0.600021,0.376809,-0.460896,-0.534383,-0.678172,0.087072,-0.059698,-0.727281,-0.705660,-0.124129,-0.006488,-0.697563,-0.747793,0.057123,-0.248573,-0.612988,-0.717993,0.194405,-0.321947,-0.585699,-0.634116,-0.016513,0.146242,-0.759103,-0.469214,0.256297,0.019351,-0.844852,-0.488497,0.374216,-0.054715,-0.786346
-0.673810,-0.051408,0.044881,-0.735747,-0.667810,-0.106816,0.041394,-0.735464,-0.370675,0.604747,-0.485279,-0.511259,-0.417168,0.523490,-0.328779,-0.666208,-0.672552,-0.070502,0.075511,-0.732804,-0.403528,0.567041,-0.602801,-0.390205,-0.599747,0.376683,-0.461109,-0.534595,-0.677380,0.092748,-0.064988,-0.726863,-0.706639,-0.124107,-0.007830,-0.696561,-0.747937,0.056275,-0.248551,-0.612900,-0.718179,0.193546,-0.321991,-0.585730,-0.632631,-0.015701,0.144827,-0.760629,-0.469770,0.254982,0.018316,-0.844965,-0.488826,0.373146,-0.055461,-0.786597
-0.673392,-0.050003,0.043345,-0.736318,-0.666757,-0.110832,0.044868,-0.735621,-0.370488,0.605618,-0.485147,-0.510487,-0.416491,0.524874,-0.328769,-0.665547,-0.671847,-0.073086,0.077997,-0.732937,-0.402476,0.567592,-0.603100,-0.390030,-0.599378,0.376588,-0.461288,-0.534922,-0.676507,0.098000,-0.069945,-0.726528,-0.707469,-0.124205,-0.008978,-0.695687,-0.748004,0.055498,-0.248604,-0.612867,-0.718278,0.192769,-0.322089,-0.585811,-0.631139,-0.015122,0.143481,-0.762134,-0.470300,0.253758,0.017265,-0.845060,-0.489131,0.372159,-0.056231,-0.786821
-0.672749,-0.048806,0.041873,-0.737071,-0.665513,-0.114649,0.047940,-0.735968,-0.369935,0.606700,-0.484791,-0.509942,-0.415510,0.526236,-0.328528,-0.665204,-0.670939,-0.075612,0.080199,-0.733275,-0.401338,0.568191,-0.603258,-0.390085,-0.598818,0.376559,-0.461394,-0.535478,-0.675517,0.102419,-0.074255,-0.726411,-0.708009,-0.124561,-0.009770,-0.695063,-0.747914,0.054850,-0.248841,-0.612939,-0.718190,0.192145,-0.322325,-0.585994,-0.629625,-0.014982,0.142290,-0.763611,-0.470773,0.252730,0.016189,-0.845126,-0.489381,0.371349,-0.057040,-0.786990
-0.672002,-0.047679,0.040572,-0.737898,-0.664215,-0.118060,0.050773,-0.736412,-0.369467,0.607709,-0.484374,-0.509477,-0.414677,0.527444,-0.328222,-0.664918,-0.669945,-0.077914,0.082239,-0.733717,-0.400343,0.568755,-0.603300,-0.390222,-0.598279,0.376574,-0.461345,-0.536111,-0.674390,0.106205,-0.078023,-0.726519,-0.708278,-0.124742,-0.010391,-0.694747,-0.747722,0.054585,-0.249140,-0.613076,-0.717975,0.191922,-0.322576,-0.586193,-0.628104,-0.014929,0.141075,-0.765089,-0.471184,0.252008,0.014920,-0.845136,-0.489545,0.370832,-0.058035,-0.787059
-0.671202,-0.046585,0.039354,-0.738762,-0.662884,-0.121275,0.053483,-0.736896,-0.369037,0.608676,-0.483930,-0.509056,-0.413917,0.528571,-0.327885,-0.664663,-0.668905,-0.080110,0.084196,-0.734207,-0.399414,0.569302,-0.603283,-0.390400,-0.597747,0.376610,-0.461221,-0.536786,-0.673189,0.109680,-0.081521,-0.726734,-0.708412,-0.124832,-0.010926,-0.694587,-0.747478,0.054513,-0.249468,-0.613246,-0.717695,0.191901,-0.322835,-0.586400,-0.626577,-0.014921,0.139844,-0.766565,-0.471565,0.251438,0.013548,-0.845116,-0.489667,0.370461,-0.059130,-0.787076
-0.670434,-0.045478,0.038464,-0.739575,-0.661613,-0.124077,0.055773,-0.737403,-0.368997,0.609098,-0.483233,-0.509242,-0.413656,0.528962,-0.327210,-0.664847,-0.667908,-0.081949,0.086074,-0.734693,-0.398927,0.569581,-0.603228,-0.390576,-0.597491,0.376544,-0.460918,-0.537377,-0.672075,0.112176,-0.084054,-0.727095,-0.708340,-0.124679,-0.011092,-0.694685,-0.747356,0.054915,-0.249912,-0.613178,-0.717486,0.192363,-0.323187,-0.586311,-0.625252,-0.015041,0.138776,-0.767838,-0.471825,0.251216,0.012202,-0.845058,-0.489683,0.370396,-0.060236,-0.787013
-0.669710,-0.044430,0.037655,-0.740336,-0.660414,-0.126655,0.057907,-0.737874,-0.369043,0.609398,-0.482609,-0.509441,-0.413561,0.529184,-0.326576,-0.665041,-0.666973,-0.083595,0.087795,-0.735154,-0.398521,0.569748,-0.603279,-0.390669,-0.597322,0.376424,-0.460716,-0.537821,-0.670990,0.114357,-0.086209,-0.727505,-0.708176,-0.124487,-0.011180,-0.694885,-0.747238,0.055341,-0.250258,-0.613143,-0.717295,0.192860,-0.323433,-0.586246,-0.623990,-0.015169,0.137784,-0.769040,-0.472044,0.251145,0.010876,-0.844975,-0.489666,0.370467,-0.061332,-0.786905
-0.669077,-0.043503,0.037009,-0.740995,-0.659377,-0.128778,0.059737,-0.738289,-0.369271,0.609457,-0.482128,-0.509660,-0.413802,0.529072,-0.326019,-0.665254,-0.666167,-0.084845,0.089210,-0.735570,-0.398286,0.569691,-0.603540,-0.390590,-0.597333,0.376201,-0.460713,-0.537968,-0.669976,0.115902,-0.087611,-0.728027,-0.707828,-0.124220,-0.011115,-0.695288,-0.747126,0.055810,-0.250411,-0.613174,-0.717139,0.193421,-0.323469,-0.586232,-0.622854,-0.015307,0.136951,-0.770106,-0.472182,0.251379,0.009606,-0.844844,-0.489582,0.370811,-0.062396,-0.786711
-0.668436,-0.042761,0.036480,-0.741643,-0.658431,-0.130362,0.061193,-0.738735,-0.369576,0.609400,-0.481678,-0.509932,-0.414159,0.528825,-0.325488,-0.665488,-0.665402,-0.085730,0.090220,-0.736038,-0.398284,0.569569,-0.603540,-0.390770,-0.597430,0.375881,-0.460439,-0.538318,-0.669134,0.116706,-0.088322,-0.728587,-0.707379,-0.123952,-0.011008,-0.695794,-0.747081,0.056244,-0.250548,-0.613133,-0.717051,0.193921,-0.323520,-0.586146,-0.621969,-0.015530,0.136198,-0.770950,-0.472367,0.251495,0.008462,-0.844718,-0.489569,0.371021,-0.063375,-0.786542
-0.667791,-0.042112,0.036010,-0.742283,-0.657531,-0.131678,0.062461,-0.739197,-0.369918,0.609285,-0.481244,-0.510232,-0.414572,0.528507,-0.324973,-0.665735,-0.664656,-0.086435,0.091026,-0.736530,-0.398398,0.569415,-0.603409,-0.391079,-0.597569,0.375511,-0.460031,-0.538771,-0.668378,0.117139,-0.088688,-0.729166,-0.706880,-0.123683,-0.010879,-0.696351,-0.747070,0.056660,-0.250677,-0.613055,-0.716996,0.194390,-0.323579,-0.586025,-0.621208,-0.015796,0.135484,-0.771683,-0.472576,0.251555,0.007382,-0.844593,-0.489590,0.371165,-0.064313,-0.786385
-0.667167,-0.041760,0.035791,-0.742875,-0.656795,-0.132271,0.063494,-0.739657,-0.370796,0.608750,-0.480747,-0.510701,-0.415542,0.527804,-0.324332,-0.666000,-0.663988,-0.086721,0.091473,-0.737043,-0.398893,0.569169,-0.602914,-0.391696,-0.597862,0.375045,-0.459214,-0.539467,-0.667804,0.116661,-0.088285,-0.729818,-0.706243,-0.123337,-0.010814,-0.697060,-0.747043,0.057152,-0.250865,-0.612965,-0.716913,0.194869,-0.323748,-0.585875,-0.620786,-0.016054,0.134618,-0.772169,-0.472739,0.251540,0.006215,-0.844516,-0.489559,0.371222,-0.065378,-0.786290
-0.666566,-0.041489,0.035593,-0.743439,-0.656134,-0.132612,0.064310,-0.740112,-0.371728,0.608114,-0.480234,-0.511265,-0.416562,0.527003,-0.323681,-0.666315,-0.663371,-0.086818,0.091727,-0.737555,-0.399522,0.568864,-0.602319,-0.392412,-0.598229,0.374508,-0.458269,-0.540237,-0.667300,0.115877,-0.087618,-0.730484,-0.705567,-0.122972,-0.010754,-0.697809,-0.746968,0.057676,-0.251027,-0.612942,-0.716786,0.195385,-0.323880,-0.585785,-0.620474,-0.016338,0.133756,-0.772564,-0.472878,0.251446,0.005106,-0.844473,-0.489517,0.371195,-0.066402,-0.786243
-0.666013,-0.041381,0.035437,-0.743948,-0.655625,-0.132443,0.064697,-0.740560,-0.372775,0.607276,-0.479684,-0.512014,-0.417687,0.526009,-0.323005,-0.666723,-0.662855,-0.086536,0.091597,-0.738068,-0.400424,0.568441,-0.601524,-0.393324,-0.598746,0.373828,-0.457066,-0.541153,-0.666937,0.114482,-0.086423,-0.731178,-0.704814,-0.122564,-0.010705,-0.698642,-0.746796,0.058268,-0.251134,-0.613051,-0.716573,0.195980,-0.323936,-0.585817,-0.620382,-0.016676,0.132903,-0.772777,-0.472975,0.251189,0.004115,-0.844501,-0.489455,0.370997,-0.067343,-0.786295
-0.665619,-0.041426,0.035401,-0.744300,-0.655373,-0.131754,0.064779,-0.740899,-0.373913,0.606416,-0.479084,-0.512764,-0.418856,0.525054,-0.322329,-0.667070,-0.662549,-0.085810,0.091104,-0.738488,-0.401530,0.567987,-0.600604,-0.394258,-0.599263,0.373316,-0.455945,-0.541880,-0.666841,0.112463,-0.084725,-0.731777,-0.704097,-0.122167,-0.010711,-0.699434,-0.746530,0.058979,-0.251406,-0.613197,-0.716236,0.196697,-0.324134,-0.585878,-0.620647,-0.017054,0.132068,-0.772699,-0.473127,0.250852,0.003182,-0.844520,-0.489462,0.370693,-0.068284,-0.786353
-0.665305,-0.041547,0.035426,-0.744573,-0.655247,-0.130804,0.064709,-0.741184,-0.375097,0.605544,-0.478456,-0.513515,-0.420046,0.524118,-0.321651,-0.667385,-0.662348,-0.084862,0.090428,-0.738862,-0.402737,0.567517,-0.599618,-0.395203,-0.599779,0.372888,-0.454862,-0.542514,-0.666875,0.110129,-0.082773,-0.732324,-0.703397,-0.121772,-0.010741,-0.700206,-0.746216,0.059752,-0.251755,-0.613361,-0.715839,0.197479,-0.324399,-0.585954,-0.621092,-0.017455,0.131240,-0.772474,-0.473308,0.250469,0.002276,-0.844535,-0.489504,0.370331,-0.069227,-0.786415
-0.665151,-0.041814,0.035687,-0.744682,-0.655368,-0.129263,0.063893,-0.741419,-0.375813,0.604935,-0.478009,-0.514126,-0.420793,0.523429,-0.321281,-0.667633,-0.662367,-0.083210,0.089003,-0.739205,-0.403662,0.567250,-0.598906,-0.395722,-0.600154,0.372793,-0.453853,-0.543008,-0.667202,0.107213,-0.080550,-0.732707,-0.702812,-0.121030,-0.011176,-0.700915,-0.745751,0.061148,-0.252754,-0.613378,-0.715159,0.198867,-0.325270,-0.585832,-0.622031,-0.017616,0.130142,-0.771900,-0.473687,0.250267,0.000986,-0.844385,-0.489687,0.370112,-0.070607,-0.786282
-0.665071,-0.042248,0.036064,-0.744712,-0.655640,-0.127302,0.062948,-0.741598,-0.376610,0.604362,-0.477673,-0.514530,-0.421604,0.522874,-0.321078,-0.667653,-0.662483,-0.081374,0.087440,-0.739492,-0.404612,0.567032,-0.598157,-0.396197,-0.600519,0.372796,-0.452815,-0.543469,-0.667610,0.103735,-0.078038,-0.733108,-0.702167,-0.120601,-0.011608,-0.701628,-0.745238,0.062280,-0.253840,-0.613439,-0.714433,0.200000,-0.326227,-0.585800,-0.623118,-0.018018,0.129161,-0.771179,-0.474288,0.249813,-0.000192,-0.844182,-0.490103,0.369634,-0.071913,-0.786129
-0.665136,-0.043016,0.036674,-0.744580,-0.656212,-0.124508,0.061750,-0.741667,-0.377565,0.603864,-0.477560,-0.514519,-0.422540,0.522592,-0.321207,-0.667221,-0.662794,-0.079175,0.085603,-0.739667,-0.405609,0.566910,-0.597338,-0.396588,-0.600860,0.372994,-0.451725,-0.543863,-0.668181,0.099141,-0.074954,-0.733544,-0.701407,-0.120801,-0.012036,-0.702346,-0.744631,0.062878,-0.255106,-0.613590,-0.713620,0.200622,-0.327359,-0.585947,-0.624492,-0.018894,0.128416,-0.770170,-0.475331,0.248865,-0.001141,-0.843876,-0.490981,0.368646,-0.073063,-0.785939
-0.665370,-0.043993,0.037482,-0.744273,-0.657015,-0.121287,0.060025,-0.741632,-0.378315,0.603378,-0.477756,-0.514356,-0.423296,0.522404,-0.321784,-0.666611,-0.663300,-0.076708,0.083441,-0.739721,-0.406480,0.566895,-0.596592,-0.396840,-0.601055,0.373433,-0.450806,-0.544109,-0.668978,0.094073,-0.071245,-0.733855,-0.700669,-0.120975,-0.012222,-0.703049,-0.744095,0.063464,-0.256122,-0.613756,-0.712915,0.201229,-0.328255,-0.586095,-0.626115,-0.019833,0.127981,-0.768900,-0.476622,0.247843,-0.001804,-0.843447,-0.492147,0.367550,-0.073983,-0.785636
-0.665689,-0.045076,0.038388,-0.743877,-0.657923,-0.117852,0.058032,-0.741539,-0.378961,0.602900,-0.478104,-0.514117,-0.423961,0.522264,-0.322582,-0.665912,-0.663898,-0.074108,0.081112,-0.739708,-0.407282,0.566933,-0.595883,-0.397029,-0.601171,0.373990,-0.449976,-0.544285,-0.669871,0.088765,-0.067217,-0.734082,-0.699939,-0.121131,-0.012277,-0.703749,-0.743595,0.064051,-0.257001,-0.613933,-0.712266,0.201836,-0.329021,-0.586246,-0.627864,-0.020815,0.127691,-0.767495,-0.478038,0.246770,-0.002330,-0.842958,-0.493457,0.366388,-0.074795,-0.785281
-0.666055,-0.046046,0.039380,-0.743438,-0.658915,-0.113882,0.055128,-0.741501,-0.379144,0.602405,-0.478978,-0.513749,-0.424320,0.522055,-0.323967,-0.665174,-0.664581,-0.070635,0.077316,-0.739841,-0.407001,0.567509,-0.595853,-0.396538,-0.600861,0.374829,-0.449714,-0.544267,-0.670624,0.083262,-0.061378,-0.734550,-0.698702,-0.121139,-0.011117,-0.704994,-0.743132,0.064682,-0.256480,-0.614646,-0.711875,0.202523,-0.328380,-0.586843,-0.629102,-0.021762,0.129760,-0.766107,-0.477812,0.249066,-0.001341,-0.842413,-0.493429,0.368349,-0.074127,-0.784444
-0.666576,-0.047054,0.040362,-0.742855,-0.660130,-0.109353,0.052021,-0.741326,-0.379087,0.602369,-0.480024,-0.512856,-0.424672,0.522050,-0.325266,-0.664319,-0.665423,-0.067081,0.073724,-0.739782,-0.407087,0.568014,-0.595562,-0.396164,-0.600739,0.375644,-0.449157,-0.544300,-0.671622,0.076926,-0.055819,-0.734773,-0.697673,-0.122188,-0.010322,-0.705844,-0.742819,0.064610,-0.257271,-0.614700,-0.711455,0.202469,-0.329114,-0.586960,-0.630813,-0.023317,0.131423,-0.764369,-0.477913,0.250547,-0.000645,-0.841918,-0.493669,0.369507,-0.073837,-0.783775
-0.667408,-0.048138,0.041328,-0.741985,-0.661796,-0.103701,0.048501,-0.740892,-0.378530,0.603253,-0.481414,-0.510922,-0.424994,0.522450,-0.326396,-0.663243,-0.666588,-0.063361,0.070543,-0.739371,-0.407903,0.568387,-0.594739,-0.396026,-0.600987,0.376425,-0.448002,-0.544438,-0.673160,0.068919,-0.050808,-0.734523,-0.697058,-0.125342,-0.010272,-0.705900,-0.742780,0.063109,-0.260718,-0.613450,-0.710946,0.200912,-0.332624,-0.586132,-0.633465,-0.026075,0.132287,-0.761933,-0.478654,0.250408,-0.000521,-0.841538,-0.494426,0.369071,-0.074288,-0.783461
-0.668136,-0.049502,0.042679,-0.741163,-0.663269,-0.098492,0.044991,-0.740506,-0.378084,0.603761,-0.482544,-0.509584,-0.425242,0.522602,-0.327425,-0.662457,-0.667641,-0.059709,0.067282,-0.739029,-0.408499,0.568793,-0.594074,-0.395827,-0.601018,0.377359,-0.447158,-0.544452,-0.674479,0.061352,-0.045194,-0.734351,-0.696251,-0.127509,-0.009570,-0.706318,-0.742878,0.062207,-0.262841,-0.612517,-0.710746,0.199957,-0.334813,-0.585455,-0.635854,-0.028176,0.133608,-0.759635,-0.479129,0.250583,0.000273,-0.841216,-0.495014,0.368934,-0.074042,-0.783177
-0.668810,-0.051006,0.044223,-0.740362,-0.664636,-0.093511,0.041481,-0.740131,-0.377690,0.604076,-0.483549,-0.508549,-0.425451,0.522624,-0.328409,-0.661818,-0.668633,-0.056097,0.063975,-0.738709,-0.408974,0.569209,-0.593495,-0.395607,-0.600932,0.378361,-0.446479,-0.544408,-0.675656,0.054009,-0.039276,-0.734186,-0.695346,-0.129171,-0.008529,-0.706920,-0.743050,0.061612,-0.264290,-0.611745,-0.710708,0.199312,-0.336328,-0.584852,-0.638110,-0.029960,0.135141,-0.757400,-0.479474,0.250905,0.001392,-0.840922,-0.495519,0.368939,-0.073458,-0.782910
-0.669339,-0.052765,0.045899,-0.739658,-0.665852,-0.088518,0.037702,-0.739854,-0.377355,0.604114,-0.484276,-0.508061,-0.425406,0.522628,-0.329364,-0.661369,-0.669495,-0.052358,0.060391,-0.738504,-0.409245,0.569683,-0.593036,-0.395334,-0.600664,0.379486,-0.446062,-0.544262,-0.676622,0.046808,-0.033170,-0.734092,-0.694318,-0.130280,-0.007146,-0.707742,-0.743136,0.061208,-0.264548,-0.611570,-0.710771,0.198899,-0.336618,-0.584750,-0.640255,-0.031316,0.136655,-0.755261,-0.479779,0.251250,0.002627,-0.840642,-0.496021,0.368982,-0.072718,-0.782642
-0.669879,-0.054491,0.047373,-0.738951,-0.667102,-0.083068,0.033581,-0.739559,-0.376539,0.604627,-0.485349,-0.507031,-0.425195,0.522781,-0.330343,-0.660895,-0.670363,-0.048498,0.056688,-0.738273,-0.409622,0.570120,-0.592436,-0.395211,-0.600381,0.380620,-0.445576,-0.544180,-0.677532,0.039645,-0.027035,-0.733926,-0.693295,-0.131061,-0.005757,-0.708613,-0.743171,0.061088,-0.264602,-0.611515,-0.710802,0.198777,-0.336684,-0.584715,-0.642458,-0.032514,0.137908,-0.753109,-0.480215,0.251571,0.003570,-0.840293,-0.496631,0.369012,-0.072246,-0.782284
-0.670443,-0.056147,0.048441,-0.738246,-0.668431,-0.076705,0.028794,-0.739248,-0.374762,0.606097,-0.487099,-0.504910,-0.424650,0.523243,-0.331360,-0.660371,-0.671249,-0.044394,0.052764,-0.738018,-0.410227,0.570497,-0.591545,-0.395376,-0.600078,0.381786,-0.444936,-0.544222,-0.678388,0.032566,-0.020865,-0.733685,-0.692290,-0.131208,-0.004387,-0.709577,-0.743102,0.061528,-0.264275,-0.611696,-0.710765,0.199223,-0.336327,-0.584814,-0.644778,-0.033371,0.138663,-0.750947,-0.480910,0.251859,0.003945,-0.839808,-0.497453,0.369030,-0.072294,-0.781748
-0.670965,-0.058008,0.049963,-0.737526,-0.669585,-0.071279,0.024098,-0.738915,-0.373277,0.606731,-0.488894,-0.503512,-0.424412,0.522948,-0.332757,-0.660055,-0.672073,-0.040470,0.048649,-0.737776,-0.410248,0.570896,-0.591325,-0.395106,-0.599531,0.383019,-0.445023,-0.543887,-0.679027,0.026122,-0.014168,-0.733512,-0.691134,-0.131232,-0.002263,-0.710709,-0.743027,0.061784,-0.262575,-0.612494,-0.710954,0.199536,-0.334587,-0.585475,-0.646700,-0.034129,0.139986,-0.749012,-0.481645,0.252165,0.004947,-0.839290,-0.498445,0.369078,-0.071655,-0.781153
-0.671463,-0.059970,0.051710,-0.736795,-0.670643,-0.066332,0.019446,-0.738552,-0.371947,0.606935,-0.490719,-0.502473,-0.424341,0.522266,-0.334351,-0.659835,-0.672860,-0.036645,0.044434,-0.737524,-0.409975,0.571299,-0.591448,-0.394622,-0.598861,0.384276,-0.445482,-0.543363,-0.679523,0.020002,-0.007211,-0.733346,-0.689903,-0.131180,0.000250,-0.711917,-0.742953,0.061958,-0.260172,-0.613589,-0.711264,0.199788,-0.332141,-0.586406,-0.648424,-0.034849,0.141585,-0.747185,-0.482404,0.252467,0.006255,-0.838754,-0.499525,0.369128,-0.070681,-0.780528
-0.671701,-0.061693,0.053337,-0.736320,-0.671356,-0.061949,0.015199,-0.738385,-0.370878,0.606949,-0.491571,-0.502414,-0.423966,0.521679,-0.335283,-0.660068,-0.673352,-0.033056,0.040520,-0.737471,-0.409969,0.571616,-0.591174,-0.394581,-0.598374,0.385190,-0.445398,-0.543321,-0.679867,0.014438,-0.001528,-0.733191,-0.688820,-0.130967,0.001971,-0.713002,-0.742615,0.062452,-0.258512,-0.614650,-0.711183,0.200357,-0.330384,-0.587301,-0.649968,-0.035657,0.142685,-0.745595,-0.482958,0.252811,0.007017,-0.838325,-0.500220,0.369245,-0.070253,-0.780066
-0.671922,-0.063295,0.054931,-0.735865,-0.672018,-0.057669,0.010982,-0.738204,-0.369676,0.607062,-0.492436,-0.502316,-0.423363,0.521306,-0.336372,-0.660195,-0.673808,-0.029532,0.036712,-0.737403,-0.409917,0.571940,-0.590992,-0.394438,-0.597898,0.386115,-0.445387,-0.543198,-0.680142,0.009131,0.003808,-0.733014,-0.687784,-0.130718,0.003549,-0.714040,-0.742253,0.062975,-0.256946,-0.615690,-0.711063,0.200952,-0.328717,-0.588178,-0.651442,-0.036445,0.143633,-0.744087,-0.483476,0.253132,0.007632,-0.837924,-0.500854,0.369353,-0.069954,-0.779634
-0.672115,-0.064658,0.056459,-0.735455,-0.672607,-0.053588,0.006832,-0.738025,-0.368212,0.607386,-0.493319,-0.502133,-0.422301,0.521378,-0.337764,-0.660108,-0.674210,-0.026128,0.033124,-0.737333,-0.409792,0.572287,-0.590983,-0.394077,-0.597453,0.387074,-0.445508,-0.542906,-0.680330,0.004333,0.008446,-0.732844,-0.686845,-0.130416,0.004814,-0.714991,-0.741833,0.063538,-0.255598,-0.616698,-0.710850,0.201586,-0.327257,-0.589031,-0.652775,-0.037169,0.144301,-0.742752,-0.483915,0.253434,0.007972,-0.837576,-0.501366,0.369470,-0.069893,-0.779255
-0.672363,-0.065792,0.057987,-0.735008,-0.673212,-0.049784,0.003027,-0.737765,-0.366683,0.607906,-0.494177,-0.501779,-0.421003,0.521854,-0.339300,-0.659773,-0.674647,-0.022997,0.029893,-0.737177,-0.409719,0.572477,-0.591242,-0.393488,-0.597157,0.387931,-0.445814,-0.542367,-0.680457,0.000214,0.012549,-0.732680,-0.686005,-0.129996,0.005894,-0.715865,-0.741364,0.064226,-0.254350,-0.617706,-0.710568,0.202344,-0.325884,-0.589872,-0.653907,-0.037757,0.144964,-0.741596,-0.484244,0.253784,0.008352,-0.837277,-0.501773,0.369652,-0.069758,-0.778919
-0.672638,-0.066814,0.059516,-0.734542,-0.673824,-0.046119,-0.000612,-0.737451,-0.365116,0.608515,-0.495032,-0.501342,-0.419587,0.522523,-0.340916,-0.659313,-0.675100,-0.020001,0.026834,-0.736967,-0.409674,0.572586,-0.591638,-0.392781,-0.596938,0.388735,-0.446217,-0.541701,-0.680546,-0.003568,0.016389,-0.732514,-0.685213,-0.129510,0.006886,-0.716702,-0.740871,0.064980,-0.253146,-0.618713,-0.710252,0.203168,-0.324549,-0.590706,-0.654939,-0.038279,0.145623,-0.740529,-0.484516,0.254157,0.008751,-0.837001,-0.502128,0.369864,-0.069588,-0.778605
-0.673036,-0.067638,0.060622,-0.734011,-0.674475,-0.043251,-0.003758,-0.737020,-0.363608,0.609018,-0.495892,-0.500977,-0.418184,0.523166,-0.342671,-0.658784,-0.675631,-0.017560,0.023961,-0.736641,-0.409624,0.572363,-0.592262,-0.392216,-0.596621,0.389399,-0.446944,-0.540974,-0.680723,-0.006265,0.019800,-0.732246,-0.684835,-0.128361,0.008892,-0.717248,-0.739977,0.067176,-0.251416,-0.620251,-0.709558,0.205254,-0.322740,-0.591808,-0.655782,-0.038754,0.146181,-0.739648,-0.484632,0.254825,0.008934,-0.836729,-0.502299,0.370378,-0.069595,-0.778250
-0.673361,-0.068391,0.061663,-0.733557,-0.675032,-0.040552,-0.006788,-0.736642,-0.362014,0.609597,-0.496699,-0.500627,-0.416783,0.523766,-0.344400,-0.658293,-0.676079,-0.015206,0.021227,-0.736366,-0.409543,0.572180,-0.592910,-0.391588,-0.596311,0.390081,-0.447668,-0.540225,-0.680827,-0.008729,0.022879,-0.732035,-0.684442,-0.127261,0.010632,-0.717796,-0.739039,0.069258,-0.249810,-0.621787,-0.708811,0.207238,-0.321043,-0.592934,-0.656517,-0.039116,0.146734,-0.738867,-0.484732,0.255480,0.009146,-0.836469,-0.502456,0.370890,-0.069553,-0.777908
-0.673541,-0.069003,0.062574,-0.733257,-0.675411,-0.038187,-0.009580,-0.736390,-0.360258,0.610348,-0.497387,-0.500296,-0.415391,0.524297,-0.346062,-0.657879,-0.676367,-0.013018,0.018779,-0.736211,-0.409400,0.572085,-0.593599,-0.390834,-0.596014,0.390809,-0.448379,-0.539437,-0.680802,-0.010727,0.025291,-0.731952,-0.684019,-0.126268,0.011831,-0.718355,-0.738011,0.071094,-0.248462,-0.623340,-0.707951,0.209003,-0.319581,-0.594130,-0.657036,-0.039243,0.147281,-0.738290,-0.484796,0.256119,0.009419,-0.836234,-0.502583,0.371407,-0.069412,-0.777592
-0.673605,-0.069550,0.063408,-0.733074,-0.675637,-0.036362,-0.012021,-0.736239,-0.358745,0.610835,-0.497825,-0.500353,-0.414120,0.524623,-0.347499,-0.657663,-0.676524,-0.011243,0.016581,-0.736148,-0.408949,0.572070,-0.594506,-0.389949,-0.595647,0.391459,-0.449143,-0.538735,-0.680744,-0.012184,0.027226,-0.731914,-0.683668,-0.125290,0.012847,-0.718843,-0.737100,0.072743,-0.247161,-0.624743,-0.707206,0.210591,-0.318177,-0.595210,-0.657403,-0.039185,0.147791,-0.737864,-0.484769,0.256717,0.009750,-0.836062,-0.502627,0.371903,-0.069183,-0.777347
-0.673612,-0.070064,0.064203,-0.732950,-0.675788,-0.034810,-0.014281,-0.736135,-0.357357,0.611187,-0.498141,-0.500602,-0.412912,0.524843,-0.348822,-0.657545,-0.676617,-0.009676,0.014511,-0.736129,-0.408347,0.572093,-0.595521,-0.388996,-0.595247,0.392069,-0.449932,-0.538074,-0.680668,-0.013369,0.028921,-0.731899,-0.683352,-0.124321,0.013771,-0.719294,-0.736247,0.074296,-0.245885,-0.626068,-0.706518,0.212089,-0.316804,-0.596227,-0.657694,-0.039035,0.148280,-0.737514,-0.484697,0.257294,0.010109,-0.835922,-0.502630,0.372388,-0.068912,-0.777137
-0.673571,-0.070385,0.064800,-0.732905,-0.675860,-0.033533,-0.016071,-0.736092,-0.355949,0.611800,-0.498480,-0.500519,-0.411692,0.525330,-0.350062,-0.657263,-0.676642,-0.008290,0.012901,-0.736153,-0.407675,0.572278,-0.596597,-0.387777,-0.594806,0.392937,-0.450571,-0.537394,-0.680543,-0.013908,0.029584,-0.731978,-0.683157,-0.123364,0.014132,-0.719638,-0.735459,0.075716,-0.245093,-0.627134,-0.705819,0.213465,-0.315911,-0.597036,-0.657836,-0.038693,0.148219,-0.737418,-0.484589,0.257652,0.009995,-0.835876,-0.502518,0.372711,-0.069054,-0.777042
-0.673518,-0.070616,0.065325,-0.732884,-0.675903,-0.032453,-0.017725,-0.736062,-0.354578,0.612376,-0.498756,-0.500513,-0.410501,0.525754,-0.351166,-0.657080,-0.676646,-0.007071,0.011491,-0.736185,-0.406988,0.572473,-0.597681,-0.386541,-0.594392,0.393768,-0.451155,-0.536753,-0.680418,-0.014138,0.029988,-0.732074,-0.683017,-0.122304,0.014390,-0.719946,-0.734700,0.077222,-0.244394,-0.628112,-0.705129,0.214919,-0.315115,-0.597751,-0.657905,-0.038242,0.148142,-0.737396,-0.484377,0.258119,0.009873,-0.835857,-0.502304,0.373145,-0.069189,-0.776960
-0.673441,-0.070668,0.065704,-0.732916,-0.675891,-0.031767,-0.019108,-0.736069,-0.353281,0.612887,-0.498899,-0.500662,-0.409367,0.526056,-0.351996,-0.657102,-0.676609,-0.006186,0.010481,-0.736242,-0.406269,0.572691,-0.598779,-0.385272,-0.594030,0.394529,-0.451632,-0.536194,-0.680293,-0.013750,0.029873,-0.732202,-0.682991,-0.121037,0.014440,-0.720184,-0.734001,0.078898,-0.243883,-0.628919,-0.704456,0.216530,-0.314512,-0.598280,-0.657828,-0.037571,0.148032,-0.737521,-0.483955,0.258805,0.009735,-0.835890,-0.501886,0.373803,-0.069311,-0.776903
-0.673346,-0.070667,0.065905,-0.732985,-0.675820,-0.031615,-0.020297,-0.736108,-0.351951,0.613294,-0.499057,-0.500943,-0.408290,0.526116,-0.352679,-0.657358,-0.676535,-0.005767,0.009821,-0.736322,-0.405594,0.572787,-0.599818,-0.384223,-0.593653,0.395142,-0.452128,-0.535741,-0.680079,-0.012777,0.029400,-0.732437,-0.682967,-0.119791,0.014419,-0.720415,-0.733301,0.080426,-0.243245,-0.629788,-0.703811,0.218001,-0.313784,-0.598886,-0.657505,-0.036699,0.148052,-0.737848,-0.483394,0.259659,0.009751,-0.835950,-0.501354,0.374638,-0.069242,-0.776850
-0.673242,-0.070639,0.066016,-0.733074,-0.675720,-0.031730,-0.021392,-0.736164,-0.350604,0.613648,-0.499220,-0.501290,-0.407240,0.526055,-0.353288,-0.657730,-0.676442,-0.005580,0.009334,-0.736416,-0.404939,0.572822,-0.600828,-0.383283,-0.593269,0.395683,-0.452635,-0.535340,-0.679821,-0.011510,0.028750,-0.732724,-0.682946,-0.118553,0.014363,-0.720641,-0.732598,0.081879,-0.242545,-0.630688,-0.703177,0.219403,-0.312995,-0.599532,-0.657060,-0.035727,0.148139,-0.738275,-0.482762,0.260597,0.009843,-0.836022,-0.500765,0.375562,-0.069077,-0.776799
-0.673153,-0.070461,0.065908,-0.733182,-0.675593,-0.032308,-0.021914,-0.736241,-0.349459,0.614035,-0.499359,-0.501478,-0.406443,0.525987,-0.353742,-0.658034,-0.676338,-0.005997,0.009304,-0.736508,-0.404390,0.572632,-0.601812,-0.382601,-0.592903,0.395994,-0.453446,-0.534828,-0.679504,-0.009364,0.027593,-0.733093,-0.683008,-0.117197,0.014222,-0.720807,-0.731969,0.083271,-0.241708,-0.631557,-0.702639,0.220742,-0.312083,-0.600146,-0.656338,-0.034451,0.148314,-0.738943,-0.481969,0.261716,0.010069,-0.836127,-0.500036,0.376680,-0.068732,-0.776757
-0.673063,-0.070191,0.065682,-0.733311,-0.675445,-0.033043,-0.022252,-0.736333,-0.348392,0.614417,-0.499389,-0.501722,-0.405689,0.525914,-0.354052,-0.658391,-0.676221,-0.006528,0.009419,-0.736609,-0.403893,0.572411,-0.602755,-0.381970,-0.592617,0.396193,-0.454211,-0.534349,-0.679199,-0.007001,0.026139,-0.733455,-0.683135,-0.115846,0.013936,-0.720910,-0.731338,0.084634,-0.240989,-0.632382,-0.702082,0.222048,-0.311291,-0.600727,-0.655569,-0.033146,0.148448,-0.739658,-0.481177,0.262766,0.010286,-0.836251,-0.499305,0.377739,-0.068386,-0.776744
-0.672971,-0.069742,0.065220,-0.733479,-0.675257,-0.034090,-0.022225,-0.736459,-0.347482,0.614792,-0.499205,-0.502078,-0.405025,0.525830,-0.354074,-0.658855,-0.676078,-0.007284,0.009822,-0.736729,-0.403505,0.572129,-0.603616,-0.381444,-0.592496,0.396165,-0.454879,-0.533935,-0.678918,-0.004208,0.024090,-0.733807,-0.683394,-0.114504,0.013359,-0.720891,-0.730709,0.085937,-0.240503,-0.633117,-0.701494,0.223286,-0.310739,-0.601241,-0.654705,-0.031788,0.148497,-0.740472,-0.480389,0.263676,0.010485,-0.836416,-0.498571,0.378677,-0.068040,-0.776789
-0.672914,-0.069096,0.064560,-0.733652,-0.675075,-0.035289,-0.021811,-0.736581,-0.346855,0.615137,-0.498856,-0.502435,-0.404603,0.525738,-0.353880,-0.659291,-0.675946,-0.008322,0.010551,-0.736828,-0.403251,0.571752,-0.604383,-0.381064,-0.592480,0.395979,-0.455376,-0.533667,-0.678734,-0.001002,0.021535,-0.734068,-0.683836,-0.113293,0.012491,-0.720678,-0.730175,0.087021,-0.240313,-0.633657,-0.700960,0.224305,-0.310502,-0.601607,-0.653820,-0.030390,0.148525,-0.741307,-0.479657,0.264362,0.010766,-0.836616,-0.497900,0.379405,-0.067611,-0.776902
-0.672873,-0.068352,0.063800,-0.733825,-0.674896,-0.036563,-0.021204,-0.736702,-0.346372,0.615467,-0.498424,-0.502792,-0.404303,0.525644,-0.353577,-0.659713,-0.675820,-0.009502,0.011443,-0.736917,-0.403061,0.571327,-0.605103,-0.380760,-0.592515,0.395713,-0.455787,-0.533474,-0.678590,0.002410,0.018727,-0.734275,-0.684369,-0.112146,0.011483,-0.720368,-0.729689,0.087996,-0.240269,-0.634099,-0.700454,0.225213,-0.310421,-0.601899,-0.652923,-0.028979,0.148538,-0.742151,-0.478951,0.264931,0.011087,-0.836836,-0.497258,0.380023,-0.067143,-0.777051
-0.672848,-0.067398,0.062815,-0.734021,-0.674681,-0.038374,-0.019957,-0.736841,-0.346157,0.615798,-0.497755,-0.503197,-0.404215,0.525517,-0.352816,-0.660275,-0.675683,-0.011061,0.012858,-0.736997,-0.402493,0.571159,-0.606076,-0.380063,-0.592418,0.395654,-0.456444,-0.533065,-0.678618,0.006470,0.015135,-0.734307,-0.685227,-0.111132,0.010092,-0.719730,-0.729384,0.088714,-0.240640,-0.634209,-0.700068,0.225849,-0.310791,-0.601918,-0.652055,-0.027458,0.148351,-0.743009,-0.478334,0.265163,0.011353,-0.837112,-0.496688,0.380328,-0.066726,-0.777303
-0.672821,-0.066467,0.061906,-0.734208,-0.674435,-0.040744,-0.018287,-0.736982,-0.346369,0.615766,-0.496706,-0.504128,-0.404147,0.525389,-0.351883,-0.660916,-0.675543,-0.012910,0.014574,-0.737063,-0.401785,0.571033,-0.607168,-0.379260,-0.592307,0.395569,-0.457174,-0.532625,-0.678769,0.010810,0.011242,-0.734186,-0.686280,-0.110400,0.008605,-0.718859,-0.729224,0.089021,-0.241105,-0.634173,-0.699828,0.226076,-0.311291,-0.601855,-0.651222,-0.025951,0.148275,-0.743809,-0.477872,0.264924,0.011940,-0.837443,-0.496311,0.380176,-0.066007,-0.777679
-0.672791,-0.065578,0.061148,-0.734379,-0.674120,-0.044239,-0.015767,-0.737127,-0.347431,0.615003,-0.494890,-0.506109,-0.404118,0.525262,-0.350604,-0.661713,-0.675397,-0.015341,0.016898,-0.737101,-0.400794,0.570993,-0.608494,-0.378241,-0.592172,0.395433,-0.458050,-0.532123,-0.679177,0.015715,0.006738,-0.733775,-0.687724,-0.110233,0.006920,-0.717522,-0.729359,0.088509,-0.241756,-0.633842,-0.699881,0.225483,-0.312046,-0.601624,-0.650459,-0.024466,0.148424,-0.744496,-0.477722,0.263749,0.013171,-0.837881,-0.496323,0.379117,-0.064681,-0.778300
-0.672790,-0.064384,0.059984,-0.734582,-0.673810,-0.047369,-0.013711,-0.737257,-0.347159,0.615408,-0.493885,-0.506785,-0.403063,0.526142,-0.350066,-0.661942,-0.675243,-0.017671,0.019410,-0.737128,-0.399715,0.571182,-0.609797,-0.376997,-0.592000,0.395531,-0.458947,-0.531469,-0.679360,0.021152,0.001389,-0.733499,-0.689058,-0.110121,0.004161,-0.716279,-0.729869,0.087337,-0.243110,-0.632898,-0.700211,0.224335,-0.313470,-0.600928,-0.649565,-0.022304,0.148029,-0.745423,-0.477343,0.262835,0.013898,-0.838373,-0.496034,0.378351,-0.063790,-0.778930
-0.672801,-0.063036,0.058617,-0.734798,-0.673500,-0.050317,-0.011887,-0.737377,-0.346226,0.616400,-0.493281,-0.506806,-0.401499,0.527530,-0.349892,-0.661881,-0.675083,-0.019952,0.022016,-0.737143,-0.398589,0.571479,-0.611089,-0.375644,-0.591808,0.395739,-0.459859,-0.530739,-0.679401,0.026856,-0.004383,-0.733262,-0.690336,-0.110028,0.000881,-0.715072,-0.730579,0.085844,-0.244798,-0.631632,-0.700692,0.222916,-0.315212,-0.599984,-0.648598,-0.019817,0.147354,-0.746468,-0.476847,0.262040,0.014370,-0.838895,-0.495593,0.377721,-0.063118,-0.779571
-0.673019,-0.061665,0.056990,-0.734843,-0.673338,-0.053764,-0.009632,-0.737315,-0.345261,0.617536,-0.493137,-0.506222,-0.400132,0.528965,-0.349928,-0.661544,-0.675103,-0.022636,0.024902,-0.736956,-0.397597,0.571512,-0.612420,-0.374476,-0.591808,0.395550,-0.460799,-0.530065,-0.679443,0.032932,-0.010409,-0.732915,-0.691806,-0.109731,-0.001904,-0.713694,-0.731563,0.084532,-0.246130,-0.630150,-0.701482,0.221635,-0.316659,-0.598772,-0.647589,-0.017411,0.146458,-0.747580,-0.476335,0.261494,0.014432,-0.839355,-0.495076,0.377339,-0.062837,-0.780107
-0.673239,-0.060300,0.055252,-0.734888,-0.673150,-0.057406,-0.007143,-0.737240,-0.344346,0.618730,-0.492989,-0.505531,-0.398975,0.530281,-0.349841,-0.661235,-0.675113,-0.025479,0.027799,-0.736750,-0.396635,0.571439,-0.613701,-0.373509,-0.591707,0.395336,-0.461830,-0.529439,-0.679387,0.039122,-0.016548,-0.732550,-0.693267,-0.109448,-0.004625,-0.712307,-0.732537,0.083238,-0.247420,-0.628685,-0.702268,0.220370,-0.318067,-0.597571,-0.646494,-0.015053,0.145536,-0.748757,-0.475794,0.261072,0.014395,-0.839794,-0.494516,0.377080,-0.062643,-0.780603
-0.673464,-0.058943,0.053292,-0.734936,-0.672920,-0.061444,-0.004182,-0.737147,-0.343524,0.620036,-0.492844,-0.504630,-0.398234,0.531353,-0.349522,-0.660990,-0.675108,-0.028645,0.030721,-0.736522,-0.395742,0.571162,-0.614882,-0.372938,-0.591410,0.395084,-0.463036,-0.528905,-0.679180,0.045555,-0.022921,-0.732198,-0.694715,-0.109209,-0.007247,-0.710909,-0.733475,0.081964,-0.248658,-0.627268,-0.703028,0.219119,-0.319423,-0.596412,-0.645232,-0.012771,0.144580,-0.750073,-0.475195,0.260916,0.014167,-0.840185,-0.493871,0.377088,-0.062613,-0.781009
-0.673576,-0.057364,0.051245,-0.735104,-0.672555,-0.065493,-0.001183,-0.737142,-0.342509,0.621587,-0.492663,-0.503588,-0.397093,0.532914,-0.349432,-0.660467,-0.674985,-0.031664,0.034020,-0.736366,-0.395047,0.571070,-0.615825,-0.372258,-0.591334,0.394895,-0.463913,-0.528362,-0.678873,0.051880,-0.029466,-0.731827,-0.696139,-0.109311,-0.009907,-0.709467,-0.734506,0.080514,-0.250347,-0.625576,-0.703811,0.217708,-0.321227,-0.595035,-0.643936,-0.010631,0.143622,-0.751403,-0.474679,0.261010,0.013728,-0.840455,-0.493277,0.377329,-0.062792,-0.781254
-0.673629,-0.055675,0.049156,-0.735329,-0.672116,-0.069547,0.001832,-0.737170,-0.341405,0.623258,-0.492461,-0.502469,-0.395759,0.534719,-0.349454,-0.659797,-0.674802,-0.034609,0.037505,-0.736232,-0.394451,0.571062,-0.616658,-0.371524,-0.591370,0.394729,-0.464634,-0.527812,-0.678486,0.058145,-0.036090,-0.731418,-0.697549,-0.109573,-0.012568,-0.707998,-0.735586,0.078988,-0.252243,-0.623737,-0.704613,0.216230,-0.323236,-0.593535,-0.642623,-0.008578,0.142655,-0.752736,-0.474207,0.261213,0.013181,-0.840667,-0.492710,0.377673,-0.063079,-0.781422
-0.673576,-0.053809,0.047064,-0.735653,-0.671573,-0.073423,0.005402,-0.737272,-0.341151,0.624646,-0.491802,-0.501562,-0.395349,0.536065,-0.348724,-0.659336,-0.674518,-0.037311,0.041142,-0.736166,-0.393894,0.571385,-0.617198,-0.370719,-0.591441,0.394784,-0.465040,-0.527333,-0.678053,0.064275,-0.042368,-0.730970,-0.698914,-0.110021,-0.014784,-0.706538,-0.736853,0.077344,-0.253985,-0.621737,-0.705622,0.214642,-0.325111,-0.591886,-0.641276,-0.006721,0.141930,-0.754039,-0.473793,0.261711,0.012675,-0.840754,-0.492208,0.378283,-0.063336,-0.781423
-0.673464,-0.051858,0.044867,-0.736033,-0.670962,-0.077262,0.009116,-0.737399,-0.341257,0.625826,-0.490879,-0.500923,-0.395265,0.537178,-0.347697,-0.659024,-0.674171,-0.040056,0.044898,-0.736121,-0.393407,0.571766,-0.617562,-0.370043,-0.591529,0.394840,-0.465247,-0.527010,-0.677584,0.070162,-0.048821,-0.730462,-0.700306,-0.110560,-0.017097,-0.705022,-0.738063,0.075766,-0.256028,-0.619655,-0.706526,0.213109,-0.327282,-0.590163,-0.640005,-0.005096,0.141048,-0.755296,-0.473479,0.262097,0.011956,-0.840821,-0.491771,0.378784,-0.063818,-0.781416
-0.673237,-0.049736,0.042460,-0.736529,-0.670232,-0.081027,0.013121,-0.737598,-0.342064,0.626596,-0.489425,-0.500832,-0.395815,0.537824,-0.346075,-0.659020,-0.673699,-0.042889,0.048892,-0.736138,-0.393065,0.572276,-0.617560,-0.369621,-0.591651,0.394906,-0.465046,-0.527002,-0.677096,0.075567,-0.055627,-0.729888,-0.701757,-0.111302,-0.019642,-0.703394,-0.739150,0.074294,-0.258714,-0.617418,-0.707203,0.211665,-0.330084,-0.588308,-0.638891,-0.003903,0.139874,-0.756465,-0.473370,0.262290,0.010819,-0.840838,-0.491470,0.379095,-0.064741,-0.781379
-0.672812,-0.048064,0.040431,-0.737142,-0.669226,-0.085661,0.017220,-0.737904,-0.343049,0.626796,-0.487702,-0.501588,-0.395687,0.538789,-0.344740,-0.659008,-0.673049,-0.045893,0.052713,-0.736288,-0.392352,0.572799,-0.617822,-0.369130,-0.591564,0.394948,-0.465184,-0.526945,-0.676376,0.081615,-0.061235,-0.729455,-0.702904,-0.110561,-0.021272,-0.702317,-0.740069,0.073675,-0.258971,-0.616283,-0.708066,0.211047,-0.330460,-0.587280,-0.637362,-0.002088,0.139457,-0.757837,-0.472974,0.263079,0.010493,-0.840818,-0.491012,0.379980,-0.064802,-0.781232
-0.672288,-0.046616,0.038590,-0.737812,-0.668064,-0.090736,0.021361,-0.738242,-0.344123,0.626703,-0.485846,-0.502769,-0.395224,0.539910,-0.343552,-0.658990,-0.672306,-0.048991,0.056444,-0.736491,-0.391447,0.573323,-0.618220,-0.368610,-0.591371,0.394972,-0.465500,-0.526866,-0.675524,0.087989,-0.066242,-0.729066,-0.703893,-0.109074,-0.022436,-0.701523,-0.740902,0.073485,-0.258002,-0.615710,-0.709023,0.210848,-0.329611,-0.586674,-0.635618,0.000029,0.139408,-0.759313,-0.472428,0.264156,0.010570,-0.840786,-0.490469,0.381140,-0.064431,-0.781038
-0.671983,-0.045071,0.036414,-0.738296,-0.667263,-0.094555,0.024866,-0.738377,-0.344893,0.626996,-0.484757,-0.502928,-0.394671,0.541416,-0.342829,-0.658462,-0.671810,-0.051665,0.059954,-0.736483,-0.390988,0.573941,-0.618028,-0.368458,-0.591353,0.394997,-0.465278,-0.527063,-0.675077,0.092888,-0.071406,-0.728384,-0.705149,-0.108948,-0.023922,-0.700231,-0.741584,0.072550,-0.258421,-0.614824,-0.709654,0.209890,-0.330160,-0.585945,-0.634637,0.001123,0.138601,-0.760279,-0.472485,0.264132,0.009905,-0.840770,-0.490398,0.381219,-0.064919,-0.781004
-0.671713,-0.043565,0.034266,-0.738735,-0.666526,-0.098150,0.028285,-0.738451,-0.345749,0.627212,-0.483855,-0.502938,-0.394338,0.542777,-0.342206,-0.657865,-0.671362,-0.054272,0.063342,-0.736421,-0.390630,0.574505,-0.617750,-0.368425,-0.591367,0.394968,-0.464973,-0.527338,-0.674620,0.097525,-0.076327,-0.727702,-0.706355,-0.108760,-0.025234,-0.698997,-0.742231,0.071746,-0.258722,-0.614010,-0.710264,0.209060,-0.330587,-0.585262,-0.633728,0.002165,0.137744,-0.761190,-0.472609,0.264065,0.009174,-0.840730,-0.490384,0.381253,-0.065481,-0.780950
-0.671517,-0.042141,0.032177,-0.739089,-0.665929,-0.101285,0.031536,-0.738434,-0.346765,0.627293,-0.483314,-0.502657,-0.394428,0.543859,-0.341772,-0.657143,-0.671006,-0.056733,0.066488,-0.736282,-0.390469,0.574977,-0.617287,-0.368635,-0.591439,0.394844,-0.464490,-0.527776,-0.674187,0.101634,-0.080758,-0.727063,-0.707467,-0.108467,-0.026224,-0.697881,-0.742799,0.071189,-0.258817,-0.613347,-0.710819,0.208467,-0.330798,-0.584680,-0.632961,0.003122,0.136802,-0.761995,-0.472864,0.263929,0.008318,-0.840638,-0.490477,0.381214,-0.066185,-0.780850
-0.671354,-0.041190,0.030393,-0.739367,-0.665436,-0.104123,0.034779,-0.738338,-0.347888,0.627425,-0.482727,-0.502282,-0.394732,0.544866,-0.341196,-0.656424,-0.670691,-0.059609,0.070053,-0.736011,-0.391210,0.574956,-0.616131,-0.369814,-0.591772,0.394333,-0.463371,-0.528767,-0.673729,0.104981,-0.085275,-0.726496,-0.708499,-0.108432,-0.027565,-0.696786,-0.743229,0.070433,-0.259292,-0.612713,-0.711192,0.207692,-0.331364,-0.584182,-0.632534,0.004041,0.134744,-0.762711,-0.473957,0.262325,0.006696,-0.840539,-0.491247,0.379805,-0.067661,-0.780927
-0.671207,-0.040475,0.028763,-0.739605,-0.664998,-0.106812,0.038018,-0.738189,-0.349067,0.627572,-0.482127,-0.501855,-0.395151,0.545828,-0.340561,-0.655703,-0.670397,-0.062693,0.073824,-0.735654,-0.392409,0.574677,-0.614633,-0.371467,-0.592244,0.393624,-0.461935,-0.530022,-0.673246,0.107944,-0.089834,-0.725960,-0.709492,-0.108522,-0.029080,-0.695700,-0.743592,0.069580,-0.259954,-0.612089,-0.711476,0.206829,-0.332105,-0.583720,-0.632274,0.004939,0.132127,-0.763379,-0.475476,0.259995,0.004695,-0.840418,-0.492363,0.377718,-0.069518,-0.781073
-0.671019,-0.039525,0.027200,-0.739886,-0.664533,-0.109172,0.040709,-0.738120,-0.350252,0.627354,-0.481669,-0.501743,-0.395705,0.546264,-0.339864,-0.655368,-0.670098,-0.064817,0.076583,-0.735460,-0.393456,0.574507,-0.613326,-0.372780,-0.592702,0.393045,-0.460940,-0.530805,-0.672520,0.110686,-0.092792,-0.725848,-0.709916,-0.107905,-0.029552,-0.695344,-0.743817,0.069573,-0.259530,-0.611996,-0.711759,0.206838,-0.331697,-0.583605,-0.631602,0.006336,0.130646,-0.764179,-0.476503,0.258932,0.003618,-0.840170,-0.493152,0.376818,-0.070421,-0.780929
-0.670811,-0.038586,0.025761,-0.740176,-0.664055,-0.111420,0.043333,-0.738064,-0.351573,0.626966,-0.481194,-0.501759,-0.396374,0.546535,-0.339047,-0.655160,-0.669784,-0.066815,0.079243,-0.735286,-0.394630,0.574261,-0.611975,-0.374136,-0.593229,0.392418,-0.459950,-0.531539,-0.671753,0.113237,-0.095494,-0.725815,-0.710225,-0.107166,-0.029988,-0.695124,-0.743942,0.069763,-0.259079,-0.612014,-0.711939,0.207047,-0.331241,-0.583570,-0.630914,0.007740,0.129180,-0.764984,-0.477410,0.258177,0.002445,-0.839892,-0.493814,0.376211,-0.071413,-0.780713
-0.670562,-0.037666,0.024570,-0.740489,-0.663552,-0.113448,0.045828,-0.738057,-0.353162,0.626257,-0.480668,-0.502032,-0.397267,0.546492,-0.337972,-0.655210,-0.669434,-0.068559,0.081714,-0.735174,-0.396052,0.573872,-0.610527,-0.375595,-0.593884,0.391701,-0.458963,-0.532189,-0.670916,0.115408,-0.097692,-0.725954,-0.710306,-0.106187,-0.030357,-0.695175,-0.743866,0.070341,-0.258585,-0.612249,-0.711914,0.207652,-0.330693,-0.583696,-0.630198,0.009163,0.127743,-0.765799,-0.478074,0.258032,0.001072,-0.839562,-0.494216,0.376186,-0.072595,-0.780362
-0.670411,-0.036723,0.023574,-0.740706,-0.663176,-0.115094,0.048035,-0.738000,-0.355011,0.625203,-0.480101,-0.502586,-0.398238,0.546300,-0.336840,-0.655364,-0.669176,-0.070047,0.083715,-0.735044,-0.397324,0.573339,-0.609422,-0.376857,-0.594456,0.391012,-0.458177,-0.532735,-0.670258,0.117068,-0.099270,-0.726082,-0.710325,-0.105036,-0.030686,-0.695316,-0.743715,0.071209,-0.258150,-0.612516,-0.711791,0.208541,-0.330187,-0.583816,-0.629663,0.010358,0.126435,-0.766441,-0.478790,0.258113,-0.000362,-0.839129,-0.494666,0.376352,-0.073872,-0.779876
-0.670308,-0.035767,0.022675,-0.740874,-0.662863,-0.116550,0.050098,-0.737915,-0.356987,0.623971,-0.479510,-0.503279,-0.399248,0.546031,-0.335680,-0.655569,-0.668962,-0.071407,0.085481,-0.734904,-0.398520,0.572733,-0.608488,-0.378022,-0.594985,0.390336,-0.457490,-0.533230,-0.669688,0.118473,-0.100540,-0.726205,-0.710313,-0.103798,-0.030996,-0.695500,-0.743524,0.072222,-0.257745,-0.612799,-0.711618,0.209570,-0.329702,-0.583932,-0.629218,0.011440,0.125190,-0.766995,-0.479533,0.258309,-0.001827,-0.838642,-0.495140,0.376617,-0.075197,-0.779321
-0.670320,-0.035010,0.022022,-0.740919,-0.662731,-0.117485,0.051476,-0.737791,-0.358945,0.622436,-0.478952,-0.504319,-0.400302,0.545351,-0.334420,-0.656136,-0.668904,-0.072070,0.086191,-0.734809,-0.399167,0.572255,-0.608099,-0.378689,-0.595041,0.390184,-0.457417,-0.533341,-0.669502,0.118766,-0.100713,-0.726304,-0.710202,-0.102699,-0.031345,-0.695761,-0.743176,0.073489,-0.257894,-0.613009,-0.711192,0.210851,-0.329735,-0.583972,-0.629224,0.012055,0.123945,-0.767183,-0.480373,0.258507,-0.003462,-0.838096,-0.495691,0.376847,-0.076764,-0.778707
-0.670349,-0.034337,0.021481,-0.740940,-0.662650,-0.118159,0.052617,-0.737676,-0.360757,0.620970,-0.478560,-0.505204,-0.401209,0.544793,-0.333351,-0.656589,-0.668868,-0.072595,0.086606,-0.734741,-0.399674,0.571815,-0.607784,-0.379325,-0.595031,0.390028,-0.457430,-0.533455,-0.669390,0.118713,-0.100492,-0.726447,-0.710008,-0.101651,-0.031653,-0.696099,-0.742761,0.074854,-0.258197,-0.613218,-0.710672,0.212235,-0.329902,-0.584009,-0.629318,0.012564,0.122753,-0.767289,-0.481078,0.258865,-0.005109,-0.837572,-0.496114,0.377220,-0.078357,-0.778098
-0.670410,-0.033833,0.021165,-0.740917,-0.662671,-0.118309,0.053285,-0.737585,-0.362281,0.619652,-0.478507,-0.505782,-0.401819,0.544485,-0.332667,-0.656818,-0.668876,-0.072846,0.086435,-0.734729,-0.399899,0.571452,-0.607618,-0.379899,-0.594889,0.389863,-0.457614,-0.533576,-0.669424,0.117970,-0.099482,-0.726676,-0.709649,-0.100706,-0.031875,-0.696592,-0.742218,0.076420,-0.258803,-0.613427,-0.709970,0.213828,-0.330336,-0.584036,-0.629589,0.012862,0.121670,-0.767234,-0.481511,0.259538,-0.006779,-0.837103,-0.496280,0.377877,-0.080002,-0.777506
-0.670473,-0.033609,0.021096,-0.740872,-0.662803,-0.117781,0.053678,-0.737522,-0.363741,0.618529,-0.478581,-0.506038,-0.402551,0.544243,-0.332134,-0.656840,-0.668925,-0.072692,0.085975,-0.734754,-0.400355,0.571047,-0.607302,-0.380532,-0.594972,0.389554,-0.457507,-0.533801,-0.669604,0.116169,-0.097820,-0.727025,-0.709125,-0.100236,-0.032110,-0.697183,-0.741654,0.077692,-0.259774,-0.613540,-0.709204,0.215148,-0.331123,-0.584037,-0.630102,0.012699,0.120748,-0.766962,-0.481851,0.259739,-0.008106,-0.836833,-0.496414,0.378060,-0.081362,-0.777190
-0.670537,-0.033527,0.021149,-0.740816,-0.662991,-0.116914,0.053933,-0.737472,-0.365171,0.617507,-0.478716,-0.506129,-0.403345,0.544037,-0.331674,-0.656756,-0.668996,-0.072335,0.085372,-0.734795,-0.400928,0.570620,-0.606912,-0.381192,-0.595167,0.389172,-0.457253,-0.534079,-0.669853,0.113839,-0.095833,-0.727429,-0.708517,-0.100002,-0.032346,-0.697823,-0.741077,0.078818,-0.260921,-0.613606,-0.708406,0.216332,-0.332080,-0.584024,-0.630736,0.012302,0.119905,-0.766579,-0.482145,0.259700,-0.009263,-0.836664,-0.496531,0.378003,-0.082581,-0.777014
-0.670503,-0.033158,0.021285,-0.740860,-0.663131,-0.115386,0.053739,-0.737602,-0.366572,0.616403,-0.479188,-0.506015,-0.404665,0.543332,-0.331682,-0.656523,-0.668998,-0.071020,0.083788,-0.735104,-0.401043,0.570583,-0.606786,-0.381326,-0.595516,0.388699,-0.456797,-0.534425,-0.670158,0.111304,-0.092084,-0.728025,-0.707547,-0.099303,-0.031463,-0.698947,-0.740532,0.080523,-0.261043,-0.613991,-0.707771,0.218060,-0.332034,-0.584177,-0.631055,0.012005,0.121164,-0.766123,-0.480809,0.261961,-0.008723,-0.836734,-0.495362,0.380070,-0.082135,-0.776799
-0.670424,-0.033050,0.021515,-0.740930,-0.663246,-0.113821,0.053317,-0.737772,-0.367692,0.615493,-0.479503,-0.506012,-0.405670,0.542765,-0.331611,-0.656409,-0.668976,-0.069686,0.082242,-0.735425,-0.401338,0.570506,-0.606474,-0.381628,-0.595971,0.388124,-0.456070,-0.534956,-0.670536,0.108284,-0.088269,-0.728605,-0.706578,-0.098871,-0.030723,-0.700020,-0.739956,0.081924,-0.261264,-0.614406,-0.707109,0.219489,-0.332091,-0.584412,-0.631564,0.011434,0.122197,-0.765548,-0.479609,0.263654,-0.008239,-0.836896,-0.494317,0.381593,-0.081775,-0.776757
-0.670253,-0.033460,0.021934,-0.741053,-0.663314,-0.112181,0.052439,-0.738024,-0.368242,0.614965,-0.479516,-0.506241,-0.406040,0.542463,-0.331394,-0.656539,-0.668907,-0.068311,0.080772,-0.735780,-0.401991,0.570349,-0.605785,-0.382269,-0.596636,0.387347,-0.454796,-0.535862,-0.671081,0.104292,-0.084316,-0.729153,-0.705614,-0.098979,-0.030269,-0.700996,-0.739319,0.082711,-0.261688,-0.614887,-0.706391,0.220318,-0.332364,-0.584812,-0.632459,0.010318,0.122779,-0.764732,-0.478679,0.264210,-0.007871,-0.837256,-0.493515,0.382026,-0.081591,-0.777073
-0.670053,-0.034032,0.022544,-0.741190,-0.663373,-0.110332,0.051039,-0.738348,-0.368300,0.614694,-0.479467,-0.506574,-0.405893,0.542351,-0.331234,-0.656803,-0.668827,-0.066681,0.079146,-0.736179,-0.402518,0.570342,-0.605181,-0.382681,-0.597109,0.386942,-0.453745,-0.536518,-0.671669,0.099939,-0.080126,-0.729693,-0.704609,-0.099220,-0.029789,-0.701993,-0.738662,0.083303,-0.261983,-0.615470,-0.705687,0.220964,-0.332508,-0.585337,-0.633482,0.009050,0.123217,-0.763830,-0.477982,0.264321,-0.007536,-0.837622,-0.492931,0.382031,-0.081460,-0.777454
-0.669839,-0.034686,0.023248,-0.741332,-0.663424,-0.108375,0.049378,-0.738705,-0.368111,0.614551,-0.479391,-0.506958,-0.405489,0.542332,-0.331105,-0.657134,-0.668740,-0.064921,0.077443,-0.736597,-0.402984,0.570411,-0.604618,-0.382979,-0.597486,0.386724,-0.452805,-0.537050,-0.672264,0.095402,-0.075813,-0.730214,-0.703581,-0.099522,-0.029287,-0.703002,-0.737996,0.083805,-0.262205,-0.616106,-0.704990,0.221525,-0.332578,-0.585924,-0.634571,0.007697,0.123577,-0.762882,-0.477401,0.264201,-0.007219,-0.837994,-0.492455,0.381815,-0.081357,-0.777873
-0.669912,-0.034794,0.023540,-0.741251,-0.663918,-0.105041,0.047137,-0.738890,-0.367091,0.615591,-0.480071,-0.505790,-0.405121,0.542631,-0.331009,-0.657162,-0.668946,-0.062718,0.075662,-0.736786,-0.403465,0.570752,-0.604001,-0.382936,-0.597646,0.387192,-0.452074,-0.537151,-0.673081,0.089736,-0.072310,-0.730534,-0.702833,-0.102350,-0.029197,-0.703347,-0.737569,0.082854,-0.265220,-0.615456,-0.704151,0.220565,-0.335556,-0.585597,-0.636162,0.005268,0.123283,-0.761624,-0.477528,0.263276,-0.007777,-0.838208,-0.492531,0.380809,-0.082212,-0.778228
-0.669965,-0.034989,0.023954,-0.741181,-0.664345,-0.101938,0.044917,-0.739078,-0.366232,0.616324,-0.480681,-0.504941,-0.404868,0.542671,-0.330890,-0.657345,-0.669120,-0.060551,0.073761,-0.737001,-0.403759,0.571099,-0.603549,-0.382823,-0.597663,0.387725,-0.451586,-0.537157,-0.673746,0.084299,-0.068467,-0.730940,-0.701930,-0.104826,-0.028744,-0.703903,-0.737126,0.082083,-0.267540,-0.615085,-0.703401,0.219801,-0.337825,-0.585482,-0.637520,0.002977,0.123320,-0.760495,-0.477568,0.262589,-0.008016,-0.838398,-0.492569,0.380033,-0.082722,-0.778529
-0.669975,-0.035355,0.024615,-0.741133,-0.664658,-0.099304,0.042742,-0.739285,-0.365705,0.616443,-0.481156,-0.504725,-0.404854,0.542192,-0.330723,-0.657832,-0.669240,-0.058463,0.071622,-0.737272,-0.403686,0.571453,-0.603429,-0.382561,-0.597402,0.388388,-0.451587,-0.536968,-0.674114,0.079326,-0.063961,-0.731565,-0.700720,-0.106606,-0.027584,-0.704887,-0.736684,0.081671,-0.268475,-0.615262,-0.702853,0.219427,-0.338685,-0.585783,-0.638409,0.000978,0.124031,-0.759638,-0.477433,0.262394,-0.007617,-0.838540,-0.492529,0.379734,-0.082543,-0.778719
-0.670090,-0.035794,0.025322,-0.740983,-0.665064,-0.096737,0.040483,-0.739387,-0.365201,0.616402,-0.481823,-0.504503,-0.404827,0.541694,-0.330891,-0.658175,-0.669467,-0.056368,0.069538,-0.737429,-0.403613,0.571725,-0.603510,-0.382104,-0.597215,0.389027,-0.451758,-0.536569,-0.674447,0.074541,-0.059503,-0.732137,-0.699518,-0.108282,-0.026501,-0.705866,-0.736210,0.081047,-0.268925,-0.615715,-0.702367,0.218867,-0.339056,-0.586361,-0.639213,-0.001073,0.124935,-0.758813,-0.477374,0.262060,-0.006959,-0.838684,-0.492600,0.379300,-0.082108,-0.778932
-0.670259,-0.036271,0.026052,-0.740783,-0.665515,-0.094203,0.038181,-0.739431,-0.364711,0.616280,-0.482588,-0.504276,-0.404796,0.541184,-0.331227,-0.658444,-0.669746,-0.054270,0.067480,-0.737524,-0.403539,0.571955,-0.603692,-0.381548,-0.597066,0.389652,-0.452016,-0.536065,-0.674748,0.069847,-0.055068,-0.732669,-0.698316,-0.109900,-0.025450,-0.706844,-0.735721,0.080322,-0.269127,-0.616307,-0.701911,0.218219,-0.339175,-0.587079,-0.639972,-0.003155,0.125932,-0.758002,-0.477354,0.261653,-0.006172,-0.838829,-0.492727,0.378794,-0.081544,-0.779157
-0.670582,-0.036792,0.026783,-0.740438,-0.666075,-0.092090,0.036283,-0.739288,-0.364539,0.615944,-0.483262,-0.504165,-0.405145,0.540401,-0.331376,-0.658798,-0.670163,-0.052564,0.065901,-0.737411,-0.403918,0.571822,-0.603726,-0.381293,-0.597231,0.389885,-0.452031,-0.535698,-0.675129,0.065678,-0.051257,-0.732980,-0.697369,-0.111515,-0.024757,-0.707551,-0.735322,0.079230,-0.269179,-0.616901,-0.701587,0.217210,-0.339170,-0.587843,-0.640703,-0.005295,0.127074,-0.757181,-0.477557,0.260821,-0.005078,-0.838979,-0.493111,0.377876,-0.080691,-0.779449
-0.670916,-0.037258,0.027480,-0.740086,-0.666639,-0.089987,0.034468,-0.739126,-0.364322,0.615736,-0.483924,-0.503941,-0.405431,0.539761,-0.331529,-0.659069,-0.670584,-0.050911,0.064430,-0.737274,-0.404249,0.571725,-0.603821,-0.380937,-0.597372,0.390189,-0.452109,-0.535254,-0.675449,0.061742,-0.047742,-0.733265,-0.696458,-0.113070,-0.024217,-0.708220,-0.734931,0.078110,-0.269250,-0.617479,-0.701269,0.216172,-0.339188,-0.588595,-0.641368,-0.007372,0.128118,-0.756425,-0.477697,0.260132,-0.004131,-0.839119,-0.493410,0.377102,-0.079967,-0.779709
-0.671272,-0.037612,0.028107,-0.739723,-0.667215,-0.087902,0.032821,-0.738931,-0.364009,0.615784,-0.484560,-0.503497,-0.405587,0.539411,-0.331690,-0.659179,-0.671017,-0.049361,0.063176,-0.737095,-0.404487,0.571699,-0.604036,-0.380382,-0.597466,0.390636,-0.452307,-0.534655,-0.675674,0.058276,-0.044824,-0.733525,-0.695624,-0.114517,-0.023999,-0.708814,-0.734558,0.076922,-0.269373,-0.618018,-0.700962,0.215063,-0.339263,-0.589321,-0.641907,-0.009311,0.128971,-0.755801,-0.477709,0.259736,-0.003478,-0.839238,-0.493542,0.376624,-0.079505,-0.779903
-0.671602,-0.037882,0.028585,-0.739391,-0.667724,-0.086187,0.031340,-0.738738,-0.363534,0.615971,-0.485066,-0.503124,-0.405464,0.539261,-0.331817,-0.659313,-0.671407,-0.048129,0.062123,-0.736911,-0.404474,0.571717,-0.604453,-0.379706,-0.597542,0.390966,-0.452620,-0.534064,-0.675998,0.055432,-0.042363,-0.733594,-0.695057,-0.115843,-0.023789,-0.709162,-0.734346,0.075718,-0.269408,-0.618403,-0.700825,0.213921,-0.339286,-0.589888,-0.642402,-0.011108,0.130057,-0.755169,-0.477973,0.259068,-0.002461,-0.839297,-0.493968,0.375877,-0.078690,-0.780077
-0.671920,-0.038110,0.028987,-0.739074,-0.668199,-0.084657,0.029941,-0.738543,-0.362976,0.616225,-0.485509,-0.502788,-0.405202,0.539207,-0.331931,-0.659461,-0.671776,-0.047055,0.061169,-0.736723,-0.404334,0.571757,-0.604971,-0.378968,-0.597609,0.391236,-0.452991,-0.533476,-0.676368,0.052897,-0.040128,-0.733565,-0.694621,-0.117109,-0.023584,-0.709388,-0.734215,0.074505,-0.269399,-0.618710,-0.700771,0.212762,-0.339280,-0.590374,-0.642875,-0.012833,0.131263,-0.754531,-0.478362,0.258264,-0.001262,-0.839326,-0.494539,0.374995,-0.077698,-0.780239
-0.672191,-0.038127,0.029075,-0.738824,-0.668566,-0.083675,0.028977,-0.738362,-0.362438,0.616569,-0.485604,-0.502663,-0.404835,0.539246,-0.331711,-0.659765,-0.672081,-0.046259,0.060520,-0.736549,-0.404304,0.571808,-0.605247,-0.378485,-0.597620,0.391535,-0.453157,-0.533103,-0.676747,0.051332,-0.038767,-0.733400,-0.694486,-0.118198,-0.023487,-0.709343,-0.734153,0.073443,-0.269479,-0.618875,-0.700760,0.211737,-0.339376,-0.590700,-0.643209,-0.014179,0.132446,-0.754015,-0.478743,0.257473,0.000014,-0.839353,-0.495110,0.374137,-0.076601,-0.780397
-0.672418,-0.038091,0.029073,-0.738619,-0.668877,-0.082800,0.028104,-0.738213,-0.361923,0.616913,-0.485598,-0.502617,-0.404425,0.539327,-0.331433,-0.660091,-0.672336,-0.045582,0.059960,-0.736404,-0.404290,0.571848,-0.605457,-0.378103,-0.597624,0.391790,-0.453256,-0.532828,-0.677091,0.050012,-0.037647,-0.733232,-0.694403,-0.119219,-0.023370,-0.709256,-0.734108,0.072451,-0.269540,-0.619019,-0.700764,0.210777,-0.339455,-0.590994,-0.643480,-0.015422,0.133574,-0.753560,-0.479059,0.256736,0.001251,-0.839398,-0.495611,0.373338,-0.075530,-0.780566
-0.672558,-0.037950,0.028893,-0.738506,-0.669079,-0.082137,0.027417,-0.738129,-0.361458,0.617260,-0.485387,-0.502729,-0.403929,0.539495,-0.331033,-0.660458,-0.672493,-0.045145,0.059577,-0.736319,-0.404309,0.571867,-0.605537,-0.377925,-0.597611,0.391959,-0.453223,-0.532746,-0.677368,0.049181,-0.037015,-0.733065,-0.694430,-0.120105,-0.023215,-0.709086,-0.734095,0.071597,-0.269567,-0.619122,-0.700796,0.209948,-0.339502,-0.591223,-0.643628,-0.016459,0.134587,-0.753232,-0.479245,0.256106,0.002404,-0.839481,-0.495973,0.372658,-0.074514,-0.780759
-0.672658,-0.037796,0.028666,-0.738432,-0.669211,-0.081781,0.027027,-0.738064,-0.361158,0.617513,-0.485096,-0.502916,-0.403581,0.539576,-0.330517,-0.660862,-0.672601,-0.044894,0.059382,-0.736252,-0.404375,0.571934,-0.605414,-0.377950,-0.597577,0.392101,-0.453002,-0.532868,-0.677568,0.048690,-0.036728,-0.732927,-0.694515,-0.120789,-0.022993,-0.708894,-0.734150,0.070911,-0.269495,-0.619168,-0.700898,0.209277,-0.339460,-0.591364,-0.643678,-0.017327,0.135417,-0.753021,-0.479292,0.255648,0.003352,-0.839591,-0.496168,0.372160,-0.073672,-0.780952
-0.672737,-0.037635,0.028417,-0.738378,-0.669308,-0.081578,0.026787,-0.738007,-0.360941,0.617718,-0.484765,-0.503139,-0.403307,0.539613,-0.329942,-0.661286,-0.672685,-0.044737,0.059281,-0.736193,-0.404465,0.572024,-0.605189,-0.378076,-0.597532,0.392228,-0.452689,-0.533091,-0.677731,0.048369,-0.036614,-0.732803,-0.694630,-0.121371,-0.022737,-0.708690,-0.734237,0.070309,-0.269373,-0.619185,-0.701035,0.208686,-0.339372,-0.591461,-0.643680,-0.018111,0.136155,-0.752868,-0.479269,0.255276,0.004197,-0.839713,-0.496281,0.371753,-0.072919,-0.781145
-0.672815,-0.037492,0.028208,-0.738321,-0.669374,-0.081675,0.026786,-0.737937,-0.360922,0.617730,-0.484502,-0.503392,-0.403280,0.539465,-0.329420,-0.661684,-0.672758,-0.044840,0.059524,-0.736100,-0.404631,0.572062,-0.604943,-0.378236,-0.597617,0.392199,-0.452262,-0.533379,-0.677801,0.048393,-0.036837,-0.732726,-0.694781,-0.121576,-0.022497,-0.708514,-0.734442,0.069961,-0.269122,-0.619091,-0.701290,0.208332,-0.339170,-0.591400,-0.643605,-0.018642,0.136538,-0.752849,-0.478997,0.255242,0.004620,-0.839876,-0.496090,0.371694,-0.072547,-0.781329
-0.672903,-0.037368,0.028024,-0.738254,-0.669440,-0.081864,0.026868,-0.737852,-0.360970,0.617681,-0.484278,-0.503633,-0.403325,0.539275,-0.328932,-0.662053,-0.672839,-0.044961,0.059771,-0.735998,-0.404764,0.572142,-0.604669,-0.378411,-0.597644,0.392232,-0.451834,-0.533687,-0.677859,0.048482,-0.037086,-0.732653,-0.694933,-0.121664,-0.022283,-0.708357,-0.734675,0.069714,-0.268883,-0.618946,-0.701564,0.208073,-0.338983,-0.591274,-0.643532,-0.019100,0.136801,-0.752853,-0.478660,0.255302,0.004902,-0.840048,-0.495816,0.371732,-0.072308,-0.781507
-0.673010,-0.037281,0.027889,-0.738167,-0.669508,-0.082239,0.027113,-0.737740,-0.361153,0.617509,-0.484134,-0.503851,-0.403516,0.539005,-0.328512,-0.662365,-0.672939,-0.045117,0.060028,-0.735877,-0.404833,0.572305,-0.604340,-0.378618,-0.597556,0.392389,-0.451404,-0.534034,-0.677894,0.048700,-0.037390,-0.732592,-0.695087,-0.121518,-0.022117,-0.708236,-0.734964,0.069672,-0.268667,-0.618702,-0.701875,0.208004,-0.338826,-0.591018,-0.643461,-0.019412,0.136825,-0.752901,-0.478192,0.255551,0.004901,-0.840239,-0.495374,0.371963,-0.072331,-0.781675
-0.673176,-0.037226,0.027809,-0.738021,-0.669646,-0.082522,0.027424,-0.737572,-0.361558,0.617188,-0.484089,-0.503996,-0.403947,0.538650,-0.328192,-0.662550,-0.673091,-0.045402,0.060288,-0.735699,-0.405087,0.572251,-0.603937,-0.379069,-0.597555,0.392329,-0.450895,-0.534509,-0.677961,0.048930,-0.037642,-0.732501,-0.695259,-0.121259,-0.021986,-0.708116,-0.735265,0.069746,-0.268486,-0.618415,-0.702186,0.208045,-0.338704,-0.590705,-0.643450,-0.019665,0.136674,-0.752932,-0.477723,0.255799,0.004723,-0.840432,-0.494904,0.372198,-0.072529,-0.781843
-0.673371,-0.037186,0.027758,-0.737847,-0.669818,-0.082759,0.027769,-0.737376,-0.362074,0.616794,-0.484093,-0.504105,-0.404496,0.538255,-0.327922,-0.662670,-0.673269,-0.045751,0.060550,-0.735493,-0.405433,0.572090,-0.603498,-0.379641,-0.597597,0.392161,-0.450346,-0.535047,-0.678044,0.049166,-0.037869,-0.732397,-0.695439,-0.120944,-0.021872,-0.707997,-0.735571,0.069878,-0.268322,-0.618107,-0.702495,0.208141,-0.338599,-0.590363,-0.643469,-0.019887,0.136436,-0.752953,-0.477253,0.256046,0.004457,-0.840625,-0.494420,0.372434,-0.072813,-0.782010
-0.673563,-0.037264,0.027796,-0.737667,-0.669990,-0.083000,0.028084,-0.737180,-0.362591,0.616369,-0.484097,-0.504250,-0.405071,0.537794,-0.327616,-0.662845,-0.673443,-0.046141,0.060719,-0.735295,-0.405639,0.571889,-0.603250,-0.380118,-0.597597,0.391957,-0.449982,-0.535503,-0.678194,0.049266,-0.038013,-0.732244,-0.695638,-0.120537,-0.021869,-0.707870,-0.735767,0.070266,-0.268412,-0.617790,-0.702645,0.208490,-0.338723,-0.589990,-0.643626,-0.020082,0.135929,-0.752905,-0.476894,0.256207,0.003897,-0.840782,-0.493998,0.372591,-0.073394,-0.782148
-0.673734,-0.037373,0.027857,-0.737502,-0.670147,-0.083219,0.028351,-0.737003,-0.363082,0.615943,-0.484077,-0.504436,-0.405619,0.537317,-0.327285,-0.663060,-0.673601,-0.046516,0.060871,-0.735114,-0.405812,0.571703,-0.603034,-0.380556,-0.597582,0.391774,-0.449654,-0.535930,-0.678358,0.049287,-0.038117,-0.732085,-0.695836,-0.120134,-0.021853,-0.707745,-0.735922,0.070707,-0.268536,-0.617501,-0.702746,0.208893,-0.338871,-0.589642,-0.643819,-0.020289,0.135387,-0.752832,-0.476609,0.256348,0.003274,-0.840903,-0.493639,0.372727,-0.074042,-0.782249
-0.673868,-0.037543,0.027964,-0.737367,-0.670272,-0.083394,0.028518,-0.736864,-0.363519,0.615517,-0.484012,-0.504703,-0.406111,0.536809,-0.326904,-0.663358,-0.673724,-0.046859,0.060987,-0.734970,-0.405918,0.571546,-0.602882,-0.380919,-0.597535,0.391635,-0.449399,-0.536298,-0.678551,0.049148,-0.038139,-0.731914,-0.696030,-0.119738,-0.021814,-0.707622,-0.735993,0.071252,-0.268728,-0.617271,-0.702752,0.209402,-0.339069,-0.589341,-0.644083,-0.020517,0.134776,-0.752709,-0.476473,0.256450,0.002526,-0.840952,-0.493403,0.372821,-0.074822,-0.782278
-0.674015,-0.037694,0.028108,-0.737219,-0.670421,-0.083433,0.028566,-0.736722,-0.363951,0.615070,-0.483957,-0.504990,-0.406569,0.536325,-0.326597,-0.663620,-0.673862,-0.047120,0.061038,-0.734822,-0.405995,0.571396,-0.602799,-0.381193,-0.597491,0.391523,-0.449220,-0.536579,-0.678793,0.048889,-0.038052,-0.731712,-0.696242,-0.119376,-0.021711,-0.707478,-0.736120,0.071767,-0.268927,-0.616973,-0.702811,0.209879,-0.339284,-0.588977,-0.644424,-0.020739,0.134171,-0.752519,-0.476466,0.256538,0.001743,-0.840931,-0.493287,0.372894,-0.075647,-0.782238
-0.674170,-0.037836,0.028270,-0.737065,-0.670582,-0.083403,0.028555,-0.736579,-0.364379,0.614611,-0.483907,-0.505287,-0.407010,0.535853,-0.326326,-0.663864,-0.674007,-0.047342,0.061056,-0.734673,-0.406057,0.571250,-0.602751,-0.381422,-0.597449,0.391423,-0.449079,-0.536816,-0.679059,0.048571,-0.037910,-0.731493,-0.696461,-0.119031,-0.021576,-0.707324,-0.736274,0.072266,-0.269129,-0.616642,-0.702896,0.210340,-0.339507,-0.588583,-0.644802,-0.020959,0.133571,-0.752296,-0.476522,0.256618,0.000944,-0.840877,-0.493229,0.372955,-0.076494,-0.782162
-0.674309,-0.038034,0.028444,-0.736921,-0.670744,-0.083239,0.028310,-0.736459,-0.364611,0.614236,-0.483925,-0.505559,-0.407248,0.535478,-0.326222,-0.664072,-0.674150,-0.047390,0.060935,-0.734550,-0.406117,0.571147,-0.602690,-0.381608,-0.597372,0.391422,-0.448943,-0.537015,-0.679305,0.048014,-0.037519,-0.731322,-0.696578,-0.118847,-0.021413,-0.707245,-0.736369,0.072653,-0.269355,-0.616385,-0.702927,0.210697,-0.339743,-0.588281,-0.645197,-0.021153,0.133131,-0.752031,-0.476667,0.256800,0.000242,-0.840739,-0.493274,0.373102,-0.077253,-0.781989
-0.674454,-0.038249,0.028628,-0.736769,-0.670917,-0.083043,0.028036,-0.736334,-0.364820,0.613877,-0.483958,-0.505813,-0.407464,0.535125,-0.326150,-0.664259,-0.674300,-0.047412,0.060785,-0.734422,-0.406201,0.571029,-0.602618,-0.381811,-0.597322,0.391388,-0.448775,-0.537236,-0.679556,0.047394,-0.037057,-0.731152,-0.696686,-0.118697,-0.021186,-0.707171,-0.736497,0.072971,-0.269500,-0.616131,-0.703007,0.210986,-0.339908,-0.587987,-0.645596,-0.021362,0.132786,-0.751743,-0.476858,0.256991,-0.000380,-0.840572,-0.493375,0.373252,-0.077938,-0.781786
-0.674613,-0.038501,0.028829,-0.736603,-0.671112,-0.082780,0.027700,-0.736199,-0.364985,0.613551,-0.484018,-0.506031,-0.407638,0.534815,-0.326140,-0.664407,-0.674469,-0.047383,0.060578,-0.734287,-0.406330,0.570880,-0.602523,-0.382045,-0.597325,0.391288,-0.448543,-0.537499,-0.679819,0.046644,-0.036455,-0.730987,-0.696774,-0.118615,-0.020832,-0.707108,-0.736693,0.073154,-0.269484,-0.615881,-0.703186,0.211141,-0.339927,-0.587707,-0.646005,-0.021599,0.132628,-0.751413,-0.477140,0.257201,-0.000846,-0.840347,-0.493589,0.373409,-0.078479,-0.781522
-0.674764,-0.038730,0.029011,-0.736446,-0.671307,-0.082434,0.027409,-0.736071,-0.365189,0.613271,-0.484048,-0.506195,-0.407843,0.534555,-0.326083,-0.664518,-0.674633,-0.047257,0.060285,-0.734168,-0.406418,0.570812,-0.602388,-0.382267,-0.597283,0.391264,-0.448289,-0.537775,-0.680073,0.045838,-0.035801,-0.730834,-0.696836,-0.118635,-0.020460,-0.707055,-0.736871,0.073207,-0.269404,-0.615697,-0.703364,0.211174,-0.339882,-0.587507,-0.646395,-0.021810,0.132687,-0.751061,-0.477518,0.257395,-0.001087,-0.840073,-0.493928,0.373539,-0.078805,-0.781213
-0.674910,-0.038948,0.029183,-0.736293,-0.671502,-0.082047,0.027139,-0.735946,-0.365413,0.613013,-0.484062,-0.506333,-0.408064,0.534320,-0.326002,-0.664612,-0.674794,-0.047084,0.059949,-0.734058,-0.406484,0.570784,-0.602232,-0.382483,-0.597217,0.391277,-0.448025,-0.538059,-0.680321,0.045005,-0.035121,-0.730688,-0.696886,-0.118707,-0.020078,-0.707005,-0.737040,0.073196,-0.269291,-0.615546,-0.703543,0.211146,-0.339804,-0.587348,-0.646775,-0.022009,0.132855,-0.750698,-0.477943,0.257580,-0.001217,-0.839775,-0.494330,0.373655,-0.079024,-0.780881
-0.675021,-0.039120,0.029214,-0.736181,-0.671665,-0.081648,0.026770,-0.735856,-0.365460,0.612867,-0.484110,-0.506429,-0.408127,0.534157,-0.325956,-0.664727,-0.674930,-0.046763,0.059534,-0.733988,-0.406412,0.570906,-0.602141,-0.382520,-0.596966,0.391609,-0.447926,-0.538178,-0.680521,0.044172,-0.034466,-0.730583,-0.696893,-0.119055,-0.019661,-0.706951,-0.737120,0.072873,-0.269034,-0.615601,-0.703679,0.210830,-0.339571,-0.587434,-0.647065,-0.022229,0.133326,-0.750357,-0.478442,0.257649,-0.000977,-0.839470,-0.494857,0.373653,-0.078879,-0.780563
-0.675134,-0.039282,0.029232,-0.736068,-0.671830,-0.081238,0.026449,-0.735761,-0.365514,0.612763,-0.484154,-0.506474,-0.408168,0.534073,-0.325925,-0.664784,-0.675065,-0.046497,0.059146,-0.733912,-0.406342,0.570974,-0.602109,-0.382545,-0.596763,0.391856,-0.447849,-0.538288,-0.680765,0.043382,-0.033779,-0.730435,-0.696938,-0.119467,-0.019216,-0.706849,-0.737202,0.072476,-0.268736,-0.615680,-0.703828,0.210442,-0.339299,-0.587552,-0.647373,-0.022418,0.133951,-0.749976,-0.479075,0.257482,-0.000474,-0.839160,-0.495549,0.373417,-0.078485,-0.780276
-0.675251,-0.039426,0.029222,-0.735954,-0.672003,-0.080804,0.026223,-0.735660,-0.365584,0.612741,-0.484187,-0.506418,-0.408167,0.534147,-0.325923,-0.664726,-0.675198,-0.046340,0.058813,-0.733827,-0.406276,0.570931,-0.602195,-0.382543,-0.596656,0.391930,-0.447815,-0.538381,-0.681098,0.042680,-0.033031,-0.730201,-0.697060,-0.120006,-0.018715,-0.706651,-0.737286,0.071930,-0.268356,-0.615809,-0.704000,0.209910,-0.338951,-0.587736,-0.647713,-0.022544,0.134882,-0.749511,-0.479971,0.256844,0.000554,-0.838843,-0.496570,0.372715,-0.077592,-0.780052
-0.675258,-0.039506,0.029115,-0.735947,-0.672060,-0.080402,0.025919,-0.735662,-0.365419,0.612895,-0.484163,-0.506374,-0.407918,0.534346,-0.325888,-0.664736,-0.675226,-0.046050,0.058463,-0.733847,-0.406149,0.571022,-0.602266,-0.382431,-0.596506,0.392147,-0.447799,-0.538403,-0.681235,0.042031,-0.032528,-0.730133,-0.697053,-0.120544,-0.018312,-0.706577,-0.737294,0.071350,-0.267951,-0.616043,-0.704106,0.209360,-0.338559,-0.588031,-0.647883,-0.022618,0.135688,-0.749216,-0.480690,0.256396,0.001410,-0.838568,-0.497393,0.372215,-0.076834,-0.779841
-0.675210,-0.039553,0.028958,-0.735995,-0.672059,-0.080016,0.025576,-0.735718,-0.365135,0.613137,-0.484111,-0.506336,-0.407545,0.534607,-0.325835,-0.664781,-0.675203,-0.045693,0.058104,-0.733919,-0.405991,0.571179,-0.602329,-0.382264,-0.596335,0.392433,-0.447792,-0.538389,-0.681274,0.041408,-0.032148,-0.730149,-0.696982,-0.121082,-0.017957,-0.706564,-0.737263,0.070754,-0.267534,-0.616331,-0.704178,0.208801,-0.338145,-0.588382,-0.647969,-0.022667,0.136430,-0.749006,-0.481319,0.256043,0.002179,-0.838313,-0.498116,0.371817,-0.076145,-0.779638
-0.675122,-0.039518,0.028799,-0.736084,-0.672003,-0.079716,0.025302,-0.735811,-0.364835,0.613408,-0.484022,-0.506310,-0.407147,0.534887,-0.325730,-0.664851,-0.675140,-0.045248,0.057845,-0.734025,-0.405888,0.571396,-0.602363,-0.381996,-0.596105,0.392951,-0.447838,-0.538229,-0.681202,0.040926,-0.031842,-0.730257,-0.696848,-0.121639,-0.017505,-0.706612,-0.737234,0.070116,-0.266988,-0.616674,-0.704276,0.208204,-0.337603,-0.588788,-0.647881,-0.022831,0.137230,-0.748931,-0.481817,0.255741,0.002997,-0.838117,-0.498718,0.371479,-0.075385,-0.779488
-0.675034,-0.039474,0.028650,-0.736172,-0.671943,-0.079445,0.025041,-0.735903,-0.364538,0.613667,-0.483949,-0.506279,-0.406764,0.535148,-0.325635,-0.664922,-0.675073,-0.044855,0.057610,-0.734129,-0.405812,0.571556,-0.602415,-0.381755,-0.595934,0.393364,-0.447865,-0.538094,-0.681099,0.040492,-0.031552,-0.730389,-0.696692,-0.122181,-0.017058,-0.706683,-0.737191,0.069482,-0.266411,-0.617047,-0.704364,0.207613,-0.337027,-0.589220,-0.647748,-0.023024,0.138008,-0.748896,-0.482256,0.255476,0.003784,-0.837942,-0.499258,0.371182,-0.074648,-0.779354
-0.674948,-0.039413,0.028519,-0.736260,-0.671877,-0.079231,0.024803,-0.735995,-0.364249,0.613902,-0.483912,-0.506238,-0.406410,0.535375,-0.325561,-0.664993,-0.675001,-0.044565,0.057423,-0.734228,-0.405792,0.571600,-0.602504,-0.381570,-0.595881,0.393569,-0.447855,-0.538011,-0.680935,0.040155,-0.031292,-0.730572,-0.696492,-0.122691,-0.016620,-0.706802,-0.737119,0.068856,-0.265771,-0.617479,-0.704435,0.207036,-0.336381,-0.589708,-0.647526,-0.023273,0.138747,-0.748945,-0.482574,0.255288,0.004510,-0.837813,-0.499672,0.370969,-0.073956,-0.779256
-0.674876,-0.039321,0.028381,-0.736336,-0.671822,-0.079033,0.024575,-0.736074,-0.363984,0.614105,-0.483902,-0.506192,-0.406101,0.535560,-0.325499,-0.665063,-0.674939,-0.044303,0.057212,-0.734317,-0.405827,0.571602,-0.602519,-0.381505,-0.595844,0.393705,-0.447764,-0.538027,-0.680786,0.039919,-0.031068,-0.730733,-0.696316,-0.123094,-0.016257,-0.706914,-0.737041,0.068372,-0.265243,-0.617852,-0.704474,0.206591,-0.335845,-0.590122,-0.647302,-0.023568,0.139347,-0.749018,-0.482764,0.255057,0.005146,-0.837770,-0.499950,0.370724,-0.073349,-0.779252
-0.674811,-0.039213,0.028241,-0.736406,-0.671771,-0.078843,0.024351,-0.736148,-0.363731,0.614293,-0.483905,-0.506142,-0.405814,0.535724,-0.325444,-0.665132,-0.674882,-0.044055,0.056989,-0.734402,-0.405891,0.571582,-0.602497,-0.381502,-0.595815,0.393808,-0.447633,-0.538094,-0.680645,0.039734,-0.030863,-0.730884,-0.696151,-0.123445,-0.015932,-0.707022,-0.736961,0.067957,-0.264772,-0.618196,-0.704497,0.206214,-0.335363,-0.590501,-0.647076,-0.023888,0.139878,-0.749103,-0.482891,0.254805,0.005736,-0.837770,-0.500159,0.370463,-0.072784,-0.779295
-0.674758,-0.039111,0.028123,-0.736465,-0.671725,-0.078721,0.024107,-0.736212,-0.363555,0.614335,-0.483925,-0.506198,-0.405629,0.535736,-0.325424,-0.665245,-0.674834,-0.043857,0.056787,-0.734474,-0.405921,0.571578,-0.602477,-0.381508,-0.595752,0.393926,-0.447517,-0.538173,-0.680554,0.039612,-0.030721,-0.730981,-0.696039,-0.123679,-0.015742,-0.707096,-0.736839,0.067746,-0.264519,-0.618473,-0.704435,0.206030,-0.335088,-0.590796,-0.646919,-0.024201,0.140161,-0.749176,-0.482927,0.254518,0.006105,-0.837833,-0.500248,0.370179,-0.072437,-0.779405
-0.674714,-0.039000,0.028014,-0.736516,-0.671684,-0.078622,0.023885,-0.736267,-0.363434,0.614325,-0.483916,-0.506306,-0.405505,0.535684,-0.325358,-0.665395,-0.674794,-0.043654,0.056597,-0.734537,-0.405998,0.571551,-0.602428,-0.381543,-0.595720,0.394018,-0.447361,-0.538271,-0.680479,0.039515,-0.030600,-0.731062,-0.695945,-0.123897,-0.015584,-0.707154,-0.736713,0.067577,-0.264334,-0.618720,-0.704355,0.205887,-0.334880,-0.591059,-0.646780,-0.024523,0.140356,-0.749249,-0.482922,0.254181,0.006421,-0.837936,-0.500289,0.369849,-0.072142,-0.779563
-0.674688,-0.038873,0.027921,-0.736549,-0.671656,-0.078571,0.023707,-0.736303,-0.363422,0.614213,-0.483845,-0.506517,-0.405501,0.535505,-0.325204,-0.665617,-0.674772,-0.043443,0.056435,-0.734582,-0.406169,0.571481,-0.602322,-0.381634,-0.595748,0.394059,-0.447123,-0.538407,-0.680435,0.039467,-0.030522,-0.731108,-0.695887,-0.124080,-0.015488,-0.707181,-0.736580,0.067494,-0.264285,-0.618909,-0.704241,0.205823,-0.334805,-0.591259,-0.646680,-0.024864,0.140379,-0.749320,-0.482834,0.253740,0.006631,-0.838119,-0.500234,0.369429,-0.071950,-0.779815
-0.674621,-0.038737,0.027787,-0.736623,-0.671587,-0.078526,0.023553,-0.736376,-0.363428,0.614100,-0.483729,-0.506761,-0.405497,0.535327,-0.324996,-0.665865,-0.674706,-0.043286,0.056235,-0.734667,-0.406326,0.571439,-0.602097,-0.381885,-0.595664,0.394156,-0.446815,-0.538686,-0.680377,0.039503,-0.030514,-0.731161,-0.695831,-0.124206,-0.015463,-0.707215,-0.736416,0.067478,-0.264283,-0.619106,-0.704087,0.205827,-0.334770,-0.591461,-0.646577,-0.025129,0.140264,-0.749421,-0.482693,0.253250,0.006757,-0.838348,-0.500113,0.368970,-0.071833,-0.780121
-0.674533,-0.038596,0.027632,-0.736717,-0.671497,-0.078485,0.023412,-0.736467,-0.363443,0.613986,-0.483590,-0.507022,-0.405492,0.535149,-0.324760,-0.666125,-0.674618,-0.043157,0.056016,-0.734773,-0.406474,0.571412,-0.601811,-0.382218,-0.595522,0.394281,-0.446473,-0.539035,-0.680310,0.039580,-0.030541,-0.731217,-0.695776,-0.124304,-0.015473,-0.707252,-0.736237,0.067496,-0.264304,-0.619308,-0.703912,0.205864,-0.334754,-0.591665,-0.646473,-0.025357,0.140080,-0.749538,-0.482524,0.252734,0.006839,-0.838600,-0.499959,0.368491,-0.071754,-0.780453
-0.674471,-0.038374,0.027502,-0.736791,-0.671437,-0.078338,0.023295,-0.736541,-0.363357,0.614053,-0.483611,-0.506982,-0.405394,0.535210,-0.324734,-0.666148,-0.674551,-0.042997,0.055870,-0.734854,-0.406591,0.571390,-0.601673,-0.382345,-0.595424,0.394449,-0.446230,-0.539221,-0.680226,0.039802,-0.030671,-0.731278,-0.695737,-0.124165,-0.015566,-0.707312,-0.736111,0.067704,-0.264356,-0.619413,-0.703773,0.206082,-0.334773,-0.591744,-0.646373,-0.025411,0.139711,-0.749691,-0.482271,0.252341,0.006727,-0.838865,-0.499694,0.368140,-0.071855,-0.780779
-0.674393,-0.038132,0.027379,-0.736879,-0.671364,-0.078158,0.023177,-0.736630,-0.363221,0.614187,-0.483673,-0.506859,-0.405249,0.535353,-0.324778,-0.666100,-0.674468,-0.042815,0.055686,-0.734955,-0.406610,0.571413,-0.601616,-0.382378,-0.595268,0.394687,-0.446093,-0.539332,-0.680106,0.040035,-0.030789,-0.731372,-0.695662,-0.124001,-0.015668,-0.707412,-0.735967,0.067943,-0.264407,-0.619537,-0.703614,0.206332,-0.334786,-0.591838,-0.646243,-0.025416,0.139346,-0.749871,-0.481974,0.252034,0.006602,-0.839128,-0.499386,0.367874,-0.071962,-0.781092
-0.674286,-0.037851,0.027271,-0.736995,-0.671265,-0.077914,0.023060,-0.736750,-0.362989,0.614456,-0.483814,-0.506565,-0.405011,0.535659,-0.324962,-0.665910,-0.674355,-0.042588,0.055428,-0.735091,-0.406437,0.571527,-0.601725,-0.382222,-0.594996,0.395067,-0.446167,-0.539292,-0.679913,0.040290,-0.030882,-0.731533,-0.695513,-0.123791,-0.015787,-0.707593,-0.735784,0.068244,-0.264458,-0.619699,-0.703415,0.206646,-0.334790,-0.591963,-0.646051,-0.025326,0.138990,-0.750105,-0.481590,0.251899,0.006451,-0.839391,-0.498990,0.367778,-0.072081,-0.781379
-0.674135,-0.037558,0.027201,-0.737151,-0.671113,-0.077717,0.022860,-0.736916,-0.362581,0.614816,-0.483950,-0.506289,-0.404559,0.536077,-0.325220,-0.665721,-0.674196,-0.042339,0.055129,-0.735274,-0.406069,0.571700,-0.602062,-0.381823,-0.594705,0.395471,-0.446458,-0.539077,-0.679661,0.040521,-0.030901,-0.731755,-0.695301,-0.123535,-0.015821,-0.707845,-0.735603,0.068574,-0.264394,-0.619904,-0.703235,0.206992,-0.334678,-0.592119,-0.645803,-0.025208,0.138696,-0.750378,-0.481129,0.251907,0.006328,-0.839653,-0.498526,0.367820,-0.072165,-0.781647
-0.673961,-0.037260,0.027150,-0.737327,-0.670934,-0.077545,0.022619,-0.737104,-0.362086,0.615223,-0.484083,-0.506021,-0.403999,0.536552,-0.325515,-0.665534,-0.674013,-0.042079,0.054810,-0.735480,-0.405602,0.571902,-0.602514,-0.381302,-0.594404,0.395885,-0.446857,-0.538774,-0.679378,0.040739,-0.030882,-0.732005,-0.695057,-0.123257,-0.015812,-0.708134,-0.735424,0.068920,-0.264273,-0.620131,-0.703065,0.207354,-0.334508,-0.592291,-0.645525,-0.025076,0.138432,-0.750670,-0.480630,0.251986,0.006219,-0.839916,-0.498027,0.367931,-0.072231,-0.781907
-0.673797,-0.037000,0.027182,-0.737489,-0.670764,-0.077387,0.022394,-0.737282,-0.361401,0.615854,-0.484212,-0.505621,-0.403225,0.537243,-0.325798,-0.665309,-0.673848,-0.041701,0.054648,-0.735665,-0.405174,0.572180,-0.603024,-0.380534,-0.594143,0.396475,-0.447335,-0.538231,-0.679115,0.040817,-0.030817,-0.732248,-0.694812,-0.123023,-0.015787,-0.708416,-0.735292,0.069176,-0.264122,-0.620323,-0.702950,0.207624,-0.334320,-0.592439,-0.645274,-0.025055,0.138230,-0.750924,-0.480199,0.252087,0.006109,-0.840133,-0.497595,0.368055,-0.072309,-0.782117
-0.673663,-0.036722,0.027234,-0.737623,-0.670629,-0.077155,0.022147,-0.737437,-0.360645,0.616581,-0.484403,-0.505091,-0.402389,0.538040,-0.326154,-0.664996,-0.673713,-0.041296,0.054486,-0.735824,-0.404669,0.572474,-0.603671,-0.379602,-0.593917,0.397058,-0.447892,-0.537588,-0.678825,0.040854,-0.030838,-0.732513,-0.694551,-0.122773,-0.015839,-0.708713,-0.735152,0.069440,-0.264033,-0.620497,-0.702816,0.207901,-0.334193,-0.592572,-0.645012,-0.025098,0.137928,-0.751203,-0.479721,0.252348,0.005793,-0.840330,-0.497088,0.368336,-0.072585,-0.782281
-0.673589,-0.036409,0.027328,-0.737703,-0.670565,-0.076777,0.021858,-0.737543,-0.359749,0.617502,-0.484720,-0.504300,-0.401430,0.539052,-0.326656,-0.664509,-0.673636,-0.040837,0.054327,-0.735932,-0.404009,0.572802,-0.604594,-0.378339,-0.593758,0.397627,-0.448609,-0.536745,-0.678482,0.040810,-0.031030,-0.732826,-0.694260,-0.122492,-0.016047,-0.709043,-0.734994,0.069721,-0.264071,-0.620636,-0.702645,0.208193,-0.334189,-0.592675,-0.644727,-0.025270,0.137427,-0.751533,-0.479148,0.252931,0.005068,-0.840486,-0.496433,0.368933,-0.073257,-0.782353
-0.673567,-0.036220,0.027437,-0.737728,-0.670531,-0.076703,0.021623,-0.737589,-0.358839,0.618328,-0.484966,-0.503699,-0.400469,0.539901,-0.327020,-0.664220,-0.673613,-0.040539,0.054366,-0.735966,-0.403587,0.573003,-0.605322,-0.377320,-0.593691,0.398074,-0.449168,-0.536019,-0.678347,0.040851,-0.031128,-0.732945,-0.694154,-0.122257,-0.016161,-0.709184,-0.734979,0.069911,-0.264075,-0.620631,-0.702619,0.208379,-0.334186,-0.592642,-0.644585,-0.025474,0.137142,-0.751700,-0.478841,0.253204,0.004651,-0.840581,-0.496078,0.369209,-0.073658,-0.782410
-0.673572,-0.036093,0.027552,-0.737726,-0.670512,-0.076781,0.021415,-0.737604,-0.357923,0.619107,-0.485176,-0.503193,-0.399508,0.540669,-0.327314,-0.664030,-0.673618,-0.040320,0.054503,-0.735964,-0.403284,0.573140,-0.605952,-0.376423,-0.593669,0.398458,-0.449649,-0.535354,-0.678315,0.040934,-0.031180,-0.732967,-0.694142,-0.122046,-0.016228,-0.709231,-0.735035,0.070055,-0.264063,-0.620554,-0.702665,0.208512,-0.334182,-0.592542,-0.644515,-0.025694,0.136966,-0.751785,-0.478668,0.253322,0.004390,-0.840646,-0.495875,0.369326,-0.073924,-0.782458
-0.673568,-0.035981,0.027549,-0.737735,-0.670470,-0.077051,0.021179,-0.737621,-0.357090,0.619683,-0.485170,-0.503081,-0.398539,0.541231,-0.327342,-0.664141,-0.673604,-0.040427,0.054683,-0.735958,-0.403053,0.573043,-0.606561,-0.375838,-0.593791,0.398395,-0.449991,-0.534978,-0.678367,0.041182,-0.031544,-0.732890,-0.694253,-0.121781,-0.016641,-0.709158,-0.735080,0.070328,-0.264517,-0.620276,-0.702619,0.208758,-0.334642,-0.592251,-0.644539,-0.025784,0.136628,-0.751823,-0.478510,0.253230,0.004099,-0.840765,-0.495682,0.369243,-0.074226,-0.782591
-0.673628,-0.035857,0.027514,-0.737687,-0.670492,-0.077328,0.020985,-0.737578,-0.356423,0.620111,-0.485175,-0.503021,-0.397735,0.541674,-0.327351,-0.664257,-0.673650,-0.040601,0.054948,-0.735886,-0.402933,0.572866,-0.607122,-0.375330,-0.594046,0.398167,-0.450208,-0.534683,-0.678467,0.041461,-0.032049,-0.732759,-0.694438,-0.121515,-0.017127,-0.709011,-0.735177,0.070562,-0.265034,-0.619913,-0.702615,0.208957,-0.335178,-0.591882,-0.644624,-0.025832,0.136231,-0.751820,-0.478369,0.253084,0.003780,-0.840891,-0.495500,0.369107,-0.074564,-0.782739
-0.673814,-0.035710,0.027411,-0.737529,-0.670639,-0.077619,0.020876,-0.737416,-0.356087,0.620245,-0.485201,-0.503069,-0.397260,0.541877,-0.327327,-0.664387,-0.673818,-0.040909,0.055382,-0.735682,-0.403034,0.572529,-0.607592,-0.374975,-0.594566,0.397607,-0.450178,-0.534547,-0.678663,0.041802,-0.032836,-0.732523,-0.694771,-0.121247,-0.017761,-0.708715,-0.735380,0.070718,-0.265678,-0.619379,-0.702694,0.209064,-0.335867,-0.591360,-0.644831,-0.025796,0.135717,-0.751737,-0.478260,0.252832,0.003404,-0.841030,-0.495342,0.368864,-0.074973,-0.782914
-0.674173,-0.035536,0.027114,-0.737219,-0.670953,-0.078047,0.020818,-0.737087,-0.355970,0.620099,-0.485389,-0.503150,-0.397006,0.541900,-0.327486,-0.664442,-0.674146,-0.041594,0.055932,-0.735302,-0.403292,0.571956,-0.607928,-0.375027,-0.595256,0.396584,-0.449898,-0.534774,-0.678909,0.042289,-0.034098,-0.732210,-0.695225,-0.120877,-0.018842,-0.708305,-0.735635,0.070862,-0.266647,-0.618643,-0.702771,0.209142,-0.336895,-0.590655,-0.645120,-0.025613,0.135005,-0.751624,-0.478109,0.252491,0.002918,-0.841220,-0.495126,0.368540,-0.075496,-0.783153
