body_0_x,body_0_y,body_0_z,body_1_x,body_1_y,body_1_z,body_2_x,body_2_y,body_2_z,body_3_x,body_3_y,body_3_z,body_4_x,body_4_y,body_4_z,body_5_x,body_5_y,body_5_z,body_6_x,body_6_y,body_6_z,body_7_x,body_7_y,body_7_z,body_8_x,body_8_y,body_8_z,body_9_x,body_9_y,body_9_z,body_10_x,body_10_y,body_10_z,body_11_x,body_11_y,body_11_z,body_12_x,body_12_y,body_12_z,body_13_x,body_13_y,body_13_z
-1.305015,-0.188513,0.820564,-1.421540,-0.183365,0.687706,-1.449337,-0.194556,0.382779,-1.340546,-0.486124,0.441776,-1.188636,-0.179943,0.687610,-1.186037,-0.159876,0.382140,-1.205242,-0.460363,0.472370,-1.305373,-0.195929,0.874194,-1.451617,-0.181856,1.105283,-1.484572,-0.168956,0.924077,-1.527008,-0.091106,0.763424,-1.170628,-0.177803,1.111927,-1.113162,-0.157679,0.938038,-1.106056,-0.071811,0.776054
-1.305575,-0.187902,0.818044,-1.423242,-0.184432,0.686110,-1.449499,-0.194175,0.381009,-1.340813,-0.485569,0.441029,-1.190387,-0.179138,0.684070,-1.189236,-0.160724,0.378487,-1.205115,-0.460353,0.471914,-1.305573,-0.194931,0.871725,-1.451424,-0.181124,1.103116,-1.484815,-0.160601,0.922698,-1.526964,-0.074839,0.766029,-1.170462,-0.176147,1.109255,-1.114223,-0.148107,0.936057,-1.108648,-0.055310,0.777880
-1.306146,-0.187689,0.816284,-1.424782,-0.185740,0.685160,-1.449688,-0.193784,0.379907,-1.341151,-0.485118,0.440481,-1.191996,-0.178773,0.681435,-1.192305,-0.161494,0.375784,-1.204967,-0.460477,0.471554,-1.305846,-0.194342,0.870009,-1.451486,-0.180640,1.101596,-1.485085,-0.152664,0.922225,-1.526616,-0.059008,0.769952,-1.170572,-0.174783,1.107456,-1.115839,-0.139132,0.935173,-1.112177,-0.039697,0.781024
-1.306741,-0.188271,0.816043,-1.426028,-0.187527,0.685472,-1.449899,-0.193439,0.380097,-1.341512,-0.484900,0.440369,-1.193308,-0.179266,0.680598,-1.195132,-0.162083,0.374948,-1.204809,-0.460934,0.471399,-1.306261,-0.194581,0.869806,-1.452058,-0.180671,1.101357,-1.485442,-0.145533,0.923216,-1.525742,-0.043834,0.775820,-1.171211,-0.174026,1.107385,-1.118405,-0.131305,0.936109,-1.117319,-0.025630,0.786128
-1.306975,-0.189026,0.816151,-1.426590,-0.189263,0.685862,-1.450195,-0.193603,0.380448,-1.341989,-0.485171,0.440553,-1.193924,-0.179974,0.680393,-1.197441,-0.162648,0.374765,-1.204601,-0.461433,0.471594,-1.306385,-0.195044,0.869946,-1.452132,-0.181391,1.101630,-1.485129,-0.139359,0.924923,-1.523872,-0.029527,0.783019,-1.171358,-0.173956,1.107588,-1.121180,-0.124450,0.937347,-1.123460,-0.012659,0.791881
-1.307029,-0.189866,0.816435,-1.426812,-0.190975,0.686292,-1.450537,-0.194028,0.380879,-1.342517,-0.485687,0.440889,-1.194192,-0.180790,0.680503,-1.199497,-0.163209,0.374916,-1.204368,-0.461959,0.471969,-1.306366,-0.195620,0.870257,-1.451952,-0.182455,1.102169,-1.484467,-0.133692,0.927118,-1.521400,-0.015865,0.791241,-1.171257,-0.174232,1.107933,-1.124107,-0.118127,0.938874,-1.130166,-0.000431,0.798254
-1.306794,-0.190210,0.816699,-1.426504,-0.191830,0.686487,-1.450529,-0.194117,0.381097,-1.343020,-0.485898,0.441437,-1.193896,-0.181325,0.680807,-1.201058,-0.163599,0.375267,-1.204142,-0.462469,0.472052,-1.306155,-0.195752,0.870543,-1.451815,-0.183024,1.102528,-1.483232,-0.128475,0.929001,-1.517317,-0.003340,0.799010,-1.171191,-0.174510,1.108419,-1.126989,-0.112697,0.940555,-1.136992,0.010374,0.804839
-1.306639,-0.190529,0.816593,-1.426242,-0.192533,0.686281,-1.450490,-0.194005,0.380909,-1.343511,-0.485961,0.441376,-1.193641,-0.181810,0.680777,-1.202261,-0.163992,0.375279,-1.203856,-0.462986,0.471752,-1.306046,-0.195898,0.870455,-1.451890,-0.183592,1.102439,-1.482247,-0.123855,0.930450,-1.513256,0.008280,0.806726,-1.171338,-0.174891,1.108604,-1.130013,-0.107724,0.942066,-1.144006,0.020394,0.811457
-1.306646,-0.190796,0.815745,-1.426072,-0.192928,0.685269,-1.450381,-0.193490,0.379903,-1.343973,-0.485728,0.440094,-1.193465,-0.182196,0.680075,-1.202742,-0.164376,0.374597,-1.203449,-0.463511,0.470682,-1.306140,-0.196074,0.869617,-1.452394,-0.184151,1.101437,-1.481807,-0.120356,0.930762,-1.509393,0.018473,0.813676,-1.171910,-0.175471,1.108175,-1.133233,-0.103579,0.942977,-1.151262,0.029193,0.817594
-1.306631,-0.190844,0.815580,-1.425984,-0.193108,0.685038,-1.450141,-0.192910,0.379663,-1.344402,-0.485405,0.439836,-1.193378,-0.182308,0.679968,-1.203177,-0.164579,0.374501,-1.203067,-0.463874,0.470145,-1.306156,-0.196050,0.869460,-1.452533,-0.184431,1.101284,-1.481438,-0.117390,0.931784,-1.505753,0.027025,0.820837,-1.172106,-0.175592,1.108219,-1.136257,-0.100075,0.944002,-1.158487,0.036222,0.823136
-1.306605,-0.190782,0.815758,-1.425937,-0.193181,0.685197,-1.449837,-0.192297,0.379808,-1.344817,-0.485037,0.440088,-1.193335,-0.182283,0.680158,-1.203587,-0.164693,0.374698,-1.202699,-0.464155,0.469874,-1.306132,-0.195927,0.869643,-1.452488,-0.184571,1.101556,-1.481104,-0.114700,0.933169,-1.502107,0.034615,0.828137,-1.172113,-0.175483,1.108501,-1.139190,-0.096908,0.945108,-1.165686,0.042280,0.828451
-1.306689,-0.190489,0.816001,-1.425943,-0.192955,0.685369,-1.449407,-0.191643,0.379952,-1.345205,-0.484633,0.440471,-1.193346,-0.181925,0.680464,-1.203862,-0.164626,0.374997,-1.202312,-0.464035,0.470366,-1.306193,-0.195629,0.869887,-1.452116,-0.184787,1.102144,-1.480901,-0.112812,0.934690,-1.498957,0.040428,0.834848,-1.171776,-0.175214,1.108579,-1.141716,-0.094535,0.945662,-1.171922,0.046146,0.831727
-1.306841,-0.190098,0.816153,-1.426032,-0.192605,0.685462,-1.449047,-0.191007,0.380017,-1.345604,-0.484200,0.440876,-1.193437,-0.181478,0.680671,-1.204147,-0.164509,0.375192,-1.201927,-0.463855,0.470776,-1.306326,-0.195241,0.870040,-1.451851,-0.184785,1.102603,-1.480797,-0.111070,0.935951,-1.495816,0.045346,0.840596,-1.171538,-0.174924,1.108579,-1.144239,-0.092466,0.946069,-1.178018,0.049435,0.834680
-1.307133,-0.189510,0.816125,-1.426283,-0.192004,0.685398,-1.448827,-0.190406,0.379921,-1.346025,-0.483714,0.441332,-1.193689,-0.180852,0.680678,-1.204455,-0.164291,0.375178,-1.201545,-0.463554,0.471022,-1.306604,-0.194674,0.870011,-1.451801,-0.184348,1.102807,-1.480894,-0.109592,0.936658,-1.492979,0.048852,0.844266,-1.171495,-0.174589,1.108425,-1.146736,-0.090956,0.946112,-1.183829,0.051751,0.836827
-1.307681,-0.188981,0.816086,-1.426857,-0.191361,0.685381,-1.448820,-0.189900,0.379862,-1.346470,-0.483254,0.441820,-1.194262,-0.180228,0.680622,-1.204758,-0.163744,0.375109,-1.201367,-0.463129,0.470611,-1.307096,-0.194203,0.869967,-1.451630,-0.183799,1.103183,-1.481148,-0.108508,0.937364,-1.490640,0.051216,0.846891,-1.171308,-0.174342,1.108030,-1.149066,-0.090290,0.945571,-1.189305,0.053005,0.838180
-1.308356,-0.188480,0.816041,-1.427591,-0.190697,0.685388,-1.448920,-0.189442,0.379823,-1.346928,-0.482808,0.442324,-1.194996,-0.179605,0.680535,-1.205060,-0.163033,0.375013,-1.201289,-0.462642,0.469874,-1.307695,-0.193780,0.869915,-1.451396,-0.183196,1.103643,-1.481479,-0.107625,0.938065,-1.488536,0.052987,0.848959,-1.171050,-0.174140,1.107513,-1.151315,-0.090043,0.944754,-1.194594,0.053730,0.839190
-1.308962,-0.187183,0.816076,-1.428268,-0.189433,0.685491,-1.448964,-0.189087,0.379881,-1.347415,-0.482561,0.442602,-1.195675,-0.178336,0.680505,-1.206113,-0.162552,0.374954,-1.201109,-0.462179,0.469717,-1.308287,-0.192511,0.869947,-1.451877,-0.182477,1.103752,-1.482321,-0.106796,0.938301,-1.487817,0.053508,0.848575,-1.171530,-0.173915,1.107627,-1.153420,-0.087437,0.945928,-1.200090,0.059430,0.846164
-1.309548,-0.186069,0.816027,-1.428906,-0.188314,0.685492,-1.448959,-0.188723,0.379840,-1.347889,-0.482321,0.442764,-1.196316,-0.177201,0.680409,-1.206983,-0.162121,0.374830,-1.201015,-0.461721,0.469637,-1.308847,-0.191440,0.869893,-1.452207,-0.181913,1.103852,-1.483073,-0.106036,0.938577,-1.487121,0.054220,0.848723,-1.171858,-0.173617,1.107536,-1.155291,-0.085646,0.946477,-1.204822,0.063268,0.851180
-1.310094,-0.185319,0.815806,-1.429468,-0.187483,0.685288,-1.448856,-0.188342,0.379596,-1.348341,-0.482094,0.442688,-1.196881,-0.176332,0.680179,-1.207486,-0.161789,0.374573,-1.201093,-0.461282,0.469713,-1.309344,-0.190769,0.869665,-1.452229,-0.181658,1.103937,-1.483637,-0.105412,0.938942,-1.486419,0.055348,0.849963,-1.171876,-0.173167,1.107035,-1.156695,-0.085452,0.945700,-1.208165,0.063787,0.851943
-1.310597,-0.184681,0.815617,-1.429974,-0.186808,0.685102,-1.448695,-0.187971,0.379372,-1.348770,-0.481852,0.442811,-1.197393,-0.175547,0.679991,-1.207824,-0.161512,0.374355,-1.201287,-0.460860,0.469977,-1.309823,-0.190201,0.869468,-1.452552,-0.181408,1.103849,-1.484269,-0.105118,0.938941,-1.485886,0.055956,0.850518,-1.172208,-0.172445,1.106729,-1.157941,-0.085111,0.945105,-1.210839,0.064189,0.852245
-1.311079,-0.184099,0.815442,-1.430452,-0.186210,0.684925,-1.448505,-0.187605,0.379158,-1.349189,-0.481601,0.443033,-1.197877,-0.174803,0.679824,-1.208078,-0.161263,0.374158,-1.201539,-0.460448,0.470334,-1.310291,-0.189686,0.869287,-1.453026,-0.181160,1.103674,-1.484935,-0.104988,0.938756,-1.485435,0.056300,0.850729,-1.172699,-0.171588,1.106522,-1.159106,-0.084699,0.944600,-1.213178,0.064529,0.852311
-1.311518,-0.183625,0.815327,-1.430868,-0.185765,0.684790,-1.448208,-0.187259,0.378986,-1.349576,-0.481353,0.443481,-1.198303,-0.174138,0.679733,-1.208089,-0.160891,0.374040,-1.201927,-0.460021,0.470484,-1.310731,-0.189265,0.869166,-1.453617,-0.180913,1.103472,-1.485705,-0.104847,0.938545,-1.485245,0.056698,0.851009,-1.173316,-0.170582,1.106451,-1.160059,-0.084083,0.944292,-1.214929,0.064951,0.852178
-1.312033,-0.183230,0.815086,-1.431340,-0.185381,0.684511,-1.447983,-0.186998,0.378672,-1.349979,-0.481175,0.443753,-1.198784,-0.173555,0.679533,-1.208085,-0.160607,0.373812,-1.202310,-0.459652,0.470605,-1.311242,-0.188928,0.868918,-1.454114,-0.180721,1.103241,-1.486505,-0.104730,0.938345,-1.485152,0.057036,0.851246,-1.173836,-0.169800,1.106169,-1.160918,-0.083525,0.943863,-1.216501,0.065396,0.852017
-1.312698,-0.182995,0.814592,-1.431923,-0.185117,0.683944,-1.447900,-0.186911,0.378073,-1.350412,-0.481144,0.443676,-1.199372,-0.173135,0.679116,-1.208051,-0.160501,0.373364,-1.202688,-0.459398,0.470668,-1.311894,-0.188761,0.868418,-1.454424,-0.180638,1.102953,-1.487364,-0.104659,0.938166,-1.485265,0.057267,0.851402,-1.174153,-0.169464,1.105465,-1.161589,-0.083081,0.943190,-1.217721,0.065897,0.851799
-1.313190,-0.182733,0.814361,-1.432328,-0.184897,0.683635,-1.447861,-0.186805,0.377745,-1.350873,-0.481115,0.443743,-1.199784,-0.172726,0.678963,-1.208113,-0.160468,0.373185,-1.203163,-0.459235,0.470940,-1.312400,-0.188538,0.868183,-1.454955,-0.180363,1.102710,-1.488051,-0.104347,0.937976,-1.484955,0.057791,0.851660,-1.174705,-0.168763,1.105220,-1.162266,-0.082435,0.942906,-1.218805,0.066429,0.851613
-1.313596,-0.182456,0.814261,-1.432643,-0.184699,0.683454,-1.447842,-0.186688,0.377551,-1.351348,-0.481086,0.443883,-1.200107,-0.172322,0.678941,-1.208223,-0.160472,0.373142,-1.203688,-0.459117,0.471315,-1.312834,-0.188287,0.868081,-1.455597,-0.179992,1.102487,-1.488654,-0.103915,0.937779,-1.484431,0.058454,0.851966,-1.175375,-0.167881,1.105205,-1.162947,-0.081689,0.942818,-1.219822,0.066976,0.851442
-1.314117,-0.182459,0.814009,-1.433021,-0.184689,0.683073,-1.447698,-0.186449,0.377146,-1.351770,-0.480923,0.443971,-1.200490,-0.172124,0.678821,-1.208254,-0.160353,0.373009,-1.204276,-0.458886,0.471552,-1.313397,-0.188340,0.867825,-1.456348,-0.179740,1.102110,-1.490074,-0.103859,0.937451,-1.485965,0.058269,0.851219,-1.176147,-0.167273,1.105019,-1.163709,-0.081162,0.942591,-1.220816,0.067375,0.851186
-1.314563,-0.182479,0.813784,-1.433344,-0.184686,0.682735,-1.447563,-0.186135,0.376788,-1.352200,-0.480690,0.444072,-1.200819,-0.171955,0.678708,-1.208273,-0.160197,0.372888,-1.204865,-0.458634,0.471744,-1.313883,-0.188407,0.867594,-1.457035,-0.179382,1.101749,-1.491324,-0.103653,0.937138,-1.487255,0.058240,0.850505,-1.176854,-0.166641,1.104861,-1.164379,-0.080637,0.942379,-1.221660,0.067782,0.850928
-1.314860,-0.182534,0.813610,-1.433560,-0.184696,0.682485,-1.447445,-0.185675,0.376524,-1.352643,-0.480322,0.444204,-1.201039,-0.171843,0.678612,-1.208273,-0.159969,0.372791,-1.205457,-0.458343,0.471848,-1.314214,-0.188503,0.867416,-1.457592,-0.178811,1.101418,-1.492230,-0.103141,0.936856,-1.488053,0.058532,0.849862,-1.177425,-0.165960,1.104759,-1.164861,-0.080117,0.942198,-1.222203,0.068205,0.850665
-1.315104,-0.182904,0.813382,-1.433723,-0.185048,0.682182,-1.447487,-0.185143,0.376217,-1.353133,-0.479938,0.443868,-1.201212,-0.171977,0.678463,-1.208278,-0.159740,0.372652,-1.205989,-0.458077,0.471806,-1.314492,-0.188906,0.867185,-1.458159,-0.178290,1.100988,-1.493116,-0.102691,0.936463,-1.488906,0.058789,0.849152,-1.178017,-0.165184,1.104608,-1.165271,-0.079607,0.941920,-1.222631,0.068599,0.850222
-1.315320,-0.183429,0.813128,-1.433859,-0.185570,0.681853,-1.447611,-0.184575,0.375892,-1.353647,-0.479548,0.443302,-1.201361,-0.172233,0.678288,-1.208287,-0.159510,0.372493,-1.206492,-0.457825,0.471691,-1.314742,-0.189461,0.866928,-1.458733,-0.177795,1.100504,-1.493991,-0.102272,0.936010,-1.489786,0.059026,0.848404,-1.178622,-0.164364,1.104426,-1.165646,-0.079102,0.941591,-1.223001,0.068976,0.849685
-1.315488,-0.184284,0.812857,-1.433924,-0.186563,0.681486,-1.447851,-0.184088,0.375546,-1.354203,-0.479436,0.441751,-1.201445,-0.172849,0.678107,-1.208258,-0.159587,0.372331,-1.206841,-0.457792,0.471812,-1.314950,-0.190289,0.866660,-1.459309,-0.177076,1.099963,-1.494411,-0.101526,0.935450,-1.489499,0.059911,0.848163,-1.179242,-0.163183,1.104194,-1.165979,-0.078418,0.941121,-1.223341,0.069467,0.848909
-1.315623,-0.185323,0.812428,-1.433968,-0.187751,0.680973,-1.448088,-0.183666,0.375064,-1.354760,-0.479358,0.440161,-1.201512,-0.173633,0.677759,-1.208253,-0.159719,0.372011,-1.207186,-0.457823,0.471737,-1.315125,-0.191295,0.866235,-1.459914,-0.176430,1.099210,-1.494947,-0.100919,0.934667,-1.489446,0.060638,0.847663,-1.179899,-0.162007,1.103806,-1.166292,-0.077777,0.940483,-1.223643,0.069900,0.847932
-1.315695,-0.186731,0.811684,-1.433969,-0.189332,0.680166,-1.448313,-0.183369,0.374302,-1.355316,-0.479355,0.438492,-1.201540,-0.174753,0.677078,-1.208295,-0.159963,0.371370,-1.207525,-0.457983,0.471271,-1.315236,-0.192661,0.865496,-1.460575,-0.175930,1.098043,-1.495717,-0.100589,0.933447,-1.489860,0.061056,0.846653,-1.180624,-0.160837,1.103115,-1.166565,-0.077220,0.939514,-1.223870,0.070221,0.846559
-1.315744,-0.188508,0.811027,-1.433890,-0.191219,0.679392,-1.448546,-0.182983,0.373600,-1.355872,-0.479407,0.436216,-1.201491,-0.176134,0.676541,-1.208325,-0.160314,0.370885,-1.207786,-0.458148,0.471243,-1.315338,-0.194425,0.864840,-1.461241,-0.175638,1.096923,-1.496571,-0.100474,0.932288,-1.490452,0.061272,0.845726,-1.181365,-0.159792,1.102459,-1.166825,-0.076748,0.938606,-1.224080,0.070452,0.845238
-1.315783,-0.190470,0.810412,-1.433772,-0.193259,0.678635,-1.448791,-0.182553,0.372944,-1.356431,-0.479478,0.433647,-1.201405,-0.177645,0.676077,-1.208355,-0.160720,0.370482,-1.208010,-0.458315,0.471437,-1.315435,-0.196389,0.864225,-1.461917,-0.175452,1.095810,-1.497470,-0.100469,0.931142,-1.491135,0.061385,0.844823,-1.182123,-0.158811,1.101803,-1.167087,-0.076318,0.937715,-1.224290,0.070637,0.843931
-1.315762,-0.192138,0.810196,-1.433654,-0.195115,0.678339,-1.449127,-0.182281,0.372756,-1.357000,-0.479261,0.433463,-1.201323,-0.178950,0.675950,-1.208345,-0.160949,0.370417,-1.208144,-0.458445,0.471555,-1.315453,-0.198018,0.864014,-1.462520,-0.174632,1.095038,-1.498299,-0.100296,0.930127,-1.491867,0.061385,0.843520,-1.182808,-0.157169,1.101454,-1.167405,-0.075665,0.936905,-1.224608,0.070754,0.842287
-1.315708,-0.193862,0.810002,-1.433482,-0.197087,0.678046,-1.449366,-0.182054,0.372590,-1.357559,-0.479163,0.433065,-1.201194,-0.180288,0.675861,-1.208295,-0.161215,0.370394,-1.208186,-0.458662,0.471581,-1.315455,-0.199691,0.863824,-1.463285,-0.173894,1.094151,-1.499162,-0.100210,0.928970,-1.492628,0.061291,0.842066,-1.183673,-0.155465,1.101167,-1.167817,-0.075038,0.936130,-1.224992,0.070755,0.840533
-1.315591,-0.195693,0.809850,-1.433200,-0.199284,0.677760,-1.449403,-0.181912,0.372452,-1.358094,-0.479299,0.432221,-1.200969,-0.181691,0.675849,-1.208159,-0.161557,0.370451,-1.208043,-0.459049,0.471419,-1.315426,-0.201450,0.863679,-1.464363,-0.173322,1.093068,-1.500090,-0.100293,0.927566,-1.493447,0.061014,0.840342,-1.184885,-0.153640,1.101036,-1.168410,-0.074460,0.935456,-1.225495,0.070528,0.838589
-1.315420,-0.197361,0.809647,-1.432883,-0.201342,0.677446,-1.449404,-0.181738,0.372296,-1.358624,-0.479392,0.431447,-1.200712,-0.182956,0.675767,-1.208029,-0.161986,0.370426,-1.207905,-0.459492,0.471301,-1.315321,-0.203040,0.863485,-1.465158,-0.172623,1.092040,-1.500791,-0.100354,0.926186,-1.494079,0.060701,0.838534,-1.185805,-0.151793,1.100708,-1.168896,-0.073847,0.934585,-1.225936,0.070343,0.836508
-1.315222,-0.198946,0.809420,-1.432548,-0.203327,0.677118,-1.449397,-0.181550,0.372140,-1.359157,-0.479463,0.430713,-1.200439,-0.184152,0.675650,-1.207907,-0.162459,0.370361,-1.207772,-0.459962,0.471204,-1.315179,-0.204545,0.863265,-1.465817,-0.171865,1.091024,-1.501382,-0.100408,0.924805,-1.494617,0.060363,0.836671,-1.186586,-0.149942,1.100264,-1.169333,-0.073222,0.933605,-1.226349,0.070169,0.834349
-1.315181,-0.200332,0.809176,-1.432411,-0.205072,0.676809,-1.449456,-0.181474,0.371983,-1.359693,-0.479540,0.430378,-1.200371,-0.185077,0.675483,-1.207936,-0.162929,0.370228,-1.207871,-0.460473,0.470940,-1.315162,-0.205897,0.863025,-1.466329,-0.171605,1.090225,-1.501896,-0.100949,0.923664,-1.495165,0.059545,0.835030,-1.187206,-0.148612,1.099744,-1.169830,-0.073052,0.932567,-1.226842,0.069529,0.832150
-1.315169,-0.201519,0.809010,-1.432281,-0.206592,0.676558,-1.449478,-0.181526,0.371863,-1.360230,-0.479712,0.430293,-1.200307,-0.185824,0.675414,-1.207945,-0.163410,0.370178,-1.208031,-0.460971,0.470816,-1.315177,-0.207066,0.862861,-1.466825,-0.171472,1.089562,-1.502390,-0.101608,0.922669,-1.495717,0.058596,0.833510,-1.187803,-0.147465,1.099325,-1.170345,-0.073031,0.931651,-1.227342,0.068756,0.830105
-1.315216,-0.202312,0.808999,-1.432165,-0.207665,0.676417,-1.449403,-0.181829,0.371794,-1.360754,-0.480072,0.430694,-1.200252,-0.186216,0.675539,-1.207905,-0.163915,0.370293,-1.208306,-0.461444,0.470973,-1.315259,-0.207869,0.862849,-1.467270,-0.171584,1.089204,-1.502838,-0.102493,0.921991,-1.496275,0.057393,0.832255,-1.188333,-0.146674,1.099138,-1.170888,-0.073293,0.930998,-1.227856,0.067732,0.828381
-1.315317,-0.202670,0.809163,-1.432076,-0.208181,0.676421,-1.449165,-0.182267,0.371800,-1.361236,-0.480532,0.431548,-1.200214,-0.186180,0.675868,-1.207806,-0.164189,0.370596,-1.208656,-0.461597,0.471581,-1.315397,-0.208291,0.863007,-1.467640,-0.171983,1.089190,-1.503265,-0.103672,0.921669,-1.496917,0.055831,0.831239,-1.188758,-0.146384,1.099241,-1.171392,-0.073977,0.930670,-1.228330,0.066377,0.827121
-1.315444,-0.202812,0.809415,-1.432002,-0.208418,0.676497,-1.448840,-0.182771,0.371844,-1.361696,-0.481038,0.432627,-1.200186,-0.185929,0.676300,-1.207676,-0.164346,0.370995,-1.209045,-0.461588,0.472414,-1.315563,-0.208524,0.863250,-1.467970,-0.172524,1.089349,-1.503679,-0.104999,0.921528,-1.497596,0.054085,0.830347,-1.189129,-0.146342,1.099491,-1.171875,-0.074872,0.930509,-1.228781,0.064855,0.826098
-1.315627,-0.202411,0.810012,-1.432051,-0.207862,0.676962,-1.448448,-0.183147,0.372210,-1.362149,-0.481537,0.433547,-1.200251,-0.185211,0.677036,-1.207622,-0.164497,0.371666,-1.209354,-0.461700,0.473169,-1.315768,-0.208290,0.863829,-1.468081,-0.173426,1.090125,-1.504042,-0.106496,0.922122,-1.498237,0.052151,0.830163,-1.189212,-0.147229,1.100248,-1.172115,-0.076539,0.930922,-1.228975,0.062843,0.826025
-1.315756,-0.201741,0.810510,-1.432069,-0.206962,0.677345,-1.448060,-0.183446,0.372480,-1.362612,-0.481993,0.434219,-1.200274,-0.184258,0.677657,-1.207560,-0.164623,0.372213,-1.209636,-0.461794,0.473780,-1.315917,-0.207810,0.864306,-1.468114,-0.174332,1.090839,-1.504314,-0.107916,0.922684,-1.498757,0.050288,0.829950,-1.189197,-0.148316,1.100983,-1.172232,-0.078337,0.931348,-1.229021,0.060810,0.826103
-1.315776,-0.200532,0.810808,-1.432024,-0.205372,0.677565,-1.447685,-0.183595,0.372554,-1.363096,-0.482368,0.434401,-1.200213,-0.182837,0.678048,-1.207491,-0.164697,0.372511,-1.209865,-0.461854,0.474103,-1.315956,-0.206839,0.864577,-1.467998,-0.175245,1.091423,-1.504409,-0.109183,0.923175,-1.499042,0.048575,0.829674,-1.188993,-0.149806,1.101666,-1.172107,-0.080396,0.931790,-1.228778,0.058741,0.826468
-1.316090,-0.198849,0.810964,-1.432345,-0.203073,0.677698,-1.447485,-0.183300,0.372525,-1.363588,-0.482234,0.434558,-1.200498,-0.180916,0.678258,-1.207640,-0.164572,0.372617,-1.210309,-0.461633,0.474478,-1.316241,-0.205475,0.864695,-1.467595,-0.176204,1.092238,-1.504397,-0.110414,0.923969,-1.499245,0.046794,0.829535,-1.188440,-0.151785,1.102047,-1.171875,-0.082724,0.931998,-1.228512,0.056691,0.827026
-1.316552,-0.196928,0.811049,-1.432849,-0.200418,0.677795,-1.447382,-0.182788,0.372461,-1.364092,-0.481849,0.434718,-1.200956,-0.178746,0.678380,-1.207909,-0.164350,0.372638,-1.210868,-0.461272,0.474889,-1.316650,-0.203916,0.864735,-1.467058,-0.177201,1.093140,-1.504343,-0.111641,0.924889,-1.499432,0.044965,0.829447,-1.187728,-0.154017,1.102238,-1.171619,-0.085189,0.932053,-1.228268,0.054649,0.827651
-1.316846,-0.193689,0.811964,-1.433228,-0.196747,0.678776,-1.446859,-0.183090,0.373196,-1.364558,-0.482081,0.436982,-1.201285,-0.175617,0.679256,-1.208137,-0.164447,0.373378,-1.211463,-0.461139,0.476297,-1.316940,-0.200953,0.865614,-1.467091,-0.177941,1.094494,-1.504111,-0.112582,0.926107,-1.499265,0.043319,0.829514,-1.187621,-0.155890,1.103786,-1.171412,-0.086967,0.933652,-1.227607,0.052927,0.829080
-1.317151,-0.190497,0.812665,-1.433637,-0.192993,0.679566,-1.446364,-0.183180,0.373799,-1.365032,-0.482189,0.438661,-1.201643,-0.172433,0.679922,-1.208400,-0.164311,0.373946,-1.212057,-0.460872,0.477258,-1.317227,-0.198087,0.866269,-1.466990,-0.179013,1.095670,-1.503743,-0.113725,0.927199,-1.498928,0.041567,0.829628,-1.187377,-0.158152,1.104986,-1.171161,-0.089069,0.934920,-1.226955,0.050967,0.830325
-1.317481,-0.187397,0.812936,-1.434107,-0.189078,0.679967,-1.445900,-0.182838,0.374069,-1.365507,-0.482057,0.439101,-1.202058,-0.169137,0.680164,-1.208711,-0.163706,0.374128,-1.212630,-0.460335,0.477278,-1.317506,-0.195417,0.866477,-1.466600,-0.180748,1.096546,-1.503095,-0.115269,0.928093,-1.498249,0.039619,0.829884,-1.186828,-0.161182,1.105546,-1.170785,-0.091809,0.935584,-1.226276,0.048544,0.831252
-1.318111,-0.184037,0.813504,-1.434903,-0.184971,0.680706,-1.445540,-0.182827,0.374707,-1.365997,-0.482168,0.440139,-1.202801,-0.165659,0.680676,-1.209112,-0.162951,0.374598,-1.213224,-0.459871,0.476974,-1.318041,-0.192460,0.866984,-1.465948,-0.182297,1.097980,-1.502435,-0.116171,0.929780,-1.497633,0.038127,0.830645,-1.186001,-0.164150,1.105996,-1.170427,-0.094524,0.936097,-1.225681,0.046147,0.832068
-1.318893,-0.180544,0.814220,-1.435863,-0.180767,0.681621,-1.445253,-0.182989,0.375581,-1.366496,-0.482402,0.441526,-1.203709,-0.162089,0.681324,-1.209573,-0.162123,0.375227,-1.213826,-0.459442,0.476525,-1.318704,-0.189359,0.867638,-1.465182,-0.183772,1.099627,-1.501778,-0.116769,0.931801,-1.497074,0.036846,0.831606,-1.185062,-0.167096,1.106317,-1.170121,-0.097228,0.936464,-1.225183,0.043760,0.832763
-1.319582,-0.177218,0.814284,-1.436705,-0.176652,0.681874,-1.444975,-0.182540,0.375848,-1.366993,-0.482298,0.441118,-1.204511,-0.158480,0.681372,-1.209786,-0.161278,0.375279,-1.214362,-0.459065,0.475268,-1.319310,-0.186482,0.867626,-1.464951,-0.185931,1.100141,-1.501178,-0.118054,0.932590,-1.496431,0.035230,0.831890,-1.184730,-0.169969,1.106168,-1.169961,-0.099718,0.936461,-1.224726,0.041538,0.832969
-1.320193,-0.173862,0.814441,-1.437462,-0.172608,0.682226,-1.444723,-0.182064,0.376264,-1.367495,-0.482149,0.440905,-1.205239,-0.154822,0.681517,-1.209954,-0.160470,0.375455,-1.214836,-0.458741,0.474067,-1.319848,-0.183554,0.867706,-1.464898,-0.188035,1.100487,-1.500617,-0.119338,0.933162,-1.495837,0.033711,0.832109,-1.184609,-0.172406,1.106114,-1.169852,-0.101888,0.936519,-1.224279,0.039491,0.833017
-1.320643,-0.170448,0.814781,-1.438052,-0.168706,0.682760,-1.444488,-0.181518,0.376903,-1.367996,-0.481906,0.441013,-1.205818,-0.151066,0.681850,-1.209998,-0.159729,0.375851,-1.215184,-0.458521,0.472946,-1.320245,-0.180526,0.867975,-1.465164,-0.190010,1.100635,-1.500113,-0.120603,0.933442,-1.495316,0.032404,0.832325,-1.184864,-0.173970,1.106403,-1.169775,-0.103418,0.936853,-1.223760,0.037798,0.832897
-1.321351,-0.167353,0.814371,-1.438906,-0.165116,0.682559,-1.444421,-0.181258,0.376842,-1.368503,-0.481812,0.440860,-1.206661,-0.147628,0.681436,-1.210068,-0.159375,0.375530,-1.215374,-0.458377,0.472035,-1.320849,-0.177817,0.867490,-1.464908,-0.192086,1.100391,-1.499558,-0.121834,0.933491,-1.494881,0.031262,0.832504,-1.184569,-0.175955,1.105436,-1.169601,-0.104738,0.936156,-1.223294,0.036723,0.832382
-1.322189,-0.164417,0.813585,-1.439892,-0.161684,0.681996,-1.444441,-0.181142,0.376456,-1.369005,-0.481790,0.440600,-1.207637,-0.144350,0.680652,-1.210153,-0.159214,0.374875,-1.215473,-0.458274,0.471253,-1.321556,-0.175266,0.866626,-1.464394,-0.194218,1.099901,-1.498978,-0.123052,0.933376,-1.494489,0.030198,0.832615,-1.184007,-0.178143,1.103787,-1.169390,-0.105948,0.934892,-1.222871,0.035960,0.831620
-1.323204,-0.161985,0.813072,-1.440972,-0.158922,0.681619,-1.444252,-0.181049,0.376245,-1.369430,-0.481784,0.440726,-1.208714,-0.141648,0.680194,-1.210238,-0.159469,0.374569,-1.215517,-0.458596,0.470782,-1.322482,-0.173137,0.866049,-1.464473,-0.195797,1.099476,-1.498917,-0.124130,0.933138,-1.494646,0.029225,0.832526,-1.184081,-0.179313,1.102622,-1.169583,-0.106269,0.934084,-1.222856,0.035891,0.831051
-1.324116,-0.159697,0.812643,-1.441976,-0.156392,0.681348,-1.444156,-0.181025,0.376156,-1.369628,-0.481781,0.440904,-1.209722,-0.139068,0.679798,-1.210353,-0.159780,0.374353,-1.215480,-0.458986,0.470364,-1.323297,-0.171129,0.865560,-1.464483,-0.197251,1.099083,-1.498829,-0.125157,0.932910,-1.494826,0.028301,0.832445,-1.184101,-0.180211,1.101546,-1.169719,-0.106339,0.933360,-1.222858,0.036049,0.830574
-1.324824,-0.157694,0.812383,-1.442826,-0.154324,0.681281,-1.444238,-0.181139,0.376268,-1.369384,-0.481791,0.441144,-1.210594,-0.136727,0.679520,-1.210519,-0.160203,0.374274,-1.215295,-0.459512,0.470007,-1.323893,-0.169360,0.865247,-1.464359,-0.198460,1.098829,-1.498698,-0.126092,0.932774,-1.495072,0.027466,0.832448,-1.184012,-0.180579,1.100718,-1.169738,-0.105915,0.932874,-1.222889,0.036659,0.830352
-1.325519,-0.155972,0.812083,-1.443631,-0.152577,0.681140,-1.444281,-0.181225,0.376292,-1.369062,-0.481708,0.441557,-1.211428,-0.134612,0.679228,-1.210699,-0.160514,0.374179,-1.215284,-0.459876,0.469756,-1.324482,-0.167859,0.864896,-1.464268,-0.199555,1.098529,-1.498660,-0.126968,0.932582,-1.495471,0.026708,0.832422,-1.183974,-0.180677,1.099900,-1.169784,-0.105193,0.932416,-1.223060,0.037591,0.830252
-1.326207,-0.154391,0.811764,-1.444413,-0.150989,0.680963,-1.444297,-0.181295,0.376275,-1.368696,-0.481574,0.442060,-1.212244,-0.132610,0.678932,-1.210880,-0.160765,0.374085,-1.215350,-0.460158,0.469565,-1.325068,-0.166491,0.864526,-1.464188,-0.200592,1.098201,-1.498662,-0.127814,0.932355,-1.495938,0.025990,0.832379,-1.183960,-0.180637,1.099084,-1.169842,-0.104319,0.931973,-1.223300,0.038686,0.830215
-1.326953,-0.153355,0.811544,-1.445230,-0.149975,0.680851,-1.444526,-0.181305,0.376267,-1.368374,-0.481237,0.443012,-1.213105,-0.131054,0.678750,-1.211066,-0.160616,0.374039,-1.215718,-0.459965,0.469614,-1.325712,-0.165646,0.864260,-1.464168,-0.201326,1.098085,-1.498852,-0.128500,0.932305,-1.496614,0.025496,0.832611,-1.184020,-0.180209,1.098439,-1.170051,-0.103205,0.931631,-1.223885,0.039928,0.830250
-1.327593,-0.152564,0.811296,-1.445938,-0.149190,0.680704,-1.444725,-0.181274,0.376200,-1.368011,-0.480848,0.443894,-1.213859,-0.129729,0.678541,-1.211193,-0.160419,0.373945,-1.216089,-0.459695,0.469697,-1.326258,-0.165042,0.863966,-1.464153,-0.201985,1.097921,-1.499055,-0.129130,0.932199,-1.497309,0.025048,0.832777,-1.184091,-0.179749,1.097848,-1.170252,-0.102084,0.931336,-1.224502,0.041191,0.830380
-1.328020,-0.152268,0.810992,-1.446430,-0.148865,0.680488,-1.444879,-0.181165,0.376008,-1.367580,-0.480364,0.444629,-1.214397,-0.128871,0.678274,-1.211214,-0.160133,0.373739,-1.216483,-0.459273,0.469836,-1.326608,-0.164921,0.863619,-1.464160,-0.202494,1.097675,-1.499298,-0.129652,0.931997,-1.498055,0.024688,0.832819,-1.184183,-0.179237,1.097375,-1.170442,-0.100963,0.931141,-1.225186,0.042488,0.830703
-1.328335,-0.152629,0.810501,-1.446828,-0.149133,0.680085,-1.445080,-0.181032,0.375565,-1.367117,-0.479851,0.445018,-1.214833,-0.128708,0.677792,-1.211201,-0.159941,0.373258,-1.216872,-0.458963,0.469621,-1.326856,-0.165432,0.863090,-1.464189,-0.202812,1.097311,-1.499827,-0.130061,0.931698,-1.499362,0.024295,0.832539,-1.184281,-0.178806,1.096826,-1.170631,-0.099992,0.930839,-1.225934,0.043744,0.831118
-1.328594,-0.153319,0.809917,-1.447179,-0.149697,0.679591,-1.445308,-0.180886,0.374997,-1.366642,-0.479321,0.445234,-1.215218,-0.128892,0.677203,-1.211174,-0.159794,0.372640,-1.217262,-0.458707,0.469229,-1.327051,-0.166260,0.862470,-1.464232,-0.203034,1.096885,-1.500502,-0.130415,0.931350,-1.500952,0.023883,0.832099,-1.184386,-0.178415,1.096235,-1.170825,-0.099097,0.930481,-1.226720,0.044976,0.831578
-1.328585,-0.154674,0.809876,-1.447252,-0.150959,0.679605,-1.445571,-0.180622,0.374857,-1.366080,-0.478761,0.445394,-1.215326,-0.129782,0.677140,-1.211095,-0.159697,0.372480,-1.217588,-0.458380,0.469643,-1.326994,-0.167698,0.862407,-1.464199,-0.202631,1.097110,-1.500826,-0.130234,0.931555,-1.501766,0.024000,0.832209,-1.184406,-0.177565,1.096354,-1.170888,-0.098143,0.930645,-1.227345,0.046052,0.832241
-1.328511,-0.156288,0.809884,-1.447261,-0.152486,0.679663,-1.445786,-0.180397,0.374747,-1.365515,-0.478286,0.445423,-1.215369,-0.130945,0.677118,-1.211034,-0.159631,0.372340,-1.217875,-0.458102,0.470014,-1.326876,-0.169376,0.862398,-1.464162,-0.202106,1.097394,-1.501131,-0.129969,0.931799,-1.502478,0.024186,0.832336,-1.184419,-0.176674,1.096549,-1.170907,-0.097211,0.930859,-1.227910,0.047102,0.832944
-1.328308,-0.158422,0.809992,-1.447142,-0.154547,0.679809,-1.445902,-0.180250,0.374697,-1.364937,-0.477985,0.445188,-1.215284,-0.132655,0.677175,-1.211006,-0.159628,0.372238,-1.218080,-0.457924,0.470305,-1.326636,-0.171538,0.862497,-1.464114,-0.201336,1.097802,-1.501389,-0.129536,0.932128,-1.502982,0.024509,0.832498,-1.184410,-0.175697,1.096902,-1.170826,-0.096321,0.931175,-1.228343,0.048107,0.833731
-1.327880,-0.161092,0.810170,-1.446816,-0.157154,0.680029,-1.445875,-0.180194,0.374703,-1.364371,-0.477854,0.444822,-1.214991,-0.134933,0.677273,-1.210930,-0.159684,0.372143,-1.218152,-0.457865,0.470405,-1.326177,-0.174203,0.862676,-1.463956,-0.200381,1.098272,-1.501526,-0.129031,0.932470,-1.503237,0.024880,0.832634,-1.184288,-0.174611,1.097366,-1.170562,-0.095499,0.931524,-1.228566,0.048973,0.834435
-1.327340,-0.164033,0.810385,-1.446386,-0.160037,0.680288,-1.445782,-0.180182,0.374757,-1.363818,-0.477808,0.444410,-1.214593,-0.137498,0.677391,-1.210834,-0.159770,0.372066,-1.218159,-0.457865,0.470426,-1.325607,-0.177121,0.862896,-1.463744,-0.199332,1.098732,-1.501596,-0.128484,0.932777,-1.503359,0.025280,0.832715,-1.184113,-0.173466,1.097845,-1.170213,-0.094707,0.931848,-1.228696,0.049773,0.835059
-1.326270,-0.167614,0.810847,-1.445455,-0.163771,0.680793,-1.445878,-0.180270,0.375044,-1.363426,-0.478112,0.443142,-1.213720,-0.140678,0.677697,-1.210673,-0.159812,0.372150,-1.217836,-0.457818,0.470619,-1.324528,-0.180595,0.863383,-1.463583,-0.198075,1.099134,-1.501544,-0.127850,0.932938,-1.503208,0.025935,0.832908,-1.184029,-0.171734,1.098844,-1.169590,-0.093789,0.932507,-1.228459,0.050384,0.835494
-1.325206,-0.171388,0.811219,-1.444523,-0.167670,0.681204,-1.446068,-0.180330,0.375277,-1.363310,-0.478424,0.441846,-1.212840,-0.144079,0.677920,-1.210533,-0.159880,0.372174,-1.217561,-0.457744,0.470907,-1.323457,-0.184250,0.863784,-1.463409,-0.196793,1.099380,-1.501506,-0.127202,0.932947,-1.502996,0.026632,0.832989,-1.183931,-0.170039,1.099620,-1.168926,-0.092915,0.932950,-1.228132,0.050969,0.835713
-1.324154,-0.175541,0.811414,-1.443587,-0.171895,0.681421,-1.446423,-0.180332,0.375360,-1.363718,-0.478756,0.440459,-1.211946,-0.147917,0.677972,-1.210413,-0.159998,0.372050,-1.217366,-0.457612,0.471357,-1.322401,-0.188264,0.864012,-1.463188,-0.195462,1.099404,-1.501488,-0.126529,0.932743,-1.502664,0.027402,0.832932,-1.183780,-0.168423,1.100042,-1.168150,-0.092132,0.933044,-1.227588,0.051503,0.835582
-1.322805,-0.180086,0.811188,-1.442318,-0.176517,0.681182,-1.446695,-0.180188,0.375048,-1.364096,-0.479119,0.437969,-1.210725,-0.152095,0.677641,-1.210152,-0.160197,0.371583,-1.217039,-0.457468,0.471720,-1.321100,-0.192661,0.863822,-1.463312,-0.194043,1.098530,-1.501468,-0.126359,0.931323,-1.502166,0.027714,0.831710,-1.183989,-0.166635,1.100208,-1.167335,-0.091334,0.932859,-1.226871,0.051993,0.835002
-1.321310,-0.184822,0.810751,-1.440884,-0.181334,0.680720,-1.446941,-0.179977,0.374599,-1.364466,-0.479482,0.434988,-1.209341,-0.156441,0.677122,-1.209834,-0.160437,0.370981,-1.216637,-0.457318,0.472079,-1.319676,-0.197247,0.863422,-1.463613,-0.192594,1.097103,-1.501440,-0.126451,0.929203,-1.501575,0.027789,0.829823,-1.184389,-0.164770,1.100142,-1.166521,-0.090532,0.932440,-1.226092,0.052457,0.834112
-1.319983,-0.190325,0.810523,-1.439622,-0.186853,0.680471,-1.447426,-0.179669,0.374472,-1.364875,-0.479902,0.431273,-1.208118,-0.161608,0.676807,-1.209723,-0.161010,0.370643,-1.216297,-0.457742,0.472018,-1.318370,-0.202562,0.863237,-1.463295,-0.191319,1.096175,-1.501446,-0.126236,0.927934,-1.501082,0.028463,0.829246,-1.184160,-0.163240,1.099630,-1.165461,-0.089868,0.931636,-1.225185,0.052929,0.833122
-1.318847,-0.195723,0.810395,-1.438556,-0.192298,0.680338,-1.447937,-0.179466,0.374571,-1.365349,-0.480310,0.428207,-1.207086,-0.166748,0.676579,-1.209705,-0.161357,0.370467,-1.216050,-0.458189,0.471479,-1.317232,-0.207743,0.863159,-1.462814,-0.189824,1.095363,-1.501459,-0.125934,0.926776,-1.500600,0.029169,0.828704,-1.183760,-0.161532,1.098819,-1.164435,-0.089285,0.930405,-1.224401,0.053345,0.831793
-1.318096,-0.200909,0.810466,-1.437882,-0.197591,0.680424,-1.448461,-0.179458,0.374966,-1.365936,-0.480746,0.426302,-1.206439,-0.171829,0.676522,-1.209842,-0.161248,0.370552,-1.216011,-0.458671,0.469910,-1.316429,-0.212651,0.863291,-1.462002,-0.187872,1.094965,-1.501508,-0.125454,0.926026,-1.500176,0.029945,0.828403,-1.183009,-0.159457,1.097594,-1.163444,-0.088869,0.928502,-1.223801,0.053648,0.829956
-1.317156,-0.205316,0.810462,-1.436934,-0.202328,0.680365,-1.448663,-0.179576,0.375260,-1.366489,-0.481195,0.425274,-1.205522,-0.176289,0.676440,-1.209908,-0.161552,0.370654,-1.215794,-0.459229,0.469314,-1.315512,-0.216728,0.863361,-1.461742,-0.185503,1.093935,-1.501467,-0.124492,0.924534,-1.499300,0.031007,0.827069,-1.182826,-0.156869,1.096554,-1.162673,-0.088015,0.926813,-1.223150,0.054177,0.827872
-1.316123,-0.209336,0.810421,-1.435848,-0.206790,0.680238,-1.448713,-0.179762,0.375531,-1.367023,-0.481656,0.424711,-1.204469,-0.180442,0.676349,-1.209947,-0.162066,0.370776,-1.215478,-0.459831,0.469219,-1.314538,-0.220391,0.863397,-1.461760,-0.182946,1.092507,-1.501376,-0.123310,0.922591,-1.498188,0.032189,0.825143,-1.182932,-0.154036,1.095524,-1.162016,-0.086958,0.925162,-1.222479,0.054802,0.825599
-1.315093,-0.212949,0.809831,-1.434827,-0.210958,0.679632,-1.449050,-0.179962,0.375366,-1.367399,-0.482080,0.423234,-1.203517,-0.184031,0.675676,-1.209979,-0.162863,0.370301,-1.215004,-0.460429,0.469304,-1.313544,-0.223691,0.862872,-1.461738,-0.181611,1.090634,-1.501367,-0.122765,0.920447,-1.497554,0.032809,0.823142,-1.183012,-0.152228,1.094149,-1.161324,-0.086579,0.923325,-1.221764,0.054819,0.823237
-1.314164,-0.216200,0.809215,-1.433879,-0.214785,0.678983,-1.449362,-0.180196,0.375169,-1.367777,-0.482492,0.421981,-1.202636,-0.187280,0.675003,-1.210001,-0.163767,0.369819,-1.214539,-0.461032,0.469649,-1.312655,-0.226638,0.862316,-1.461787,-0.180419,1.088744,-1.501345,-0.122334,0.918279,-1.496987,0.033259,0.821034,-1.183171,-0.150448,1.092728,-1.160789,-0.086188,0.921463,-1.221194,0.054752,0.820712
-1.313440,-0.218725,0.808547,-1.433075,-0.217926,0.678238,-1.449592,-0.180478,0.374821,-1.368142,-0.482876,0.421091,-1.201899,-0.189848,0.674327,-1.209974,-0.164875,0.369274,-1.214087,-0.461631,0.470460,-1.311974,-0.228877,0.861705,-1.461967,-0.179476,1.086957,-1.501306,-0.122104,0.916201,-1.496578,0.033399,0.818843,-1.183478,-0.148697,1.091353,-1.160555,-0.085750,0.919670,-1.220895,0.054537,0.817974
-1.312858,-0.220887,0.808212,-1.432382,-0.220694,0.677804,-1.449596,-0.180944,0.374720,-1.367919,-0.483296,0.420760,-1.201283,-0.191963,0.674025,-1.209947,-0.165961,0.369072,-1.213653,-0.462232,0.471534,-1.311421,-0.230803,0.861415,-1.462055,-0.179184,1.085794,-1.501087,-0.122403,0.914771,-1.496041,0.032965,0.817234,-1.183706,-0.147401,1.090375,-1.160493,-0.085603,0.918313,-1.220700,0.053845,0.815391
-1.312348,-0.222866,0.808045,-1.431744,-0.223274,0.677527,-1.449492,-0.181504,0.374747,-1.367408,-0.483735,0.420711,-1.200729,-0.193850,0.673911,-1.209926,-0.167037,0.369041,-1.213230,-0.462831,0.472739,-1.310932,-0.232571,0.861288,-1.462104,-0.179217,1.084945,-1.500782,-0.122967,0.913667,-1.495445,0.032242,0.815918,-1.183903,-0.146334,1.089595,-1.160521,-0.085605,0.917173,-1.220556,0.052905,0.812892
-1.312005,-0.224226,0.808187,-1.431329,-0.224872,0.677610,-1.449507,-0.181607,0.375067,-1.367241,-0.483818,0.420691,-1.200361,-0.195058,0.674105,-1.209943,-0.167795,0.369285,-1.213015,-0.463431,0.473392,-1.310583,-0.233854,0.861444,-1.461950,-0.180218,1.084918,-1.500411,-0.124234,0.913505,-1.494800,0.031056,0.815927,-1.183862,-0.146408,1.089458,-1.160595,-0.086314,0.916797,-1.220489,0.051452,0.811455
-1.311751,-0.225253,0.808314,-1.431004,-0.226033,0.677678,-1.449533,-0.181670,0.375316,-1.367286,-0.483879,0.420848,-1.200066,-0.195967,0.674291,-1.209951,-0.168488,0.369499,-1.212866,-0.464031,0.473845,-1.310326,-0.234837,0.861580,-1.461793,-0.181299,1.085011,-1.500101,-0.125595,0.913474,-1.494279,0.029678,0.815907,-1.183786,-0.146779,1.089446,-1.160683,-0.087209,0.916581,-1.220437,0.049924,0.810338
-1.311673,-0.225613,0.808410,-1.430859,-0.226323,0.677713,-1.449568,-0.181650,0.375409,-1.367746,-0.483891,0.421346,-1.199916,-0.196277,0.674459,-1.209934,-0.169048,0.369649,-1.212850,-0.464631,0.473895,-1.310254,-0.235222,0.861672,-1.461621,-0.182540,1.085347,-1.499909,-0.127147,0.913707,-1.493999,0.027915,0.815828,-1.183631,-0.147744,1.089689,-1.160798,-0.088474,0.916685,-1.220419,0.048262,0.809857
-1.311750,-0.225271,0.808647,-1.430873,-0.225775,0.677889,-1.449530,-0.181641,0.375503,-1.368210,-0.483937,0.421833,-1.199910,-0.195867,0.674782,-1.209962,-0.169447,0.369901,-1.212932,-0.465116,0.473956,-1.310325,-0.234981,0.861891,-1.461274,-0.184095,1.086212,-1.499720,-0.128895,0.914547,-1.493851,0.025860,0.816188,-1.183247,-0.149332,1.090304,-1.160817,-0.090153,0.917217,-1.220341,0.046425,0.810133
-1.311903,-0.224579,0.808955,-1.430967,-0.224808,0.678136,-1.449457,-0.181637,0.375602,-1.368678,-0.484002,0.422319,-1.199977,-0.195096,0.675183,-1.210014,-0.169765,0.370210,-1.213066,-0.465544,0.474027,-1.310467,-0.234427,0.862174,-1.460839,-0.185814,1.087321,-1.499530,-0.130748,0.915669,-1.493767,0.023652,0.816748,-1.182750,-0.151238,1.091085,-1.160795,-0.092044,0.917943,-1.220242,0.044497,0.810769
-1.312212,-0.222730,0.809342,-1.431212,-0.222437,0.678457,-1.449354,-0.181317,0.375616,-1.369117,-0.483762,0.422684,-1.200151,-0.193265,0.675686,-1.209865,-0.169547,0.370574,-1.213505,-0.465628,0.473709,-1.310789,-0.232802,0.862520,-1.460492,-0.187247,1.088661,-1.499308,-0.132249,0.917018,-1.493561,0.021679,0.817362,-1.182255,-0.153459,1.092266,-1.160805,-0.094155,0.919100,-1.220273,0.042643,0.812265
-1.312320,-0.220617,0.809837,-1.431278,-0.219779,0.678910,-1.449164,-0.181050,0.375738,-1.369493,-0.483576,0.423179,-1.200142,-0.191195,0.676280,-1.209706,-0.169385,0.371021,-1.213947,-0.465780,0.473413,-1.310929,-0.230930,0.862968,-1.460268,-0.188739,1.089912,-1.499079,-0.133734,0.918272,-1.493370,0.019783,0.817984,-1.181893,-0.155716,1.093750,-1.160811,-0.096134,0.920636,-1.220244,0.040825,0.813989
-1.312028,-0.217973,0.810546,-1.430987,-0.216549,0.679623,-1.448793,-0.180886,0.376070,-1.369737,-0.483497,0.423931,-1.199768,-0.188647,0.677053,-1.209522,-0.169330,0.371633,-1.214398,-0.466067,0.473159,-1.310705,-0.228563,0.863623,-1.460282,-0.190331,1.091017,-1.498829,-0.135173,0.919367,-1.493194,0.018062,0.818644,-1.181788,-0.158035,1.095877,-1.160785,-0.097847,0.922967,-1.220062,0.039083,0.816197
-1.312063,-0.215033,0.811488,-1.431035,-0.212883,0.680592,-1.448388,-0.180854,0.376607,-1.370003,-0.483661,0.424284,-1.199722,-0.185773,0.678072,-1.209562,-0.168985,0.372507,-1.214883,-0.466330,0.472367,-1.310778,-0.225956,0.864498,-1.460078,-0.191905,1.092631,-1.498676,-0.136776,0.920984,-1.493386,0.015949,0.819470,-1.181410,-0.160723,1.097968,-1.160710,-0.100011,0.925209,-1.219984,0.036968,0.818500
-1.312263,-0.211946,0.812547,-1.431251,-0.209002,0.681697,-1.447992,-0.180898,0.377289,-1.370308,-0.483955,0.424478,-1.199841,-0.182737,0.679216,-1.209733,-0.168497,0.373525,-1.215399,-0.466571,0.471316,-1.311001,-0.223231,0.865482,-1.459786,-0.193483,1.094441,-1.498586,-0.138474,0.922802,-1.493778,0.013622,0.820325,-1.180922,-0.163608,1.099976,-1.160648,-0.102407,0.927343,-1.220003,0.034662,0.820796
-1.312979,-0.207761,0.814018,-1.431949,-0.203939,0.683205,-1.447395,-0.181169,0.378281,-1.370727,-0.484404,0.425914,-1.200394,-0.178995,0.680769,-1.209914,-0.168112,0.374933,-1.215889,-0.466805,0.470961,-1.311716,-0.219382,0.866881,-1.459136,-0.194451,1.097193,-1.498398,-0.138770,0.925880,-1.493525,0.012660,0.822424,-1.179988,-0.166630,1.102010,-1.160479,-0.104841,0.929505,-1.220080,0.032502,0.823448
-1.313663,-0.203340,0.815237,-1.432631,-0.198634,0.684499,-1.446756,-0.181465,0.379142,-1.371174,-0.484847,0.427455,-1.200935,-0.175041,0.682058,-1.210017,-0.167707,0.376108,-1.216375,-0.466930,0.470614,-1.312407,-0.215306,0.868024,-1.458681,-0.195438,1.099455,-1.498150,-0.139220,0.928367,-1.493067,0.011598,0.824031,-1.179277,-0.169584,1.103744,-1.160371,-0.107252,0.931373,-1.220174,0.030337,0.825751
-1.314282,-0.198439,0.815954,-1.433282,-0.192831,0.685351,-1.445962,-0.181788,0.379645,-1.371609,-0.485256,0.429115,-1.201449,-0.170654,0.682820,-1.209910,-0.167258,0.376787,-1.216815,-0.466849,0.470258,-1.313048,-0.210770,0.868658,-1.458560,-0.196409,1.100869,-1.497743,-0.139935,0.929803,-1.492124,0.010376,0.824765,-1.178930,-0.172365,1.105029,-1.160291,-0.109607,0.932790,-1.220198,0.028165,0.827465
-1.314856,-0.193644,0.816240,-1.433915,-0.187064,0.685822,-1.445195,-0.181855,0.379904,-1.371998,-0.485558,0.429495,-1.201956,-0.166259,0.683154,-1.209678,-0.166813,0.377087,-1.216963,-0.466635,0.469946,-1.313628,-0.206380,0.868847,-1.458325,-0.197611,1.101749,-1.497230,-0.140651,0.930784,-1.491003,0.009449,0.825480,-1.178486,-0.175380,1.105635,-1.160173,-0.111984,0.933601,-1.220268,0.026149,0.828860
-1.315408,-0.188897,0.816308,-1.434537,-0.181311,0.686114,-1.444481,-0.181806,0.380104,-1.372388,-0.485814,0.429296,-1.202464,-0.161856,0.683277,-1.209419,-0.166375,0.377229,-1.216977,-0.466359,0.469693,-1.314181,-0.202059,0.868810,-1.458067,-0.198940,1.102272,-1.496683,-0.141376,0.931447,-1.489806,0.008664,0.826097,-1.178034,-0.178523,1.105804,-1.160084,-0.114379,0.934015,-1.220414,0.024206,0.830009
-1.315953,-0.184329,0.815124,-1.435219,-0.175760,0.685231,-1.444128,-0.181525,0.379239,-1.372757,-0.485629,0.428751,-1.203047,-0.157575,0.682102,-1.209210,-0.166065,0.376125,-1.216628,-0.465899,0.469152,-1.314711,-0.197915,0.867518,-1.457875,-0.199842,1.101370,-1.496164,-0.141286,0.930810,-1.488634,0.009069,0.825955,-1.177672,-0.181261,1.104520,-1.160039,-0.116065,0.933100,-1.220532,0.023221,0.830130
-1.316574,-0.179928,0.813921,-1.435959,-0.170444,0.684327,-1.443987,-0.181241,0.378443,-1.373120,-0.485453,0.427900,-1.203702,-0.153432,0.680923,-1.209087,-0.165817,0.375068,-1.216302,-0.465434,0.468844,-1.315314,-0.193917,0.866209,-1.457751,-0.200562,1.100362,-1.495717,-0.140948,0.930099,-1.487573,0.009744,0.825775,-1.177397,-0.183771,1.103017,-1.160102,-0.117488,0.931985,-1.220730,0.022542,0.830110
-1.317344,-0.175864,0.812683,-1.436817,-0.165598,0.683354,-1.444177,-0.180928,0.377644,-1.373423,-0.485287,0.426299,-1.204493,-0.149569,0.679733,-1.209051,-0.165684,0.374041,-1.215993,-0.464950,0.468926,-1.316060,-0.190217,0.864871,-1.457692,-0.200907,1.099321,-1.495373,-0.140107,0.929415,-1.486703,0.010971,0.825693,-1.177212,-0.185808,1.101271,-1.160282,-0.118380,0.930654,-1.220978,0.022485,0.829978
-1.318292,-0.172131,0.811588,-1.437848,-0.161161,0.682520,-1.444538,-0.180777,0.377037,-1.373886,-0.484993,0.426638,-1.205467,-0.146045,0.678679,-1.209201,-0.165496,0.373173,-1.216014,-0.464415,0.469091,-1.316976,-0.186809,0.863686,-1.457822,-0.200865,1.098400,-1.495124,-0.138955,0.928812,-1.485944,0.012479,0.825655,-1.177247,-0.187178,1.099575,-1.160606,-0.118706,0.929348,-1.221172,0.022887,0.829621
-1.319328,-0.168568,0.810567,-1.438963,-0.156935,0.681762,-1.445000,-0.180709,0.376557,-1.374436,-0.484625,0.427977,-1.206531,-0.142694,0.677696,-1.209458,-0.165284,0.372399,-1.216203,-0.463856,0.469315,-1.317978,-0.183551,0.862577,-1.458053,-0.200632,1.097526,-1.494927,-0.137653,0.928239,-1.485241,0.014121,0.825628,-1.177400,-0.188213,1.097890,-1.161009,-0.118749,0.928044,-1.221346,0.023516,0.829138
-1.320298,-0.165850,0.809679,-1.440023,-0.153784,0.681108,-1.445794,-0.180830,0.376166,-1.374837,-0.484284,0.429571,-1.207565,-0.140024,0.676826,-1.209758,-0.164845,0.371696,-1.216715,-0.463264,0.469024,-1.318905,-0.181076,0.861618,-1.458548,-0.200337,1.096643,-1.494835,-0.136522,0.927540,-1.484705,0.015734,0.825691,-1.177874,-0.188217,1.096582,-1.161493,-0.118007,0.927042,-1.221584,0.024708,0.828635
-1.321227,-0.163419,0.808984,-1.441010,-0.151000,0.680606,-1.446413,-0.180931,0.375924,-1.374922,-0.483949,0.430927,-1.208536,-0.137568,0.676176,-1.210007,-0.164391,0.371212,-1.217139,-0.462676,0.468903,-1.319793,-0.178871,0.860855,-1.459034,-0.200026,1.095946,-1.494764,-0.135498,0.926996,-1.484220,0.017227,0.825893,-1.178350,-0.188004,1.095492,-1.161941,-0.117053,0.926264,-1.221783,0.026079,0.828311
-1.322074,-0.161557,0.808674,-1.441857,-0.148943,0.680398,-1.446654,-0.180993,0.375919,-1.374356,-0.483646,0.431763,-1.209381,-0.135536,0.675965,-1.210132,-0.163903,0.371139,-1.217387,-0.462095,0.469089,-1.320606,-0.177200,0.860487,-1.459492,-0.199682,1.095659,-1.494731,-0.134682,0.926787,-1.483840,0.018491,0.826400,-1.178819,-0.187361,1.094872,-1.162309,-0.115673,0.925964,-1.221893,0.027814,0.828376
-1.323019,-0.160194,0.808483,-1.442850,-0.147326,0.680354,-1.446821,-0.181129,0.376050,-1.373911,-0.483256,0.433780,-1.210371,-0.133996,0.675825,-1.210282,-0.163460,0.371102,-1.217747,-0.461561,0.469334,-1.321476,-0.176021,0.860239,-1.459599,-0.199305,1.095779,-1.494798,-0.133941,0.927040,-1.483694,0.019593,0.827230,-1.178940,-0.186797,1.094148,-1.162562,-0.114116,0.925652,-1.221995,0.029890,0.828738
-1.324014,-0.159078,0.808352,-1.443917,-0.145929,0.680392,-1.446951,-0.181303,0.376253,-1.373532,-0.482808,0.436394,-1.211435,-0.132702,0.675720,-1.210446,-0.163040,0.371085,-1.218162,-0.461050,0.469610,-1.322376,-0.175088,0.860049,-1.459530,-0.198913,1.096100,-1.494916,-0.133241,0.927520,-1.483664,0.020610,0.828217,-1.178889,-0.186272,1.093369,-1.162758,-0.112468,0.925337,-1.222092,0.032136,0.829256
-1.324343,-0.158711,0.808830,-1.444248,-0.145557,0.680889,-1.447019,-0.180961,0.376750,-1.372932,-0.482210,0.437297,-1.211784,-0.132001,0.676265,-1.210522,-0.162442,0.371640,-1.218443,-0.460531,0.469972,-1.322696,-0.174814,0.860498,-1.460208,-0.198054,1.096408,-1.495322,-0.132632,0.927674,-1.483967,0.021498,0.828815,-1.179620,-0.184345,1.094162,-1.163042,-0.110160,0.926341,-1.222227,0.034389,0.830085
-1.324588,-0.158617,0.809194,-1.444500,-0.145508,0.681260,-1.447104,-0.180651,0.377088,-1.372331,-0.481626,0.438105,-1.212057,-0.131584,0.676678,-1.210632,-0.161910,0.372042,-1.218727,-0.460020,0.470339,-1.322934,-0.174785,0.860841,-1.460853,-0.196973,1.096628,-1.495762,-0.131900,0.927715,-1.484373,0.022372,0.829083,-1.180321,-0.182294,1.094886,-1.163307,-0.107763,0.927261,-1.222429,0.036775,0.830949
-1.324664,-0.159070,0.809331,-1.444595,-0.146105,0.681377,-1.447226,-0.180408,0.377110,-1.371731,-0.481074,0.438723,-1.212178,-0.131733,0.676825,-1.210814,-0.161508,0.372134,-1.219020,-0.459525,0.470720,-1.323008,-0.175245,0.860975,-1.461425,-0.195447,1.096665,-1.496265,-0.130925,0.927527,-1.484977,0.023216,0.828679,-1.180947,-0.179993,1.095462,-1.163522,-0.105193,0.927997,-1.222757,0.039416,0.831863
-1.324595,-0.160165,0.809538,-1.444527,-0.147425,0.681522,-1.447332,-0.180426,0.377112,-1.371129,-0.480787,0.439310,-1.212143,-0.132526,0.677036,-1.210891,-0.161234,0.372241,-1.219242,-0.459112,0.471212,-1.322937,-0.176300,0.861195,-1.461839,-0.193927,1.096833,-1.496794,-0.129872,0.927540,-1.485728,0.024249,0.828636,-1.181426,-0.177661,1.096099,-1.163651,-0.102674,0.928754,-1.223165,0.041991,0.832876
-1.324454,-0.161581,0.809782,-1.444378,-0.149107,0.681681,-1.447434,-0.180575,0.377112,-1.370532,-0.480633,0.439888,-1.212029,-0.133641,0.677278,-1.210923,-0.161024,0.372360,-1.219431,-0.458739,0.471764,-1.322794,-0.177654,0.861458,-1.462184,-0.192409,1.097037,-1.497342,-0.128780,0.927624,-1.486555,0.025378,0.828746,-1.181843,-0.175314,1.096738,-1.163756,-0.100177,0.929491,-1.223637,0.044534,0.833912
-1.324004,-0.163785,0.809999,-1.443912,-0.151697,0.681771,-1.447432,-0.181136,0.377005,-1.369929,-0.480869,0.440552,-1.211605,-0.135602,0.677457,-1.210847,-0.160958,0.372361,-1.219535,-0.458443,0.472352,-1.322352,-0.179717,0.861719,-1.462370,-0.190653,1.097176,-1.497866,-0.127528,0.927643,-1.487462,0.026671,0.828788,-1.182111,-0.172730,1.097387,-1.163676,-0.097710,0.930124,-1.223998,0.046919,0.834698
-1.323524,-0.166193,0.810239,-1.443416,-0.154479,0.681877,-1.447464,-0.181547,0.376898,-1.369348,-0.480947,0.441213,-1.211149,-0.137790,0.677649,-1.210763,-0.160898,0.372372,-1.219658,-0.458166,0.472895,-1.321882,-0.181968,0.862006,-1.462561,-0.188796,1.097273,-1.498413,-0.126215,0.927612,-1.488379,0.028007,0.828755,-1.182387,-0.170087,1.097985,-1.163611,-0.095231,0.930685,-1.224400,0.049320,0.835435
-1.322982,-0.169015,0.810523,-1.442859,-0.157648,0.682014,-1.447558,-0.181654,0.376789,-1.368802,-0.480708,0.441865,-1.210629,-0.140435,0.677868,-1.210651,-0.160846,0.372396,-1.219814,-0.457925,0.473342,-1.321356,-0.184598,0.862349,-1.462738,-0.186736,1.097339,-1.498995,-0.124781,0.927532,-1.489312,0.029429,0.828620,-1.182653,-0.167326,1.098534,-1.163542,-0.092728,0.931154,-1.224840,0.051751,0.836122
-1.322267,-0.172299,0.810737,-1.442157,-0.161290,0.682093,-1.447665,-0.181693,0.376621,-1.368270,-0.480433,0.442297,-1.209965,-0.143557,0.677981,-1.210443,-0.160943,0.372321,-1.219803,-0.457856,0.473613,-1.320658,-0.187662,0.862628,-1.462832,-0.184734,1.097197,-1.499493,-0.123357,0.927264,-1.490094,0.030845,0.828313,-1.182836,-0.164739,1.098927,-1.163276,-0.090467,0.931451,-1.225050,0.054009,0.836724
-1.321466,-0.175814,0.810914,-1.441381,-0.165168,0.682149,-1.447791,-0.181699,0.376461,-1.367756,-0.480139,0.442656,-1.209230,-0.146917,0.678044,-1.210198,-0.161115,0.372219,-1.219710,-0.457872,0.473821,-1.319876,-0.190944,0.862874,-1.462891,-0.182767,1.096879,-1.499944,-0.121940,0.926831,-1.490790,0.032260,0.827854,-1.182985,-0.162243,1.099170,-1.162932,-0.088330,0.931591,-1.225174,0.056179,0.837221
-1.320673,-0.179710,0.810683,-1.440561,-0.169551,0.681730,-1.448174,-0.181813,0.375869,-1.367313,-0.479987,0.442131,-1.208454,-0.150712,0.677720,-1.209978,-0.161422,0.371753,-1.219664,-0.458034,0.473620,-1.319102,-0.194539,0.862730,-1.462872,-0.180680,1.096086,-1.500428,-0.120517,0.925911,-1.491489,0.033705,0.826949,-1.183078,-0.159437,1.098757,-1.162553,-0.086021,0.931014,-1.225239,0.058417,0.836830
-1.319777,-0.183951,0.810439,-1.439593,-0.174245,0.681259,-1.448526,-0.181638,0.375279,-1.366839,-0.479861,0.440309,-1.207534,-0.154808,0.677431,-1.209708,-0.161802,0.371358,-1.219521,-0.458282,0.473463,-1.318244,-0.198477,0.862572,-1.462893,-0.178767,1.095050,-1.500820,-0.119392,0.924678,-1.491992,0.034971,0.825918,-1.183221,-0.156780,1.098204,-1.162150,-0.083841,0.930318,-1.225281,0.060567,0.836385
-1.318677,-0.188879,0.810169,-1.438336,-0.179557,0.680681,-1.448800,-0.180881,0.374665,-1.366292,-0.479754,0.435858,-1.206323,-0.159499,0.677208,-1.209319,-0.162329,0.371073,-1.219176,-0.458702,0.473358,-1.317220,-0.203100,0.862387,-1.462973,-0.177193,1.093659,-1.501024,-0.118862,0.922951,-1.492115,0.035871,0.824762,-1.183438,-0.154418,1.097505,-1.161656,-0.081918,0.929516,-1.225222,0.062542,0.835955
-1.317778,-0.193683,0.809785,-1.437367,-0.184813,0.680087,-1.449206,-0.180444,0.374151,-1.365913,-0.479601,0.433012,-1.205402,-0.164178,0.676773,-1.209083,-0.162431,0.370635,-1.218780,-0.458908,0.472560,-1.316352,-0.207551,0.862100,-1.462805,-0.175041,1.092194,-1.501361,-0.117831,0.921218,-1.492400,0.037123,0.823369,-1.183380,-0.151762,1.096208,-1.161139,-0.080292,0.927834,-1.225270,0.064284,0.834831
-1.316980,-0.198425,0.809345,-1.436543,-0.190043,0.679493,-1.449693,-0.180173,0.373739,-1.365630,-0.479438,0.431025,-1.204627,-0.168853,0.676237,-1.208939,-0.162323,0.370171,-1.218370,-0.459007,0.471465,-1.315564,-0.211916,0.861759,-1.462518,-0.172618,1.090581,-1.501754,-0.116564,0.919375,-1.492740,0.038540,0.821754,-1.183189,-0.148982,1.094501,-1.160619,-0.078840,0.925609,-1.225367,0.065892,0.833264
-1.315966,-0.202895,0.808524,-1.435455,-0.195288,0.678472,-1.450004,-0.180518,0.372983,-1.365917,-0.479915,0.429598,-1.203586,-0.173580,0.675303,-1.208582,-0.162962,0.369360,-1.217811,-0.459558,0.470897,-1.314615,-0.215884,0.861066,-1.462630,-0.169946,1.088078,-1.502238,-0.114970,0.916606,-1.492967,0.040292,0.819249,-1.183427,-0.145759,1.092534,-1.160119,-0.077017,0.923161,-1.225264,0.067772,0.831178
-1.314955,-0.207272,0.807732,-1.434364,-0.200475,0.677494,-1.450325,-0.180882,0.372349,-1.366310,-0.480436,0.428310,-1.202544,-0.178229,0.674410,-1.208197,-0.163618,0.368640,-1.217254,-0.460121,0.470432,-1.313669,-0.219750,0.860397,-1.462752,-0.167462,1.085452,-1.502727,-0.113481,0.913748,-1.493200,0.041926,0.816642,-1.183682,-0.142672,1.090440,-1.159655,-0.075309,0.920610,-1.225199,0.069508,0.828946
-1.313947,-0.211465,0.806994,-1.433264,-0.205546,0.676579,-1.450638,-0.181272,0.371853,-1.366907,-0.481036,0.427193,-1.201499,-0.182724,0.673585,-1.207728,-0.164301,0.368030,-1.216703,-0.460702,0.470094,-1.312729,-0.223415,0.859783,-1.462879,-0.165297,1.082813,-1.503243,-0.112160,0.910936,-1.493476,0.043366,0.814045,-1.183953,-0.139811,1.088329,-1.159230,-0.073784,0.918070,-1.225172,0.070993,0.826627
-1.312940,-0.215070,0.806511,-1.432102,-0.210128,0.675881,-1.450797,-0.181647,0.371602,-1.367506,-0.481635,0.426456,-1.200400,-0.186647,0.673074,-1.207200,-0.165130,0.367730,-1.216161,-0.461295,0.470408,-1.311790,-0.226490,0.859419,-1.462983,-0.163171,1.080437,-1.503577,-0.111015,0.908314,-1.493554,0.044428,0.811323,-1.184224,-0.136643,1.086358,-1.158868,-0.072215,0.915577,-1.225186,0.072214,0.823863
-1.311932,-0.218382,0.806156,-1.430905,-0.214472,0.675301,-1.450901,-0.182025,0.371507,-1.368108,-0.482238,0.425940,-1.199273,-0.190287,0.672722,-1.206658,-0.166038,0.367594,-1.215622,-0.461896,0.471059,-1.310851,-0.229270,0.859177,-1.463093,-0.161085,1.078134,-1.503833,-0.109981,0.905731,-1.493543,0.045276,0.808483,-1.184519,-0.133343,1.084391,-1.158555,-0.070645,0.913054,-1.225235,0.073279,0.820825
-1.311244,-0.221037,0.805384,-1.430091,-0.218127,0.674385,-1.450944,-0.182449,0.371015,-1.368675,-0.482835,0.425316,-1.198544,-0.193118,0.671934,-1.206458,-0.167045,0.366966,-1.215087,-0.462496,0.471494,-1.310200,-0.231482,0.858495,-1.463239,-0.160140,1.075973,-1.503882,-0.109723,0.903345,-1.493400,0.045345,0.805845,-1.184828,-0.131226,1.082403,-1.158391,-0.069921,0.910631,-1.225102,0.073463,0.817597
-1.310652,-0.223416,0.804824,-1.429388,-0.221501,0.673709,-1.450937,-0.182903,0.370751,-1.369134,-0.483437,0.424960,-1.197938,-0.195598,0.671355,-1.206413,-0.167984,0.366535,-1.214563,-0.463007,0.472196,-1.309629,-0.233455,0.858013,-1.463363,-0.159552,1.074217,-1.503842,-0.109804,0.901357,-1.493244,0.045038,0.803530,-1.185114,-0.129417,1.080703,-1.158295,-0.069483,0.908505,-1.224976,0.073288,0.814518
-1.310252,-0.225242,0.804685,-1.428911,-0.224306,0.673499,-1.450791,-0.183397,0.370871,-1.369362,-0.484037,0.425077,-1.197576,-0.197376,0.671190,-1.206647,-0.168780,0.366475,-1.214054,-0.463340,0.473403,-1.309219,-0.234949,0.857936,-1.463419,-0.159638,1.073368,-1.503608,-0.110521,0.900262,-1.493045,0.044018,0.801956,-1.185326,-0.128193,1.079687,-1.158306,-0.069587,0.907061,-1.224838,0.072424,0.811826
-1.310035,-0.226324,0.804698,-1.428619,-0.226243,0.673450,-1.450523,-0.183889,0.371026,-1.369310,-0.484536,0.425532,-1.197400,-0.198329,0.671194,-1.206958,-0.169331,0.366529,-1.213743,-0.463518,0.474514,-1.308979,-0.235789,0.857993,-1.463438,-0.160245,1.073169,-1.503214,-0.111783,0.899783,-1.492768,0.042380,0.800877,-1.185478,-0.127548,1.079214,-1.158417,-0.070190,0.906173,-1.224629,0.070970,0.809461
-1.309911,-0.227033,0.804788,-1.428421,-0.227742,0.673483,-1.450195,-0.184377,0.371195,-1.369122,-0.484981,0.426150,-1.197319,-0.198868,0.671283,-1.207307,-0.169760,0.366639,-1.213530,-0.463620,0.475573,-1.308826,-0.236302,0.858117,-1.463432,-0.161106,1.073301,-1.502733,-0.113309,0.899624,-1.492439,0.040441,0.800060,-1.185596,-0.127192,1.079019,-1.158570,-0.071042,0.905575,-1.224375,0.069210,0.807276
-1.310301,-0.226722,0.805204,-1.428650,-0.227688,0.673755,-1.450013,-0.184439,0.371423,-1.369197,-0.485043,0.426891,-1.197595,-0.198414,0.671825,-1.207405,-0.169741,0.367132,-1.214015,-0.463703,0.475910,-1.309222,-0.235970,0.858538,-1.463582,-0.162588,1.074460,-1.502370,-0.115410,0.900499,-1.492204,0.037794,0.800084,-1.185760,-0.128163,1.079870,-1.159026,-0.072947,0.906081,-1.224260,0.066597,0.806404
-1.310827,-0.226087,0.805765,-1.429043,-0.227176,0.674195,-1.449936,-0.184266,0.371782,-1.369402,-0.484914,0.427530,-1.198018,-0.197651,0.672502,-1.207517,-0.169586,0.367740,-1.214496,-0.463771,0.476056,-1.309752,-0.235358,0.859096,-1.463720,-0.164118,1.075934,-1.502084,-0.117540,0.901718,-1.492042,0.035057,0.800371,-1.185868,-0.129497,1.081042,-1.159532,-0.075160,0.906915,-1.224196,0.063771,0.806018
-1.311625,-0.224805,0.806616,-1.429764,-0.225748,0.674971,-1.450070,-0.183622,0.372408,-1.369863,-0.484407,0.427966,-1.198732,-0.196266,0.673447,-1.207659,-0.169159,0.368581,-1.214966,-0.463807,0.475820,-1.310551,-0.234184,0.859928,-1.463851,-0.165753,1.078034,-1.501972,-0.119744,0.903614,-1.492053,0.032125,0.801167,-1.185879,-0.131565,1.082849,-1.160162,-0.077994,0.908393,-1.224257,0.060538,0.806587
-1.312393,-0.222651,0.807556,-1.430427,-0.223262,0.675807,-1.450070,-0.182912,0.372958,-1.370345,-0.483878,0.428288,-1.199357,-0.194075,0.674519,-1.207773,-0.168383,0.369517,-1.215443,-0.463543,0.475488,-1.311330,-0.232206,0.860838,-1.463814,-0.167186,1.080428,-1.501858,-0.121822,0.905824,-1.492121,0.029234,0.802165,-1.185676,-0.133714,1.084946,-1.160764,-0.081004,0.910112,-1.224435,0.057178,0.807567
-1.313145,-0.220061,0.808541,-1.431061,-0.220248,0.676677,-1.450010,-0.182173,0.373490,-1.370849,-0.483341,0.428570,-1.199938,-0.191480,0.675656,-1.207881,-0.167434,0.370509,-1.215930,-0.463129,0.475114,-1.312099,-0.229825,0.861786,-1.463702,-0.168540,1.082922,-1.501747,-0.123857,0.908145,-1.492223,0.026339,0.803223,-1.185382,-0.135925,1.087136,-1.161388,-0.084115,0.911906,-1.224718,0.053745,0.808719
-1.313708,-0.216508,0.809853,-1.431481,-0.216211,0.677855,-1.449603,-0.181744,0.374186,-1.371317,-0.483168,0.429156,-1.200260,-0.188231,0.677121,-1.208015,-0.167175,0.371750,-1.216431,-0.463047,0.475907,-1.312747,-0.226491,0.863059,-1.463909,-0.170002,1.085628,-1.501572,-0.125513,0.910719,-1.492003,0.024262,0.805203,-1.185382,-0.138556,1.090317,-1.161907,-0.086933,0.914965,-1.224814,0.050687,0.811202
-1.314345,-0.212682,0.811150,-1.431998,-0.211877,0.679050,-1.449176,-0.181467,0.374892,-1.371797,-0.483095,0.430012,-1.200673,-0.184773,0.678548,-1.208229,-0.166832,0.372977,-1.216953,-0.462924,0.476567,-1.313450,-0.222887,0.864315,-1.463925,-0.171354,1.088413,-1.501439,-0.126857,0.913475,-1.491869,0.022360,0.807170,-1.185166,-0.141344,1.093310,-1.162349,-0.089833,0.917842,-1.224924,0.047655,0.813703
-1.315126,-0.208318,0.812415,-1.432712,-0.206955,0.680270,-1.448699,-0.181489,0.375592,-1.372275,-0.483218,0.431381,-1.201267,-0.180903,0.679895,-1.208588,-0.166317,0.374142,-1.217491,-0.462711,0.476932,-1.314264,-0.218753,0.865536,-1.463539,-0.172459,1.091444,-1.501391,-0.127546,0.916688,-1.491930,0.020832,0.809206,-1.184495,-0.144410,1.096017,-1.162589,-0.092866,0.920446,-1.225000,0.044701,0.816314
-1.315584,-0.203833,0.813091,-1.433182,-0.201761,0.680989,-1.448228,-0.181154,0.375894,-1.372690,-0.483028,0.432025,-1.201620,-0.176775,0.680620,-1.208812,-0.165771,0.374719,-1.218007,-0.462343,0.477049,-1.314761,-0.214584,0.866149,-1.463417,-0.173973,1.093433,-1.501160,-0.128545,0.918789,-1.491570,0.019359,0.810668,-1.184148,-0.147545,1.098271,-1.162732,-0.095737,0.922723,-1.225007,0.042010,0.818746
-1.315879,-0.199292,0.813471,-1.433529,-0.196433,0.681467,-1.447791,-0.180647,0.376045,-1.373101,-0.482689,0.432351,-1.201855,-0.172522,0.681038,-1.208998,-0.165211,0.375028,-1.218534,-0.461900,0.477071,-1.315100,-0.210399,0.866455,-1.463453,-0.175701,1.094802,-1.500848,-0.129711,0.920233,-1.490996,0.017903,0.811740,-1.183993,-0.150733,1.100196,-1.162868,-0.098542,0.924730,-1.225026,0.039436,0.820992
-1.316422,-0.194695,0.813914,-1.434146,-0.191037,0.682047,-1.447421,-0.180229,0.376362,-1.373533,-0.482538,0.432286,-1.202374,-0.168097,0.681522,-1.209183,-0.164503,0.375441,-1.219027,-0.461546,0.476519,-1.315649,-0.206195,0.866814,-1.463442,-0.177458,1.096245,-1.500557,-0.130899,0.921770,-1.490424,0.016674,0.813247,-1.183811,-0.153772,1.101777,-1.162905,-0.101074,0.926441,-1.225062,0.037274,0.823197
-1.316995,-0.189927,0.814168,-1.434799,-0.185552,0.682463,-1.447056,-0.180089,0.376593,-1.373995,-0.482536,0.432781,-1.202937,-0.163544,0.681805,-1.209307,-0.163786,0.375697,-1.219515,-0.461203,0.475740,-1.316227,-0.201800,0.866986,-1.463517,-0.179027,1.097311,-1.500233,-0.131905,0.922905,-1.489780,0.015710,0.814468,-1.183732,-0.156562,1.102977,-1.162998,-0.103344,0.927783,-1.225120,0.035373,0.825014
-1.317628,-0.184807,0.814046,-1.435528,-0.179877,0.682536,-1.446646,-0.180488,0.376572,-1.374467,-0.482815,0.434320,-1.203588,-0.158727,0.681682,-1.209259,-0.163047,0.375594,-1.219957,-0.460880,0.474459,-1.316859,-0.197015,0.866787,-1.463717,-0.180186,1.097811,-1.499820,-0.132511,0.923429,-1.488979,0.015304,0.815303,-1.183796,-0.158820,1.103617,-1.163111,-0.105061,0.928586,-1.225116,0.034016,0.826233
-1.318222,-0.180122,0.813667,-1.436224,-0.174627,0.682369,-1.446492,-0.180602,0.376431,-1.374843,-0.482904,0.434814,-1.204223,-0.154164,0.681326,-1.209185,-0.162414,0.375309,-1.220061,-0.460535,0.473381,-1.317429,-0.192690,0.866323,-1.463746,-0.181689,1.097970,-1.499328,-0.133113,0.923730,-1.488222,0.015184,0.816294,-1.183716,-0.161183,1.103700,-1.163093,-0.106529,0.928944,-1.225034,0.033012,0.827185
-1.318796,-0.175655,0.813159,-1.436903,-0.169591,0.682089,-1.446476,-0.180574,0.376265,-1.375180,-0.482900,0.434820,-1.204851,-0.149728,0.680859,-1.209110,-0.161834,0.374962,-1.219989,-0.460180,0.472435,-1.317969,-0.188594,0.865724,-1.463696,-0.183370,1.097885,-1.498794,-0.133717,0.923851,-1.487479,0.015202,0.817300,-1.183572,-0.163603,1.103429,-1.163021,-0.107878,0.929007,-1.224924,0.032176,0.827934
-1.319426,-0.171506,0.812429,-1.437624,-0.164962,0.681576,-1.446657,-0.180602,0.375938,-1.375460,-0.482863,0.434852,-1.205534,-0.145560,0.680184,-1.209131,-0.161385,0.374450,-1.219927,-0.459673,0.472164,-1.318555,-0.184793,0.864907,-1.463650,-0.184766,1.097475,-1.498218,-0.133931,0.923676,-1.486775,0.015623,0.818033,-1.183454,-0.165543,1.102702,-1.162926,-0.108486,0.928712,-1.224674,0.032084,0.828262
-1.320020,-0.167545,0.811542,-1.438348,-0.160563,0.680947,-1.446852,-0.180638,0.375551,-1.375525,-0.482769,0.434878,-1.206225,-0.141569,0.679320,-1.209166,-0.161014,0.373790,-1.219760,-0.459205,0.471880,-1.319089,-0.181164,0.863934,-1.463526,-0.186068,1.096818,-1.497597,-0.134053,0.923271,-1.486055,0.016145,0.818556,-1.183268,-0.167323,1.101655,-1.162832,-0.108916,0.928106,-1.224437,0.032191,0.828324
-1.320540,-0.163964,0.810341,-1.439075,-0.156626,0.680070,-1.447043,-0.180685,0.374944,-1.375119,-0.482557,0.434791,-1.206931,-0.137933,0.678071,-1.209201,-0.160798,0.372775,-1.219374,-0.458813,0.471503,-1.319517,-0.177883,0.862652,-1.463227,-0.187169,1.095820,-1.496884,-0.133988,0.922546,-1.485316,0.016874,0.818791,-1.182918,-0.168777,1.100126,-1.162709,-0.108976,0.927028,-1.224188,0.032715,0.827999
-1.321002,-0.160836,0.809546,-1.439702,-0.153098,0.679558,-1.447027,-0.180511,0.374697,-1.374600,-0.482132,0.435149,-1.207533,-0.134760,0.677263,-1.209179,-0.160665,0.372207,-1.219188,-0.458472,0.471609,-1.319924,-0.175040,0.861779,-1.463220,-0.188040,1.094997,-1.496258,-0.133859,0.921913,-1.484637,0.017349,0.818671,-1.182867,-0.170070,1.099091,-1.162734,-0.108800,0.926501,-1.223985,0.033501,0.828210
-1.321434,-0.157935,0.808954,-1.440279,-0.149775,0.679232,-1.446915,-0.180230,0.374641,-1.374023,-0.481599,0.435741,-1.208082,-0.131818,0.676676,-1.209135,-0.160572,0.371875,-1.219103,-0.458156,0.471968,-1.320319,-0.172416,0.861110,-1.463365,-0.188795,1.094245,-1.495679,-0.133697,0.921313,-1.483983,0.017702,0.818358,-1.182970,-0.171281,1.098287,-1.162835,-0.108509,0.926239,-1.223806,0.034414,0.828679
-1.322014,-0.155806,0.808745,-1.440997,-0.147335,0.679255,-1.446853,-0.180079,0.374883,-1.373427,-0.481239,0.436344,-1.208780,-0.129676,0.676448,-1.209256,-0.160643,0.371863,-1.219311,-0.458204,0.472024,-1.320838,-0.170490,0.860843,-1.463390,-0.189309,1.094084,-1.495239,-0.133264,0.921370,-1.483488,0.018550,0.819034,-1.182967,-0.172071,1.097708,-1.162960,-0.107881,0.926170,-1.223820,0.035710,0.829524
-1.322481,-0.153957,0.808702,-1.441592,-0.145233,0.679424,-1.446812,-0.179941,0.375255,-1.372857,-0.481083,0.436152,-1.209361,-0.127802,0.676385,-1.209384,-0.160745,0.372007,-1.219490,-0.458360,0.472013,-1.321251,-0.168817,0.860749,-1.463402,-0.189767,1.094044,-1.494675,-0.132793,0.921527,-1.482880,0.019424,0.819797,-1.182958,-0.172737,1.097338,-1.163045,-0.107183,0.926306,-1.223809,0.037045,0.830552
-1.322721,-0.152669,0.808992,-1.441943,-0.143812,0.679877,-1.446799,-0.179828,0.375852,-1.372346,-0.481331,0.434331,-1.209708,-0.126465,0.676648,-1.209514,-0.160910,0.372438,-1.219617,-0.458732,0.471835,-1.321450,-0.167652,0.861003,-1.463379,-0.190113,1.094288,-1.493860,-0.132246,0.921924,-1.482049,0.020351,0.820766,-1.182928,-0.173158,1.097428,-1.163043,-0.106345,0.926882,-1.223746,0.038465,0.831973
-1.322987,-0.151638,0.809256,-1.442293,-0.142704,0.680268,-1.446778,-0.179842,0.376371,-1.371797,-0.481401,0.433866,-1.210059,-0.125387,0.676890,-1.209660,-0.160931,0.372806,-1.219764,-0.458995,0.471466,-1.321678,-0.166712,0.861239,-1.463395,-0.190196,1.094551,-1.493347,-0.131658,0.922319,-1.481606,0.021344,0.821768,-1.182945,-0.173210,1.097522,-1.162976,-0.105252,0.927438,-1.223742,0.040197,0.833553
-1.323266,-0.150735,0.809507,-1.442644,-0.141754,0.680629,-1.446751,-0.179918,0.376852,-1.371225,-0.481387,0.434081,-1.210411,-0.124437,0.677121,-1.209815,-0.160878,0.373144,-1.219918,-0.459203,0.471002,-1.321920,-0.165883,0.861468,-1.463430,-0.190149,1.094824,-1.492985,-0.131050,0.922713,-1.481358,0.022370,0.822788,-1.182985,-0.173077,1.097619,-1.162876,-0.104033,0.927990,-1.223768,0.042079,0.835221
-1.323509,-0.150149,0.809469,-1.442965,-0.141263,0.680680,-1.446939,-0.180181,0.376995,-1.370649,-0.481037,0.436323,-1.210741,-0.123856,0.677024,-1.209941,-0.160800,0.373108,-1.219875,-0.459132,0.470940,-1.322112,-0.165306,0.861427,-1.463354,-0.189341,1.094975,-1.492871,-0.130059,0.922919,-1.481449,0.023762,0.823586,-1.182930,-0.171974,1.097461,-1.162772,-0.102336,0.928080,-1.223939,0.044203,0.836169
-1.323690,-0.149893,0.809453,-1.443190,-0.141103,0.680707,-1.447084,-0.180363,0.377063,-1.370076,-0.480671,0.438151,-1.210975,-0.123591,0.676969,-1.209991,-0.160733,0.373078,-1.219797,-0.459023,0.471019,-1.322256,-0.165041,0.861412,-1.463328,-0.188432,1.095137,-1.492849,-0.129037,0.923118,-1.481612,0.025166,0.824359,-1.182928,-0.170775,1.097400,-1.162677,-0.100638,0.928236,-1.224112,0.046284,0.837119
-1.323746,-0.150293,0.809480,-1.443224,-0.141603,0.680688,-1.447144,-0.180383,0.376982,-1.369508,-0.480295,0.439151,-1.211019,-0.123955,0.676998,-1.209891,-0.160688,0.373058,-1.219653,-0.458840,0.471377,-1.322307,-0.165402,0.861451,-1.463406,-0.187319,1.095316,-1.493013,-0.127954,0.923300,-1.481915,0.026598,0.825073,-1.183033,-0.169385,1.097530,-1.162599,-0.098936,0.928516,-1.224290,0.048287,0.838062
-1.323722,-0.151272,0.809697,-1.443206,-0.142699,0.680862,-1.447265,-0.180378,0.377017,-1.368943,-0.479871,0.440273,-1.211010,-0.124933,0.677168,-1.209824,-0.160758,0.373119,-1.219627,-0.458771,0.471804,-1.322272,-0.166301,0.861691,-1.463437,-0.185927,1.095741,-1.493270,-0.126721,0.923708,-1.482298,0.028053,0.825817,-1.183094,-0.167754,1.097884,-1.162512,-0.097239,0.928915,-1.224450,0.050145,0.838891
-1.323659,-0.152541,0.810009,-1.443162,-0.144092,0.681132,-1.447417,-0.180361,0.377117,-1.368386,-0.479419,0.441461,-1.210975,-0.126217,0.677409,-1.209775,-0.160884,0.373226,-1.219660,-0.458760,0.472268,-1.322196,-0.167467,0.862032,-1.463448,-0.184397,1.096264,-1.493572,-0.125412,0.924205,-1.482714,0.029522,0.826553,-1.183136,-0.166003,1.098327,-1.162426,-0.095542,0.929349,-1.224610,0.051930,0.839639
-1.323558,-0.154481,0.810154,-1.442994,-0.146240,0.681122,-1.447593,-0.180371,0.376864,-1.367802,-0.478949,0.442391,-1.210818,-0.128193,0.677528,-1.209712,-0.161066,0.373144,-1.219874,-0.458700,0.472831,-1.322119,-0.169243,0.862224,-1.463686,-0.182516,1.096536,-1.494106,-0.123954,0.924382,-1.483265,0.031059,0.826854,-1.183415,-0.163853,1.098714,-1.162482,-0.093732,0.929621,-1.224889,0.053625,0.839878
-1.323411,-0.156648,0.810276,-1.442777,-0.148635,0.681079,-1.447768,-0.180325,0.376562,-1.367214,-0.478447,0.443115,-1.210616,-0.130364,0.677624,-1.209645,-0.161214,0.373027,-1.220133,-0.458577,0.473428,-1.321998,-0.171235,0.862396,-1.463950,-0.180611,1.096701,-1.494648,-0.122513,0.924439,-1.483786,0.032564,0.827015,-1.183728,-0.161626,1.099051,-1.162527,-0.091933,0.929812,-1.225147,0.055243,0.839920
-1.323171,-0.159273,0.810351,-1.442460,-0.151528,0.680968,-1.447943,-0.180164,0.376156,-1.366614,-0.477893,0.443422,-1.210323,-0.132929,0.677674,-1.209571,-0.161296,0.372834,-1.220486,-0.458331,0.474089,-1.321789,-0.173663,0.862527,-1.464264,-0.178661,1.096694,-1.495211,-0.121111,0.924292,-1.484258,0.034000,0.826934,-1.184103,-0.159245,1.099328,-1.162543,-0.090160,0.929884,-1.225348,0.056703,0.839609
-1.322800,-0.162309,0.810365,-1.442023,-0.154924,0.680791,-1.448082,-0.180018,0.375678,-1.366010,-0.477474,0.443167,-1.209922,-0.135865,0.677644,-1.209498,-0.161387,0.372549,-1.220883,-0.458044,0.474781,-1.321451,-0.176468,0.862605,-1.464582,-0.176700,1.096479,-1.495752,-0.119780,0.923907,-1.484648,0.035339,0.826577,-1.184498,-0.156714,1.099503,-1.162504,-0.088396,0.929802,-1.225502,0.058034,0.838959
-1.322364,-0.165554,0.810349,-1.441527,-0.158574,0.680586,-1.448217,-0.179881,0.375199,-1.365416,-0.477123,0.442667,-1.209467,-0.138988,0.677576,-1.209440,-0.161481,0.372240,-1.221303,-0.457731,0.475512,-1.321048,-0.179463,0.862656,-1.464913,-0.174737,1.096091,-1.496284,-0.118486,0.923335,-1.484994,0.036627,0.826018,-1.184918,-0.154109,1.099557,-1.162459,-0.086636,0.929576,-1.225655,0.059298,0.838077
-1.322161,-0.169629,0.810340,-1.441189,-0.163132,0.680302,-1.448554,-0.179601,0.374632,-1.364809,-0.477078,0.439957,-1.209189,-0.142810,0.677578,-1.209443,-0.161617,0.371990,-1.221751,-0.457543,0.476048,-1.320843,-0.183254,0.862722,-1.464917,-0.172954,1.095919,-1.497304,-0.117615,0.923058,-1.485831,0.037498,0.825762,-1.185029,-0.151424,1.099095,-1.162291,-0.084883,0.928783,-1.226024,0.060595,0.836930
-1.321725,-0.173756,0.810246,-1.440641,-0.167746,0.679963,-1.448877,-0.179227,0.374089,-1.364210,-0.476892,0.437453,-1.208705,-0.146677,0.677481,-1.209355,-0.161750,0.371683,-1.222036,-0.457357,0.476512,-1.320427,-0.187095,0.862703,-1.465117,-0.171159,1.095274,-1.498115,-0.116892,0.922189,-1.486317,0.038283,0.825026,-1.185353,-0.148649,1.098591,-1.162125,-0.083129,0.927947,-1.226342,0.061824,0.835602
-1.320825,-0.177983,0.809982,-1.439674,-0.172468,0.679504,-1.449136,-0.178663,0.373514,-1.363610,-0.476452,0.435293,-1.207808,-0.150630,0.677179,-1.209053,-0.161877,0.371215,-1.221987,-0.457180,0.476783,-1.319588,-0.191031,0.862513,-1.465677,-0.169350,1.093814,-1.498496,-0.116479,0.920264,-1.486130,0.038892,0.823466,-1.186070,-0.145686,1.098140,-1.161917,-0.081373,0.927163,-1.226501,0.062919,0.834042
-1.319863,-0.182236,0.809702,-1.438673,-0.177424,0.679062,-1.449353,-0.178859,0.373055,-1.363006,-0.476609,0.433995,-1.206884,-0.154765,0.676799,-1.208746,-0.162223,0.370719,-1.221598,-0.457321,0.476793,-1.318665,-0.194912,0.862324,-1.465934,-0.167368,1.092334,-1.498944,-0.115744,0.918444,-1.486199,0.039728,0.821850,-1.186481,-0.142651,1.097354,-1.161568,-0.079547,0.926034,-1.226519,0.064075,0.832135
-1.318869,-0.186499,0.809415,-1.437655,-0.182493,0.678638,-1.449570,-0.179440,0.372690,-1.362416,-0.477070,0.433164,-1.205950,-0.158989,0.676385,-1.208459,-0.162681,0.370238,-1.221050,-0.457624,0.476703,-1.317703,-0.198762,0.862134,-1.466054,-0.165322,1.090753,-1.499428,-0.114865,0.916590,-1.486388,0.040664,0.820121,-1.186757,-0.139599,1.096308,-1.161173,-0.077702,0.924645,-1.226495,0.065245,0.829976
-1.318013,-0.190633,0.808438,-1.436770,-0.187340,0.677547,-1.449791,-0.180146,0.371715,-1.361865,-0.477549,0.432212,-1.205135,-0.163155,0.675286,-1.207980,-0.162662,0.369118,-1.220452,-0.457687,0.475363,-1.316859,-0.202486,0.861251,-1.465854,-0.163064,1.088590,-1.499984,-0.113734,0.914250,-1.486753,0.041716,0.817681,-1.186669,-0.136723,1.094166,-1.160780,-0.076325,0.922012,-1.226493,0.066273,0.827087
-1.317248,-0.194631,0.807548,-1.435944,-0.192034,0.676528,-1.449977,-0.180780,0.370864,-1.361686,-0.478070,0.431404,-1.204368,-0.167290,0.674304,-1.207482,-0.162882,0.368168,-1.219859,-0.457919,0.474373,-1.316124,-0.206060,0.860456,-1.465800,-0.160870,1.086367,-1.500651,-0.112572,0.911882,-1.487195,0.042792,0.815207,-1.186727,-0.133961,1.092020,-1.160512,-0.074916,0.919442,-1.226525,0.067391,0.824289
-1.316665,-0.198365,0.806832,-1.435233,-0.196428,0.675637,-1.450054,-0.181259,0.370183,-1.362218,-0.478670,0.430799,-1.203689,-0.171370,0.673544,-1.206903,-0.163577,0.367475,-1.219244,-0.458488,0.473999,-1.315604,-0.209340,0.859836,-1.466012,-0.158763,1.084213,-1.501540,-0.111313,0.909632,-1.487814,0.043947,0.812838,-1.187047,-0.131379,1.090056,-1.160459,-0.073396,0.917172,-1.226591,0.068730,0.821831
-1.316099,-0.201739,0.806225,-1.434548,-0.200456,0.674881,-1.450268,-0.181785,0.369669,-1.362788,-0.479270,0.430426,-1.203034,-0.175110,0.672897,-1.206426,-0.164316,0.366920,-1.218660,-0.459071,0.473842,-1.315100,-0.212277,0.859319,-1.466149,-0.156976,1.082237,-1.502353,-0.110218,0.907609,-1.488429,0.044879,0.810595,-1.187277,-0.129223,1.088246,-1.160470,-0.072143,0.915092,-1.226651,0.069836,0.819566
-1.315542,-0.204935,0.805672,-1.433875,-0.204305,0.674196,-1.450557,-0.182338,0.369257,-1.363373,-0.479871,0.430190,-1.202391,-0.178684,0.672311,-1.206004,-0.165078,0.366447,-1.218090,-0.459664,0.473805,-1.314604,-0.215044,0.858851,-1.466249,-0.155357,1.080319,-1.503126,-0.109211,0.905669,-1.489035,0.045692,0.808384,-1.187463,-0.127288,1.086481,-1.160517,-0.071034,0.913074,-1.226711,0.070815,0.817364
-1.315217,-0.207501,0.805327,-1.433393,-0.207433,0.673696,-1.450602,-0.182855,0.368989,-1.363925,-0.480470,0.430218,-1.201929,-0.181614,0.671989,-1.205883,-0.165895,0.366230,-1.217555,-0.460263,0.474167,-1.314344,-0.217241,0.858576,-1.466337,-0.154243,1.078955,-1.503733,-0.108511,0.904307,-1.489534,0.046036,0.806473,-1.187600,-0.126076,1.085147,-1.160740,-0.070524,0.911498,-1.226820,0.071236,0.815578
-1.314845,-0.209755,0.805037,-1.432872,-0.210212,0.673267,-1.450539,-0.183333,0.368783,-1.364476,-0.481062,0.430309,-1.201427,-0.184201,0.671729,-1.205821,-0.166622,0.366078,-1.217031,-0.460739,0.474700,-1.314031,-0.219158,0.858348,-1.466343,-0.153375,1.077752,-1.504207,-0.107967,0.903122,-1.489992,0.046256,0.804781,-1.187658,-0.125032,1.083963,-1.160914,-0.070178,0.910071,-1.226901,0.071484,0.813941
-1.314381,-0.211383,0.804857,-1.432273,-0.212286,0.672968,-1.450245,-0.183727,0.368657,-1.365023,-0.481633,0.430483,-1.200847,-0.186100,0.671587,-1.205867,-0.167163,0.366026,-1.216528,-0.460967,0.475551,-1.313611,-0.220515,0.858216,-1.466185,-0.152979,1.076952,-1.504425,-0.107720,0.902365,-1.490387,0.046246,0.803595,-1.187555,-0.124303,1.083153,-1.160982,-0.070135,0.909017,-1.226921,0.071407,0.812677
-1.314252,-0.212526,0.804785,-1.432015,-0.213669,0.672783,-1.450053,-0.183869,0.368597,-1.365536,-0.481928,0.430728,-1.200593,-0.187434,0.671580,-1.205976,-0.167433,0.366092,-1.216518,-0.461001,0.476289,-1.313526,-0.221480,0.858175,-1.466182,-0.153096,1.076612,-1.504636,-0.107861,0.902066,-1.490737,0.045886,0.802936,-1.187566,-0.124364,1.082782,-1.161134,-0.070726,0.908459,-1.226899,0.070833,0.812026
-1.314290,-0.213425,0.804766,-1.431926,-0.214706,0.672655,-1.449909,-0.183884,0.368569,-1.366031,-0.482084,0.431008,-1.200502,-0.188486,0.671640,-1.206115,-0.167566,0.366217,-1.216753,-0.460938,0.476970,-1.313607,-0.222249,0.858179,-1.466256,-0.153469,1.076507,-1.504841,-0.108195,0.902001,-1.491064,0.045353,0.802547,-1.187632,-0.124819,1.082636,-1.161327,-0.071633,0.908154,-1.226855,0.070013,0.811687
-1.314749,-0.213720,0.804843,-1.432366,-0.214948,0.672714,-1.450018,-0.183561,0.368667,-1.366507,-0.481918,0.431051,-1.200931,-0.188823,0.671733,-1.206329,-0.167299,0.366348,-1.217242,-0.460830,0.476704,-1.314076,-0.222519,0.858260,-1.466435,-0.154525,1.077015,-1.505018,-0.109074,0.902553,-1.491294,0.044365,0.802924,-1.187747,-0.126317,1.083016,-1.161541,-0.073305,0.908466,-1.226687,0.068538,0.812029
-1.315193,-0.213630,0.805011,-1.432816,-0.214766,0.672888,-1.450167,-0.183089,0.368853,-1.367009,-0.481620,0.431034,-1.201367,-0.188770,0.671901,-1.206521,-0.166963,0.366532,-1.217722,-0.460720,0.476305,-1.314520,-0.222429,0.858428,-1.466558,-0.155636,1.077742,-1.505120,-0.110042,0.903313,-1.491473,0.043303,0.803527,-1.187804,-0.127831,1.083606,-1.161672,-0.074998,0.908989,-1.226452,0.067014,0.812555
-1.315607,-0.212770,0.805363,-1.433288,-0.213739,0.673289,-1.450399,-0.182317,0.369214,-1.367562,-0.481062,0.430896,-1.201817,-0.187938,0.672217,-1.206670,-0.166488,0.366819,-1.218185,-0.460605,0.475637,-1.314913,-0.221622,0.858770,-1.466567,-0.156856,1.078903,-1.505069,-0.111184,0.904481,-1.491547,0.042092,0.804575,-1.187744,-0.129377,1.084607,-1.161637,-0.076737,0.909929,-1.226085,0.065390,0.813440
-1.316069,-0.211464,0.805972,-1.433808,-0.212253,0.673948,-1.450505,-0.181598,0.369772,-1.368074,-0.480624,0.430726,-1.202316,-0.186649,0.672795,-1.206804,-0.166017,0.367335,-1.218519,-0.460501,0.475180,-1.315355,-0.220403,0.859366,-1.466617,-0.158189,1.080434,-1.504984,-0.112502,0.905987,-1.491535,0.040656,0.805889,-1.187715,-0.131064,1.086031,-1.161511,-0.078578,0.911322,-1.225587,0.063656,0.814744
-1.316555,-0.209935,0.806711,-1.434353,-0.210537,0.674737,-1.450550,-0.180909,0.370433,-1.368566,-0.480246,0.430543,-1.202839,-0.185130,0.673504,-1.206933,-0.165549,0.367970,-1.218786,-0.460400,0.474833,-1.315822,-0.218977,0.860087,-1.466690,-0.159587,1.082125,-1.504881,-0.113915,0.907637,-1.491475,0.039099,0.807313,-1.187707,-0.132831,1.087642,-1.161349,-0.080482,0.912916,-1.225033,0.061856,0.816233
-1.316927,-0.207715,0.807980,-1.434732,-0.208386,0.676012,-1.450403,-0.180787,0.371489,-1.368575,-0.480411,0.430445,-1.203215,-0.183008,0.674759,-1.207120,-0.165789,0.369082,-1.218795,-0.460712,0.475764,-1.316198,-0.216829,0.861343,-1.466924,-0.161218,1.084368,-1.504772,-0.115537,0.909808,-1.491468,0.037290,0.809186,-1.187897,-0.134462,1.090115,-1.161167,-0.081675,0.915580,-1.224453,0.060415,0.818274
-1.317288,-0.205342,0.809056,-1.435126,-0.206007,0.677120,-1.450242,-0.180618,0.372376,-1.368584,-0.480499,0.430330,-1.203601,-0.180707,0.675811,-1.207342,-0.165861,0.370008,-1.218826,-0.460901,0.476388,-1.316549,-0.214560,0.862401,-1.467002,-0.162847,1.086458,-1.504588,-0.117140,0.911851,-1.491407,0.035515,0.810950,-1.187918,-0.136204,1.092319,-1.160922,-0.082955,0.917969,-1.223850,0.058960,0.820176
-1.317624,-0.202666,0.809748,-1.435550,-0.203175,0.677895,-1.450061,-0.180357,0.372918,-1.368594,-0.480436,0.430176,-1.204007,-0.178048,0.676454,-1.207638,-0.165593,0.370545,-1.218907,-0.460846,0.476380,-1.316848,-0.212051,0.863063,-1.466773,-0.164458,1.088294,-1.504270,-0.118693,0.913683,-1.491261,0.033817,0.812542,-1.187604,-0.138149,1.094034,-1.160550,-0.084391,0.919853,-1.223206,0.057494,0.821842
-1.318093,-0.199690,0.810659,-1.436064,-0.199946,0.678854,-1.449817,-0.180034,0.373638,-1.368662,-0.480325,0.430297,-1.204489,-0.175118,0.677366,-1.207881,-0.165280,0.371360,-1.219058,-0.460794,0.476502,-1.317287,-0.209273,0.863939,-1.466569,-0.165895,1.090352,-1.504025,-0.120143,0.915730,-1.491206,0.032179,0.814282,-1.187302,-0.140050,1.095865,-1.160295,-0.085771,0.921841,-1.222744,0.056142,0.823740
-1.318628,-0.196567,0.811678,-1.436621,-0.196523,0.679908,-1.449549,-0.179684,0.374470,-1.368765,-0.480192,0.430580,-1.205008,-0.172056,0.678412,-1.208105,-0.164946,0.372329,-1.219245,-0.460745,0.476704,-1.317796,-0.206364,0.864919,-1.466385,-0.167256,1.092472,-1.503816,-0.121551,0.917834,-1.491193,0.030563,0.816050,-1.187015,-0.141936,1.097704,-1.160113,-0.087133,0.923832,-1.222390,0.054840,0.825707
-1.319492,-0.193084,0.812513,-1.437500,-0.192762,0.680782,-1.449101,-0.180096,0.375089,-1.369099,-0.480647,0.431990,-1.205826,-0.168881,0.679258,-1.208281,-0.164703,0.373118,-1.219439,-0.461075,0.475915,-1.318602,-0.203055,0.865721,-1.465824,-0.168353,1.094798,-1.503965,-0.121960,0.920498,-1.491613,0.029736,0.818060,-1.186304,-0.144022,1.099008,-1.159982,-0.088497,0.925279,-1.222199,0.053751,0.827516
-1.320233,-0.189644,0.813150,-1.438257,-0.189006,0.681467,-1.448685,-0.180356,0.375591,-1.369451,-0.481013,0.432931,-1.206528,-0.165683,0.679918,-1.208466,-0.164447,0.373751,-1.219558,-0.461322,0.475154,-1.319297,-0.199812,0.866321,-1.465395,-0.169622,1.096680,-1.504053,-0.122534,0.922684,-1.491928,0.028840,0.819743,-1.185750,-0.146138,1.100121,-1.159894,-0.089823,0.926581,-1.222055,0.052716,0.829208
-1.320726,-0.186289,0.813390,-1.438772,-0.185259,0.681767,-1.448301,-0.180296,0.375779,-1.369829,-0.481195,0.432853,-1.206992,-0.162440,0.680203,-1.208641,-0.164159,0.374039,-1.219537,-0.461412,0.474412,-1.319770,-0.196703,0.866513,-1.465212,-0.171197,1.097786,-1.504015,-0.123401,0.924017,-1.492008,0.027837,0.820864,-1.185477,-0.148285,1.100970,-1.159848,-0.091051,0.927700,-1.221953,0.051815,0.830771
-1.320998,-0.182786,0.813178,-1.439085,-0.181343,0.681644,-1.447985,-0.180189,0.375599,-1.370217,-0.481209,0.432949,-1.207265,-0.158949,0.680039,-1.208792,-0.163863,0.373911,-1.219368,-0.461202,0.474114,-1.320029,-0.193486,0.866244,-1.465125,-0.172787,1.098152,-1.503886,-0.124182,0.924601,-1.491958,0.027185,0.821627,-1.185327,-0.150209,1.101409,-1.159823,-0.092073,0.928425,-1.221862,0.050990,0.831745
-1.321159,-0.179208,0.812740,-1.439298,-0.177342,0.681316,-1.447711,-0.180059,0.375267,-1.370620,-0.481139,0.433164,-1.207441,-0.155333,0.679653,-1.208938,-0.163562,0.373598,-1.219131,-0.460842,0.474063,-1.320181,-0.190217,0.865743,-1.465088,-0.174386,1.098096,-1.503705,-0.124922,0.924758,-1.491830,0.026705,0.822160,-1.185240,-0.152028,1.101592,-1.159813,-0.092998,0.928903,-1.221782,0.050198,0.832375
-1.321504,-0.175347,0.812813,-1.439744,-0.173292,0.681551,-1.447486,-0.180584,0.375559,-1.370996,-0.481464,0.435060,-1.207863,-0.151564,0.679705,-1.209130,-0.163244,0.373764,-1.218985,-0.460517,0.474349,-1.320490,-0.186591,0.865765,-1.464995,-0.175282,1.098574,-1.503364,-0.125374,0.925309,-1.491516,0.026289,0.822763,-1.185087,-0.153239,1.102026,-1.159792,-0.093576,0.929537,-1.221554,0.049729,0.833038
-1.321847,-0.171698,0.812778,-1.440185,-0.169407,0.681686,-1.447346,-0.180978,0.375811,-1.371343,-0.481729,0.436394,-1.208280,-0.147956,0.679667,-1.209308,-0.162949,0.373871,-1.218845,-0.460219,0.474555,-1.320798,-0.183190,0.865676,-1.464904,-0.176298,1.098853,-1.503056,-0.125856,0.925696,-1.491220,0.025903,0.823291,-1.184933,-0.154645,1.102251,-1.159767,-0.094229,0.930008,-1.221365,0.049358,0.833825
-1.322186,-0.168480,0.812532,-1.440615,-0.165862,0.681605,-1.447357,-0.181104,0.375882,-1.371622,-0.481889,0.436505,-1.208686,-0.144680,0.679443,-1.209445,-0.162701,0.373812,-1.218718,-0.459975,0.474545,-1.321106,-0.180248,0.865369,-1.464812,-0.177545,1.098833,-1.502827,-0.126393,0.925856,-1.490983,0.025578,0.823765,-1.184774,-0.156422,1.102155,-1.159714,-0.095021,0.930247,-1.221230,0.049192,0.834952
-1.322492,-0.165389,0.811709,-1.441009,-0.162443,0.680950,-1.447334,-0.181207,0.375413,-1.371739,-0.481961,0.436271,-1.209058,-0.141519,0.678649,-1.209540,-0.162418,0.373201,-1.218615,-0.459732,0.473871,-1.321383,-0.177428,0.864483,-1.464757,-0.178638,1.098126,-1.502566,-0.126811,0.925306,-1.490684,0.025493,0.823716,-1.184663,-0.157933,1.101403,-1.159700,-0.095695,0.929784,-1.221149,0.049076,0.835295
-1.322783,-0.162364,0.810597,-1.441386,-0.159089,0.680012,-1.447301,-0.181299,0.374696,-1.371780,-0.481987,0.435884,-1.209414,-0.138418,0.677572,-1.209620,-0.162118,0.372330,-1.218525,-0.459490,0.472880,-1.321646,-0.174671,0.863309,-1.464722,-0.179653,1.097049,-1.502289,-0.127168,0.924375,-1.490351,0.025528,0.823382,-1.184580,-0.159309,1.100297,-1.159711,-0.096310,0.928944,-1.221100,0.048983,0.835220
-1.323048,-0.159557,0.810079,-1.441706,-0.155993,0.679635,-1.447191,-0.181259,0.374548,-1.371365,-0.481747,0.436283,-1.209720,-0.135489,0.677116,-1.209632,-0.161779,0.372086,-1.218540,-0.459029,0.473032,-1.321881,-0.172119,0.862730,-1.464637,-0.180285,1.096546,-1.501952,-0.127409,0.923937,-1.490040,0.025505,0.823272,-1.184460,-0.160146,1.099675,-1.159745,-0.096651,0.928484,-1.221054,0.048945,0.835182
-1.323313,-0.156877,0.809603,-1.442019,-0.153019,0.679298,-1.447141,-0.181170,0.374455,-1.370921,-0.481425,0.436776,-1.210018,-0.132686,0.676711,-1.209659,-0.161467,0.371907,-1.218652,-0.458563,0.473324,-1.322119,-0.169687,0.862194,-1.464585,-0.180848,1.096036,-1.501623,-0.127607,0.923479,-1.489745,0.025503,0.823110,-1.184378,-0.160886,1.099063,-1.159810,-0.096931,0.928024,-1.221025,0.048936,0.835082
-1.323578,-0.154447,0.809214,-1.442317,-0.150284,0.679029,-1.447205,-0.180982,0.374427,-1.370416,-0.480943,0.437416,-1.210301,-0.130132,0.676404,-1.209713,-0.161208,0.371826,-1.218958,-0.458085,0.473868,-1.322363,-0.167493,0.861746,-1.464597,-0.181270,1.095567,-1.501310,-0.127724,0.923036,-1.489489,0.025542,0.822897,-1.184366,-0.161430,1.098527,-1.159926,-0.097087,0.927616,-1.221015,0.048983,0.834912
-1.323649,-0.152310,0.809057,-1.442423,-0.147833,0.678990,-1.447099,-0.180693,0.374607,-1.369881,-0.480416,0.438165,-1.210389,-0.127910,0.676318,-1.209709,-0.160966,0.371949,-1.219336,-0.457648,0.474545,-1.322429,-0.165569,0.861535,-1.464612,-0.181580,1.095228,-1.500696,-0.127641,0.922685,-1.488996,0.025698,0.822644,-1.184361,-0.161889,1.098305,-1.160056,-0.097201,0.927505,-1.220992,0.048966,0.834852
-1.323624,-0.150318,0.809016,-1.442434,-0.145522,0.679065,-1.446910,-0.180353,0.374897,-1.369333,-0.479865,0.438972,-1.210379,-0.125850,0.676342,-1.209679,-0.160731,0.372176,-1.219753,-0.457228,0.475293,-1.322405,-0.163777,0.861443,-1.464629,-0.181832,1.094947,-1.499930,-0.127457,0.922377,-1.488378,0.025913,0.822365,-1.184360,-0.162305,1.098232,-1.160196,-0.097294,0.927536,-1.220964,0.048917,0.834843
-1.323730,-0.148910,0.808687,-1.442557,-0.143913,0.678814,-1.446746,-0.180183,0.374808,-1.368758,-0.479515,0.439215,-1.210494,-0.124335,0.676075,-1.209835,-0.160541,0.372064,-1.220274,-0.456794,0.475854,-1.322506,-0.162521,0.861075,-1.464721,-0.181979,1.094462,-1.499539,-0.127299,0.921889,-1.488266,0.026147,0.821963,-1.184449,-0.162428,1.097851,-1.160342,-0.097100,0.927269,-1.221051,0.049160,0.834614
-1.323821,-0.147636,0.808417,-1.442655,-0.142444,0.678608,-1.446603,-0.180019,0.374757,-1.368185,-0.479156,0.439534,-1.210584,-0.122959,0.675872,-1.209923,-0.160348,0.372004,-1.220784,-0.456384,0.476374,-1.322596,-0.161391,0.860767,-1.464819,-0.182061,1.094038,-1.499186,-0.127118,0.921456,-1.488171,0.026408,0.821624,-1.184545,-0.162479,1.097536,-1.160486,-0.096859,0.927060,-1.221165,0.049437,0.834443
-1.323884,-0.146634,0.808263,-1.442702,-0.141254,0.678492,-1.446499,-0.179868,0.374767,-1.367617,-0.478782,0.439993,-1.210622,-0.121863,0.675795,-1.209871,-0.160150,0.372038,-1.221270,-0.456028,0.476804,-1.322664,-0.160512,0.860581,-1.464929,-0.182014,1.093746,-1.498912,-0.126893,0.921144,-1.488117,0.026725,0.821428,-1.184657,-0.162385,1.097366,-1.160627,-0.096527,0.926978,-1.221330,0.049782,0.834398
-1.323928,-0.145835,0.808109,-1.442710,-0.140310,0.678345,-1.446483,-0.179800,0.374731,-1.367070,-0.478458,0.440458,-1.210623,-0.120995,0.675721,-1.209770,-0.159954,0.372049,-1.221754,-0.455686,0.477167,-1.322717,-0.159810,0.860401,-1.465013,-0.181761,1.093503,-1.498696,-0.126561,0.920865,-1.488104,0.027174,0.821309,-1.184751,-0.161981,1.097206,-1.160814,-0.095949,0.926874,-1.221592,0.050251,0.834169
-1.323964,-0.145140,0.807954,-1.442697,-0.139492,0.678184,-1.446512,-0.179773,0.374672,-1.366537,-0.478158,0.440924,-1.210604,-0.120242,0.675650,-1.209644,-0.159758,0.372049,-1.222236,-0.455351,0.477496,-1.322761,-0.159196,0.860225,-1.465084,-0.181405,1.093285,-1.498510,-0.126177,0.920605,-1.488112,0.027688,0.821229,-1.184837,-0.161423,1.097054,-1.161024,-0.095249,0.926759,-1.221902,0.050779,0.833849
-1.323794,-0.145010,0.807970,-1.442469,-0.139227,0.678166,-1.446574,-0.179787,0.374693,-1.366030,-0.477922,0.441345,-1.210367,-0.120070,0.675740,-1.209445,-0.159650,0.372147,-1.222553,-0.455075,0.477994,-1.322623,-0.159120,0.860226,-1.465176,-0.180868,1.093192,-1.498405,-0.125654,0.920468,-1.488103,0.028348,0.821294,-1.184936,-0.160884,1.097205,-1.161164,-0.094557,0.926965,-1.222219,0.051428,0.834103
-1.323608,-0.145104,0.807954,-1.442223,-0.139203,0.678108,-1.446702,-0.179825,0.374647,-1.365542,-0.477694,0.441689,-1.210114,-0.120113,0.675794,-1.209297,-0.159558,0.372182,-1.222825,-0.454766,0.478567,-1.322469,-0.159257,0.860200,-1.465275,-0.180252,1.093086,-1.498347,-0.125086,0.920315,-1.488139,0.029046,0.821333,-1.185043,-0.160273,1.097345,-1.161308,-0.093829,0.927145,-1.222586,0.052109,0.834358
-1.323389,-0.145649,0.807877,-1.441941,-0.139661,0.677970,-1.446964,-0.179910,0.374466,-1.365086,-0.477485,0.441884,-1.209830,-0.120586,0.675775,-1.209251,-0.159502,0.372094,-1.223004,-0.454395,0.479290,-1.322284,-0.159818,0.860119,-1.465386,-0.179477,1.092949,-1.498384,-0.124428,0.920125,-1.488266,0.029822,0.821318,-1.185165,-0.159516,1.097459,-1.161461,-0.093029,0.927271,-1.223055,0.052857,0.834611
-1.323093,-0.146574,0.807870,-1.441575,-0.140503,0.677882,-1.447186,-0.179993,0.374287,-1.364790,-0.477341,0.442010,-1.209460,-0.121460,0.675817,-1.209114,-0.159471,0.372020,-1.223116,-0.454008,0.480115,-1.322027,-0.160734,0.860115,-1.465482,-0.178555,1.092890,-1.498392,-0.123697,0.919987,-1.488292,0.030643,0.821318,-1.185274,-0.158617,1.097677,-1.161524,-0.092174,0.927478,-1.223408,0.053640,0.834898
-1.322758,-0.147691,0.807898,-1.441166,-0.141538,0.677818,-1.447388,-0.180074,0.374112,-1.364568,-0.477227,0.442105,-1.209047,-0.122535,0.675889,-1.208931,-0.159452,0.371957,-1.223189,-0.453611,0.480995,-1.321735,-0.161829,0.860150,-1.465570,-0.177557,1.092858,-1.498383,-0.122928,0.919862,-1.488265,0.031489,0.821315,-1.185376,-0.157647,1.097933,-1.161544,-0.091289,0.927713,-1.223708,0.054442,0.835189
-1.322605,-0.149438,0.807664,-1.440894,-0.143232,0.677433,-1.447494,-0.180250,0.373545,-1.364375,-0.477226,0.441860,-1.208774,-0.124209,0.675727,-1.208811,-0.159506,0.371601,-1.223287,-0.453295,0.481544,-1.321626,-0.163526,0.859931,-1.465780,-0.176369,1.092639,-1.498892,-0.122311,0.919520,-1.488569,0.032184,0.821118,-1.185614,-0.156329,1.097871,-1.161536,-0.090241,0.927580,-1.224024,0.055401,0.835135
-1.322344,-0.151384,0.807513,-1.440527,-0.145120,0.677138,-1.447597,-0.180433,0.373058,-1.364172,-0.477248,0.441611,-1.208407,-0.126078,0.675631,-1.208687,-0.159556,0.371299,-1.223387,-0.453011,0.482034,-1.321410,-0.165414,0.859796,-1.465959,-0.175163,1.092433,-1.499285,-0.121687,0.919175,-1.488688,0.032843,0.820857,-1.185822,-0.155011,1.097894,-1.161506,-0.089242,0.927512,-1.224304,0.056262,0.835060
-1.321866,-0.153727,0.807528,-1.439970,-0.147394,0.677025,-1.447695,-0.180626,0.372725,-1.363954,-0.477316,0.441348,-1.207851,-0.128338,0.675669,-1.208556,-0.159598,0.371101,-1.223493,-0.452797,0.482408,-1.320982,-0.167685,0.859831,-1.466073,-0.173923,1.092280,-1.499449,-0.121054,0.918844,-1.488447,0.033424,0.820489,-1.185969,-0.153693,1.098109,-1.161428,-0.088343,0.927598,-1.224505,0.056927,0.834968
-1.321311,-0.156398,0.807619,-1.439326,-0.150014,0.676971,-1.447672,-0.180917,0.372442,-1.363779,-0.477524,0.441148,-1.207207,-0.130950,0.675780,-1.208392,-0.159685,0.370964,-1.223596,-0.452719,0.482592,-1.320484,-0.170258,0.859949,-1.466181,-0.172661,1.092124,-1.499573,-0.120424,0.918500,-1.488158,0.033932,0.820001,-1.186116,-0.152336,1.098372,-1.161373,-0.087458,0.927708,-1.224665,0.057510,0.834752
-1.320717,-0.159234,0.807749,-1.438638,-0.152807,0.676948,-1.447586,-0.181254,0.372198,-1.363620,-0.477801,0.440994,-1.206518,-0.133739,0.675930,-1.208211,-0.159794,0.370875,-1.223689,-0.452707,0.482698,-1.319951,-0.172984,0.860108,-1.466285,-0.171389,1.091927,-1.499673,-0.119795,0.918110,-1.487837,0.034404,0.819415,-1.186263,-0.150958,1.098617,-1.161335,-0.086581,0.927790,-1.224812,0.058052,0.834436
-1.319866,-0.163004,0.807886,-1.437712,-0.156399,0.676936,-1.447917,-0.181155,0.371904,-1.363676,-0.478197,0.438269,-1.205591,-0.137325,0.676089,-1.208008,-0.160052,0.370771,-1.223724,-0.453041,0.482268,-1.319169,-0.176665,0.860270,-1.466267,-0.170624,1.091579,-1.499768,-0.119383,0.917679,-1.487485,0.034781,0.818983,-1.186287,-0.150267,1.098843,-1.161064,-0.086195,0.927943,-1.224790,0.058374,0.834661
-1.319157,-0.166712,0.808251,-1.436937,-0.160018,0.677157,-1.448142,-0.181105,0.371884,-1.363667,-0.478602,0.435979,-1.204820,-0.140902,0.676452,-1.207835,-0.160218,0.370904,-1.223683,-0.453407,0.481791,-1.318509,-0.180246,0.860667,-1.466149,-0.169627,1.091517,-1.499863,-0.118877,0.917513,-1.487190,0.035107,0.818588,-1.186208,-0.149314,1.099079,-1.160817,-0.085687,0.928036,-1.224808,0.058718,0.834682
-1.318733,-0.170299,0.809069,-1.436467,-0.163692,0.677840,-1.448157,-0.181158,0.372357,-1.363546,-0.479057,0.434504,-1.204359,-0.144464,0.677221,-1.207724,-0.160203,0.371471,-1.223518,-0.453835,0.481179,-1.318095,-0.183628,0.861539,-1.465843,-0.168162,1.092098,-1.499980,-0.118188,0.917952,-1.487038,0.035327,0.818335,-1.185931,-0.147834,1.099408,-1.160608,-0.084934,0.928084,-1.224887,0.059108,0.834369
-1.318303,-0.173784,0.809590,-1.435999,-0.167326,0.678233,-1.448237,-0.181266,0.372592,-1.363842,-0.479564,0.433220,-1.203897,-0.148028,0.677671,-1.207555,-0.160255,0.371763,-1.223268,-0.454318,0.480349,-1.317691,-0.186869,0.862122,-1.465772,-0.166679,1.092157,-1.500201,-0.117358,0.917883,-1.486925,0.035774,0.817720,-1.185901,-0.146300,1.099495,-1.160518,-0.084077,0.927932,-1.225059,0.059584,0.833813
-1.317869,-0.177216,0.809963,-1.435532,-0.170940,0.678485,-1.448351,-0.181400,0.372731,-1.364346,-0.480096,0.432054,-1.203434,-0.151593,0.677964,-1.207356,-0.160339,0.371940,-1.222973,-0.454827,0.479432,-1.317293,-0.190039,0.862559,-1.465818,-0.165194,1.091911,-1.500466,-0.116462,0.917514,-1.486819,0.036329,0.816883,-1.185995,-0.144745,1.099416,-1.160492,-0.083172,0.927635,-1.225286,0.060097,0.833093
-1.317314,-0.180656,0.810033,-1.435000,-0.174684,0.678483,-1.448455,-0.181636,0.372659,-1.364893,-0.480640,0.431121,-1.202914,-0.155189,0.677900,-1.207130,-0.160501,0.371800,-1.222438,-0.455383,0.478326,-1.316763,-0.193180,0.862701,-1.465834,-0.163808,1.091228,-1.500722,-0.115525,0.916754,-1.486731,0.037014,0.815788,-1.186072,-0.143199,1.099018,-1.160398,-0.082236,0.927044,-1.225453,0.060622,0.832061
-1.316713,-0.184183,0.809946,-1.434413,-0.178505,0.678324,-1.448566,-0.181811,0.372473,-1.365443,-0.481162,0.429877,-1.202343,-0.158827,0.677699,-1.206839,-0.160798,0.371564,-1.221900,-0.455949,0.477425,-1.316199,-0.196424,0.862680,-1.465986,-0.162592,1.090186,-1.500939,-0.114867,0.915571,-1.486570,0.037537,0.814455,-1.186297,-0.141739,1.098461,-1.160352,-0.081368,0.926318,-1.225647,0.061088,0.830895
-1.316018,-0.187883,0.809542,-1.433718,-0.182474,0.677842,-1.448688,-0.181869,0.372015,-1.365990,-0.481636,0.427973,-1.201669,-0.162546,0.677219,-1.206416,-0.161366,0.371082,-1.221350,-0.456544,0.476889,-1.315567,-0.199868,0.862334,-1.466410,-0.161706,1.088515,-1.501093,-0.114765,0.913633,-1.486291,0.037742,0.812734,-1.186822,-0.140439,1.097676,-1.160397,-0.080626,0.925409,-1.225878,0.061448,0.829545
-1.315591,-0.191396,0.808901,-1.433306,-0.186175,0.677152,-1.448788,-0.181911,0.371382,-1.366491,-0.481853,0.427099,-1.201268,-0.166127,0.676494,-1.206026,-0.161811,0.370386,-1.220774,-0.457090,0.475925,-1.315155,-0.203138,0.861748,-1.466358,-0.160553,1.086963,-1.501257,-0.114312,0.911936,-1.486247,0.038247,0.811148,-1.186819,-0.139210,1.096201,-1.160460,-0.080189,0.923649,-1.226238,0.061770,0.827819
-1.315298,-0.194815,0.808141,-1.433036,-0.189743,0.676361,-1.448876,-0.181945,0.370680,-1.366974,-0.481946,0.426759,-1.201002,-0.169640,0.675650,-1.205650,-0.162196,0.369600,-1.220190,-0.457610,0.474765,-1.314854,-0.206320,0.861040,-1.466063,-0.159272,1.085429,-1.501418,-0.113687,0.910319,-1.486305,0.038901,0.809590,-1.186548,-0.138025,1.094344,-1.160529,-0.079920,0.921426,-1.226653,0.062063,0.825869
-1.314920,-0.197815,0.807445,-1.432681,-0.192979,0.675637,-1.448973,-0.181831,0.370086,-1.367138,-0.481746,0.426760,-1.200660,-0.172732,0.674875,-1.205399,-0.163009,0.368890,-1.219631,-0.458191,0.474683,-1.314477,-0.209089,0.860394,-1.465935,-0.158416,1.083892,-1.501583,-0.113113,0.908767,-1.486453,0.039592,0.808218,-1.186475,-0.136956,1.092776,-1.160623,-0.079309,0.919677,-1.226863,0.062745,0.824306
-1.314576,-0.200627,0.806756,-1.432371,-0.196054,0.674937,-1.449134,-0.181689,0.369547,-1.367211,-0.481472,0.426824,-1.200370,-0.175590,0.674104,-1.205250,-0.163670,0.368199,-1.219091,-0.458634,0.474584,-1.314125,-0.211680,0.859751,-1.465802,-0.157675,1.082386,-1.501732,-0.112582,0.907263,-1.486621,0.040224,0.806865,-1.186401,-0.135946,1.091204,-1.160763,-0.078688,0.917940,-1.227108,0.063424,0.822728
-1.314300,-0.203068,0.806077,-1.432153,-0.198816,0.674275,-1.449420,-0.181490,0.369067,-1.367089,-0.481046,0.426966,-1.200184,-0.177986,0.673334,-1.205297,-0.164025,0.367519,-1.218587,-0.458804,0.474428,-1.313825,-0.213920,0.859114,-1.465660,-0.157143,1.081013,-1.501857,-0.112123,0.905927,-1.486848,0.040753,0.805618,-1.186322,-0.135033,1.089694,-1.160989,-0.078029,0.916300,-1.227414,0.064114,0.821189
-1.314057,-0.205186,0.805443,-1.431947,-0.201274,0.673645,-1.449649,-0.181271,0.368626,-1.366917,-0.480616,0.427052,-1.200017,-0.180012,0.672634,-1.205345,-0.164177,0.366913,-1.218085,-0.458813,0.474234,-1.313556,-0.215854,0.858516,-1.465526,-0.156780,1.079780,-1.501921,-0.111850,0.904710,-1.487041,0.041037,0.804400,-1.186256,-0.134161,1.088282,-1.161259,-0.077398,0.914757,-1.227722,0.064717,0.819632
-1.313831,-0.207144,0.804829,-1.431747,-0.203583,0.673031,-1.449856,-0.181042,0.368215,-1.366727,-0.480186,0.427119,-1.199861,-0.181856,0.671968,-1.205399,-0.164230,0.366348,-1.217588,-0.458740,0.474027,-1.313303,-0.217636,0.857938,-1.465400,-0.156503,1.078607,-1.501956,-0.111674,0.903545,-1.487221,0.041196,0.803187,-1.186202,-0.133311,1.086910,-1.161556,-0.076786,0.913253,-1.228036,0.065273,0.818055
-1.313783,-0.208763,0.804696,-1.431661,-0.205523,0.672846,-1.450169,-0.180807,0.368223,-1.366649,-0.479863,0.427027,-1.199816,-0.183347,0.671844,-1.205481,-0.164112,0.366323,-1.217342,-0.458571,0.474140,-1.313246,-0.219104,0.857835,-1.465451,-0.156579,1.078078,-1.502016,-0.111836,0.902996,-1.487332,0.040917,0.802453,-1.186319,-0.132800,1.086200,-1.162016,-0.076457,0.912434,-1.228478,0.065500,0.817071
-1.313723,-0.210252,0.804578,-1.431558,-0.207313,0.672675,-1.450443,-0.180590,0.368246,-1.366613,-0.479589,0.426899,-1.199753,-0.184719,0.671742,-1.205546,-0.164027,0.366317,-1.217196,-0.458429,0.474275,-1.313179,-0.220453,0.857744,-1.465509,-0.156779,1.077607,-1.502058,-0.112118,0.902500,-1.487417,0.040529,0.801790,-1.186443,-0.132405,1.085579,-1.162464,-0.076227,0.911712,-1.228890,0.065611,0.816147
-1.313639,-0.211480,0.804489,-1.431423,-0.208803,0.672531,-1.450625,-0.180403,0.368275,-1.366647,-0.479408,0.426674,-1.199653,-0.185851,0.671679,-1.205567,-0.164002,0.366336,-1.217241,-0.458340,0.474437,-1.313094,-0.221562,0.857678,-1.465574,-0.157219,1.077267,-1.502060,-0.112633,0.902129,-1.487448,0.039929,0.801287,-1.186572,-0.132235,1.085153,-1.162880,-0.076187,0.911203,-1.229230,0.065501,0.815363
-1.313614,-0.212417,0.804458,-1.431356,-0.209998,0.672456,-1.450792,-0.180316,0.368338,-1.366713,-0.479353,0.426412,-1.199622,-0.186682,0.671669,-1.205640,-0.164012,0.366386,-1.217282,-0.458380,0.474386,-1.313066,-0.222403,0.857665,-1.465657,-0.157843,1.077126,-1.502071,-0.113329,0.901955,-1.487455,0.039151,0.800988,-1.186709,-0.132309,1.084938,-1.163293,-0.076362,0.910917,-1.229575,0.065209,0.814857
-1.313618,-0.213208,0.804455,-1.431323,-0.211046,0.672415,-1.450951,-0.180279,0.368419,-1.366796,-0.479361,0.426132,-1.199626,-0.187362,0.671685,-1.205740,-0.164040,0.366452,-1.217321,-0.458484,0.474228,-1.313065,-0.223110,0.857679,-1.465748,-0.158558,1.077085,-1.502084,-0.114114,0.901881,-1.487448,0.038283,0.800793,-1.186850,-0.132504,1.084830,-1.163705,-0.076645,0.910742,-1.229921,0.064825,0.814489
-1.313672,-0.213608,0.804568,-1.431348,-0.211654,0.672498,-1.450966,-0.180211,0.368571,-1.366953,-0.479470,0.425563,-1.199687,-0.187615,0.671818,-1.205824,-0.163977,0.366608,-1.217306,-0.458627,0.473820,-1.313109,-0.223465,0.857799,-1.465813,-0.159461,1.077342,-1.502075,-0.115132,0.902095,-1.487425,0.037165,0.800858,-1.186949,-0.132946,1.085002,-1.164088,-0.077236,0.910828,-1.230275,0.064118,0.814383
-1.313740,-0.213848,0.804737,-1.431397,-0.212103,0.672647,-1.450974,-0.180186,0.368769,-1.367114,-0.479639,0.424952,-1.199772,-0.187720,0.672000,-1.205918,-0.163932,0.366801,-1.217306,-0.458829,0.473330,-1.313166,-0.223670,0.857976,-1.465865,-0.160391,1.077718,-1.502055,-0.116185,0.902426,-1.487413,0.036014,0.801042,-1.187032,-0.133441,1.085290,-1.164455,-0.077879,0.911031,-1.230637,0.063366,0.814423
-1.313839,-0.213772,0.805023,-1.431496,-0.212232,0.672931,-1.450964,-0.180242,0.369055,-1.367279,-0.479926,0.424255,-1.199905,-0.187528,0.672279,-1.206028,-0.163922,0.367065,-1.217331,-0.459150,0.472675,-1.313246,-0.223573,0.858265,-1.465894,-0.161378,1.078330,-1.502011,-0.117312,0.902988,-1.487423,0.034798,0.801462,-1.187080,-0.134044,1.085811,-1.164790,-0.078627,0.911468,-1.231015,0.062527,0.814757
-1.313997,-0.213366,0.805517,-1.431660,-0.211976,0.673428,-1.450869,-0.180254,0.369509,-1.367381,-0.480182,0.423684,-1.200092,-0.187053,0.672763,-1.206111,-0.163976,0.367506,-1.217370,-0.459576,0.472094,-1.313387,-0.223166,0.858759,-1.465912,-0.162358,1.079263,-1.501973,-0.118441,0.903874,-1.487485,0.033544,0.802146,-1.187098,-0.134790,1.086651,-1.165079,-0.079521,0.912227,-1.231346,0.061566,0.815446
-1.314185,-0.212795,0.806116,-1.431857,-0.211528,0.674034,-1.450731,-0.180245,0.370048,-1.367450,-0.480419,0.423176,-1.200307,-0.186436,0.673349,-1.206180,-0.164061,0.368037,-1.217415,-0.460052,0.471550,-1.313558,-0.222605,0.859356,-1.465923,-0.163338,1.080352,-1.501935,-0.119573,0.904915,-1.487570,0.032270,0.802957,-1.187099,-0.135610,1.087645,-1.165346,-0.080490,0.913140,-1.231655,0.060542,0.816308
-1.314502,-0.211625,0.807131,-1.432164,-0.210428,0.675040,-1.450679,-0.180154,0.370931,-1.367474,-0.480481,0.423324,-1.200620,-0.185280,0.674370,-1.206322,-0.164239,0.368960,-1.217595,-0.460486,0.471746,-1.313860,-0.221473,0.860364,-1.465933,-0.163947,1.081970,-1.501910,-0.120518,0.906442,-1.487725,0.030998,0.803976,-1.187072,-0.136252,1.089088,-1.165542,-0.081425,0.914464,-1.231795,0.059527,0.817477
-1.314875,-0.210301,0.808091,-1.432537,-0.209134,0.676000,-1.450555,-0.180096,0.371740,-1.367544,-0.480591,0.423498,-1.200995,-0.183967,0.675332,-1.206479,-0.164397,0.369820,-1.217793,-0.460899,0.471889,-1.314211,-0.220208,0.861313,-1.465890,-0.164683,1.083644,-1.501908,-0.121514,0.908062,-1.487950,0.029705,0.805126,-1.186982,-0.137063,1.090501,-1.165704,-0.082445,0.915781,-1.231877,0.058502,0.818734
-1.315362,-0.208671,0.808934,-1.433043,-0.207451,0.676864,-1.450292,-0.180108,0.372403,-1.367705,-0.480800,0.423724,-1.201495,-0.182345,0.676173,-1.206672,-0.164519,0.370549,-1.218028,-0.461267,0.471920,-1.314658,-0.218678,0.862138,-1.465738,-0.165673,1.085430,-1.501953,-0.122610,0.909864,-1.488316,0.028373,0.806538,-1.186768,-0.138208,1.091851,-1.165795,-0.083635,0.917080,-1.231840,0.057462,0.820162
-1.315882,-0.206619,0.809564,-1.433585,-0.205274,0.677521,-1.450078,-0.180039,0.372836,-1.367982,-0.480913,0.423922,-1.202020,-0.180323,0.676805,-1.206871,-0.164499,0.371067,-1.218262,-0.461448,0.471878,-1.315145,-0.216759,0.862742,-1.465644,-0.166588,1.087014,-1.501989,-0.123574,0.911463,-1.488627,0.027206,0.807805,-1.186600,-0.139402,1.093094,-1.165860,-0.084783,0.918310,-1.231702,0.056553,0.821603
-1.316417,-0.204356,0.810087,-1.434144,-0.202848,0.678075,-1.449891,-0.179931,0.373168,-1.368320,-0.480980,0.424121,-1.202558,-0.178100,0.677334,-1.207078,-0.164410,0.371489,-1.218496,-0.461537,0.471810,-1.315651,-0.214644,0.863237,-1.465584,-0.167473,1.088471,-1.502018,-0.124479,0.912935,-1.488907,0.026115,0.808976,-1.186460,-0.140628,1.094257,-1.165921,-0.085918,0.919479,-1.231522,0.055702,0.823025
-1.316669,-0.201348,0.810560,-1.434377,-0.199723,0.678546,-1.449532,-0.179770,0.373401,-1.368531,-0.480952,0.424524,-1.202761,-0.175251,0.677842,-1.207151,-0.164725,0.371871,-1.218478,-0.461720,0.472579,-1.315923,-0.211786,0.863680,-1.465795,-0.168429,1.089650,-1.502013,-0.125211,0.914125,-1.489079,0.025410,0.810183,-1.186629,-0.141690,1.095801,-1.165831,-0.086283,0.921275,-1.231002,0.055245,0.824396
-1.317121,-0.198192,0.811077,-1.434818,-0.196432,0.679075,-1.449173,-0.179755,0.373694,-1.368759,-0.480990,0.425425,-1.203167,-0.172293,0.678388,-1.207276,-0.164869,0.372324,-1.218555,-0.461817,0.473173,-1.316371,-0.208779,0.864168,-1.465801,-0.169286,1.091069,-1.502112,-0.125665,0.915664,-1.489376,0.024869,0.811572,-1.186561,-0.142902,1.097171,-1.165727,-0.086785,0.922880,-1.230536,0.054736,0.825749
-1.317971,-0.194737,0.811683,-1.435673,-0.192805,0.679716,-1.448815,-0.180035,0.374091,-1.369009,-0.481154,0.427303,-1.203976,-0.169115,0.679007,-1.207504,-0.164670,0.372880,-1.218809,-0.461740,0.473384,-1.317172,-0.205473,0.864744,-1.465402,-0.169940,1.093019,-1.502437,-0.125562,0.917959,-1.489958,0.024657,0.813381,-1.186026,-0.144405,1.098242,-1.165593,-0.087549,0.924147,-1.230186,0.054135,0.827109
-1.318672,-0.191290,0.812029,-1.436365,-0.189093,0.680093,-1.448502,-0.180047,0.374293,-1.369176,-0.481093,0.428556,-1.204625,-0.165825,0.679406,-1.207662,-0.164369,0.373247,-1.218968,-0.461514,0.473555,-1.317847,-0.202228,0.865048,-1.465227,-0.170834,1.094415,-1.502602,-0.125793,0.919600,-1.490215,0.024216,0.814710,-1.185742,-0.145980,1.099150,-1.165441,-0.088405,0.925279,-1.229827,0.053454,0.828358
-1.319297,-0.187849,0.812245,-1.436974,-0.185340,0.680342,-1.448220,-0.179927,0.374421,-1.369307,-0.480920,0.429520,-1.205194,-0.162481,0.679697,-1.207791,-0.164018,0.373536,-1.219082,-0.461215,0.473724,-1.318459,-0.199015,0.865217,-1.465170,-0.171855,1.095490,-1.502687,-0.126197,0.920868,-1.490305,0.023655,0.815753,-1.185589,-0.147596,1.099930,-1.165289,-0.089316,0.926297,-1.229473,0.052724,0.829509
-1.319853,-0.184264,0.812205,-1.437535,-0.181440,0.680365,-1.447987,-0.179786,0.374371,-1.369323,-0.480757,0.429944,-1.205723,-0.158914,0.679730,-1.207959,-0.163623,0.373601,-1.219196,-0.460830,0.473804,-1.318998,-0.195687,0.865123,-1.465156,-0.172861,1.096156,-1.502625,-0.126641,0.921673,-1.490237,0.023225,0.816579,-1.185493,-0.149077,1.100413,-1.165084,-0.090190,0.927001,-1.229071,0.052037,0.830358
-1.320436,-0.180530,0.812046,-1.438150,-0.177462,0.680301,-1.447738,-0.179910,0.374284,-1.369311,-0.480739,0.430884,-1.206308,-0.155245,0.679615,-1.208170,-0.163229,0.373553,-1.219311,-0.460493,0.473646,-1.319558,-0.192192,0.864911,-1.465190,-0.173715,1.096605,-1.502537,-0.127012,0.922226,-1.490141,0.022860,0.817143,-1.185447,-0.150406,1.100697,-1.164932,-0.091017,0.927472,-1.228688,0.051386,0.830936
-1.321072,-0.176504,0.811648,-1.438873,-0.173334,0.680059,-1.447445,-0.180557,0.374085,-1.369229,-0.480998,0.432819,-1.207007,-0.151377,0.679197,-1.208453,-0.162834,0.373244,-1.219417,-0.460250,0.472976,-1.320160,-0.188369,0.864467,-1.465312,-0.174247,1.096709,-1.502398,-0.127221,0.922363,-1.489995,0.022642,0.817267,-1.185489,-0.151417,1.100673,-1.164869,-0.091734,0.927564,-1.228324,0.050824,0.831058
-1.321385,-0.172620,0.810968,-1.439235,-0.169204,0.679510,-1.447250,-0.180787,0.373655,-1.369345,-0.480977,0.433929,-1.207342,-0.147550,0.678561,-1.208596,-0.162490,0.372760,-1.219500,-0.459877,0.472647,-1.320475,-0.184740,0.863728,-1.465536,-0.175010,1.096201,-1.502171,-0.127500,0.921891,-1.489728,0.022604,0.817145,-1.185655,-0.152532,1.100483,-1.164794,-0.092412,0.927556,-1.227913,0.050388,0.831189
-1.321537,-0.168808,0.810147,-1.439416,-0.165077,0.678814,-1.447111,-0.180806,0.373135,-1.369574,-0.480816,0.434651,-1.207493,-0.143746,0.677821,-1.208678,-0.162170,0.372211,-1.219580,-0.459437,0.472511,-1.320647,-0.181208,0.862842,-1.465813,-0.175886,1.095344,-1.501897,-0.127813,0.921073,-1.489392,0.022657,0.816861,-1.185887,-0.153702,1.100167,-1.164720,-0.093076,0.927456,-1.227489,0.050012,0.831288
-1.321764,-0.165389,0.810003,-1.439649,-0.161433,0.678769,-1.447034,-0.180873,0.373295,-1.369398,-0.480740,0.435330,-1.207709,-0.140279,0.677777,-1.208801,-0.161953,0.372381,-1.219560,-0.459223,0.472727,-1.320877,-0.178040,0.862638,-1.465940,-0.176525,1.095219,-1.501628,-0.128120,0.920960,-1.489205,0.022569,0.817055,-1.185973,-0.154564,1.100267,-1.164655,-0.093537,0.927719,-1.227146,0.049726,0.831630
-1.321989,-0.162019,0.809767,-1.439862,-0.157858,0.678621,-1.446965,-0.180948,0.373394,-1.369172,-0.480640,0.436042,-1.207908,-0.136871,0.677656,-1.208908,-0.161716,0.372501,-1.219565,-0.458964,0.472966,-1.321107,-0.174909,0.862344,-1.466045,-0.177003,1.094961,-1.501363,-0.128309,0.920707,-1.489035,0.022582,0.817082,-1.186041,-0.155248,1.100186,-1.164606,-0.093860,0.927781,-1.226840,0.049553,0.831749
-1.322209,-0.158747,0.809347,-1.440039,-0.154422,0.678260,-1.446901,-0.181039,0.373313,-1.368836,-0.480491,0.436763,-1.208071,-0.133580,0.677373,-1.208972,-0.161444,0.372480,-1.219617,-0.458614,0.473207,-1.321335,-0.171854,0.861871,-1.466103,-0.177159,1.094511,-1.501111,-0.128261,0.920251,-1.488914,0.022793,0.816850,-1.186067,-0.155570,1.099815,-1.164571,-0.093902,0.927520,-1.226585,0.049612,0.831497
-1.322382,-0.155727,0.808928,-1.440128,-0.151222,0.677863,-1.446722,-0.181089,0.373210,-1.368357,-0.480264,0.437608,-1.208143,-0.130562,0.677121,-1.208974,-0.161168,0.372490,-1.219820,-0.458223,0.473566,-1.321530,-0.169033,0.861402,-1.466190,-0.177145,1.094001,-1.500905,-0.128115,0.919719,-1.488857,0.023071,0.816494,-1.186129,-0.155688,1.099423,-1.164554,-0.093766,0.927231,-1.226372,0.049830,0.831205
-1.322532,-0.152829,0.808509,-1.440175,-0.148137,0.677450,-1.446491,-0.181118,0.373110,-1.367814,-0.479995,0.438530,-1.208172,-0.127679,0.676884,-1.208949,-0.160890,0.372527,-1.220106,-0.457810,0.473994,-1.321709,-0.166327,0.860934,-1.466294,-0.177047,1.093450,-1.500718,-0.127918,0.919138,-1.488829,0.023384,0.816064,-1.186212,-0.155705,1.099010,-1.164546,-0.093542,0.926917,-1.226184,0.050127,0.830884
-1.322430,-0.150325,0.808378,-1.440016,-0.145455,0.677352,-1.446220,-0.180995,0.373296,-1.367255,-0.479596,0.439668,-1.207988,-0.125276,0.676876,-1.208922,-0.160779,0.372778,-1.220485,-0.457585,0.474577,-1.321646,-0.163969,0.860767,-1.466394,-0.176729,1.093061,-1.500116,-0.127371,0.918675,-1.488472,0.023941,0.815588,-1.186292,-0.155585,1.098993,-1.164565,-0.093211,0.926985,-1.226016,0.050451,0.830822
-1.322388,-0.147940,0.808173,-1.439915,-0.142922,0.677175,-1.446028,-0.180897,0.373410,-1.366706,-0.479192,0.440758,-1.207867,-0.122977,0.676793,-1.208948,-0.160671,0.372958,-1.220924,-0.457345,0.475134,-1.321639,-0.161719,0.860526,-1.466523,-0.176348,1.092610,-1.499623,-0.126818,0.918151,-1.488255,0.024504,0.815048,-1.186408,-0.155349,1.098866,-1.164597,-0.092786,0.926939,-1.225868,0.050871,0.830654
-1.322466,-0.145790,0.807818,-1.439931,-0.140686,0.676837,-1.445986,-0.180848,0.373350,-1.366163,-0.478780,0.441724,-1.207870,-0.120885,0.676556,-1.209068,-0.160571,0.372975,-1.221468,-0.457078,0.475619,-1.321743,-0.159684,0.860141,-1.466708,-0.175843,1.092060,-1.499350,-0.126256,0.917529,-1.488331,0.025079,0.814405,-1.186587,-0.154880,1.098545,-1.164645,-0.092175,0.926688,-1.225750,0.051481,0.830296
-1.322498,-0.143903,0.807415,-1.439902,-0.138735,0.676443,-1.446003,-0.180704,0.373199,-1.365634,-0.478341,0.442246,-1.207835,-0.119010,0.676265,-1.209245,-0.160406,0.372913,-1.222040,-0.456663,0.476235,-1.321800,-0.157901,0.859710,-1.466879,-0.175253,1.091462,-1.499102,-0.125650,0.916857,-1.488384,0.025706,0.813732,-1.186757,-0.154294,1.098188,-1.164655,-0.091494,0.926386,-1.225632,0.052154,0.829902
-1.322507,-0.142151,0.806988,-1.439852,-0.136927,0.676021,-1.446049,-0.180511,0.373006,-1.365114,-0.477889,0.442546,-1.207781,-0.117247,0.675948,-1.209450,-0.160208,0.372814,-1.222627,-0.456172,0.476919,-1.321833,-0.156248,0.859257,-1.467041,-0.174622,1.090840,-1.498867,-0.125023,0.916159,-1.488425,0.026359,0.813045,-1.186921,-0.153650,1.097813,-1.164646,-0.090779,0.926060,-1.225515,0.052859,0.829491
-1.322512,-0.140735,0.806527,-1.439800,-0.135502,0.675553,-1.446034,-0.180380,0.372726,-1.364572,-0.477454,0.442972,-1.207728,-0.115830,0.675583,-1.209555,-0.160076,0.372634,-1.223156,-0.455682,0.477680,-1.321851,-0.154901,0.858778,-1.467081,-0.173750,1.090305,-1.498637,-0.124292,0.915533,-1.488461,0.027054,0.812339,-1.186965,-0.152700,1.097346,-1.164605,-0.089933,0.925567,-1.225436,0.053642,0.828882
-1.322523,-0.139478,0.806248,-1.439749,-0.134250,0.675258,-1.446050,-0.180279,0.372604,-1.364042,-0.477057,0.443485,-1.207678,-0.114572,0.675394,-1.209656,-0.159945,0.372612,-1.223681,-0.455183,0.478611,-1.321875,-0.153701,0.858484,-1.467149,-0.172832,1.089955,-1.498431,-0.123566,0.915079,-1.488501,0.027712,0.811761,-1.187040,-0.151695,1.097078,-1.164577,-0.089060,0.925264,-1.225382,0.054424,0.828427
-1.322542,-0.138537,0.806332,-1.439701,-0.133342,0.675308,-1.446129,-0.180239,0.372789,-1.363528,-0.476737,0.444168,-1.207633,-0.113633,0.675560,-1.209749,-0.159817,0.372901,-1.224193,-0.454669,0.479874,-1.321912,-0.152792,0.858559,-1.467277,-0.171825,1.089979,-1.498273,-0.122850,0.914968,-1.488548,0.028299,0.811443,-1.187178,-0.150580,1.097207,-1.164577,-0.088132,0.925343,-1.225380,0.055203,0.828285
-1.322417,-0.137897,0.806385,-1.439533,-0.132751,0.675338,-1.446254,-0.180212,0.372912,-1.363038,-0.476437,0.444709,-1.207470,-0.112985,0.675663,-1.209786,-0.159633,0.373075,-1.224604,-0.454147,0.480895,-1.321803,-0.152169,0.858608,-1.467342,-0.170815,1.089950,-1.498077,-0.122145,0.914807,-1.488563,0.028917,0.811135,-1.187262,-0.149384,1.097362,-1.164460,-0.087128,0.925455,-1.225267,0.056040,0.828154
-1.322220,-0.137408,0.806423,-1.439305,-0.132316,0.675359,-1.446401,-0.180192,0.373005,-1.362559,-0.476146,0.445179,-1.207248,-0.112481,0.675734,-1.209795,-0.159420,0.373192,-1.224963,-0.453620,0.481794,-1.321619,-0.151686,0.858644,-1.467376,-0.169803,1.089894,-1.497861,-0.121445,0.914619,-1.488562,0.029551,0.810830,-1.187321,-0.148146,1.097528,-1.164284,-0.086085,0.925582,-1.225098,0.056907,0.828026
-1.321875,-0.137320,0.806488,-1.438945,-0.132295,0.675402,-1.446416,-0.180146,0.373052,-1.362053,-0.475855,0.445607,-1.206894,-0.112385,0.675801,-1.209762,-0.159164,0.373236,-1.225279,-0.453117,0.482452,-1.321293,-0.151579,0.858714,-1.467405,-0.168717,1.089819,-1.497627,-0.120717,0.914399,-1.488504,0.030236,0.810533,-1.187386,-0.146775,1.097803,-1.164034,-0.084946,0.925816,-1.224866,0.057844,0.827976
-1.321557,-0.137382,0.806621,-1.438616,-0.132444,0.675511,-1.446452,-0.180124,0.373142,-1.361549,-0.475599,0.446006,-1.206571,-0.112455,0.675923,-1.209754,-0.158963,0.373317,-1.225615,-0.452688,0.483093,-1.320990,-0.151606,0.858856,-1.467440,-0.167585,1.089837,-1.497431,-0.119979,0.914268,-1.488489,0.030918,0.810304,-1.187456,-0.145360,1.098130,-1.163794,-0.083776,0.926098,-1.224658,0.058816,0.827989
-1.321293,-0.137746,0.806889,-1.438351,-0.132934,0.675750,-1.446534,-0.180150,0.373317,-1.361050,-0.475412,0.446346,-1.206314,-0.112857,0.676153,-1.209793,-0.158874,0.373475,-1.225997,-0.452408,0.483700,-1.320735,-0.151903,0.859142,-1.467484,-0.166365,1.090041,-1.497310,-0.119219,0.914319,-1.488561,0.031593,0.810215,-1.187536,-0.143857,1.098562,-1.163574,-0.082547,0.926473,-1.224499,0.059855,0.828127
-1.321027,-0.138387,0.807192,-1.438086,-0.133730,0.676014,-1.446533,-0.180249,0.373479,-1.360529,-0.475345,0.446547,-1.206056,-0.113571,0.676400,-1.209822,-0.158836,0.373611,-1.226363,-0.452229,0.484143,-1.320479,-0.152448,0.859471,-1.467511,-0.165036,1.090310,-1.497261,-0.118386,0.914441,-1.488684,0.032322,0.810171,-1.187594,-0.142310,1.099004,-1.163326,-0.081286,0.926856,-1.224340,0.060966,0.828347
-1.320760,-0.139166,0.807512,-1.437820,-0.134678,0.676291,-1.446492,-0.180384,0.373637,-1.359998,-0.475339,0.446681,-1.205797,-0.114441,0.676657,-1.209846,-0.158822,0.373738,-1.226722,-0.452101,0.484507,-1.320221,-0.153116,0.859821,-1.467530,-0.163654,1.090599,-1.497248,-0.117517,0.914587,-1.488833,0.033076,0.810139,-1.187643,-0.140742,1.099437,-1.163066,-0.080008,0.927230,-1.224185,0.062112,0.828595
-1.320494,-0.140305,0.807860,-1.437560,-0.136001,0.676583,-1.446438,-0.180388,0.373738,-1.359464,-0.475239,0.446601,-1.205543,-0.115695,0.676919,-1.209833,-0.158802,0.373819,-1.227042,-0.451820,0.485198,-1.319964,-0.154111,0.860207,-1.467529,-0.162033,1.090943,-1.497316,-0.116462,0.914794,-1.489008,0.033980,0.810119,-1.187661,-0.139062,1.099847,-1.162787,-0.078693,0.927553,-1.224058,0.063329,0.828872
-1.320207,-0.141775,0.808204,-1.437274,-0.137597,0.676859,-1.446430,-0.180244,0.373771,-1.358939,-0.475114,0.445954,-1.205261,-0.117243,0.677186,-1.209802,-0.158822,0.373874,-1.227350,-0.451526,0.485982,-1.319690,-0.155446,0.860586,-1.467514,-0.160490,1.091257,-1.497450,-0.115431,0.915000,-1.489214,0.034899,0.810160,-1.187658,-0.137565,1.100209,-1.162457,-0.077528,0.927846,-1.223926,0.064504,0.829302
-1.319878,-0.143912,0.808538,-1.436934,-0.139742,0.677102,-1.446514,-0.179804,0.373674,-1.358427,-0.474929,0.444175,-1.204921,-0.119382,0.677462,-1.209736,-0.158920,0.373881,-1.227633,-0.451209,0.486953,-1.319382,-0.157460,0.860952,-1.467466,-0.159100,1.091531,-1.497711,-0.114445,0.915222,-1.489480,0.035855,0.810338,-1.187608,-0.136431,1.100498,-1.162018,-0.076660,0.928099,-1.223777,0.065594,0.830059
-1.319703,-0.146029,0.808617,-1.436760,-0.142007,0.677101,-1.446767,-0.179832,0.373397,-1.357974,-0.474829,0.443620,-1.204752,-0.121598,0.677445,-1.209702,-0.159051,0.373600,-1.227929,-0.450863,0.487785,-1.319213,-0.159402,0.861077,-1.467467,-0.157245,1.091571,-1.498285,-0.113269,0.915190,-1.489945,0.036967,0.810224,-1.187616,-0.134687,1.100406,-1.161591,-0.075474,0.927878,-1.223667,0.066873,0.830173
-1.319605,-0.148137,0.808568,-1.436669,-0.144333,0.676978,-1.447107,-0.180095,0.373038,-1.357552,-0.474771,0.443684,-1.204667,-0.123854,0.677283,-1.209687,-0.159198,0.373185,-1.228233,-0.450499,0.488556,-1.319113,-0.161306,0.861080,-1.467492,-0.155159,1.091453,-1.499010,-0.111997,0.914995,-1.490496,0.038160,0.809929,-1.187652,-0.132642,1.100082,-1.161173,-0.074130,0.927383,-1.223585,0.068244,0.829933
-1.319345,-0.150522,0.808629,-1.436467,-0.146881,0.677004,-1.447442,-0.180190,0.372803,-1.357407,-0.474529,0.444258,-1.204460,-0.126460,0.677177,-1.209622,-0.159398,0.372811,-1.228547,-0.450243,0.489205,-1.318846,-0.163467,0.861196,-1.467393,-0.153089,1.091346,-1.499422,-0.110651,0.914805,-1.490563,0.039434,0.809665,-1.187565,-0.130660,1.099809,-1.160706,-0.072885,0.926919,-1.223411,0.069441,0.829586
-1.319077,-0.153023,0.808654,-1.436279,-0.149545,0.677013,-1.447791,-0.180215,0.372553,-1.357315,-0.474211,0.444853,-1.204267,-0.129189,0.677016,-1.209634,-0.159650,0.372394,-1.228890,-0.450084,0.489708,-1.318566,-0.165735,0.861278,-1.467280,-0.151066,1.091125,-1.499813,-0.109330,0.914508,-1.490608,0.040685,0.809300,-1.187469,-0.128695,1.099418,-1.160253,-0.071648,0.926341,-1.223235,0.070603,0.829076
-1.318794,-0.155760,0.808607,-1.436121,-0.152443,0.676985,-1.448173,-0.180099,0.372257,-1.357332,-0.473747,0.445472,-1.204101,-0.132170,0.676742,-1.209799,-0.160006,0.371874,-1.229295,-0.450128,0.489899,-1.318256,-0.168223,0.861290,-1.467146,-0.149132,1.090744,-1.500173,-0.108061,0.914063,-1.490635,0.041891,0.808793,-1.187360,-0.126756,1.098862,-1.159825,-0.070420,0.925601,-1.223047,0.071700,0.828299
-1.318554,-0.158599,0.808620,-1.435979,-0.155520,0.676993,-1.448545,-0.180136,0.372024,-1.357246,-0.473361,0.446341,-1.203959,-0.135252,0.676548,-1.209753,-0.160354,0.371443,-1.229496,-0.450179,0.490124,-1.317990,-0.170791,0.861366,-1.466963,-0.147267,1.090403,-1.500571,-0.106784,0.913696,-1.490681,0.043050,0.808292,-1.187203,-0.124864,1.098232,-1.159385,-0.069203,0.924796,-1.222767,0.072755,0.827364
-1.318336,-0.161490,0.808663,-1.435844,-0.158686,0.677022,-1.448914,-0.180248,0.371841,-1.357117,-0.473011,0.447354,-1.203827,-0.138384,0.676396,-1.209605,-0.160695,0.371074,-1.229599,-0.450232,0.490383,-1.317745,-0.173396,0.861474,-1.466757,-0.145441,1.090041,-1.500981,-0.105507,0.913327,-1.490724,0.044182,0.807752,-1.187023,-0.123005,1.097524,-1.158945,-0.067999,0.923919,-1.222449,0.073784,0.826312
-1.318134,-0.164354,0.808369,-1.435691,-0.161866,0.676685,-1.448988,-0.180204,0.371303,-1.356865,-0.472685,0.447492,-1.203681,-0.141488,0.675939,-1.209228,-0.161041,0.370422,-1.229354,-0.450290,0.490368,-1.317531,-0.175963,0.861246,-1.466641,-0.143746,1.089242,-1.501411,-0.104200,0.912549,-1.490691,0.045370,0.806851,-1.186938,-0.121277,1.096470,-1.158599,-0.066817,0.922735,-1.222138,0.074787,0.824890
-1.317990,-0.167246,0.808158,-1.435598,-0.165117,0.676437,-1.449050,-0.180178,0.370883,-1.356617,-0.472465,0.447423,-1.203599,-0.144622,0.675563,-1.208865,-0.161345,0.369872,-1.229044,-0.450349,0.490357,-1.317364,-0.178542,0.861103,-1.466435,-0.142078,1.088543,-1.501795,-0.102918,0.911882,-1.490645,0.046473,0.805976,-1.186759,-0.119602,1.095353,-1.158247,-0.065676,0.921477,-1.221817,0.075747,0.823391
-1.317961,-0.170194,0.808114,-1.435625,-0.168506,0.676364,-1.449084,-0.180189,0.370662,-1.356358,-0.472458,0.446901,-1.203644,-0.147816,0.675345,-1.208528,-0.161564,0.369500,-1.228601,-0.450414,0.490329,-1.317291,-0.181145,0.861132,-1.466048,-0.140451,1.088120,-1.502102,-0.101680,0.911515,-1.490596,0.047417,0.805234,-1.186388,-0.118021,1.094186,-1.157876,-0.064612,0.920150,-1.221459,0.076629,0.821809
-1.317685,-0.173271,0.807704,-1.435423,-0.171916,0.675949,-1.449258,-0.179823,0.370142,-1.356081,-0.472194,0.445519,-1.203466,-0.150969,0.674779,-1.208148,-0.161748,0.368811,-1.228062,-0.450355,0.490199,-1.317005,-0.183944,0.860777,-1.466049,-0.139364,1.086903,-1.502258,-0.101134,0.910211,-1.490329,0.047941,0.803946,-1.186439,-0.116758,1.092948,-1.157609,-0.063793,0.918826,-1.221150,0.077273,0.820208
-1.317286,-0.176415,0.807109,-1.435107,-0.175339,0.675367,-1.449512,-0.179269,0.369510,-1.355807,-0.471799,0.443741,-1.203176,-0.154104,0.674040,-1.207753,-0.161914,0.367979,-1.227482,-0.450231,0.490034,-1.316613,-0.186841,0.860231,-1.466246,-0.138557,1.085259,-1.502339,-0.100946,0.908410,-1.489952,0.048245,0.802359,-1.186705,-0.115658,1.091643,-1.157403,-0.063100,0.917474,-1.220878,0.077796,0.818571
-1.317169,-0.179214,0.806864,-1.435112,-0.178500,0.675181,-1.449820,-0.179265,0.369315,-1.355939,-0.471861,0.443166,-1.203202,-0.157052,0.673601,-1.207482,-0.162168,0.367480,-1.226890,-0.450373,0.489811,-1.316465,-0.189358,0.860040,-1.466120,-0.137612,1.084337,-1.502487,-0.100337,0.907473,-1.489833,0.048874,0.801482,-1.186601,-0.114782,1.090466,-1.157225,-0.062627,0.916187,-1.220696,0.078196,0.817177
-1.317067,-0.181877,0.806493,-1.435133,-0.181516,0.674881,-1.450108,-0.179253,0.369035,-1.356200,-0.471947,0.442557,-1.203244,-0.159875,0.673041,-1.207237,-0.162380,0.366884,-1.226312,-0.450519,0.489387,-1.316331,-0.191744,0.859721,-1.465994,-0.136716,1.083284,-1.502583,-0.099751,0.906399,-1.489665,0.049481,0.800470,-1.186498,-0.113959,1.089158,-1.157065,-0.062209,0.914766,-1.220521,0.078548,0.815652
-1.316995,-0.184264,0.805871,-1.435189,-0.184237,0.674342,-1.450343,-0.179224,0.368539,-1.356699,-0.472077,0.441833,-1.203315,-0.162445,0.672233,-1.207033,-0.162506,0.366063,-1.225737,-0.450673,0.488529,-1.316225,-0.193864,0.859148,-1.465872,-0.135905,1.082031,-1.502584,-0.099199,0.905117,-1.489415,0.050054,0.799249,-1.186394,-0.113226,1.087650,-1.156937,-0.061892,0.913138,-1.220350,0.078813,0.813924
-1.316978,-0.186739,0.805361,-1.435334,-0.186933,0.673953,-1.450525,-0.179290,0.368208,-1.357184,-0.472310,0.441278,-1.203480,-0.164973,0.671530,-1.206902,-0.162228,0.365370,-1.225177,-0.450814,0.486916,-1.316142,-0.196127,0.858674,-1.465495,-0.135461,1.081081,-1.502487,-0.099040,0.904165,-1.489169,0.050216,0.798320,-1.186022,-0.112891,1.086116,-1.156756,-0.062259,0.911364,-1.220189,0.078564,0.812329
-1.316990,-0.189257,0.804906,-1.435525,-0.189615,0.673641,-1.450680,-0.179404,0.367970,-1.357671,-0.472597,0.440817,-1.203691,-0.167479,0.670881,-1.206809,-0.161748,0.364761,-1.224634,-0.450943,0.484941,-1.316072,-0.198463,0.858250,-1.464990,-0.135203,1.080269,-1.502339,-0.099080,0.903367,-1.488921,0.050170,0.797526,-1.185517,-0.112760,1.084556,-1.156551,-0.062975,0.909507,-1.220025,0.078053,0.810791
-1.316954,-0.191268,0.804705,-1.435607,-0.191860,0.673532,-1.450833,-0.179475,0.367946,-1.358188,-0.472900,0.440359,-1.203791,-0.169574,0.670534,-1.206618,-0.161713,0.364460,-1.224077,-0.451410,0.483512,-1.315997,-0.200282,0.858081,-1.464937,-0.135232,1.079603,-1.502245,-0.099361,0.902640,-1.488692,0.049939,0.796886,-1.185495,-0.112584,1.083673,-1.156468,-0.063449,0.908449,-1.219845,0.077718,0.809869
-1.316920,-0.193169,0.804531,-1.435669,-0.193985,0.673435,-1.450956,-0.179507,0.367946,-1.358717,-0.473210,0.439778,-1.203870,-0.171544,0.670239,-1.206400,-0.161650,0.364222,-1.223531,-0.451877,0.482061,-1.315929,-0.202002,0.857937,-1.464914,-0.135344,1.078982,-1.502148,-0.099753,0.901947,-1.488498,0.049578,0.796250,-1.185505,-0.112441,1.082860,-1.156415,-0.063956,0.907462,-1.219668,0.077291,0.808917
-1.316886,-0.194852,0.804412,-1.435689,-0.195876,0.673358,-1.451020,-0.179461,0.367971,-1.359258,-0.473533,0.438933,-1.203908,-0.173266,0.670041,-1.206125,-0.161528,0.364088,-1.222993,-0.452349,0.480545,-1.315874,-0.203524,0.857844,-1.464947,-0.135616,1.078473,-1.502051,-0.100364,0.901341,-1.488376,0.048962,0.795641,-1.185576,-0.112356,1.082205,-1.156419,-0.064521,0.906638,-1.219500,0.076686,0.807925
-1.316879,-0.196284,0.804431,-1.435695,-0.197483,0.673384,-1.451021,-0.179423,0.368091,-1.359806,-0.473953,0.437895,-1.203925,-0.174773,0.670020,-1.205947,-0.161510,0.364128,-1.222690,-0.452843,0.479365,-1.315862,-0.204809,0.857886,-1.465037,-0.136002,1.078181,-1.501962,-0.101128,0.900937,-1.488281,0.048146,0.795163,-1.185696,-0.112445,1.081841,-1.156495,-0.065185,0.906123,-1.219337,0.075966,0.807177
-1.316885,-0.197591,0.804519,-1.435693,-0.198951,0.673462,-1.450989,-0.179388,0.368263,-1.360359,-0.474418,0.436761,-1.203930,-0.176173,0.670086,-1.205817,-0.161544,0.364256,-1.222503,-0.453346,0.478354,-1.315870,-0.205976,0.857996,-1.465156,-0.136445,1.077999,-1.501877,-0.101968,0.900635,-1.488200,0.047228,0.794750,-1.185840,-0.112622,1.081621,-1.156608,-0.065898,0.905763,-1.219178,0.075187,0.806550
-1.316941,-0.198371,0.804678,-1.435733,-0.199838,0.673606,-1.451028,-0.179296,0.368472,-1.360949,-0.474857,0.435441,-1.203965,-0.177094,0.670237,-1.205866,-0.161867,0.364436,-1.222577,-0.453930,0.477915,-1.315937,-0.206650,0.858172,-1.465282,-0.137054,1.078107,-1.501845,-0.102955,0.900636,-1.488252,0.046047,0.794468,-1.185971,-0.113117,1.081748,-1.156816,-0.066848,0.905756,-1.219083,0.074164,0.806251
-1.316985,-0.199003,0.804939,-1.435754,-0.200564,0.673846,-1.451033,-0.179260,0.368766,-1.361537,-0.475317,0.434366,-1.203982,-0.177863,0.670497,-1.205953,-0.162229,0.364717,-1.222657,-0.454519,0.477660,-1.315995,-0.207190,0.858448,-1.465404,-0.137772,1.078382,-1.501812,-0.104033,0.900811,-1.488335,0.044739,0.794305,-1.186094,-0.113731,1.082076,-1.157034,-0.067887,0.905956,-1.219012,0.073011,0.806109
-1.317005,-0.199339,0.805404,-1.435739,-0.200966,0.674280,-1.450968,-0.179335,0.369222,-1.362120,-0.475828,0.433781,-1.203960,-0.178327,0.670976,-1.206116,-0.162667,0.365199,-1.222750,-0.455119,0.477773,-1.316035,-0.207465,0.858922,-1.465519,-0.138709,1.078991,-1.501781,-0.105292,0.901329,-1.488479,0.043177,0.794381,-1.186204,-0.114582,1.082807,-1.157274,-0.069102,0.906570,-1.218988,0.071601,0.806284
-1.317112,-0.199337,0.805958,-1.435816,-0.200993,0.674807,-1.450798,-0.179440,0.369734,-1.362671,-0.476333,0.433477,-1.204031,-0.178410,0.671547,-1.206303,-0.163023,0.365757,-1.222905,-0.455690,0.477810,-1.316149,-0.207441,0.859479,-1.465555,-0.139891,1.079943,-1.501788,-0.106687,0.902236,-1.488709,0.041467,0.794824,-1.186225,-0.115713,1.083752,-1.157514,-0.070463,0.907420,-1.219094,0.070107,0.806867
-1.317262,-0.199166,0.806556,-1.435939,-0.200833,0.675381,-1.450576,-0.179559,0.370273,-1.363206,-0.476833,0.433313,-1.204148,-0.178303,0.672164,-1.206504,-0.163339,0.366353,-1.223091,-0.456245,0.477811,-1.316301,-0.207268,0.860078,-1.465551,-0.141196,1.081059,-1.501813,-0.108151,0.903328,-1.488978,0.039680,0.795444,-1.186201,-0.116986,1.084797,-1.157753,-0.071900,0.908381,-1.219267,0.068571,0.807649
-1.317305,-0.198249,0.807113,-1.435879,-0.200031,0.675847,-1.450121,-0.179531,0.370670,-1.363686,-0.477201,0.433135,-1.204083,-0.177530,0.672792,-1.206510,-0.163832,0.366922,-1.223070,-0.456780,0.478235,-1.316404,-0.206338,0.860637,-1.465982,-0.142493,1.082006,-1.501892,-0.109464,0.904202,-1.489200,0.038117,0.795959,-1.186633,-0.118087,1.086314,-1.158014,-0.072641,0.910020,-1.219476,0.067464,0.808749
-1.317383,-0.197193,0.807575,-1.435885,-0.199064,0.676246,-1.449759,-0.179445,0.370996,-1.364032,-0.477430,0.432944,-1.204089,-0.176554,0.673307,-1.206551,-0.164113,0.367384,-1.223051,-0.457172,0.478378,-1.316524,-0.205294,0.861098,-1.466282,-0.143827,1.082970,-1.501943,-0.110780,0.905119,-1.489436,0.036586,0.796562,-1.186926,-0.119290,1.087699,-1.158251,-0.073491,0.911508,-1.219741,0.066311,0.809836
-1.317532,-0.195858,0.807848,-1.436023,-0.197768,0.676511,-1.449582,-0.179244,0.371179,-1.364108,-0.477387,0.432728,-1.204235,-0.175172,0.673596,-1.206662,-0.163973,0.367624,-1.223036,-0.457274,0.477948,-1.316678,-0.204022,0.861362,-1.466325,-0.145233,1.083981,-1.501942,-0.112099,0.906139,-1.489713,0.035122,0.797353,-1.186941,-0.120697,1.088835,-1.158439,-0.074557,0.912708,-1.220121,0.065070,0.810911
-1.317718,-0.194222,0.808056,-1.436190,-0.196157,0.676706,-1.449494,-0.179040,0.371281,-1.363987,-0.477224,0.432596,-1.204412,-0.173450,0.673830,-1.206754,-0.163667,0.367810,-1.223022,-0.457146,0.477646,-1.316866,-0.202475,0.861556,-1.466351,-0.146555,1.084968,-1.501954,-0.113296,0.907147,-1.490026,0.033835,0.798207,-1.186935,-0.122052,1.089911,-1.158667,-0.075577,0.913836,-1.220563,0.063949,0.812032
-1.317921,-0.192434,0.808231,-1.436372,-0.194388,0.676866,-1.449449,-0.178835,0.371348,-1.363767,-0.477002,0.432511,-1.204605,-0.171555,0.674040,-1.206837,-0.163279,0.367973,-1.223005,-0.456903,0.477413,-1.317070,-0.200791,0.861715,-1.466367,-0.147842,1.085922,-1.501969,-0.114438,0.908129,-1.490351,0.032631,0.799070,-1.186917,-0.123388,1.090935,-1.158918,-0.076580,0.914908,-1.221040,0.062884,0.813156
-1.318477,-0.190272,0.808725,-1.436873,-0.192382,0.677320,-1.449289,-0.179210,0.371661,-1.363574,-0.477102,0.433993,-1.205108,-0.169531,0.674566,-1.207004,-0.162979,0.368456,-1.223115,-0.456691,0.477673,-1.317595,-0.198655,0.862205,-1.466058,-0.148596,1.087587,-1.502321,-0.114496,0.910062,-1.491119,0.032258,0.800538,-1.186540,-0.124480,1.091927,-1.159213,-0.077278,0.915902,-1.221521,0.062203,0.814288
-1.318933,-0.188142,0.809091,-1.437270,-0.190371,0.677643,-1.449139,-0.179482,0.371872,-1.363402,-0.477157,0.435097,-1.205505,-0.167506,0.674976,-1.207148,-0.162717,0.368833,-1.223199,-0.456470,0.477960,-1.318033,-0.196569,0.862565,-1.465851,-0.149520,1.088978,-1.502612,-0.114731,0.911691,-1.491792,0.031797,0.801825,-1.186283,-0.125611,1.092857,-1.159526,-0.077946,0.916871,-1.221987,0.061561,0.815386
-1.319190,-0.186079,0.809203,-1.437456,-0.188353,0.677703,-1.449008,-0.179541,0.371853,-1.363274,-0.477127,0.435421,-1.205691,-0.165483,0.675154,-1.207241,-0.162532,0.368988,-1.223236,-0.456230,0.478289,-1.318295,-0.194583,0.862665,-1.465847,-0.150766,1.089859,-1.502786,-0.115303,0.912744,-1.492266,0.031172,0.802779,-1.186258,-0.126803,1.093703,-1.159864,-0.078542,0.917827,-1.222413,0.061005,0.816451
-1.319413,-0.183997,0.809296,-1.437618,-0.186266,0.677752,-1.448936,-0.179546,0.371840,-1.363311,-0.477076,0.435752,-1.205846,-0.163456,0.675311,-1.207300,-0.162319,0.369132,-1.223380,-0.455918,0.478703,-1.318528,-0.192589,0.862744,-1.465859,-0.151935,1.090630,-1.502981,-0.115843,0.913682,-1.492777,0.030700,0.803777,-1.186252,-0.127910,1.094493,-1.160191,-0.078984,0.918752,-1.222827,0.060665,0.817570
-1.319621,-0.181906,0.809379,-1.437768,-0.184144,0.677796,-1.448895,-0.179523,0.371839,-1.363435,-0.477015,0.436095,-1.205985,-0.161426,0.675458,-1.207343,-0.162092,0.369277,-1.223581,-0.455570,0.479164,-1.318744,-0.190590,0.862812,-1.465878,-0.153070,1.091326,-1.503182,-0.116370,0.914543,-1.493303,0.030299,0.804777,-1.186254,-0.128977,1.095235,-1.160515,-0.079351,0.919645,-1.223237,0.060430,0.818700
-1.319810,-0.180106,0.809307,-1.437914,-0.182223,0.677698,-1.448881,-0.179343,0.371714,-1.363684,-0.476871,0.436089,-1.206113,-0.159692,0.675443,-1.207360,-0.161779,0.369268,-1.223871,-0.455272,0.479096,-1.318940,-0.188885,0.862725,-1.465849,-0.154052,1.091777,-1.503419,-0.116821,0.915162,-1.493843,0.030052,0.805643,-1.186204,-0.129999,1.095685,-1.160761,-0.079616,0.920268,-1.223582,0.060415,0.819732
-1.320022,-0.178356,0.809223,-1.438080,-0.180358,0.677585,-1.448847,-0.179173,0.371583,-1.363899,-0.476713,0.436170,-1.206259,-0.158018,0.675417,-1.207380,-0.161455,0.369254,-1.224188,-0.454933,0.479096,-1.319157,-0.187223,0.862627,-1.465829,-0.154907,1.092170,-1.503689,-0.117199,0.915719,-1.494413,0.029879,0.806449,-1.186165,-0.130879,1.096043,-1.161027,-0.079778,0.920791,-1.223939,0.060458,0.820599
-1.320278,-0.176705,0.809115,-1.438282,-0.178604,0.677442,-1.448773,-0.179025,0.371427,-1.364038,-0.476525,0.436412,-1.206442,-0.156460,0.675370,-1.207402,-0.161105,0.369222,-1.224556,-0.454513,0.479222,-1.319417,-0.185646,0.862506,-1.465825,-0.155501,1.092488,-1.504026,-0.117421,0.916191,-1.495049,0.029861,0.807173,-1.186146,-0.131469,1.096254,-1.161327,-0.079728,0.921146,-1.224313,0.060627,0.821168
-1.320485,-0.175349,0.809062,-1.438449,-0.177166,0.677365,-1.448732,-0.178957,0.371347,-1.364058,-0.476369,0.436764,-1.206591,-0.155201,0.675364,-1.207462,-0.160832,0.369233,-1.224955,-0.454093,0.479567,-1.319631,-0.184348,0.862445,-1.465839,-0.155950,1.092757,-1.504339,-0.117517,0.916603,-1.495575,0.029974,0.807849,-1.186141,-0.132016,1.096474,-1.161540,-0.079599,0.921537,-1.224568,0.060993,0.821917
-1.320669,-0.174141,0.809039,-1.438598,-0.175886,0.677321,-1.448711,-0.178930,0.371307,-1.364021,-0.476228,0.437172,-1.206724,-0.154091,0.675379,-1.207544,-0.160595,0.369265,-1.225372,-0.453674,0.480022,-1.319824,-0.183187,0.862413,-1.465864,-0.156329,1.093000,-1.504642,-0.117549,0.916983,-1.496046,0.030152,0.808502,-1.186144,-0.132542,1.096694,-1.161713,-0.079431,0.921944,-1.224763,0.061456,0.822757
-1.320804,-0.173397,0.808945,-1.438718,-0.175124,0.677222,-1.448691,-0.178988,0.371211,-1.363799,-0.476151,0.437384,-1.206830,-0.153478,0.675297,-1.207571,-0.160605,0.369196,-1.225618,-0.453576,0.480202,-1.319967,-0.182452,0.862318,-1.465892,-0.156472,1.093069,-1.504919,-0.117401,0.917173,-1.496445,0.030465,0.808906,-1.186152,-0.132885,1.096751,-1.161795,-0.079168,0.922177,-1.224866,0.062022,0.823433
-1.320927,-0.172785,0.808859,-1.438832,-0.174521,0.677134,-1.448670,-0.179117,0.371128,-1.363527,-0.476146,0.437550,-1.206933,-0.152995,0.675214,-1.207609,-0.160654,0.369126,-1.225831,-0.453542,0.480322,-1.320095,-0.181837,0.862233,-1.465915,-0.156576,1.093124,-1.505165,-0.117220,0.917340,-1.496798,0.030800,0.809277,-1.186156,-0.133176,1.096785,-1.161863,-0.078888,0.922378,-1.224965,0.062580,0.824055
-1.321025,-0.172437,0.808788,-1.438933,-0.174237,0.677070,-1.448644,-0.179391,0.371067,-1.363156,-0.476286,0.437621,-1.207029,-0.152770,0.675128,-1.207666,-0.160783,0.369049,-1.225973,-0.453637,0.480321,-1.320194,-0.181464,0.862166,-1.465923,-0.156598,1.093154,-1.505350,-0.116976,0.917470,-1.497059,0.031180,0.809586,-1.186151,-0.133361,1.096777,-1.161900,-0.078577,0.922520,-1.225055,0.063126,0.824569
-1.321102,-0.172292,0.808721,-1.439021,-0.174151,0.677015,-1.448636,-0.179605,0.371013,-1.362836,-0.476405,0.437576,-1.207113,-0.152728,0.675041,-1.207690,-0.160934,0.368967,-1.225964,-0.453807,0.480193,-1.320269,-0.181290,0.862104,-1.465916,-0.156603,1.093164,-1.505449,-0.116746,0.917557,-1.497183,0.031529,0.809834,-1.186135,-0.133492,1.096731,-1.161931,-0.078296,0.922597,-1.225152,0.063574,0.824932
-1.321169,-0.172249,0.808657,-1.439103,-0.174166,0.676965,-1.448636,-0.179790,0.370962,-1.362542,-0.476512,0.437472,-1.207191,-0.152778,0.674952,-1.207697,-0.161095,0.368882,-1.225878,-0.454015,0.480001,-1.320332,-0.181216,0.862045,-1.465901,-0.156601,1.093164,-1.505505,-0.116523,0.917623,-1.497237,0.031862,0.810052,-1.186113,-0.133595,1.096666,-1.161959,-0.078029,0.922644,-1.225253,0.063974,0.825221
-1.321217,-0.172443,0.808658,-1.439163,-0.174386,0.676976,-1.448689,-0.179957,0.370972,-1.362427,-0.476662,0.437319,-1.207249,-0.153031,0.674934,-1.207663,-0.161197,0.368861,-1.225774,-0.454181,0.479812,-1.320374,-0.181383,0.862051,-1.465879,-0.156640,1.093200,-1.505461,-0.116439,0.917682,-1.497106,0.032028,0.810231,-1.186088,-0.133687,1.096625,-1.162007,-0.077902,0.922664,-1.225396,0.064106,0.825309
-1.321251,-0.172679,0.808672,-1.439210,-0.174630,0.676999,-1.448751,-0.180076,0.370992,-1.362375,-0.476786,0.437154,-1.207292,-0.153321,0.674930,-1.207610,-0.161326,0.368853,-1.225615,-0.454373,0.479648,-1.320404,-0.181596,0.862069,-1.465858,-0.156698,1.093236,-1.505395,-0.116411,0.917728,-1.496930,0.032117,0.810369,-1.186066,-0.133792,1.096598,-1.162066,-0.077837,0.922680,-1.225553,0.064138,0.825341
-1.321260,-0.172998,0.808711,-1.439231,-0.174924,0.677046,-1.448830,-0.180099,0.371036,-1.362449,-0.476855,0.436966,-1.207306,-0.153687,0.674955,-1.207519,-0.161512,0.368873,-1.225348,-0.454621,0.479532,-1.320410,-0.181898,0.862110,-1.465841,-0.156797,1.093273,-1.505285,-0.116496,0.917747,-1.496665,0.032051,0.810428,-1.186048,-0.133923,1.096596,-1.162148,-0.077896,0.922688,-1.225743,0.063969,0.825259
-1.321235,-0.173356,0.808712,-1.439216,-0.175225,0.677052,-1.448835,-0.180145,0.371039,-1.362615,-0.477009,0.436684,-1.207282,-0.154091,0.674946,-1.207449,-0.161683,0.368860,-1.225120,-0.454933,0.479172,-1.320386,-0.182246,0.862113,-1.465813,-0.156948,1.093258,-1.505143,-0.116669,0.917702,-1.496356,0.031872,0.810388,-1.186017,-0.134129,1.096570,-1.162236,-0.078093,0.922650,-1.225943,0.063639,0.825100
-1.321194,-0.173733,0.808695,-1.439183,-0.175530,0.677039,-1.448803,-0.180202,0.371022,-1.362827,-0.477203,0.436355,-1.207238,-0.154516,0.674921,-1.207390,-0.161845,0.368829,-1.224911,-0.455276,0.478690,-1.320347,-0.182616,0.862097,-1.465780,-0.157124,1.093218,-1.504987,-0.116886,0.917624,-1.496024,0.031636,0.810299,-1.185980,-0.134374,1.096532,-1.162328,-0.078358,0.922588,-1.226150,0.063229,0.824902
-1.321148,-0.174040,0.808707,-1.439151,-0.175736,0.677061,-1.448786,-0.180172,0.371041,-1.363051,-0.477314,0.436036,-1.207196,-0.154841,0.674927,-1.207408,-0.161932,0.368829,-1.224823,-0.455496,0.478356,-1.320300,-0.182932,0.862108,-1.465718,-0.157301,1.093223,-1.504807,-0.117154,0.917583,-1.495714,0.031275,0.810139,-1.185908,-0.134667,1.096523,-1.162427,-0.078752,0.922524,-1.226350,0.062678,0.824678
-1.321105,-0.174320,0.808713,-1.439123,-0.175916,0.677078,-1.448780,-0.180147,0.371056,-1.363258,-0.477424,0.435698,-1.207159,-0.155128,0.674925,-1.207437,-0.161996,0.368823,-1.224751,-0.455678,0.478050,-1.320256,-0.183224,0.862112,-1.465642,-0.157491,1.093233,-1.504613,-0.117432,0.917547,-1.495410,0.030893,0.809969,-1.185821,-0.134983,1.096507,-1.162519,-0.079176,0.922449,-1.226524,0.062105,0.824442
-1.321070,-0.174546,0.808705,-1.439105,-0.176045,0.677084,-1.448795,-0.180132,0.371062,-1.363427,-0.477532,0.435322,-1.207133,-0.155337,0.674910,-1.207486,-0.162010,0.368805,-1.224711,-0.455784,0.477801,-1.320217,-0.183471,0.862100,-1.465543,-0.157709,1.093254,-1.504393,-0.117728,0.917523,-1.495116,0.030471,0.809778,-1.185708,-0.135346,1.096474,-1.162597,-0.079661,0.922353,-1.226643,0.061487,0.824180
-1.321027,-0.174691,0.808719,-1.439068,-0.176095,0.677103,-1.448777,-0.180148,0.371081,-1.363563,-0.477674,0.434953,-1.207089,-0.155473,0.674926,-1.207515,-0.162015,0.368818,-1.224688,-0.455856,0.477643,-1.320173,-0.183638,0.862110,-1.465431,-0.157908,1.093307,-1.504150,-0.117981,0.917535,-1.494773,0.030092,0.809625,-1.185579,-0.135726,1.096475,-1.162649,-0.080163,0.922291,-1.226696,0.060872,0.823957
-1.320980,-0.174795,0.808744,-1.439022,-0.176106,0.677129,-1.448743,-0.180180,0.371107,-1.363684,-0.477833,0.434588,-1.207035,-0.155572,0.674958,-1.207533,-0.162014,0.368848,-1.224673,-0.455910,0.477531,-1.320127,-0.183765,0.862131,-1.465314,-0.158098,1.093376,-1.503896,-0.118212,0.917565,-1.494406,0.029733,0.809490,-1.185443,-0.136114,1.096493,-1.162688,-0.080672,0.922247,-1.226717,0.060260,0.823755
-1.320953,-0.174754,0.808808,-1.439002,-0.175983,0.677202,-1.448760,-0.180237,0.371184,-1.363794,-0.477976,0.434383,-1.207008,-0.155526,0.675025,-1.207557,-0.162003,0.368916,-1.224663,-0.455947,0.477479,-1.320099,-0.183752,0.862191,-1.465213,-0.158329,1.093503,-1.503696,-0.118441,0.917671,-1.494133,0.029396,0.809455,-1.185325,-0.136517,1.096579,-1.162696,-0.081161,0.922289,-1.226652,0.059692,0.823636
-1.320926,-0.174670,0.808877,-1.438985,-0.175814,0.677282,-1.448775,-0.180274,0.371268,-1.363901,-0.478094,0.434207,-1.206984,-0.155437,0.675095,-1.207583,-0.161972,0.368988,-1.224660,-0.455971,0.477411,-1.320071,-0.183698,0.862255,-1.465113,-0.158562,1.093639,-1.503490,-0.118649,0.917788,-1.493839,0.029101,0.809462,-1.185207,-0.136924,1.096677,-1.162687,-0.081625,0.922355,-1.226550,0.059166,0.823554
-1.320903,-0.174499,0.808954,-1.438974,-0.175551,0.677373,-1.448788,-0.180271,0.371363,-1.364002,-0.478163,0.434087,-1.206965,-0.155263,0.675171,-1.207616,-0.161904,0.369066,-1.224670,-0.455970,0.477310,-1.320046,-0.183562,0.862326,-1.465016,-0.158801,1.093790,-1.503270,-0.118815,0.917930,-1.493502,0.028892,0.809555,-1.185093,-0.137341,1.096799,-1.162642,-0.082043,0.922469,-1.226373,0.058724,0.823548
-1.320905,-0.174260,0.809020,-1.438987,-0.175230,0.677452,-1.448769,-0.180226,0.371446,-1.364081,-0.478187,0.433969,-1.206971,-0.155031,0.675235,-1.207653,-0.161857,0.369136,-1.224643,-0.455984,0.477226,-1.320045,-0.183353,0.862387,-1.464943,-0.159009,1.093935,-1.503097,-0.118919,0.918077,-1.493230,0.028777,0.809697,-1.185002,-0.137717,1.096915,-1.162563,-0.082366,0.922600,-1.226127,0.058427,0.823608
-1.320919,-0.173986,0.809081,-1.439012,-0.174880,0.677526,-1.448734,-0.180158,0.371522,-1.364150,-0.478189,0.433853,-1.206988,-0.154771,0.675295,-1.207692,-0.161821,0.369201,-1.224596,-0.456004,0.477151,-1.320058,-0.183109,0.862442,-1.464881,-0.159201,1.094077,-1.502948,-0.118994,0.918227,-1.492989,0.028710,0.809864,-1.184925,-0.138071,1.097028,-1.162466,-0.082641,0.922740,-1.225848,0.058200,0.823701
-1.320932,-0.173638,0.809128,-1.439051,-0.174502,0.677601,-1.448739,-0.180110,0.371602,-1.364192,-0.478169,0.433847,-1.207022,-0.154461,0.675323,-1.207713,-0.161833,0.369237,-1.224523,-0.456016,0.477212,-1.320064,-0.182776,0.862487,-1.464807,-0.159307,1.094214,-1.502852,-0.118904,0.918404,-1.492869,0.028888,0.810164,-1.184838,-0.138305,1.097123,-1.162300,-0.082708,0.922899,-1.225490,0.058256,0.823912
-1.320926,-0.173309,0.809188,-1.439073,-0.174145,0.677688,-1.448700,-0.180066,0.371693,-1.364197,-0.478148,0.433884,-1.207038,-0.154171,0.675362,-1.207740,-0.161829,0.369283,-1.224490,-0.456007,0.477286,-1.320053,-0.182461,0.862544,-1.464739,-0.159409,1.094345,-1.502770,-0.118784,0.918583,-1.492766,0.029116,0.810492,-1.184756,-0.138568,1.097244,-1.162090,-0.082769,0.923101,-1.225090,0.058396,0.824278
-1.320881,-0.173020,0.809271,-1.439056,-0.173830,0.677800,-1.448573,-0.180029,0.371807,-1.364126,-0.478127,0.434003,-1.207016,-0.153921,0.675422,-1.207780,-0.161795,0.369349,-1.224539,-0.455959,0.477385,-1.320008,-0.182182,0.862626,-1.464685,-0.159503,1.094467,-1.502717,-0.118604,0.918768,-1.492700,0.029440,0.810877,-1.184684,-0.138887,1.097418,-1.161791,-0.082818,0.923392,-1.224602,0.058703,0.824959
-1.320907,-0.172672,0.809265,-1.439114,-0.173518,0.677826,-1.448546,-0.180014,0.371836,-1.364010,-0.478066,0.434139,-1.207076,-0.153607,0.675386,-1.207850,-0.161760,0.369320,-1.224598,-0.455880,0.477475,-1.320025,-0.181832,0.862620,-1.464637,-0.159492,1.094533,-1.502703,-0.118352,0.918898,-1.492715,0.029853,0.811225,-1.184628,-0.138964,1.097448,-1.161539,-0.082666,0.923521,-1.224183,0.059140,0.825393
-1.320969,-0.172296,0.809215,-1.439210,-0.173208,0.677809,-1.448569,-0.180011,0.371823,-1.363871,-0.477983,0.434282,-1.207175,-0.153262,0.675302,-1.207936,-0.161725,0.369245,-1.224662,-0.455787,0.477562,-1.320072,-0.181446,0.862571,-1.464593,-0.159428,1.094572,-1.502710,-0.118064,0.919000,-1.492770,0.030309,0.811554,-1.184581,-0.138920,1.097405,-1.161310,-0.082412,0.923570,-1.223798,0.059642,0.825702
-1.321013,-0.171968,0.809160,-1.439272,-0.172965,0.677773,-1.448568,-0.180007,0.371790,-1.363679,-0.477892,0.434404,-1.207242,-0.152965,0.675225,-1.207913,-0.161731,0.369176,-1.224648,-0.455725,0.477682,-1.320104,-0.181104,0.862519,-1.464561,-0.159373,1.094587,-1.502713,-0.117758,0.919083,-1.492819,0.030810,0.811902,-1.184554,-0.138802,1.097359,-1.161134,-0.082037,0.923627,-1.223498,0.060244,0.826008
-1.321051,-0.171658,0.809113,-1.439325,-0.172736,0.677741,-1.448570,-0.180001,0.371761,-1.363501,-0.477802,0.434532,-1.207300,-0.152682,0.675159,-1.207901,-0.161717,0.369118,-1.224667,-0.455654,0.477783,-1.320132,-0.180778,0.862474,-1.464536,-0.159324,1.094602,-1.502723,-0.117465,0.919163,-1.492881,0.031303,0.812256,-1.184536,-0.138667,1.097323,-1.160985,-0.081643,0.923694,-1.223238,0.060845,0.826306
-1.321078,-0.171382,0.809082,-1.439360,-0.172536,0.677719,-1.448576,-0.179991,0.371743,-1.363350,-0.477713,0.434673,-1.207340,-0.152427,0.675115,-1.207913,-0.161666,0.369079,-1.224749,-0.455561,0.477845,-1.320151,-0.180487,0.862445,-1.464528,-0.159290,1.094616,-1.502748,-0.117200,0.919240,-1.492970,0.031779,0.812621,-1.184538,-0.138500,1.097309,-1.160890,-0.081212,0.923779,-1.223058,0.061446,0.826587
-1.321090,-0.171140,0.809075,-1.439377,-0.172371,0.677718,-1.448573,-0.180006,0.371745,-1.363216,-0.477657,0.434825,-1.207361,-0.152215,0.675098,-1.207920,-0.161659,0.369068,-1.224796,-0.455547,0.477847,-1.320159,-0.180228,0.862441,-1.464530,-0.159238,1.094636,-1.502774,-0.116962,0.919309,-1.493056,0.032187,0.812923,-1.184551,-0.138326,1.097325,-1.160854,-0.080800,0.923881,-1.222993,0.061994,0.826870
-1.321095,-0.170916,0.809081,-1.439384,-0.172223,0.677726,-1.448566,-0.180034,0.371758,-1.363091,-0.477619,0.434984,-1.207372,-0.152026,0.675094,-1.207926,-0.161673,0.369071,-1.224825,-0.455571,0.477820,-1.320161,-0.179985,0.862450,-1.464538,-0.159177,1.094659,-1.502802,-0.116737,0.919376,-1.493141,0.032561,0.813194,-1.184569,-0.138148,1.097357,-1.160848,-0.080399,0.923989,-1.222986,0.062515,0.827155
-1.321103,-0.170713,0.809104,-1.439391,-0.172086,0.677750,-1.448608,-0.180056,0.371786,-1.363051,-0.477608,0.435056,-1.207382,-0.151854,0.675112,-1.207938,-0.161675,0.369093,-1.224841,-0.455580,0.477825,-1.320168,-0.179765,0.862476,-1.464551,-0.159079,1.094693,-1.502838,-0.116536,0.919439,-1.493248,0.032847,0.813370,-1.184588,-0.137972,1.097400,-1.160898,-0.080071,0.924079,-1.223078,0.062920,0.827385
-1.321111,-0.170517,0.809124,-1.439395,-0.171950,0.677769,-1.448651,-0.180060,0.371810,-1.363017,-0.477592,0.435064,-1.207389,-0.151691,0.675129,-1.207939,-0.161681,0.369116,-1.224852,-0.455608,0.477792,-1.320176,-0.179552,0.862499,-1.464566,-0.158966,1.094721,-1.502878,-0.116332,0.919495,-1.493360,0.033118,0.813514,-1.184609,-0.137796,1.097439,-1.160971,-0.079763,0.924155,-1.223221,0.063293,0.827602
-1.321118,-0.170334,0.809139,-1.439394,-0.171818,0.677777,-1.448692,-0.180028,0.371822,-1.362994,-0.477569,0.434943,-1.207389,-0.151547,0.675146,-1.207916,-0.161698,0.369139,-1.224851,-0.455673,0.477683,-1.320186,-0.179353,0.862517,-1.464586,-0.158824,1.094739,-1.502926,-0.116121,0.919536,-1.493482,0.033361,0.813594,-1.184633,-0.137615,1.097470,-1.161092,-0.079495,0.924202,-1.223465,0.063603,0.827793
-1.321123,-0.170173,0.809163,-1.439395,-0.171727,0.677797,-1.448729,-0.180024,0.371845,-1.362950,-0.477575,0.434805,-1.207393,-0.151418,0.675166,-1.207921,-0.161725,0.369163,-1.224775,-0.455781,0.477509,-1.320192,-0.179172,0.862544,-1.464608,-0.158653,1.094758,-1.502983,-0.115914,0.919571,-1.493625,0.033584,0.813643,-1.184659,-0.137400,1.097504,-1.161229,-0.079245,0.924232,-1.223757,0.063879,0.827961
-1.321128,-0.170023,0.809190,-1.439398,-0.171658,0.677823,-1.448763,-0.180035,0.371875,-1.362895,-0.477597,0.434658,-1.207401,-0.151296,0.675187,-1.207939,-0.161757,0.369190,-1.224662,-0.455910,0.477304,-1.320197,-0.178999,0.862575,-1.464632,-0.158468,1.094777,-1.503043,-0.115709,0.919603,-1.493778,0.033797,0.813678,-1.184688,-0.137166,1.097538,-1.161374,-0.079004,0.924254,-1.224072,0.064137,0.828118
-1.321155,-0.169849,0.809244,-1.439404,-0.171567,0.677859,-1.448752,-0.180060,0.371914,-1.362856,-0.477599,0.434760,-1.207410,-0.151165,0.675250,-1.207934,-0.161758,0.369257,-1.224624,-0.455959,0.477253,-1.320230,-0.178799,0.862634,-1.464702,-0.158180,1.094806,-1.503109,-0.115482,0.919616,-1.493895,0.033993,0.813643,-1.184762,-0.136820,1.097595,-1.161562,-0.078741,0.924268,-1.224436,0.064366,0.828197
-1.321186,-0.169663,0.809292,-1.439409,-0.171471,0.677884,-1.448727,-0.180093,0.371941,-1.362808,-0.477595,0.434928,-1.207418,-0.151020,0.675311,-1.207940,-0.161773,0.369324,-1.224605,-0.455986,0.477297,-1.320269,-0.178586,0.862686,-1.464785,-0.157895,1.094824,-1.503188,-0.115268,0.919616,-1.494032,0.034172,0.813588,-1.184853,-0.136449,1.097649,-1.161755,-0.078461,0.924277,-1.224803,0.064595,0.828245
-1.321226,-0.169452,0.809325,-1.439411,-0.171365,0.677885,-1.448675,-0.180145,0.371945,-1.362743,-0.477580,0.435228,-1.207426,-0.150850,0.675367,-1.207967,-0.161813,0.369387,-1.224623,-0.455967,0.477530,-1.320319,-0.178345,0.862724,-1.464898,-0.157614,1.094821,-1.503292,-0.115079,0.919588,-1.494210,0.034320,0.813496,-1.184976,-0.136026,1.097697,-1.161959,-0.078148,0.924277,-1.225173,0.064825,0.828230
-1.321265,-0.169209,0.809315,-1.439403,-0.171238,0.677833,-1.448654,-0.180189,0.371898,-1.362617,-0.477517,0.435549,-1.207425,-0.150633,0.675388,-1.208017,-0.161834,0.369416,-1.224723,-0.455843,0.477942,-1.320371,-0.178076,0.862719,-1.465028,-0.157362,1.094767,-1.503387,-0.114913,0.919506,-1.494370,0.034458,0.813370,-1.185122,-0.135586,1.097713,-1.162169,-0.077807,0.924252,-1.225543,0.065062,0.828156
-1.321304,-0.168950,0.809282,-1.439388,-0.171100,0.677755,-1.448648,-0.180231,0.371826,-1.362462,-0.477430,0.435880,-1.207419,-0.150392,0.675392,-1.208077,-0.161845,0.369429,-1.224864,-0.455665,0.478444,-1.320423,-0.177791,0.862691,-1.465168,-0.157125,1.094689,-1.503477,-0.114758,0.919397,-1.494522,0.034591,0.813225,-1.185279,-0.135136,1.097714,-1.162382,-0.077451,0.924215,-1.225914,0.065302,0.828050
-1.321355,-0.168647,0.809160,-1.439379,-0.170894,0.677581,-1.448623,-0.180185,0.371656,-1.362206,-0.477194,0.436284,-1.207417,-0.150092,0.675316,-1.208036,-0.161774,0.369361,-1.225000,-0.455363,0.478967,-1.320488,-0.177471,0.862572,-1.465286,-0.156909,1.094545,-1.503550,-0.114609,0.919227,-1.494637,0.034735,0.813044,-1.185413,-0.134718,1.097616,-1.162585,-0.077087,0.924090,-1.226247,0.065561,0.827856
-1.321434,-0.168315,0.809019,-1.439391,-0.170653,0.677383,-1.448592,-0.180144,0.371462,-1.361957,-0.476939,0.436779,-1.207435,-0.149774,0.675227,-1.208015,-0.161695,0.369280,-1.225218,-0.455001,0.479591,-1.320579,-0.177123,0.862434,-1.465390,-0.156658,1.094407,-1.503624,-0.114450,0.919061,-1.494761,0.034877,0.812849,-1.185534,-0.134247,1.097472,-1.162817,-0.076680,0.923910,-1.226595,0.065816,0.827527
-1.321571,-0.167926,0.808841,-1.439446,-0.170343,0.677135,-1.448550,-0.180111,0.371220,-1.361720,-0.476646,0.437454,-1.207493,-0.149417,0.675113,-1.208034,-0.161598,0.369175,-1.225600,-0.454519,0.480420,-1.320724,-0.176717,0.862259,-1.465467,-0.156336,1.094281,-1.503704,-0.114270,0.918901,-1.494900,0.035018,0.812630,-1.185629,-0.133669,1.097236,-1.163110,-0.076189,0.923620,-1.226974,0.066060,0.826928
-1.321631,-0.167660,0.808674,-1.439450,-0.170103,0.676918,-1.448556,-0.179994,0.371006,-1.361469,-0.476273,0.438038,-1.207497,-0.149166,0.674993,-1.207974,-0.161450,0.369058,-1.225885,-0.454078,0.481000,-1.320795,-0.176445,0.862093,-1.465525,-0.156071,1.094123,-1.503738,-0.114102,0.918715,-1.494928,0.035157,0.812403,-1.185695,-0.133300,1.097049,-1.163316,-0.075845,0.923406,-1.227235,0.066269,0.826555
-1.321655,-0.167456,0.808512,-1.439428,-0.169900,0.676716,-1.448586,-0.179836,0.370806,-1.361212,-0.475860,0.438576,-1.207474,-0.148968,0.674870,-1.207875,-0.161278,0.368936,-1.226123,-0.453657,0.481456,-1.320831,-0.176240,0.861932,-1.465573,-0.155836,1.093951,-1.503750,-0.113938,0.918518,-1.494899,0.035295,0.812174,-1.185746,-0.133036,1.096887,-1.163478,-0.075577,0.923232,-1.227437,0.066461,0.826294
-1.321622,-0.167420,0.808404,-1.439375,-0.169878,0.676589,-1.448663,-0.179787,0.370681,-1.360892,-0.475591,0.438900,-1.207421,-0.148934,0.674777,-1.207884,-0.161115,0.368837,-1.226437,-0.453318,0.481742,-1.320802,-0.176195,0.861825,-1.465512,-0.155563,1.093843,-1.503716,-0.113833,0.918376,-1.494836,0.035280,0.811865,-1.185682,-0.132806,1.096728,-1.163519,-0.075417,0.923036,-1.227560,0.066559,0.826062
-1.321576,-0.167436,0.808324,-1.439313,-0.169894,0.676494,-1.448730,-0.179757,0.370588,-1.360642,-0.475388,0.439148,-1.207357,-0.148972,0.674707,-1.207874,-0.160959,0.368758,-1.226754,-0.453018,0.481951,-1.320756,-0.176199,0.861748,-1.465399,-0.155257,1.093780,-1.503642,-0.113710,0.918278,-1.494711,0.035273,0.811590,-1.185562,-0.132585,1.096568,-1.163502,-0.075294,0.922831,-1.227631,0.066622,0.825829
-1.321501,-0.167558,0.808301,-1.439234,-0.169986,0.676465,-1.448777,-0.179763,0.370558,-1.360531,-0.475319,0.439242,-1.207270,-0.149155,0.674682,-1.207825,-0.160814,0.368720,-1.227075,-0.452796,0.482006,-1.320678,-0.176302,0.861728,-1.465182,-0.154887,1.093804,-1.503489,-0.113552,0.918266,-1.494464,0.035284,0.811383,-1.185330,-0.132386,1.096408,-1.163369,-0.075247,0.922608,-1.227601,0.066617,0.825597
-1.321283,-0.167819,0.808417,-1.439045,-0.170191,0.676603,-1.448783,-0.179808,0.370697,-1.360563,-0.475372,0.439388,-1.207066,-0.149540,0.674761,-1.207754,-0.160663,0.368780,-1.227313,-0.452677,0.481881,-1.320440,-0.176526,0.861850,-1.464703,-0.154400,1.094010,-1.503152,-0.113412,0.918423,-1.494017,0.035223,0.811267,-1.184833,-0.132121,1.096293,-1.162971,-0.075225,0.922401,-1.227341,0.066571,0.825382
