joint_vel_0,joint_vel_1,joint_vel_2,joint_vel_3,joint_vel_4,joint_vel_5,joint_vel_6,joint_vel_7,joint_vel_8,joint_vel_9,joint_vel_10,joint_vel_11,joint_vel_12,joint_vel_13,joint_vel_14,joint_vel_15,joint_vel_16,joint_vel_17,joint_vel_18,joint_vel_19,joint_vel_20,joint_vel_21,joint_vel_22,joint_vel_23,joint_vel_24,joint_vel_25,joint_vel_26,joint_vel_27,joint_vel_28
-0.719462,-0.303000,-0.232124,-0.518133,-0.324365,-0.194836,-0.346547,-0.132523,-0.303304,0.269735,0.168616,-2.093028,-2.044526,0.037289,-0.116724,0.152097,0.048931,0.000000,0.069497,-0.208819,-0.493164,-0.210889,0.115955,-0.058047,-0.102087,-0.083537,0.000000,-0.071360,0.000000
-0.663917,-0.124324,-0.281731,-0.707095,-0.163478,-0.334834,-0.340333,0.061609,-0.409990,0.281662,0.238177,-2.025895,-2.012425,-0.023402,-0.315616,0.077620,0.173188,0.000000,0.209549,-0.318096,-0.453368,-0.336339,-0.017738,-0.088106,-0.097951,-0.113718,-0.000005,-0.113113,-0.000001
-0.684044,-0.231816,-0.223486,-0.574570,-0.062163,-0.304139,-0.286955,0.081207,-0.343509,0.238979,0.153765,-2.013729,-1.964590,0.035880,-0.196657,0.069552,0.298891,0.000000,0.198904,-0.450386,-0.405005,-0.457522,-0.100264,-0.123685,-0.090177,-0.141298,-0.000025,-0.163380,0.000001
-0.626043,-0.300035,-0.150809,-0.362182,0.076336,-0.200587,-0.246182,0.071106,-0.319935,0.200289,0.091600,-1.931658,-1.863015,0.058903,-0.091577,0.025017,0.452421,0.000000,0.186037,-0.607314,-0.379775,-0.623494,-0.210111,-0.162782,-0.089430,-0.162513,-0.000070,-0.224797,0.000001
-0.518900,-0.294850,-0.100045,-0.176116,0.182782,-0.075927,-0.238428,0.036341,-0.351103,0.184962,0.082800,-1.820777,-1.758558,0.034130,-0.052942,-0.033736,0.557037,0.000000,0.177392,-0.710443,-0.390333,-0.751314,-0.292370,-0.185854,-0.096094,-0.166756,-0.000117,-0.266667,-0.000002
-0.413297,-0.262756,-0.061664,-0.045785,0.277580,-0.015698,-0.211262,0.034738,-0.352568,0.177854,0.028229,-1.636279,-1.611241,0.020225,0.001156,-0.093095,0.621635,0.000000,0.115770,-0.866543,-0.346319,-0.840566,-0.393477,-0.215928,-0.088604,-0.166240,-0.019936,-0.319151,-0.000001
-0.327279,-0.209083,-0.040233,0.025467,0.312256,-0.002526,-0.176995,0.046075,-0.325273,0.159931,-0.030392,-1.408684,-1.461429,0.036914,0.045608,-0.109157,0.652604,0.000000,0.045891,-1.035552,-0.282560,-0.963277,-0.499707,-0.246447,-0.075661,-0.185848,-0.049796,-0.370010,0.000001
-0.279084,-0.139230,-0.040388,0.034023,0.238166,-0.019157,-0.147974,0.050132,-0.270149,0.112191,-0.051230,-1.168834,-1.349670,0.103903,0.055200,-0.037938,0.656136,0.000000,0.012592,-1.176943,-0.233952,-1.191062,-0.597027,-0.270760,-0.065975,-0.250406,-0.079909,-0.406853,0.000000
-0.224130,-0.074510,-0.027959,0.001214,0.157028,-0.017134,-0.132981,0.052186,-0.198977,0.084686,-0.077569,-0.923854,-1.143694,0.123636,0.072147,0.030696,0.657977,0.000000,-0.045177,-1.286867,-0.143857,-1.307063,-0.651443,-0.281096,-0.047169,-0.278313,-0.094800,-0.287780,0.000010
-0.189999,-0.047350,-0.009168,-0.056553,0.109515,0.002544,-0.139579,0.051225,-0.147451,0.091231,-0.096247,-0.796705,-0.946961,0.086253,0.087987,0.062392,0.657430,0.000000,-0.098521,-1.310727,-0.057398,-1.253603,-0.635898,-0.272372,-0.028666,-0.255676,-0.087030,-0.072436,0.000025
-0.132140,0.000059,0.017341,-0.080394,0.087633,0.066081,-0.149024,0.042695,-0.112440,0.079128,-0.058782,-0.648996,-0.732876,0.064429,0.073566,0.075348,0.612154,0.000000,-0.127934,-1.300677,0.054813,-1.188065,-0.488262,-0.256097,-0.001832,-0.224155,-0.044402,-0.000305,0.000658
-0.068445,0.046339,0.024843,-0.085172,0.076303,0.116062,-0.145923,0.043424,-0.085175,0.062823,-0.016096,-0.494803,-0.549045,0.052472,0.049530,0.082740,0.568354,0.000000,-0.143760,-1.262195,0.154939,-1.072252,-0.346133,-0.236386,0.021938,-0.177877,-0.002664,-0.000000,0.004044
-0.016744,0.070177,-0.013367,-0.085810,0.060426,0.095149,-0.114913,0.070251,-0.056850,0.056782,-0.019112,-0.348093,-0.442905,0.044674,0.036533,0.097784,0.572312,0.000000,-0.156424,-1.200999,0.205311,-0.868051,-0.347061,-0.217376,0.031282,-0.110946,0.002475,0.000000,0.012324
0.050065,0.078597,-0.045019,-0.099175,0.012968,0.104907,-0.063822,0.098879,-0.005708,0.040945,-0.046641,-0.188700,-0.272591,0.035821,0.058155,0.111941,0.567185,0.000000,-0.163811,-1.117145,0.194049,-0.644264,-0.391564,-0.194855,0.026717,-0.037977,-0.007239,0.000000,0.005744
0.098568,0.067381,-0.054285,-0.118551,-0.042323,0.140398,-0.018181,0.114971,0.042657,0.023195,-0.084892,-0.096226,-0.123238,0.030327,0.103545,0.118104,0.555351,0.000000,-0.162174,-1.052197,0.126722,-0.512512,-0.457318,-0.180019,0.010517,0.004578,-0.026962,0.000000,-0.012402
0.147079,0.108460,-0.088314,-0.129558,0.012073,0.067493,-0.016378,0.147740,-0.049870,-0.063333,-0.118691,0.050195,-0.338990,0.020016,0.068377,0.153092,0.475961,0.000000,-0.132586,-0.911233,-0.025373,-0.185770,-0.797155,-0.150902,-0.023423,0.093198,-0.139269,0.000001,-0.009572
0.174086,0.154537,-0.093956,-0.133017,0.071458,0.001700,-0.034935,0.156544,-0.131175,-0.133952,-0.121775,0.128468,-0.483786,0.010887,0.021122,0.171734,0.382260,0.000000,-0.107927,-0.771423,-0.130846,0.038365,-1.009876,-0.125172,-0.045701,0.149716,-0.209754,0.000001,-0.000576
0.158068,0.158360,-0.018008,-0.129743,0.031175,0.058498,-0.050423,0.100700,-0.049167,-0.103998,-0.067830,0.016444,-0.121468,0.008930,0.030211,0.128844,0.327380,0.000000,-0.121069,-0.709803,-0.058308,-0.137711,-0.694184,-0.120477,-0.026913,0.095954,-0.103977,0.000000,-0.000210
0.130512,0.154913,0.048024,-0.128570,-0.010019,0.066823,-0.072777,0.036178,0.028862,-0.058988,-0.018725,-0.040335,0.120333,0.012586,0.046793,0.084330,0.243611,0.000000,-0.133615,-0.641669,-0.008553,-0.249501,-0.422321,-0.112843,-0.012107,0.061414,-0.012838,0.000001,0.000036
0.105162,0.145871,0.071085,-0.130045,-0.031509,0.022478,-0.090792,-0.004751,0.063859,-0.021431,0.000969,-0.013434,0.120568,0.020022,0.062555,0.060439,0.172788,0.000000,-0.139248,-0.600915,-0.006477,-0.240980,-0.330193,-0.106056,-0.008687,0.063364,0.018058,0.000001,0.000038
0.078614,0.120753,0.084739,-0.134245,-0.059090,-0.003012,-0.108935,-0.047908,0.086886,0.014603,-0.002307,-0.025360,0.100196,0.029628,0.090803,0.058285,0.106099,0.000000,-0.156179,-0.556355,-0.002259,-0.245455,-0.247386,-0.099376,-0.005055,0.061560,0.046036,-0.000001,-0.000022
0.065543,0.101954,0.076510,-0.131216,-0.080333,0.006370,-0.115119,-0.074040,0.093363,0.034681,-0.005332,-0.041698,0.059789,0.030333,0.103217,0.071064,0.052642,0.000000,-0.172745,-0.513946,0.006652,-0.242034,-0.183137,-0.093046,-0.001041,0.062360,0.068600,-0.000002,-0.000068
0.080584,0.111802,0.033855,-0.110914,-0.082773,0.066661,-0.097180,-0.063862,0.078658,0.024348,0.015098,-0.027998,-0.000165,0.011040,0.071403,0.091937,0.021433,0.000000,-0.177184,-0.479290,0.022817,-0.209656,-0.146511,-0.087246,0.003529,0.072091,0.083230,-0.000001,-0.000026
0.070089,0.108815,0.018288,-0.081115,-0.065233,0.070367,-0.095421,-0.073426,0.079826,0.017583,0.018877,-0.052277,-0.036105,0.001195,0.047642,0.082763,-0.003579,0.000000,-0.180282,-0.460342,0.032485,-0.198285,-0.105500,-0.084033,0.006803,0.074624,0.099627,0.000000,0.000001
0.039321,0.094526,0.037623,-0.056764,-0.036513,0.015632,-0.110783,-0.098006,0.096341,0.017795,0.004125,-0.102440,-0.030059,0.005731,0.043854,0.048173,-0.009886,0.000000,-0.180583,-0.466799,0.030831,-0.213699,-0.080656,-0.085054,0.007147,0.068730,0.109644,0.000000,0.000001
0.016165,0.074951,0.029764,-0.054212,-0.030118,0.009909,-0.114739,-0.111669,0.124429,0.049800,0.022674,-0.088000,-0.049312,0.015503,0.027005,0.128222,-0.011653,0.000000,-0.178212,-0.357556,0.019939,-0.100106,-0.069115,-0.066669,0.005744,0.103017,0.114312,0.000001,0.000003
-0.004828,0.053237,0.010942,-0.058563,-0.033707,0.017109,-0.112321,-0.116929,0.153382,0.087166,0.047040,-0.069939,-0.074806,0.021213,0.007290,0.209801,-0.010541,0.000000,-0.174710,-0.237226,0.004213,0.021468,-0.065888,-0.046495,0.003287,0.139741,0.115789,0.000001,0.000003
-0.029060,0.032583,-0.002590,-0.054942,-0.034951,0.001164,-0.108580,-0.116306,0.172471,0.103429,0.049728,-0.109240,-0.087472,0.013560,-0.005065,0.179770,-0.008212,0.000000,-0.171655,-0.210624,-0.011922,0.029863,-0.066018,-0.042184,0.000474,0.141147,0.116254,-0.000000,-0.000004
-0.084045,-0.004877,-0.010140,-0.038844,-0.035118,-0.014224,-0.114310,-0.124241,0.216056,0.118354,0.063875,-0.169365,-0.110237,-0.002345,-0.026490,0.156775,-0.021570,0.000000,-0.167403,-0.174743,-0.040526,0.031285,-0.064251,-0.036793,-0.004274,0.139843,0.079232,-0.000001,-0.000006
-0.142239,-0.040387,-0.007927,-0.018324,-0.034119,-0.021349,-0.126623,-0.136742,0.262283,0.124457,0.082389,-0.220187,-0.131687,-0.018540,-0.046256,0.152300,-0.043924,0.000000,-0.164059,-0.147518,-0.067272,0.025018,-0.061461,-0.033016,-0.008579,0.136461,0.023250,0.000000,-0.000001
-0.222367,-0.083516,-0.009356,0.001466,-0.031216,-0.021679,-0.146148,-0.148616,0.308527,0.082451,0.114158,-0.311268,-0.165015,-0.006504,-0.070709,0.094165,-0.065590,0.000000,-0.165961,-0.171765,-0.095199,-0.063325,-0.074495,-0.039183,-0.013403,0.107022,0.002289,0.000000,0.000000
-0.296635,-0.126480,-0.008480,0.011720,-0.028681,-0.026570,-0.164745,-0.158525,0.352263,0.058135,0.146332,-0.391535,-0.198571,-0.005264,-0.094540,0.052761,-0.085766,0.000000,-0.169544,-0.198645,-0.120454,-0.151081,-0.092231,-0.045890,-0.017864,0.078509,-0.000002,0.000002,0.000004
-0.337327,-0.161555,0.000655,0.003658,-0.028772,-0.047383,-0.174263,-0.165110,0.390958,0.117263,0.166085,-0.409971,-0.220709,-0.053849,-0.112465,0.098376,-0.103671,0.000000,-0.171198,-0.179295,-0.139209,-0.155699,-0.103545,-0.043726,-0.021084,0.077832,-0.000007,0.000008,0.000016
-0.385053,-0.184562,0.006347,0.011857,-0.014739,-0.048066,-0.192105,-0.177497,0.454078,0.133368,0.216627,-0.446048,-0.263335,-0.040024,-0.141621,0.138570,-0.127550,0.000000,-0.171579,-0.157299,-0.155777,-0.161515,-0.106955,-0.041167,-0.023596,0.077873,-0.000006,0.000008,0.000015
-0.415936,-0.183995,0.005753,0.032217,0.006408,-0.028277,-0.209339,-0.189480,0.510046,0.098404,0.272694,-0.481699,-0.305128,0.029303,-0.167431,0.153257,-0.145465,0.000000,-0.170478,-0.143626,-0.161869,-0.165613,-0.100748,-0.039488,-0.024144,0.078601,0.000001,0.000002,0.000000
-0.417211,-0.199951,0.008263,0.036003,-0.001056,-0.031481,-0.206865,-0.182962,0.545623,0.222898,0.254014,-0.459167,-0.290808,-0.051370,-0.172655,0.154471,-0.129080,0.000000,-0.168976,-0.129532,-0.158939,-0.152835,-0.087589,-0.036922,-0.023672,0.083829,0.000003,-0.000000,-0.000004
-0.420892,-0.221674,0.015211,0.027425,-0.013682,-0.053269,-0.214436,-0.178243,0.562738,0.344366,0.204873,-0.431749,-0.252640,-0.158421,-0.163358,0.144060,-0.106367,0.000000,-0.166859,-0.118914,-0.155260,-0.134300,-0.071640,-0.034562,-0.023213,0.090449,0.000002,-0.000002,-0.000006
-0.458633,-0.238203,0.027913,0.010674,-0.008000,-0.089171,-0.261615,-0.195482,0.562824,0.299931,0.169450,-0.452419,-0.222711,-0.167991,-0.145471,0.123760,-0.105232,0.000000,-0.163782,-0.115591,-0.158984,-0.121042,-0.057022,-0.033476,-0.023778,0.095279,0.000004,-0.000008,-0.000012
-0.476728,-0.232800,0.024100,-0.006394,-0.004955,-0.094632,-0.295659,-0.208744,0.550802,0.268701,0.136524,-0.439535,-0.199188,-0.172535,-0.110437,0.099414,-0.092985,0.000000,-0.161449,-0.103928,-0.161699,-0.110964,-0.040068,-0.031031,-0.024184,0.098254,0.000004,-0.000007,-0.000011
-0.466197,-0.208217,0.005684,-0.015227,-0.006079,-0.066925,-0.299558,-0.211421,0.532812,0.266412,0.122616,-0.399630,-0.193899,-0.169833,-0.075832,0.083242,-0.075778,0.000000,-0.161062,-0.089787,-0.162075,-0.109136,-0.029284,-0.028456,-0.024230,0.097903,0.000001,-0.000001,-0.000002
-0.409923,-0.155335,-0.005029,-0.033346,-0.018009,-0.038860,-0.291765,-0.216487,0.479873,0.269473,0.086212,-0.321747,-0.137363,-0.204449,-0.037888,0.055962,-0.054246,0.000000,-0.151452,-0.087123,-0.154676,-0.092869,-0.002116,-0.026993,-0.022932,0.056683,-0.000001,0.000008,0.000008
-0.320946,-0.088092,-0.008052,-0.045148,-0.025733,-0.012390,-0.279643,-0.220865,0.404988,0.262168,0.044316,-0.224131,-0.055727,-0.243923,-0.023396,0.028598,-0.029221,0.000000,-0.144671,-0.089101,-0.141246,-0.070176,0.026603,-0.026009,-0.020747,0.012992,-0.000001,0.000010,0.000010
-0.212287,-0.020375,-0.003413,-0.035055,-0.014247,0.010568,-0.270604,-0.221526,0.321168,0.228837,0.013906,-0.124965,0.024933,-0.255878,-0.059126,0.012146,-0.001507,0.000000,-0.152797,-0.088900,-0.123546,-0.049062,0.042072,-0.024879,-0.018136,0.005192,0.000001,-0.000005,-0.000005
-0.055769,0.066250,-0.000561,-0.028288,-0.001522,0.036940,-0.253119,-0.213486,0.209016,0.176269,-0.000775,0.024501,0.141834,-0.229268,-0.080790,-0.000243,0.037067,0.000000,-0.156136,-0.083830,-0.094086,-0.015882,0.049320,-0.022494,-0.013986,0.000005,0.000001,-0.000010,-0.000011
0.070541,0.128555,-0.000922,-0.028220,0.006090,0.053559,-0.235819,-0.200679,0.124400,0.130624,0.007552,0.149694,0.236613,-0.177316,-0.077537,-0.002393,0.067244,0.000000,-0.152964,-0.076394,-0.067529,0.012816,0.044724,-0.020037,-0.010361,0.000002,0.000001,-0.000003,-0.000003
0.208499,0.223161,-0.013375,-0.035384,0.017500,0.058929,-0.193300,-0.144613,0.013664,0.017983,-0.058025,0.287400,0.353465,-0.119470,-0.057757,0.015041,0.102095,0.000000,-0.146831,-0.083503,-0.030844,0.049657,0.014909,-0.019884,-0.005742,0.000001,0.000001,-0.000000,0.000000
0.338111,0.324860,-0.030392,-0.037329,0.031669,0.051334,-0.146605,-0.079960,-0.094434,-0.112718,-0.145432,0.411153,0.462401,-0.060588,-0.035393,0.036558,0.134497,0.000000,-0.140980,-0.093367,0.005969,0.087041,-0.024876,-0.020251,-0.001257,0.000000,0.000000,0.000000,0.000001
0.439261,0.408356,-0.044435,-0.021606,0.047547,0.029047,-0.116779,-0.041405,-0.171066,-0.212455,-0.202575,0.494359,0.533315,-0.005565,-0.024393,0.046652,0.157293,0.000000,-0.138642,-0.094189,0.032885,0.117332,-0.059353,-0.019353,0.001964,0.000000,-0.000001,0.000000,0.000001
0.573310,0.529874,-0.072840,-0.022474,0.048472,0.050503,-0.053114,0.013764,-0.255846,-0.296950,-0.244936,0.614919,0.613972,0.033044,-0.013702,0.039492,0.175077,0.000000,-0.138410,-0.098518,0.064690,0.169615,-0.101832,-0.017963,0.005850,0.000000,-0.000001,0.000000,0.000001
0.673433,0.628843,-0.101426,-0.039509,0.034002,0.104986,0.012504,0.057945,-0.306462,-0.324059,-0.251433,0.712775,0.664289,0.035932,-0.008674,0.018679,0.179030,0.000000,-0.140465,-0.104230,0.085498,0.217807,-0.131097,-0.016783,0.008460,-0.000001,0.000000,0.000000,0.000002
0.817256,0.724112,-0.087186,-0.072541,0.032680,0.029740,0.025922,0.077798,-0.469364,-0.373596,-0.335819,0.849404,0.743792,-0.071763,0.009549,-0.033614,0.171522,0.000000,-0.137780,-0.097504,0.193040,0.274186,-0.014856,-0.012754,0.029598,0.000000,0.000001,-0.000000,0.004427
0.941368,0.796291,-0.064517,-0.103451,0.033877,-0.051164,0.022252,0.089815,-0.618533,-0.441259,-0.427061,0.961648,0.823648,-0.159594,0.033304,-0.092450,0.163046,0.000000,-0.130022,-0.086531,0.293055,0.305665,0.102818,-0.008816,0.049470,0.000001,0.000001,0.000000,0.008441
0.982543,0.826190,-0.067859,-0.114108,0.026984,-0.013556,0.036563,0.110482,-0.627948,-0.522885,-0.454196,0.986555,0.875289,-0.096983,0.054915,-0.132844,0.164195,0.000000,-0.116922,-0.079555,0.291216,0.279185,0.077702,-0.007919,0.048267,-0.000001,-0.000001,0.000003,0.007203
1.044321,0.839833,-0.076092,-0.139924,0.000524,0.062181,0.066631,0.148334,-0.665393,-0.601491,-0.527394,0.954761,0.933899,-0.100979,0.093354,-0.169430,0.155663,0.000000,-0.101825,-0.122179,0.286514,0.366007,0.070660,-0.011980,0.047073,-0.000001,-0.000001,0.000004,0.006094
1.096066,0.830589,-0.085106,-0.168032,-0.032273,0.138150,0.097432,0.184475,-0.712343,-0.637901,-0.610197,0.882390,0.970383,-0.169668,0.129430,-0.183960,0.141743,0.000000,-0.092302,-0.193119,0.281399,0.522827,0.085282,-0.018970,0.046502,0.000000,-0.000001,0.000003,0.005670
1.078732,0.855670,-0.038054,-0.173093,-0.057056,0.114966,0.081336,0.165214,-0.704379,-0.692570,-0.658596,0.852122,0.979295,-0.121716,0.143138,-0.223349,0.100509,0.000000,-0.071108,-0.203465,0.268812,0.499074,0.092961,-0.021238,0.044971,0.000000,-0.000001,-0.000001,0.003808
1.023680,0.880266,0.033421,-0.165728,-0.073085,0.044984,0.038400,0.118687,-0.667840,-0.721776,-0.691664,0.826743,0.976525,-0.040873,0.142920,-0.264087,0.050577,0.000000,-0.052411,-0.183196,0.247895,0.397724,0.102746,-0.020788,0.042176,0.000000,0.000001,-0.000004,0.000513
0.962543,0.869719,0.097583,-0.156594,-0.079597,-0.019359,-0.011261,0.073107,-0.629234,-0.681895,-0.728524,0.769281,0.978147,-0.010978,0.137244,-0.282660,0.010652,0.000000,-0.050418,-0.162332,0.217874,0.321913,0.123678,-0.019622,0.037825,0.000000,0.000001,-0.000002,-0.004203
0.922408,0.871073,0.098678,-0.156371,-0.099684,0.011137,-0.029416,0.062553,-0.604542,-0.618950,-0.679734,0.716838,0.881123,0.006036,0.116678,-0.288841,-0.030080,0.000000,-0.047846,-0.135377,0.182750,0.251770,0.148688,-0.017306,0.033414,0.000000,0.000000,-0.000000,-0.008654
0.923471,0.883790,0.036171,-0.165196,-0.123327,0.121244,-0.006995,0.092308,-0.606194,-0.564495,-0.569764,0.695732,0.734054,0.001679,0.091514,-0.279591,-0.051277,0.000000,-0.045984,-0.115819,0.160103,0.222370,0.165302,-0.014999,0.031151,0.000000,0.000000,0.000001,-0.010618
0.831818,0.835300,0.041077,-0.186485,-0.127928,0.139828,-0.018084,0.092128,-0.520620,-0.485557,-0.522494,0.620404,0.584389,0.020670,0.073387,-0.259075,-0.078551,0.000000,-0.045627,-0.094211,0.132094,0.170018,0.174445,-0.013423,0.027799,0.000000,0.000000,0.000001,-0.007694
0.715208,0.766464,0.067081,-0.193533,-0.123091,0.112389,-0.028639,0.073748,-0.412588,-0.413427,-0.509724,0.529311,0.455398,0.041766,0.058873,-0.233268,-0.101999,0.000001,-0.044790,-0.076818,0.105284,0.118379,0.170502,-0.012705,0.024124,0.000000,0.000000,-0.000001,-0.003444
0.641977,0.718769,0.067880,-0.159782,-0.118531,0.084581,-0.004611,0.048975,-0.347194,-0.379691,-0.503573,0.461318,0.370626,0.043756,0.044586,-0.208328,-0.111814,0.000001,-0.041524,-0.069952,0.086297,0.091192,0.147988,-0.012979,0.020910,0.000000,0.000000,-0.000001,-0.001436
0.558110,0.653049,0.071078,-0.133071,-0.112069,0.068449,0.004241,0.006802,-0.263860,-0.308573,-0.460780,0.376352,0.265150,0.046474,0.019328,-0.181182,-0.127086,0.000000,-0.039616,-0.059188,0.066742,0.061290,0.115281,-0.012721,0.017576,0.000000,0.000000,-0.000001,-0.000067
0.505406,0.602018,0.075062,-0.126715,-0.106913,0.072034,-0.006498,-0.031688,-0.204183,-0.235572,-0.402665,0.316799,0.191633,0.048549,-0.004280,-0.165362,-0.140154,0.000000,-0.040009,-0.049894,0.056381,0.043604,0.088710,-0.012059,0.015784,0.000000,0.000000,-0.000001,-0.000021
0.425430,0.507172,0.070710,-0.106895,-0.115192,0.081966,-0.010328,-0.077726,-0.105673,-0.121179,-0.296515,0.228364,0.100265,0.041313,-0.029601,-0.143033,-0.145219,0.000001,-0.042077,-0.034355,0.049409,-0.001025,0.061426,-0.011392,0.014612,0.000000,0.000000,0.000000,0.000001
0.337794,0.403769,0.062391,-0.083317,-0.123485,0.082042,-0.010280,-0.116975,0.000503,-0.007489,-0.179517,0.133520,0.006287,0.008824,-0.054546,-0.113291,-0.140242,0.000060,-0.042478,-0.013649,0.041564,-0.040901,0.029932,-0.009746,0.013053,0.000000,0.000000,0.000001,0.000004
0.261950,0.326864,0.054417,-0.065641,-0.118255,0.055976,-0.009362,-0.134905,0.082999,0.063193,-0.088882,0.054786,-0.074881,-0.064839,-0.076921,-0.075180,-0.123046,0.000239,-0.037832,0.011127,0.028570,-0.044230,-0.009240,-0.006138,0.010095,0.000001,0.000001,-0.000001,-0.000011
0.148808,0.214174,0.036429,-0.046753,-0.115558,0.029855,0.007366,-0.139351,0.197177,0.155333,0.015262,-0.054669,-0.192016,-0.119557,-0.104579,0.002439,-0.102358,0.012109,-0.028721,0.065704,0.002839,-0.019282,-0.075793,0.003255,0.004394,0.000001,0.000001,-0.000001,-0.000014
0.055093,0.122225,0.017450,-0.036134,-0.116801,0.016783,0.031536,-0.128148,0.285953,0.222865,0.080758,-0.140055,-0.286549,-0.127959,-0.123714,0.080702,-0.088589,0.029734,-0.019722,0.122785,-0.022743,0.021440,-0.136431,0.013733,-0.001193,0.000000,0.000000,0.000003,-0.000004
-0.072286,0.009272,-0.002161,-0.010417,-0.103157,0.005900,0.043032,-0.129531,0.407463,0.275257,0.186199,-0.267789,-0.378167,-0.092422,-0.148159,0.089508,-0.079353,0.063776,-0.013935,0.139926,-0.043455,0.011092,-0.162490,0.016035,-0.005060,-0.000001,-0.000001,0.000052,0.000004
-0.195540,-0.101853,-0.021164,0.009878,-0.084003,-0.003532,0.044383,-0.131075,0.524121,0.310394,0.284570,-0.392751,-0.461987,-0.059445,-0.170420,0.077343,-0.076815,0.092509,-0.011516,0.136744,-0.061371,-0.017911,-0.176887,0.014283,-0.008092,-0.000001,-0.000003,0.000074,0.000006
-0.277042,-0.188419,-0.038341,0.004241,-0.068771,-0.012259,0.038158,-0.120427,0.598695,0.326371,0.329065,-0.470092,-0.533455,-0.075576,-0.183108,0.092793,-0.083178,0.094265,-0.012622,0.132977,-0.078619,-0.033145,-0.202684,0.012614,-0.011184,-0.000001,-0.000002,-0.000005,0.000000
-0.385859,-0.305557,-0.051636,-0.004496,-0.052409,-0.026585,0.025515,-0.107440,0.698775,0.359690,0.384298,-0.569961,-0.620772,-0.102594,-0.205524,0.114909,-0.092317,0.073890,-0.016478,0.126605,-0.098976,-0.058213,-0.229633,0.009963,-0.014689,0.000000,0.000000,-0.000049,-0.000003
-0.467801,-0.394921,-0.054420,-0.011962,-0.043067,-0.039382,0.012751,-0.098594,0.774517,0.393754,0.422767,-0.642627,-0.680434,-0.127010,-0.226501,0.132665,-0.099677,0.041534,-0.021158,0.120803,-0.112300,-0.080638,-0.244299,0.007652,-0.016859,0.000001,0.000001,-0.000038,-0.000003
-0.603677,-0.521382,-0.035947,0.020219,-0.021075,-0.099564,-0.031986,-0.112483,0.862823,0.388533,0.490129,-0.754822,-0.722821,-0.103571,-0.243874,0.159599,-0.116288,-0.035203,-0.019406,0.117849,-0.133878,-0.146699,-0.257339,0.004020,-0.020438,0.000001,0.000001,-0.000023,-0.000002
-0.734337,-0.639385,-0.017903,0.057999,-0.001308,-0.148263,-0.082556,-0.126584,0.937469,0.390834,0.573581,-0.856780,-0.760911,-0.070712,-0.258315,0.185498,-0.139376,-0.101145,-0.015085,0.110714,-0.156184,-0.216806,-0.265554,-0.000477,-0.023955,-0.000001,0.000001,-0.000010,-0.000001
-0.800688,-0.703420,-0.022004,0.067287,0.001336,-0.126594,-0.112772,-0.118391,0.972434,0.447571,0.660363,-0.898869,-0.807871,-0.066944,-0.270550,0.200176,-0.166174,-0.101075,-0.012073,0.092416,-0.171711,-0.251335,-0.265823,-0.005380,-0.025947,-0.000004,-0.000001,-0.000003,0.000000
-0.897484,-0.773823,-0.021812,0.090822,0.018833,-0.160360,-0.154103,-0.130875,1.050864,0.472078,0.761041,-0.894148,-0.868891,0.005140,-0.284526,0.216195,-0.190840,-0.084655,-0.002710,0.120031,-0.188157,-0.358784,-0.286046,-0.004543,-0.028440,-0.027473,-0.000005,0.000012,0.000001
-0.976129,-0.815232,-0.017422,0.116806,0.042418,-0.232623,-0.185834,-0.157761,1.133331,0.452015,0.825107,-0.844851,-0.913292,0.109444,-0.293198,0.225503,-0.201001,-0.060096,0.008317,0.179708,-0.197262,-0.485294,-0.316046,0.001613,-0.030182,-0.068645,-0.000008,0.000027,0.000000
-1.082028,-0.884571,-0.032843,0.127769,0.052384,-0.174793,-0.172260,-0.148321,1.183603,0.419021,0.827408,-0.942646,-0.999682,0.264379,-0.277543,0.258040,-0.236136,-0.025945,0.016004,0.171528,-0.218849,-0.542650,-0.317436,-0.002653,-0.032907,-0.082748,0.000001,0.000000,-0.000000
-1.159091,-0.969015,-0.049357,0.116178,0.043467,-0.058198,-0.137078,-0.117499,1.200030,0.411826,0.767273,-1.045511,-1.040891,0.356957,-0.194246,0.282650,-0.265640,0.000000,0.013668,0.131204,-0.265489,-0.568639,-0.338767,-0.011382,-0.040418,-0.083307,-0.004327,-0.000027,-0.000001
-1.149768,-1.054546,-0.048201,0.074324,0.010335,0.046091,-0.103737,-0.080027,1.179335,0.468549,0.642848,-1.010093,-0.948366,0.273912,0.000452,0.267823,-0.258588,0.000000,-0.005394,0.094218,-0.349474,-0.600354,-0.428160,-0.018613,-0.056474,-0.083757,-0.017343,-0.000012,-0.000000
-1.117499,-1.057345,-0.039828,0.051283,0.022183,0.056598,-0.117583,-0.071136,1.110861,0.532535,0.557715,-0.963669,-0.844219,0.163772,0.101021,0.235646,-0.233487,0.000000,-0.012717,0.037274,-0.384372,-0.568248,-0.448665,-0.026101,-0.063165,-0.071711,-0.012638,-0.000001,0.000000
-1.078977,-0.976467,-0.028442,0.058629,0.073138,-0.031999,-0.171794,-0.095339,1.029392,0.572038,0.554812,-0.929949,-0.780987,0.081711,0.057095,0.202325,-0.202998,0.000000,-0.004631,-0.011132,-0.352865,-0.488617,-0.390187,-0.030111,-0.057167,-0.053222,0.007443,0.000000,0.000000
-1.023088,-0.857818,-0.037627,0.065571,0.070980,-0.083029,-0.194711,-0.121376,0.871907,0.529599,0.554687,-0.858903,-0.657217,0.035513,-0.027385,0.195474,-0.185456,0.000000,0.015278,-0.032645,-0.310912,-0.390525,-0.342779,-0.029797,-0.049984,-0.020897,0.013012,0.000001,0.000000
-0.945218,-0.725140,-0.042378,0.067963,0.052515,-0.095807,-0.202003,-0.140902,0.702684,0.464624,0.543159,-0.762509,-0.517838,-0.011395,-0.121145,0.178291,-0.168993,0.000000,0.032044,-0.036651,-0.266974,-0.297788,-0.282811,-0.026881,-0.042355,0.012583,0.009902,0.000000,0.000000
-0.841083,-0.602529,-0.017694,0.061680,0.054609,-0.069691,-0.209394,-0.145585,0.586402,0.436741,0.506192,-0.653072,-0.408101,-0.095522,-0.192791,0.114046,-0.141799,0.000000,0.030685,-0.032554,-0.229634,-0.234410,-0.186811,-0.023097,-0.035039,0.034488,0.003963,-0.000001,-0.000000
-0.698271,-0.460633,0.006796,0.047491,0.054775,-0.024638,-0.184125,-0.153331,0.441651,0.393137,0.439703,-0.513592,-0.270523,-0.161787,-0.233948,0.024197,-0.107282,0.000029,0.032156,-0.049311,-0.185695,-0.162119,-0.040315,-0.021882,-0.025791,0.061402,0.000003,0.000000,0.000001
-0.588124,-0.370332,0.018852,0.032486,0.052927,0.016839,-0.138814,-0.160273,0.340727,0.355583,0.376910,-0.413739,-0.173821,-0.177075,-0.224058,-0.046368,-0.082685,0.000073,0.035724,-0.078556,-0.157104,-0.117020,0.083494,-0.023843,-0.019230,0.079886,0.000001,0.000002,0.000003
-0.442341,-0.246356,0.041269,0.026911,0.048263,0.042094,-0.107766,-0.134263,0.203396,0.277621,0.251991,-0.254281,-0.049613,-0.181393,-0.146870,-0.083610,-0.040058,0.000001,0.027923,-0.103815,-0.118989,-0.127003,0.155097,-0.027716,-0.012701,0.089236,0.000001,-0.000000,0.000000
-0.283765,-0.117093,0.055897,0.026551,0.045225,0.053071,-0.092160,-0.092913,0.062490,0.198391,0.113541,-0.070646,0.072287,-0.180110,-0.057791,-0.089510,0.009986,-0.000072,0.014650,-0.121193,-0.076703,-0.127780,0.180471,-0.030391,-0.006603,0.087642,0.000001,-0.000003,-0.000003
-0.135056,-0.010754,0.044623,0.027174,0.048260,0.051794,-0.093121,-0.053842,-0.049365,0.156978,0.009978,0.101966,0.162286,-0.178652,-0.012182,-0.066172,0.056897,-0.000030,0.001799,-0.126874,-0.035553,-0.055039,0.165814,-0.028770,-0.001326,0.073338,0.000000,-0.000001,-0.000001
0.073209,0.142517,0.023507,0.024126,0.054207,0.063839,-0.081680,-0.012846,-0.207774,0.054970,-0.114560,0.320312,0.301702,-0.165156,0.051104,-0.046688,0.108558,-0.000001,-0.007932,-0.145274,0.012920,0.040410,0.142777,-0.028154,0.004658,0.042549,-0.000001,0.000000,0.000001
0.237012,0.266138,0.003087,0.018925,0.060075,0.083168,-0.063518,0.009606,-0.333568,-0.056714,-0.197840,0.475264,0.420821,-0.146309,0.100458,-0.040775,0.139144,-0.000001,-0.009669,-0.167157,0.044512,0.110891,0.122817,-0.028844,0.008361,0.010640,-0.000001,0.000000,0.000002
0.423355,0.392017,-0.013822,0.032663,0.051462,0.075038,-0.017501,0.030924,-0.451551,-0.188789,-0.312352,0.642201,0.545949,-0.110020,0.209256,-0.040632,0.192201,0.000000,0.042242,-0.171079,0.095569,0.169137,0.064638,-0.027061,0.014055,0.000000,0.000000,0.000001,0.000007
0.589090,0.506051,-0.012064,0.054645,0.052700,0.022011,0.022880,0.042345,-0.545962,-0.306919,-0.427788,0.775423,0.634603,-0.079464,0.290182,-0.031210,0.242993,0.000000,0.099282,-0.156668,0.172351,0.203532,0.046141,-0.023487,0.025078,0.000000,0.000000,0.000001,0.002712
0.691299,0.594312,0.023532,0.074202,0.088145,-0.093446,0.024166,0.035119,-0.601186,-0.376937,-0.514007,0.829407,0.644410,-0.077790,0.255972,0.002571,0.266846,0.000000,0.112972,-0.123531,0.281245,0.202520,0.145279,-0.018802,0.044786,0.000000,0.000000,-0.000000,0.010816
0.840011,0.685493,0.025033,0.067400,0.112168,-0.125910,0.049353,0.071216,-0.656471,-0.525039,-0.641000,0.939318,0.699871,-0.067727,0.228170,0.027212,0.283173,0.000000,0.109795,-0.082592,0.384171,0.233099,0.187266,-0.011305,0.062250,0.000000,0.000000,0.000000,0.022190
0.960608,0.733777,-0.008336,0.037608,0.112713,-0.059060,0.085839,0.132582,-0.683964,-0.677028,-0.745067,1.049922,0.773053,-0.054281,0.220616,0.030374,0.283718,0.000000,0.091297,-0.054298,0.429527,0.279914,0.151010,-0.004739,0.068714,0.000000,0.000000,0.000003,0.031138
1.114815,0.808597,-0.035687,-0.000699,0.105809,0.042454,0.146807,0.228536,-0.805876,-0.777602,-0.819844,1.077195,0.870357,-0.071116,0.224778,0.013478,0.276461,0.000000,0.072202,-0.172076,0.504485,0.376928,0.124322,-0.006076,0.080314,0.000000,0.000000,0.000000,0.046821
1.254241,0.888136,-0.037883,-0.039183,0.086789,0.101537,0.196509,0.305140,-0.928079,-0.828665,-0.855151,1.102507,0.969952,-0.116345,0.235128,-0.024162,0.262818,0.000000,0.061279,-0.298943,0.573143,0.425768,0.102100,-0.008002,0.091043,0.000000,0.000000,-0.000002,0.061586
1.331156,0.951006,0.004162,-0.069563,0.051016,0.041215,0.199327,0.308659,-0.956878,-0.832617,-0.841284,1.207801,1.050501,-0.188126,0.246225,-0.083248,0.244311,0.000000,0.067300,-0.298042,0.599901,0.328282,0.079235,-0.003204,0.094940,0.000000,0.000000,-0.000001,0.067815
1.377295,1.014818,0.023190,-0.100392,0.010880,0.008295,0.199668,0.320141,-0.965061,-0.894818,-0.796407,1.254027,1.084486,-0.218077,0.240229,-0.130498,0.221486,0.000000,0.075402,-0.285941,0.611682,0.223477,0.047719,-0.000008,0.096442,0.000000,0.000000,-0.000000,0.071406
1.369681,1.047777,0.009697,-0.116308,-0.013612,0.019231,0.197386,0.333899,-0.948574,-0.984275,-0.742888,1.218091,1.054955,-0.191259,0.220115,-0.142355,0.205714,0.000000,0.081539,-0.268710,0.602621,0.163642,0.023261,-0.000009,0.094801,0.000001,0.000001,-0.000001,0.070571
1.329198,1.058822,-0.007947,-0.115269,-0.035560,0.010135,0.208739,0.357571,-0.884987,-0.915962,-0.642002,1.095485,0.946229,-0.175781,0.154549,-0.146699,0.181707,0.000000,0.073514,-0.208116,0.558832,0.112818,0.006992,0.000002,0.088142,0.000000,0.000000,-0.000000,0.063765
1.260734,1.043126,-0.031097,-0.099762,-0.052218,0.008011,0.221969,0.367279,-0.799858,-0.826246,-0.535747,0.939303,0.808936,-0.151753,0.073451,-0.150757,0.152843,0.000000,0.067106,-0.138889,0.493908,0.086586,-0.002368,0.000056,0.078342,-0.000001,-0.000001,0.000001,0.052649
1.170013,0.996518,-0.061108,-0.072354,-0.060864,0.039886,0.225436,0.339352,-0.719322,-0.852150,-0.466594,0.803382,0.694354,-0.099391,0.006858,-0.161853,0.122621,0.000000,0.078155,-0.095929,0.421818,0.100592,-0.006095,0.000182,0.067337,0.000000,0.000000,0.000002,0.038929
1.070588,0.915012,-0.064153,-0.059911,-0.075454,0.070717,0.222516,0.302535,-0.599862,-0.708699,-0.393257,0.637454,0.555613,-0.085910,-0.065681,-0.188131,0.076985,0.000000,0.073279,-0.050192,0.324529,0.109358,0.018390,0.000796,0.053045,0.000000,0.000000,0.000004,0.021364
1.011726,0.838979,-0.038678,-0.068633,-0.088654,0.085043,0.214569,0.275116,-0.500987,-0.467363,-0.352260,0.524268,0.461892,-0.118017,-0.107828,-0.216354,0.038737,0.000000,0.054885,-0.024542,0.250581,0.108446,0.058825,0.001591,0.042593,0.000000,0.000000,0.000005,0.008736
0.886233,0.709139,0.019884,-0.044470,-0.105810,0.066489,0.200745,0.200886,-0.359068,-0.292218,-0.314575,0.369149,0.344525,-0.164458,-0.093636,-0.235529,-0.006917,0.028941,0.025669,-0.002055,0.148891,0.053063,0.068499,0.000580,0.027054,0.000001,0.000001,-0.000002,-0.010274
0.741052,0.577942,0.067812,-0.020979,-0.114576,0.048152,0.185149,0.119903,-0.219195,-0.199893,-0.276497,0.227401,0.222705,-0.189084,-0.058186,-0.241921,-0.050778,0.069445,0.005366,0.010738,0.054564,-0.015405,0.067544,-0.000633,0.012514,0.000001,0.000001,-0.000006,-0.028135
0.622436,0.497224,0.061507,-0.031665,-0.102603,0.063092,0.171775,0.071939,-0.125900,-0.206435,-0.234106,0.153755,0.115110,-0.155779,-0.036499,-0.231767,-0.083793,0.104225,0.013638,0.007360,0.002347,-0.055747,0.076120,-0.000447,0.005006,-0.000001,-0.000001,0.000002,-0.037366
0.513125,0.405736,0.042937,-0.070570,-0.116266,0.107487,0.159247,0.044338,-0.020953,-0.101200,-0.168601,0.075792,-0.042364,-0.155734,0.004789,-0.197069,-0.119299,0.122049,0.019671,-0.010181,-0.045288,-0.086667,0.082232,-0.000586,-0.001405,-0.000001,-0.000001,0.000002,-0.045691
0.467611,0.349082,0.021361,-0.118274,-0.148736,0.159171,0.153794,0.050881,0.043265,0.063342,-0.112644,0.032417,-0.171121,-0.188959,0.045076,-0.155105,-0.139556,0.113995,0.020449,-0.033131,-0.064553,-0.092718,0.082821,-0.000980,-0.003518,0.000001,0.000001,-0.000005,-0.048948
0.275604,0.220826,0.070601,-0.073664,-0.104245,0.064420,0.098420,-0.016398,0.192388,0.088921,-0.073373,-0.082047,-0.259774,-0.136683,0.074007,-0.094756,-0.144116,0.114990,0.043529,-0.017539,-0.087310,-0.142840,0.081140,-0.000474,-0.006851,-0.000001,0.000000,-0.000000,-0.052452
0.060474,0.079363,0.113569,-0.007982,-0.042527,-0.052883,0.040133,-0.091418,0.349185,0.089484,-0.020933,-0.208453,-0.343742,-0.069393,0.078541,-0.031948,-0.138495,0.120335,0.069156,0.013319,-0.108337,-0.171338,0.054933,0.000163,-0.010556,-0.000003,-0.000001,0.000004,-0.056032
-0.054162,-0.016779,0.073040,0.007428,-0.023399,-0.068651,0.026011,-0.107960,0.436131,0.179046,0.074527,-0.287446,-0.458303,-0.057665,0.045598,0.017345,-0.128175,0.125289,0.077512,0.036125,-0.122362,-0.112389,-0.018078,0.000163,-0.013782,0.000001,0.000000,-0.000002,-0.059491
-0.192183,-0.145710,0.039915,0.028861,-0.007480,-0.070674,0.005476,-0.130397,0.532624,0.276905,0.190184,-0.414028,-0.582566,-0.045796,-0.005062,0.073356,-0.124189,0.127297,0.084317,0.072231,-0.139700,-0.087720,-0.091720,0.001552,-0.017457,0.000004,0.000001,-0.000004,-0.063581
-0.284591,-0.242968,0.030819,0.045612,-0.002737,-0.057972,-0.011205,-0.147558,0.590567,0.334150,0.268203,-0.525024,-0.654522,-0.039734,-0.048082,0.108076,-0.128584,0.125397,0.086195,0.103600,-0.151722,-0.109763,-0.129141,0.003636,-0.019747,0.000001,0.000001,-0.000001,-0.066278
-0.395720,-0.371268,0.024995,0.062478,0.009238,-0.060801,-0.032564,-0.165435,0.669372,0.412399,0.366017,-0.646853,-0.734191,-0.043985,-0.097319,0.152007,-0.132839,0.115870,0.082607,0.139406,-0.166842,-0.128266,-0.160821,0.007378,-0.022380,-0.000001,0.000000,0.000000,-0.054188
-0.512579,-0.493615,0.020573,0.076314,0.018548,-0.067824,-0.045336,-0.178117,0.748124,0.500202,0.451690,-0.751908,-0.810129,-0.056973,-0.138292,0.191341,-0.136670,0.098377,0.077341,0.169073,-0.183956,-0.142407,-0.189471,0.010879,-0.025285,-0.000002,-0.000001,0.000030,-0.034336
-0.622524,-0.573346,0.015668,0.084020,0.015309,-0.067706,-0.036287,-0.179761,0.806205,0.586376,0.493538,-0.812961,-0.871225,-0.077145,-0.156623,0.212380,-0.139830,0.072567,0.074199,0.182121,-0.202035,-0.151436,-0.217918,0.012243,-0.028402,-0.000004,-0.000004,0.000116,-0.013734
-0.754515,-0.666919,0.002694,0.091521,0.009477,-0.080045,-0.034235,-0.178336,0.864466,0.676790,0.542152,-0.890328,-0.933355,-0.093810,-0.179435,0.239895,-0.151841,0.043346,0.075434,0.193140,-0.226277,-0.156297,-0.264385,0.013282,-0.032749,-0.000003,-0.000004,0.000117,0.000001
-0.842426,-0.727431,-0.011866,0.095054,0.003968,-0.098654,-0.040203,-0.174521,0.893606,0.726110,0.573120,-0.945159,-0.965269,-0.098628,-0.195287,0.260083,-0.166674,0.025312,0.080416,0.196580,-0.244520,-0.154531,-0.305592,0.013473,-0.036148,0.000001,0.000001,0.000033,-0.000001
-0.938512,-0.804116,-0.014685,0.126480,0.010570,-0.078047,-0.044430,-0.187326,0.926195,0.746304,0.604361,-1.004791,-1.004376,-0.142893,-0.207196,0.270973,-0.193180,0.016539,0.086941,0.184055,-0.271302,-0.180213,-0.310095,0.010152,-0.039905,0.000001,0.000001,-0.000080,-0.000001
-1.057174,-0.880870,-0.017056,0.167008,0.031449,-0.051601,-0.057101,-0.208459,0.969175,0.688660,0.640884,-1.047048,-1.054370,-0.082564,-0.209618,0.268210,-0.222040,0.031311,0.090885,0.189710,-0.299116,-0.250103,-0.313418,0.008299,-0.043696,-0.010259,0.000001,0.000054,-0.000000
-1.212310,-0.941129,-0.030273,0.197775,0.068779,-0.052657,-0.088382,-0.229523,1.028949,0.503948,0.687346,-1.049145,-1.118349,0.226627,-0.196880,0.247269,-0.243822,0.083920,0.088065,0.247608,-0.320300,-0.380899,-0.350910,0.012893,-0.047173,-0.041045,-0.000004,0.000711,0.000000
-1.304101,-1.035440,-0.053606,0.188722,0.065772,-0.029856,-0.091631,-0.206622,1.075803,0.475791,0.704324,-1.065796,-1.106511,0.329893,-0.150600,0.258860,-0.242547,0.072774,0.084119,0.260162,-0.378213,-0.455645,-0.452262,0.011798,-0.058011,-0.056396,-0.013573,0.000382,0.000000
-1.287061,-1.116995,-0.075393,0.144439,0.023939,0.005381,-0.065242,-0.151289,1.086695,0.618574,0.683588,-1.089101,-1.025198,0.175523,-0.094005,0.297297,-0.218938,0.003452,0.081056,0.221163,-0.444019,-0.437053,-0.566919,0.005565,-0.070807,-0.048634,-0.033920,-0.000769,-0.000001
-1.297182,-1.149038,-0.054077,0.126588,0.018924,-0.030577,-0.119269,-0.141345,1.034413,0.692448,0.692937,-1.111612,-0.982805,0.101175,-0.062805,0.321971,-0.220388,-0.027690,0.079819,0.181753,-0.464931,-0.424366,-0.595456,-0.000767,-0.074033,-0.040124,-0.036070,-0.000580,-0.000000
-1.311796,-1.149877,-0.023810,0.120110,0.023444,-0.077266,-0.193870,-0.154548,0.952227,0.713941,0.702569,-1.116231,-0.947826,0.083267,-0.049761,0.334172,-0.228084,-0.038408,0.068996,0.141493,-0.455214,-0.405386,-0.576325,-0.006688,-0.071473,-0.028529,-0.027153,-0.000006,0.000000
-1.308890,-1.138356,-0.018781,0.110022,0.010220,-0.074213,-0.229266,-0.168766,0.873883,0.699851,0.683019,-1.086374,-0.889238,0.098360,-0.047696,0.335336,-0.223324,-0.046442,0.037186,0.100031,-0.429319,-0.368105,-0.548206,-0.011689,-0.066938,-0.011525,-0.014294,-0.000001,0.000001
-1.271106,-1.073081,0.001212,0.100644,0.010024,-0.048063,-0.278707,-0.199016,0.780392,0.662327,0.642088,-1.015630,-0.767390,0.097305,-0.076571,0.294285,-0.217136,-0.065041,-0.003193,0.032552,-0.396487,-0.311762,-0.490312,-0.019284,-0.061140,0.013714,0.010939,-0.000000,0.000000
-1.217627,-0.986902,0.026201,0.096689,0.022972,-0.011896,-0.317589,-0.230248,0.718647,0.620276,0.600386,-0.939586,-0.643316,0.080629,-0.122002,0.231579,-0.212670,-0.084938,-0.031968,-0.027245,-0.373225,-0.264579,-0.431675,-0.025686,-0.056991,0.034587,0.035951,-0.000003,-0.000000
-1.092319,-0.840017,0.017418,0.050564,0.021760,0.001285,-0.330260,-0.222974,0.557957,0.563353,0.537944,-0.787763,-0.472984,0.055134,-0.162852,0.141023,-0.189026,-0.088942,-0.009063,-0.052975,-0.334477,-0.193313,-0.303112,-0.023904,-0.049533,0.065164,0.038940,-0.000003,-0.000001
-0.940048,-0.681486,-0.002406,-0.010080,0.017424,0.009188,-0.325558,-0.201001,0.375833,0.496280,0.471878,-0.607850,-0.289638,0.033148,-0.175734,0.042983,-0.156122,-0.080685,0.035037,-0.059805,-0.291970,-0.115190,-0.158940,-0.016671,-0.041380,0.075939,0.027990,-0.000001,-0.000000
-0.806039,-0.560690,-0.010504,-0.057521,0.021019,0.029524,-0.312394,-0.188215,0.250087,0.423950,0.419486,-0.447862,-0.126787,0.027043,-0.137264,-0.042062,-0.123945,-0.063829,0.069793,-0.062913,-0.257548,-0.047544,-0.053684,-0.006732,-0.035167,0.037387,0.011200,0.000000,0.000000
-0.597420,-0.388453,-0.013682,-0.098525,0.021524,0.052954,-0.274060,-0.176125,0.078018,0.325525,0.316381,-0.209789,0.092283,0.020148,-0.060037,-0.144567,-0.070296,-0.036512,0.086438,-0.065631,-0.210103,0.021785,0.080788,-0.000044,-0.026919,0.007781,0.000000,0.000001,0.000000
-0.418473,-0.250904,-0.010343,-0.112527,0.018679,0.067727,-0.229666,-0.170733,-0.054231,0.250179,0.214094,-0.012781,0.257842,0.015909,0.017296,-0.213155,-0.022018,-0.012400,0.076605,-0.066575,-0.173332,0.058070,0.177114,0.000044,-0.020758,0.001947,0.000000,0.000001,0.000000
-0.179243,-0.073983,-0.009100,-0.083732,0.005051,0.092447,-0.164436,-0.157242,-0.222838,0.129807,0.034946,0.258958,0.448819,0.093092,0.135298,-0.255006,0.065673,-0.011706,0.059052,-0.067049,-0.113419,0.106010,0.243738,0.000191,-0.012383,0.000000,0.000000,0.000002,0.000002
0.040506,0.092252,-0.020768,-0.049886,-0.012103,0.106780,-0.098623,-0.120327,-0.381717,-0.002372,-0.151038,0.521648,0.620069,0.160745,0.244571,-0.261617,0.164039,-0.014790,0.051463,-0.071045,-0.051884,0.154077,0.272632,0.000256,-0.004582,0.000000,0.000000,0.000003,0.000003
0.161840,0.198343,-0.056204,-0.048640,-0.025580,0.090364,-0.052166,-0.044430,-0.485180,-0.113678,-0.274414,0.692207,0.726779,0.127953,0.295971,-0.224397,0.244606,-0.001966,0.071476,-0.082533,-0.009991,0.190841,0.255775,0.000096,-0.000106,0.000000,0.000000,0.000001,0.000002
0.357032,0.335931,-0.072986,-0.028978,-0.009580,0.086131,-0.007197,0.029296,-0.602484,-0.271147,-0.409293,0.898255,0.878015,0.088593,0.303477,-0.180383,0.340736,0.007221,0.072674,-0.102847,0.043390,0.220951,0.218457,-0.000101,0.005280,0.000000,0.000000,-0.000001,0.000001
0.528396,0.436154,-0.062713,-0.000736,0.027890,0.096188,0.013791,0.063970,-0.674887,-0.395966,-0.488162,1.036628,0.998031,0.062344,0.263311,-0.151576,0.404305,0.008177,0.054453,-0.121816,0.081550,0.229326,0.179322,-0.000235,0.008882,0.000000,0.000000,-0.000002,0.000001
0.698193,0.576172,-0.041683,0.020610,0.087548,0.033311,0.032573,0.097620,-0.821997,-0.535744,-0.544584,1.149783,1.060760,0.053420,0.191081,-0.136686,0.425532,0.004382,0.042222,-0.105928,0.202886,0.195383,0.211290,-0.000203,0.027345,0.000001,0.000001,-0.000002,0.000016
0.852462,0.695851,-0.035767,0.024590,0.133261,-0.016725,0.060295,0.140172,-0.972821,-0.648928,-0.594556,1.219945,1.099761,0.019657,0.131768,-0.113947,0.424386,-0.005528,0.035626,-0.111075,0.329772,0.211088,0.243567,-0.000102,0.047077,0.000001,0.000001,-0.000002,0.002564
0.976446,0.734438,-0.070859,0.000663,0.128715,0.031936,0.108037,0.201414,-1.055637,-0.693330,-0.653619,1.228439,1.147838,-0.081100,0.130419,-0.061573,0.420525,-0.022916,0.034328,-0.193103,0.384229,0.368366,0.205229,-0.000033,0.054432,-0.000001,-0.000001,-0.000000,0.010161
1.087833,0.817258,-0.057222,-0.012509,0.117850,0.002865,0.139213,0.229118,-1.088889,-0.737959,-0.682676,1.236701,1.179925,-0.124988,0.128555,-0.043479,0.394861,-0.048345,0.039059,-0.240756,0.433921,0.407620,0.149515,0.000007,0.061027,-0.000001,-0.000001,0.000000,0.017914
1.131001,0.903003,-0.001654,-0.008317,0.106131,-0.089450,0.138217,0.209418,-1.056069,-0.760579,-0.667271,1.240794,1.180118,-0.089993,0.127117,-0.068763,0.360293,-0.069089,0.047457,-0.230165,0.454039,0.309142,0.104356,-0.000004,0.063569,0.000000,0.000000,-0.000000,0.021940
1.178377,0.955069,0.019285,-0.030005,0.074086,-0.086266,0.139980,0.211158,-1.020468,-0.830668,-0.720561,1.230622,1.166221,-0.044002,0.138801,-0.103138,0.292071,-0.074439,0.049186,-0.220186,0.460634,0.219503,0.055513,-0.000004,0.064399,0.000000,0.000000,-0.000000,0.023271
1.231916,0.980347,0.026082,-0.060920,0.031285,-0.054719,0.140534,0.218364,-0.998747,-0.868639,-0.794452,1.213909,1.147724,-0.052399,0.156307,-0.143446,0.223865,-0.072652,0.048552,-0.199978,0.456705,0.146461,0.024112,0.000010,0.064039,0.000000,0.000000,0.000001,0.023147
1.293949,0.986043,0.039314,-0.084452,-0.012759,-0.062059,0.135933,0.215084,-1.007730,-0.795028,-0.841084,1.198611,1.134329,-0.180648,0.172386,-0.186634,0.189291,-0.072026,0.049880,-0.158684,0.445362,0.097615,0.031221,0.000042,0.063028,-0.000001,0.000000,0.000003,0.022817
1.287112,0.990330,0.042641,-0.085144,-0.045317,-0.047095,0.129538,0.211981,-0.978867,-0.759518,-0.826538,1.113564,1.058310,-0.238033,0.166476,-0.221341,0.131260,-0.057168,0.049672,-0.111840,0.424998,0.053558,0.049299,0.000053,0.061480,-0.000001,0.000000,0.000001,0.021969
1.214184,0.990573,0.034380,-0.062618,-0.050113,-0.017266,0.124479,0.210501,-0.926073,-0.779495,-0.757685,1.000689,0.957105,-0.195755,0.141451,-0.230128,0.078674,-0.035473,0.048006,-0.082789,0.405566,0.036246,0.069275,0.000037,0.060136,0.000001,0.000000,-0.000002,0.021015
1.148584,0.968367,0.027885,-0.043689,-0.051124,0.007582,0.121805,0.195125,-0.851874,-0.740784,-0.651881,0.879887,0.822983,-0.158608,0.106701,-0.248563,0.027061,0.009209,0.050085,-0.047900,0.373511,0.046299,0.116290,0.000067,0.057668,0.000001,0.000001,-0.000002,0.018641
1.082811,0.931376,0.022628,-0.038568,-0.058850,0.021391,0.133222,0.182209,-0.771771,-0.672889,-0.550139,0.766816,0.689729,-0.129683,0.082479,-0.263231,-0.007248,0.051656,0.054384,-0.015502,0.327490,0.058971,0.157610,0.000497,0.052730,0.000001,0.000001,-0.000001,0.013159
1.008626,0.886662,0.018062,-0.057447,-0.083768,0.018102,0.170378,0.187995,-0.700710,-0.604832,-0.493050,0.676550,0.590581,-0.111966,0.088973,-0.260561,-0.007939,0.066642,0.059352,0.006111,0.265903,0.049470,0.160424,0.001687,0.043938,0.000000,0.000000,-0.000000,0.002868
0.899947,0.817410,0.013826,-0.076786,-0.097359,-0.004565,0.192403,0.171047,-0.595759,-0.505519,-0.420129,0.578905,0.447432,-0.085819,0.072598,-0.252736,-0.005525,0.076243,0.067362,0.033276,0.211315,0.096250,0.166941,0.006377,0.036507,-0.000001,-0.000001,0.000011,-0.005759
0.811332,0.758421,0.012046,-0.086910,-0.092829,-0.035263,0.188293,0.139876,-0.509565,-0.424758,-0.367963,0.522871,0.332033,-0.064348,0.041559,-0.243711,-0.001213,0.075660,0.074415,0.052392,0.191100,0.175908,0.173923,0.012222,0.034163,-0.000001,-0.000001,0.000027,-0.008403
0.686332,0.652549,0.011257,-0.101900,-0.098017,-0.011160,0.184622,0.109123,-0.413045,-0.362885,-0.350213,0.394094,0.206048,-0.051999,0.023742,-0.233756,-0.020654,0.085249,0.075853,0.069328,0.142647,0.146526,0.142631,0.013513,0.026928,0.000000,0.000000,0.000014,-0.016726
0.549733,0.533515,0.009375,-0.104447,-0.096088,0.017097,0.169957,0.078646,-0.322902,-0.374904,-0.349689,0.251949,0.091923,-0.033946,0.015645,-0.235302,-0.041439,0.089981,0.073528,0.100053,0.090887,0.094381,0.102948,0.016297,0.018937,0.000000,0.000000,0.000732,-0.025544
0.425947,0.434691,0.004308,-0.077149,-0.070128,-0.001159,0.132736,0.048238,-0.255647,-0.515833,-0.349045,0.155614,0.012026,0.004691,0.013763,-0.260698,-0.041139,0.074762,0.069246,0.160547,0.060682,0.105691,0.084692,0.026622,0.014314,0.000000,0.000000,0.002942,-0.029661
0.312658,0.320414,0.004592,-0.056212,-0.050377,-0.006115,0.106397,0.023646,-0.170120,-0.477988,-0.325644,0.064137,-0.077614,0.009472,0.001603,-0.241438,-0.061794,0.072815,0.065721,0.195140,0.027455,0.072229,0.020039,0.030561,0.008520,0.000000,0.000000,0.001654,-0.036666
0.266719,0.248006,0.010093,-0.052154,-0.046758,0.004732,0.104187,0.017197,-0.109188,-0.280291,-0.291312,0.023340,-0.132167,-0.022031,-0.014752,-0.187211,-0.093112,0.085160,0.064746,0.186560,0.007848,0.010723,-0.058690,0.026145,0.004457,0.000001,0.000001,-0.002489,-0.043071
0.195487,0.159493,0.020027,-0.032064,-0.048021,0.020259,0.107352,0.020082,-0.005332,0.005239,-0.182125,-0.056908,-0.190515,-0.062858,-0.027475,-0.128548,-0.106096,0.096539,0.059100,0.171195,-0.025024,-0.064254,-0.108342,0.019858,-0.001237,0.000001,0.000001,-0.002202,-0.025924
0.097212,0.062162,0.025028,-0.006079,-0.045189,0.030645,0.104310,0.018591,0.112936,0.231141,-0.047699,-0.155928,-0.258714,-0.090074,-0.040635,-0.071770,-0.108537,0.098434,0.053549,0.157859,-0.059284,-0.127535,-0.137179,0.014269,-0.006765,-0.000001,-0.000001,-0.000448,-0.005525
-0.029741,-0.036594,0.015722,0.015631,-0.029287,0.026056,0.083493,-0.000991,0.217001,0.249690,0.062183,-0.252964,-0.342808,-0.080711,-0.058307,-0.023269,-0.108252,0.082335,0.052881,0.155414,-0.083032,-0.153905,-0.153476,0.011956,-0.010325,-0.000001,-0.000001,-0.000194,-0.002208
-0.185785,-0.163671,0.008027,0.030661,-0.022580,0.018660,0.073868,-0.021446,0.347940,0.315034,0.175369,-0.381187,-0.444391,-0.084505,-0.072408,0.034442,-0.104911,0.072864,0.055224,0.144608,-0.112028,-0.163686,-0.158714,0.008702,-0.014391,-0.000001,0.000000,-0.000019,-0.000001
-0.292823,-0.255471,0.005793,0.031489,-0.028415,0.012154,0.080223,-0.032533,0.440166,0.394469,0.235215,-0.476350,-0.512508,-0.099546,-0.075854,0.072501,-0.100148,0.074737,0.059383,0.130793,-0.131739,-0.151947,-0.150222,0.006131,-0.016927,0.000001,0.000000,-0.000012,-0.000001
-0.420199,-0.369307,0.001849,0.055383,-0.014640,0.008751,0.076320,-0.062312,0.542110,0.490585,0.331530,-0.580878,-0.592733,-0.126126,-0.078055,0.109640,-0.100227,0.094652,0.062808,0.120711,-0.146840,-0.161585,-0.140837,0.003393,-0.018584,0.000000,0.000000,-0.000006,-0.000000
-0.542583,-0.476323,-0.001927,0.080920,0.001586,0.003341,0.063881,-0.099895,0.635875,0.572541,0.432721,-0.675613,-0.663141,-0.147748,-0.083528,0.138694,-0.106098,0.118571,0.065642,0.111119,-0.158677,-0.178710,-0.131941,0.000609,-0.019732,-0.000001,0.000000,-0.000002,0.000000
-0.634987,-0.547948,-0.003667,0.086710,0.003118,-0.009213,0.044591,-0.134482,0.703811,0.609696,0.507438,-0.741645,-0.701962,-0.147946,-0.096804,0.152587,-0.118718,0.132492,0.068034,0.098719,-0.168635,-0.189441,-0.124867,-0.002111,-0.020746,-0.000001,0.000000,-0.000001,0.000000
-0.754510,-0.641938,-0.005658,0.088122,0.004048,-0.028940,0.012663,-0.179926,0.780927,0.633726,0.597402,-0.823287,-0.748698,-0.133919,-0.111049,0.170320,-0.134332,0.138942,0.070594,0.079894,-0.181881,-0.203076,-0.120144,-0.006033,-0.022243,-0.000004,-0.000001,0.000002,0.000001
-0.841560,-0.711440,-0.006906,0.084467,0.003915,-0.045986,-0.015952,-0.213549,0.828821,0.632727,0.657764,-0.879884,-0.780120,-0.112697,-0.119165,0.183062,-0.145160,0.134722,0.072055,0.064062,-0.191827,-0.212829,-0.120151,-0.009198,-0.023479,-0.000007,-0.000001,0.000005,0.000002
-0.972991,-0.802077,-0.026731,0.092257,0.000905,0.027725,-0.037289,-0.245952,0.902767,0.537679,0.711298,-0.948339,-0.845978,0.014269,-0.131531,0.247908,-0.197924,0.151212,0.072948,-0.032455,-0.210814,-0.273734,-0.174357,-0.027213,-0.026648,-0.000093,-0.000001,0.000000,0.000002
-1.091120,-0.875607,-0.034018,0.106632,0.000004,0.065846,-0.057846,-0.268550,0.974533,0.472352,0.746557,-0.986744,-0.899297,0.150250,-0.140299,0.288877,-0.242378,0.165953,0.074488,-0.094576,-0.225191,-0.361574,-0.233901,-0.040474,-0.029372,-0.009962,-0.000001,-0.000006,-0.000000
-1.138459,-0.893976,0.002367,0.122766,0.006202,-0.058070,-0.084078,-0.272799,1.016172,0.560954,0.752315,-0.953507,-0.893396,0.198283,-0.137654,0.229989,-0.228281,0.156540,0.077928,-0.007051,-0.221373,-0.452153,-0.249915,-0.029359,-0.029282,-0.039316,0.000001,-0.000004,-0.000003
-1.164898,-0.941262,0.013807,0.123221,0.006751,-0.124115,-0.104027,-0.249636,1.013108,0.640380,0.732478,-0.960432,-0.897514,0.197338,-0.127903,0.224162,-0.220840,0.147400,0.079615,0.039507,-0.222387,-0.474258,-0.247456,-0.022836,-0.029394,-0.045852,0.000001,-0.000000,-0.000002
-1.157071,-0.993709,-0.005438,0.107749,0.001373,-0.099183,-0.107691,-0.210618,0.966749,0.670806,0.696892,-1.003969,-0.909502,0.147844,-0.115915,0.274317,-0.223762,0.143093,0.078696,0.021764,-0.227705,-0.416739,-0.227721,-0.024171,-0.029651,-0.026282,-0.000001,0.000005,0.000002
-1.121114,-1.040422,-0.026137,0.097696,-0.027077,-0.048688,-0.082951,-0.170644,0.941414,0.693384,0.665143,-1.010190,-0.869106,0.081560,-0.061072,0.313871,-0.192408,0.103713,0.079724,0.008145,-0.298041,-0.368652,-0.295502,-0.019856,-0.041800,-0.009523,-0.000001,0.000000,0.000000
-1.088548,-1.054824,-0.034243,0.083908,-0.050996,-0.005250,-0.077362,-0.133475,0.903147,0.697717,0.639296,-0.992443,-0.825083,0.028760,-0.018182,0.339100,-0.159898,0.044001,0.078288,-0.005298,-0.365654,-0.327510,-0.353312,-0.012600,-0.053326,0.005834,0.000001,-0.000005,-0.000003
-1.091097,-1.010588,-0.015727,0.057203,-0.042801,-0.001441,-0.138544,-0.102809,0.818035,0.673586,0.621492,-0.964300,-0.826357,0.019631,-0.042042,0.346426,-0.159370,-0.021374,0.069985,-0.022552,-0.362907,-0.290787,-0.303690,-0.005106,-0.051727,0.021237,0.000001,-0.000002,-0.000001
-1.052521,-0.943013,-0.009869,0.050934,-0.029016,0.000258,-0.173376,-0.077283,0.696421,0.634402,0.585389,-0.893707,-0.783652,0.001409,-0.064258,0.345597,-0.134454,-0.059953,0.051138,-0.040001,-0.350953,-0.228415,-0.236383,-0.000073,-0.048904,0.036534,0.000000,0.000001,0.000001
-0.991922,-0.885730,-0.019606,0.068231,-0.016530,-0.000978,-0.164432,-0.069614,0.598896,0.599656,0.548905,-0.815770,-0.718147,-0.016846,-0.073707,0.337004,-0.097540,-0.052490,0.031144,-0.048941,-0.335760,-0.171463,-0.184990,-0.000009,-0.046268,0.044093,-0.000001,0.000002,0.000001
-0.883587,-0.783803,-0.034908,0.053740,0.018120,0.016674,-0.159948,-0.045218,0.468366,0.534323,0.492251,-0.690891,-0.599866,-0.026929,-0.088918,0.292004,-0.048187,-0.063736,0.035173,-0.058506,-0.312728,-0.071223,-0.125106,0.000001,-0.042713,0.023322,0.000001,-0.000000,-0.000000
-0.753888,-0.665735,-0.037157,0.027700,0.057896,0.035778,-0.164640,-0.023156,0.335654,0.454047,0.435174,-0.556836,-0.454296,-0.028456,-0.084358,0.233640,-0.003546,-0.087364,0.048634,-0.061560,-0.287414,0.021499,-0.080371,0.000007,-0.039246,0.000015,0.000001,-0.000002,-0.000001
-0.629600,-0.560396,-0.007727,0.010393,0.085743,0.038884,-0.183297,-0.022527,0.231826,0.374734,0.397635,-0.451721,-0.307213,-0.021049,-0.034499,0.185106,0.019186,-0.117064,0.056936,-0.050982,-0.265513,0.055796,-0.074518,0.000052,-0.036895,0.000006,0.000000,0.000001,0.000000
-0.462580,-0.419369,0.002895,-0.005067,0.086128,0.043492,-0.164228,-0.030948,0.092603,0.279757,0.328124,-0.282950,-0.124301,0.045267,0.024189,0.117118,0.044566,-0.121222,0.074159,-0.032701,-0.223924,0.089012,-0.064506,0.000235,-0.031776,0.000000,0.000000,0.000003,0.000001
-0.336538,-0.313337,-0.010614,-0.010936,0.058866,0.047300,-0.117001,-0.044208,-0.012283,0.216711,0.261497,-0.135074,0.002825,0.137300,0.062323,0.063738,0.059891,-0.097771,0.091692,-0.015874,-0.183504,0.104526,-0.055355,0.000466,-0.026456,0.000000,0.000000,0.000003,0.000001
-0.201808,-0.198176,-0.036294,-0.035949,0.005429,0.036784,-0.057318,-0.026184,-0.147152,0.122243,0.133097,0.047113,0.146978,0.221421,0.079589,0.005485,0.070439,-0.064011,0.093534,-0.002293,-0.116161,0.107053,-0.023788,0.000793,-0.016759,0.000000,0.000000,0.000001,0.000001
-0.074060,-0.079317,-0.050485,-0.057163,-0.041153,0.022102,-0.010652,0.000804,-0.275762,0.017151,-0.014925,0.224041,0.291401,0.253674,0.082710,-0.045422,0.075870,-0.038373,0.088635,0.001772,-0.046704,0.099249,0.005604,0.000600,-0.006750,0.000000,0.000000,-0.000002,-0.000000
0.030944,0.037728,-0.029516,-0.051620,-0.047818,0.013413,-0.002502,0.014429,-0.361725,-0.077716,-0.140327,0.355963,0.419174,0.190026,0.078380,-0.076714,0.075818,-0.039298,0.085922,-0.009952,0.000025,0.083755,0.008219,-0.000729,-0.000501,0.000001,0.000001,-0.000004,-0.000002
0.159830,0.168653,-0.016923,-0.057863,-0.049688,0.002533,0.000673,0.036417,-0.459584,-0.203615,-0.262666,0.507699,0.555535,0.139765,0.073920,-0.109315,0.068644,-0.029091,0.080987,-0.033777,0.057419,0.076784,0.012203,-0.001058,0.007343,0.000001,0.000001,-0.000003,-0.000001
0.248253,0.248093,-0.019011,-0.072796,-0.045851,-0.005101,-0.002707,0.055796,-0.520591,-0.297704,-0.320899,0.603595,0.632522,0.128067,0.071584,-0.126973,0.057955,-0.012856,0.076322,-0.057808,0.096820,0.081842,0.015575,-0.000224,0.012866,-0.000001,-0.000001,0.000001,0.000003
0.343271,0.364051,-0.009699,-0.066859,-0.012242,-0.027211,-0.005718,0.054525,-0.634234,-0.432992,-0.377703,0.704068,0.661349,0.113798,0.031720,-0.144499,0.026138,-0.005146,0.073862,-0.094218,0.207756,0.107352,0.139935,-0.000011,0.031846,-0.000001,-0.000001,0.000001,0.000298
0.439608,0.469238,-0.002920,-0.058292,0.020224,-0.041123,-0.000412,0.054201,-0.730318,-0.539228,-0.426674,0.789229,0.674964,0.102130,-0.000076,-0.153384,0.005338,-0.001958,0.072955,-0.120921,0.306819,0.128378,0.253256,-0.000064,0.048868,0.000000,0.000000,0.000001,0.000517
0.531857,0.516280,-0.012602,-0.065345,0.020601,-0.024174,0.021129,0.076406,-0.738679,-0.546128,-0.461400,0.839186,0.706393,0.098277,0.021794,-0.145152,0.027695,0.000700,0.072964,-0.115828,0.310541,0.119998,0.223471,-0.000024,0.048510,0.000000,0.000000,0.000000,0.000290
0.636520,0.581039,-0.018242,-0.068345,0.023485,0.005473,0.041290,0.098749,-0.745486,-0.572523,-0.515503,0.899786,0.736459,0.095338,0.040886,-0.139706,0.051091,0.003459,0.069304,-0.109226,0.318991,0.113787,0.192425,0.000012,0.048858,0.000000,0.000000,0.000001,0.000478
0.701053,0.630930,-0.017018,-0.065774,0.027422,0.032990,0.049979,0.110029,-0.747074,-0.605008,-0.561744,0.940412,0.749873,0.094747,0.047642,-0.139716,0.063816,0.004936,0.063783,-0.104377,0.327832,0.112808,0.175568,0.000027,0.049721,0.000000,0.000000,0.000001,0.000988
0.800781,0.649031,-0.028271,-0.094852,0.010242,0.104415,0.067094,0.157374,-0.810573,-0.599769,-0.662640,0.895113,0.758597,-0.012846,0.073798,-0.083500,0.078491,0.003933,0.049425,-0.194389,0.334025,0.238264,0.170538,-0.000017,0.050486,0.000000,0.000000,-0.000001,0.001640
0.874428,0.660879,-0.030183,-0.117397,0.000075,0.145515,0.072556,0.196285,-0.861914,-0.596961,-0.733644,0.834288,0.756343,-0.109828,0.096554,-0.033677,0.089122,0.003864,0.035258,-0.277326,0.334182,0.346839,0.165610,-0.000055,0.050445,0.000000,0.000000,-0.000002,0.001668
0.860191,0.691574,-0.000880,-0.095148,0.025062,0.081966,0.046213,0.182172,-0.826393,-0.636309,-0.689745,0.827554,0.736190,-0.078662,0.093071,-0.052767,0.089675,0.008143,0.030243,-0.251159,0.324637,0.295100,0.148888,-0.000021,0.048851,0.000000,0.000000,-0.000001,0.000302
0.876765,0.749728,0.035289,-0.064542,0.051859,0.008831,0.016889,0.165656,-0.779391,-0.623000,-0.607812,0.803117,0.725965,-0.061037,0.084653,-0.067809,0.096909,0.004901,0.028208,-0.214915,0.320672,0.219014,0.155401,0.000001,0.048505,0.000000,0.000000,-0.000000,0.000944
0.915800,0.806195,0.060230,-0.040876,0.067054,-0.037307,-0.000745,0.154983,-0.744335,-0.563577,-0.528735,0.773107,0.730721,-0.065780,0.075501,-0.071265,0.107201,-0.004250,0.030170,-0.186697,0.324245,0.156602,0.181898,-0.000001,0.049578,0.000000,0.000000,-0.000000,0.003274
0.955509,0.805674,0.051433,-0.055191,0.042577,-0.041880,0.001528,0.152012,-0.733320,-0.511962,-0.525767,0.793165,0.737055,-0.178149,0.087735,-0.106674,0.101038,-0.003042,0.032461,-0.158173,0.299747,0.132082,0.189200,0.000020,0.046319,0.000000,0.000000,0.000001,0.001135
0.963721,0.781707,0.025326,-0.070772,0.010880,-0.029818,0.014053,0.148548,-0.720986,-0.497666,-0.539482,0.805389,0.717837,-0.269242,0.095633,-0.133302,0.088030,0.006104,0.034484,-0.133926,0.261355,0.124915,0.158785,0.000031,0.040354,0.000000,0.000000,0.000002,-0.002426
0.907169,0.766936,-0.001650,-0.050818,0.004418,-0.026052,0.027131,0.136212,-0.681101,-0.549495,-0.509742,0.750914,0.645126,-0.209881,0.073375,-0.110274,0.077695,0.020739,0.035604,-0.118366,0.222960,0.114362,0.072038,-0.000001,0.033264,0.000000,0.000000,-0.000001,-0.004353
0.855368,0.742827,-0.009264,-0.036110,-0.003145,-0.024419,0.045402,0.121684,-0.620931,-0.557178,-0.487062,0.683801,0.585467,-0.152367,0.058882,-0.101394,0.069823,0.038953,0.033479,-0.089991,0.181978,0.074741,0.006926,0.000004,0.026118,0.000000,0.000000,-0.000001,-0.003768
0.834530,0.721688,0.006292,-0.034028,-0.008021,-0.025745,0.059724,0.112280,-0.570815,-0.517049,-0.482962,0.637886,0.568926,-0.125562,0.059430,-0.111140,0.068380,0.051631,0.029184,-0.063048,0.158998,0.025931,-0.003935,0.000044,0.022505,0.000000,0.000000,0.000000,-0.000965
0.789778,0.691766,0.011985,-0.026220,-0.012531,-0.011710,0.084160,0.084206,-0.491477,-0.455236,-0.420809,0.590308,0.535687,-0.098529,0.055829,-0.121826,0.064632,0.055522,0.022895,-0.043500,0.136232,0.018899,0.014322,0.000149,0.019655,0.000000,0.000000,0.000001,-0.000014
0.735131,0.658095,0.014676,-0.012344,-0.015006,0.003162,0.109272,0.051690,-0.410734,-0.388590,-0.345188,0.541683,0.493186,-0.078546,0.046036,-0.130319,0.059908,0.054858,0.018379,-0.026465,0.115720,0.030279,0.040424,0.000216,0.017376,0.000000,0.000000,0.000001,-0.000000
0.684541,0.625668,0.021229,0.007960,-0.013781,0.004363,0.125653,0.028920,-0.356303,-0.333866,-0.300607,0.492571,0.448807,-0.072865,0.028004,-0.133495,0.055532,0.053871,0.019398,-0.007042,0.099485,0.036719,0.053126,0.000139,0.015476,0.000001,0.000001,-0.000002,-0.000005
0.607296,0.565825,0.030938,0.017089,-0.008138,-0.011244,0.130058,0.003911,-0.294006,-0.275421,-0.251892,0.414815,0.387309,-0.061390,0.026189,-0.162438,0.067405,0.052578,0.023563,0.055439,0.088223,0.084922,0.083636,0.008824,0.014647,0.000001,0.000001,-0.000001,-0.000006
0.542051,0.508524,0.038962,0.010482,-0.000893,-0.035869,0.120306,-0.010857,-0.254981,-0.242481,-0.223386,0.347287,0.339443,-0.049853,0.041497,-0.202723,0.089603,0.051638,0.028798,0.129807,0.087573,0.150838,0.116734,0.021939,0.015305,0.000000,0.000000,0.000002,-0.000001
0.454614,0.426266,0.037693,0.000120,0.005512,-0.030880,0.106516,-0.027792,-0.190178,-0.206894,-0.159368,0.265164,0.255002,-0.029658,0.031672,-0.183102,0.066186,0.059205,0.029423,0.154775,0.075746,0.141057,0.104278,0.024694,0.014026,0.000000,0.000000,0.000049,0.000004
0.372872,0.346950,0.034073,-0.003145,0.006032,-0.015992,0.096606,-0.042764,-0.123147,-0.167334,-0.100586,0.191428,0.170824,-0.015355,0.015062,-0.143596,0.033400,0.068264,0.027628,0.153363,0.062807,0.099917,0.075407,0.022388,0.012329,-0.000001,-0.000001,0.000073,0.000008
0.325218,0.298949,0.035080,0.011548,-0.004378,-0.010945,0.098607,-0.051663,-0.077664,-0.122696,-0.087973,0.149368,0.124038,-0.021529,0.010037,-0.124401,0.027551,0.071857,0.025632,0.148714,0.058901,0.071883,0.059360,0.020339,0.011746,-0.000001,-0.000001,0.000008,0.000005
0.265750,0.235223,0.041490,0.034890,-0.011144,0.000947,0.101159,-0.062345,-0.016279,-0.072455,-0.064617,0.089446,0.058878,-0.030680,0.008163,-0.102411,0.024161,0.072439,0.020062,0.140452,0.054877,0.029261,0.065334,0.017083,0.011687,-0.000001,0.000000,-0.000041,-0.000000
0.224007,0.187466,0.050061,0.055173,-0.010874,0.013734,0.102901,-0.069417,0.030304,-0.041690,-0.042152,0.041576,0.007901,-0.038203,0.010368,-0.088544,0.024904,0.069661,0.013690,0.132596,0.052702,-0.006646,0.090271,0.014234,0.012172,0.000001,0.000000,-0.000049,-0.000005
0.152718,0.116141,0.039660,0.080227,0.000826,0.001649,0.102260,-0.066005,0.095477,0.004888,0.012100,-0.028257,-0.075866,-0.049834,0.001232,-0.051355,0.030380,0.062212,0.004062,0.135790,0.042433,-0.034088,0.054491,0.013082,0.010308,0.000001,0.000000,-0.000028,-0.000005
0.071016,0.038131,0.022793,0.104608,0.017986,-0.015187,0.100555,-0.057665,0.168392,0.060102,0.086704,-0.106482,-0.166392,-0.063109,-0.015509,-0.010907,0.034250,0.052664,-0.007708,0.143810,0.029404,-0.054261,-0.000173,0.012893,0.007688,0.000000,0.000000,-0.000003,-0.000003
-0.002386,-0.030063,0.011903,0.122895,0.034687,-0.016673,0.099021,-0.049880,0.238409,0.116992,0.170508,-0.179795,-0.237900,-0.075573,-0.036180,0.012898,0.030152,0.043503,-0.020554,0.150338,0.018881,-0.068435,-0.032040,0.012917,0.005893,0.000000,0.000000,0.000002,-0.000000
-0.096428,-0.118839,0.005594,0.133275,0.043729,-0.018556,0.083017,-0.044963,0.323805,0.180364,0.265419,-0.268235,-0.322919,-0.089348,-0.060540,0.032939,0.017566,0.037540,-0.031517,0.155596,0.001334,-0.085378,-0.061899,0.012644,0.003232,0.000000,0.000000,0.000002,0.000000
-0.164124,-0.183845,0.007017,0.130561,0.040591,-0.019901,0.060535,-0.045371,0.381910,0.218540,0.323999,-0.327614,-0.378974,-0.097553,-0.076415,0.039206,0.002783,0.037755,-0.035115,0.156958,-0.014472,-0.096625,-0.074837,0.012211,0.001035,0.000000,0.000000,-0.000003,-0.000002
-0.245517,-0.261610,0.009594,0.113855,0.039258,0.001640,0.041384,-0.047405,0.476983,0.275332,0.384355,-0.393767,-0.454090,-0.112981,-0.092188,0.092914,-0.042462,0.032534,-0.033503,0.090471,-0.040901,-0.168240,-0.119156,-0.001517,-0.003002,0.000000,0.000000,-0.000006,-0.000002
-0.323946,-0.338067,0.012263,0.101432,0.041659,0.014658,0.028415,-0.052721,0.569886,0.329423,0.431922,-0.457744,-0.524278,-0.126843,-0.106439,0.141630,-0.076378,0.024788,-0.027975,0.023654,-0.064683,-0.228474,-0.152068,-0.014813,-0.006557,-0.000005,-0.000001,0.000001,0.000005
-0.382715,-0.399123,0.013960,0.111643,0.049744,-0.012245,0.024542,-0.062986,0.621582,0.359559,0.452253,-0.510677,-0.565673,-0.130403,-0.117767,0.132931,-0.057174,0.017457,-0.019853,0.024148,-0.072523,-0.205630,-0.130834,-0.013939,-0.007308,-0.000019,-0.000006,0.000023,0.000024
-0.454557,-0.477281,0.018419,0.112447,0.058025,-0.032347,0.010659,-0.073618,0.677972,0.398457,0.469422,-0.575764,-0.619137,-0.128998,-0.130236,0.129738,-0.039388,0.009506,-0.010893,0.027447,-0.090432,-0.176725,-0.097986,-0.012514,-0.009275,-0.000015,-0.000005,0.000026,0.000021
-0.503725,-0.533644,0.023416,0.103477,0.062384,-0.035619,-0.006295,-0.079328,0.711095,0.426799,0.475004,-0.620667,-0.658152,-0.123372,-0.137660,0.133685,-0.031914,0.004911,-0.005575,0.031912,-0.109491,-0.156252,-0.069959,-0.011253,-0.011477,0.000004,0.000001,0.000009,-0.000003
-0.616038,-0.596402,0.005477,0.144365,0.073969,-0.053251,-0.018991,-0.093586,0.767266,0.336924,0.484717,-0.708409,-0.735139,0.002962,-0.149021,0.171415,-0.036597,0.011233,-0.001520,0.041172,-0.133419,-0.144896,-0.114080,-0.010139,-0.015603,0.000014,0.000004,-0.000018,-0.000018
-0.725646,-0.663872,-0.018428,0.164231,0.072937,-0.048402,-0.025927,-0.095958,0.809298,0.242618,0.473967,-0.777135,-0.793736,0.134940,-0.133887,0.200593,-0.050097,0.014167,-0.001420,0.040707,-0.151829,-0.125116,-0.155072,-0.010007,-0.018837,0.000013,0.000004,-0.000028,-0.000019
-0.767202,-0.734858,-0.031323,0.092314,0.039501,0.015727,-0.025617,-0.066081,0.800631,0.257930,0.418574,-0.765564,-0.778177,0.157496,-0.061952,0.179023,-0.069101,-0.000586,-0.007962,0.016034,-0.154447,-0.079495,-0.117750,-0.011699,-0.018377,0.000001,-0.000001,0.000008,0.000000
-0.807033,-0.795366,-0.027127,0.040095,0.011506,0.032407,-0.050518,-0.037286,0.767916,0.295115,0.379696,-0.765578,-0.765351,0.169535,0.017303,0.170608,-0.079535,-0.025718,-0.009070,0.000116,-0.146805,-0.053160,-0.089818,-0.012968,-0.016652,-0.000002,-0.000001,0.000011,0.000005
-0.825004,-0.814938,-0.007924,0.033640,0.002928,-0.006709,-0.088185,-0.023941,0.727249,0.335518,0.376624,-0.776939,-0.761428,0.164988,0.064303,0.179499,-0.076162,-0.048673,-0.004185,0.000901,-0.132674,-0.059249,-0.085193,-0.013176,-0.014518,0.000005,0.000003,-0.000021,-0.000009
-0.851360,-0.834613,-0.001563,0.020751,-0.006972,-0.041666,-0.116323,-0.013575,0.690128,0.389746,0.381586,-0.794559,-0.757340,0.131091,0.098085,0.195222,-0.076649,-0.061538,0.014651,-0.003131,-0.124079,-0.062454,-0.080658,-0.014128,-0.013182,0.000002,0.000001,-0.000013,-0.000005
-0.877473,-0.833584,0.001214,0.014177,-0.015316,-0.078681,-0.139359,-0.018825,0.673812,0.426093,0.406918,-0.792406,-0.755315,0.110362,0.097874,0.198399,-0.078642,-0.063188,0.026486,0.015933,-0.124025,-0.102405,-0.082830,-0.012727,-0.013225,-0.000039,-0.000001,0.000006,0.000003
-0.894218,-0.790542,0.009694,0.026655,-0.019234,-0.124006,-0.161703,-0.052316,0.695105,0.412619,0.464728,-0.743955,-0.757119,0.145248,0.042865,0.169531,-0.079735,-0.052488,0.010351,0.086036,-0.135427,-0.218751,-0.098267,-0.005870,-0.015214,-0.000146,0.000001,0.000005,-0.000000
-0.872432,-0.751187,-0.006479,0.014135,-0.037712,-0.089014,-0.149381,-0.042865,0.704973,0.475866,0.485563,-0.710700,-0.722723,0.151827,-0.007828,0.156066,-0.053787,-0.044250,0.010430,0.140061,-0.200520,-0.277632,-0.161885,0.000331,-0.026477,-0.000080,0.000000,0.000008,-0.000002
-0.823275,-0.735458,-0.039218,-0.017119,-0.061516,0.008781,-0.108594,0.004803,0.698687,0.584346,0.459123,-0.709518,-0.669555,0.126840,-0.028820,0.164802,-0.013797,-0.042612,0.026690,0.150993,-0.286799,-0.249632,-0.241901,0.002771,-0.041386,0.000126,-0.000003,0.000014,-0.000000
-0.791478,-0.660251,-0.035567,-0.016881,-0.051398,0.017991,-0.087193,0.002629,0.629789,0.630146,0.467128,-0.697929,-0.640726,0.086561,-0.070961,0.159817,-0.013095,-0.038033,0.028446,0.139584,-0.317529,-0.198829,-0.208277,0.002826,-0.045274,0.000110,0.000000,-0.000000,-0.000001
-0.760498,-0.578985,-0.023242,-0.005141,-0.031906,-0.004448,-0.073470,-0.017153,0.541338,0.631294,0.474292,-0.671851,-0.613007,0.049662,-0.103773,0.144796,-0.023106,-0.032610,0.023184,0.117349,-0.315610,-0.141150,-0.131951,0.001679,-0.043408,0.000020,0.000003,-0.000015,-0.000001
-0.714760,-0.545874,-0.029992,-0.001899,-0.027638,-0.001616,-0.055833,-0.022333,0.477140,0.606531,0.445896,-0.628034,-0.563952,0.034927,-0.096855,0.123611,-0.015286,-0.028484,0.018418,0.095959,-0.304292,-0.092758,-0.084066,0.000516,-0.041105,0.000009,0.000001,-0.000010,-0.000001
-0.653344,-0.501860,-0.029729,-0.001741,-0.023243,0.008733,-0.048798,-0.030989,0.401357,0.559047,0.404054,-0.558874,-0.490334,0.021798,-0.087801,0.089587,-0.007671,-0.021935,0.010459,0.068631,-0.293225,-0.044844,-0.030555,-0.001363,-0.038848,0.000001,0.000000,-0.000005,-0.000000
-0.606860,-0.468857,-0.022576,-0.004737,-0.020906,0.021433,-0.055872,-0.038816,0.351733,0.512499,0.369623,-0.498839,-0.428844,0.016807,-0.081138,0.059680,-0.004063,-0.016224,0.003271,0.048978,-0.287920,-0.021277,0.001924,-0.003022,-0.037760,0.000001,0.000000,-0.000003,-0.000000
-0.551459,-0.431593,-0.016492,0.008018,-0.016909,0.036729,-0.058980,-0.054113,0.276805,0.421864,0.324607,-0.414583,-0.349054,0.010508,-0.071478,0.023111,0.003433,-0.007849,-0.006088,0.014699,-0.262234,0.012232,0.033304,-0.006282,-0.033875,0.000000,0.000001,-0.000001,0.000000
-0.492724,-0.387754,-0.008277,0.020723,-0.013607,0.046116,-0.062690,-0.073227,0.198692,0.328732,0.278538,-0.326865,-0.267860,0.002209,-0.061154,-0.007172,0.012208,0.000449,-0.012810,-0.017522,-0.230281,0.036380,0.060575,-0.009586,-0.029182,0.000000,0.000001,-0.000000,0.000000
-0.436582,-0.335303,0.005238,0.017574,-0.013360,0.041099,-0.071580,-0.092495,0.139757,0.275007,0.241160,-0.256777,-0.202453,-0.008760,-0.052553,-0.018160,0.019639,0.005909,-0.012078,-0.030945,-0.206330,0.031842,0.080681,-0.011380,-0.025692,0.000000,-0.000001,0.000000,0.000000
-0.355414,-0.262165,0.009338,0.008937,-0.012377,0.034028,-0.079089,-0.098560,0.059958,0.200331,0.167894,-0.159688,-0.113773,-0.016614,-0.042459,-0.030832,0.031417,0.011226,-0.012093,-0.051953,-0.175343,0.027472,0.088939,-0.011333,-0.021575,0.000000,-0.000001,0.000000,0.000001
-0.289925,-0.205002,0.001977,-0.000864,-0.011152,0.028453,-0.081486,-0.088421,-0.000773,0.142112,0.095445,-0.084211,-0.046211,-0.017431,-0.035934,-0.038861,0.041663,0.013744,-0.012852,-0.070053,-0.152873,0.025460,0.081252,-0.009475,-0.018896,0.000000,0.000000,-0.000000,0.000000
-0.213353,-0.138711,-0.002945,-0.020552,-0.011916,0.026862,-0.091942,-0.074875,-0.061932,0.055975,0.014651,0.006518,0.042149,-0.015326,-0.026999,-0.049488,0.056395,0.017136,-0.015361,-0.085993,-0.123664,0.023764,0.071794,-0.004534,-0.015397,0.000000,0.000001,-0.000001,-0.000000
-0.137935,-0.074192,-0.005836,-0.039397,-0.014088,0.025134,-0.099864,-0.061916,-0.119519,-0.034454,-0.065517,0.093599,0.127129,-0.011180,-0.018965,-0.060005,0.070685,0.020167,-0.018214,-0.094058,-0.093418,0.022124,0.060050,-0.000175,-0.011757,0.000000,0.000001,-0.000001,-0.000000
-0.075955,-0.022351,-0.007111,-0.046696,-0.017105,0.019158,-0.094723,-0.053581,-0.169687,-0.105643,-0.136203,0.158269,0.184694,-0.005875,-0.015156,-0.067764,0.079671,0.021620,-0.020018,-0.088592,-0.067883,0.020300,0.045541,-0.000065,-0.008665,0.000000,-0.000001,-0.000000,0.000000
0.005501,0.050751,-0.010193,-0.057395,-0.020064,0.013883,-0.078117,-0.036680,-0.234056,-0.187001,-0.221485,0.244962,0.260729,0.002908,0.008482,-0.073850,0.091496,0.023611,-0.018328,-0.079135,-0.030739,0.028163,0.030480,0.000014,-0.003993,0.000000,-0.000001,0.000000,0.000000
0.065739,0.108596,-0.013543,-0.066154,-0.021484,0.011948,-0.058347,-0.019654,-0.280465,-0.237888,-0.278759,0.310369,0.317256,0.010780,0.040148,-0.075225,0.100254,0.025145,-0.013987,-0.070418,-0.000542,0.041783,0.022396,0.000026,-0.000076,0.000000,0.000000,0.000000,0.000000
0.146911,0.192614,-0.021591,-0.056106,-0.012542,0.020848,-0.032235,-0.009117,-0.313853,-0.274873,-0.319350,0.391393,0.385243,0.014464,0.038150,-0.081953,0.103601,0.026726,-0.023869,-0.063138,0.024194,0.066598,0.019646,0.000051,0.003203,0.000000,0.000000,0.000001,0.000001
0.238469,0.278943,-0.027379,-0.053254,-0.004927,0.036719,-0.012790,0.002813,-0.352366,-0.308520,-0.351334,0.469705,0.452819,0.019901,0.027916,-0.087234,0.102413,0.028583,-0.036138,-0.062101,0.038191,0.090313,0.018892,0.000051,0.004997,0.000000,0.000000,0.000001,0.000001
0.329521,0.343389,-0.023926,-0.083558,-0.010336,0.055649,-0.013060,0.023970,-0.413872,-0.349143,-0.382528,0.526574,0.507747,0.033000,0.034863,-0.084221,0.097518,0.030934,-0.038924,-0.072090,0.036109,0.100538,0.016800,-0.000015,0.004449,0.000000,0.000000,-0.000000,-0.000000
0.438610,0.421403,-0.019792,-0.097187,-0.009726,0.059303,-0.009293,0.050101,-0.479001,-0.392774,-0.412947,0.597452,0.569099,0.048259,0.046068,-0.084994,0.096689,0.034094,-0.041730,-0.076748,0.041980,0.106542,0.012159,-0.000034,0.004957,0.000000,0.000000,-0.000000,-0.000000
0.511483,0.474273,-0.017064,-0.087389,-0.003407,0.045893,-0.003380,0.068167,-0.515535,-0.417888,-0.427699,0.647346,0.606626,0.058076,0.055960,-0.089238,0.100422,0.036510,-0.043185,-0.073804,0.052901,0.105402,0.007308,0.000004,0.006270,0.000000,0.000000,0.000000,0.000000
0.585076,0.572540,0.012506,-0.061158,0.031334,-0.006979,-0.010169,0.074957,-0.596783,-0.449663,-0.441557,0.697634,0.608534,0.057643,0.020164,-0.087352,0.070559,0.037454,-0.040996,-0.076851,0.162525,0.096452,0.145951,0.000010,0.025835,0.000000,0.000000,0.000001,0.000595
0.663452,0.650082,0.026003,-0.050764,0.051964,-0.022490,-0.003402,0.089448,-0.686345,-0.465071,-0.465858,0.727300,0.610794,0.023739,-0.011820,-0.069245,0.041053,0.035175,-0.039305,-0.113522,0.275732,0.128123,0.277787,-0.000010,0.045841,0.000000,0.000000,0.000001,0.001892
0.751314,0.641373,-0.019489,-0.088546,0.015972,0.076206,0.043184,0.130713,-0.748467,-0.441536,-0.512415,0.716029,0.650017,-0.066840,0.009523,-0.024898,0.045920,0.027959,-0.042298,-0.211572,0.297591,0.248985,0.252685,-0.000049,0.048509,0.000000,0.000000,-0.000001,0.004001
0.815853,0.659204,-0.036156,-0.095183,0.001332,0.113385,0.072063,0.150038,-0.769825,-0.442231,-0.532386,0.726326,0.688763,-0.106545,0.031871,-0.018220,0.042075,0.023974,-0.044422,-0.266281,0.317717,0.296736,0.208759,-0.000051,0.050651,0.000000,0.000000,-0.000002,0.006185
0.824417,0.694309,-0.015670,-0.067332,0.015344,0.070453,0.068779,0.137705,-0.739381,-0.466564,-0.515527,0.752662,0.707320,-0.075515,0.044036,-0.052512,0.031424,0.025197,-0.044594,-0.250200,0.325893,0.247416,0.167868,-0.000015,0.051173,0.000000,0.000000,-0.000001,0.007348
0.850180,0.734025,-0.004457,-0.053075,0.021582,0.042958,0.069542,0.125226,-0.715838,-0.512874,-0.513470,0.769889,0.731727,-0.034581,0.053656,-0.084449,0.021618,0.024302,-0.043021,-0.213946,0.322367,0.191456,0.132036,-0.000000,0.049982,0.000000,0.000000,-0.000000,0.006350
0.893441,0.762446,0.000859,-0.057904,0.016437,0.021827,0.075223,0.121507,-0.709926,-0.532821,-0.536495,0.789819,0.764125,-0.041363,0.067444,-0.112892,0.019788,0.017706,-0.041400,-0.172449,0.307295,0.145485,0.105035,0.000006,0.047087,0.000000,0.000000,0.000000,0.003262
0.953626,0.762897,0.003649,-0.087268,-0.003731,-0.002039,0.086619,0.135329,-0.731660,-0.477517,-0.594342,0.823473,0.805897,-0.153470,0.092050,-0.136600,0.033049,0.001802,-0.041382,-0.140429,0.280505,0.125967,0.090520,0.000017,0.042444,0.000000,0.000000,0.000001,-0.001852
0.978137,0.785642,0.021722,-0.069342,0.005244,-0.046218,0.072069,0.124416,-0.717055,-0.448066,-0.590402,0.818989,0.810906,-0.202645,0.100067,-0.142949,0.053051,0.005079,-0.040146,-0.092471,0.244626,0.082891,0.072142,0.000007,0.036415,0.000001,0.000001,0.000000,-0.008015
0.954683,0.819306,0.046040,-0.013071,0.038887,-0.088604,0.038843,0.094215,-0.673400,-0.459230,-0.526616,0.778588,0.776622,-0.164231,0.087468,-0.128751,0.069784,0.025908,-0.038310,-0.052577,0.217614,0.037804,0.059098,-0.000017,0.032016,0.000001,0.000001,-0.000001,-0.012141
0.898474,0.798631,0.036651,0.013201,0.050424,-0.071580,0.047445,0.079020,-0.607853,-0.487328,-0.516364,0.732819,0.716041,-0.109614,0.074333,-0.125184,0.063448,0.032539,-0.037235,-0.026657,0.199988,0.026630,0.067605,0.000317,0.029887,0.000000,0.000000,0.000001,-0.006992
0.839831,0.755373,0.018610,0.025553,0.051438,-0.033149,0.070334,0.069309,-0.541307,-0.499338,-0.515085,0.685532,0.651912,-0.057279,0.063048,-0.124680,0.049835,0.032438,-0.036559,-0.011075,0.186294,0.028554,0.080398,0.000667,0.028556,-0.000001,-0.000001,0.000004,-0.000394
0.808488,0.720837,0.016979,0.040127,0.053521,-0.011319,0.079897,0.055472,-0.494219,-0.461933,-0.477821,0.640070,0.606495,-0.025592,0.055946,-0.119570,0.044720,0.033080,-0.035900,-0.002126,0.170916,0.022684,0.080146,0.000688,0.026528,-0.000001,-0.000001,0.000002,-0.000171
0.757340,0.667231,0.021635,0.053721,0.058086,0.008411,0.093402,0.032365,-0.428028,-0.404337,-0.423154,0.577203,0.537825,0.010486,0.048512,-0.108232,0.037402,0.032701,-0.036189,0.012331,0.153214,0.016668,0.075431,0.000659,0.024210,0.000001,0.000001,-0.000001,-0.000026
0.712284,0.621650,0.030261,0.059570,0.062882,0.016179,0.104157,0.011548,-0.375997,-0.355527,-0.378609,0.528605,0.480454,0.032944,0.044487,-0.096403,0.031562,0.031508,-0.037305,0.025114,0.142110,0.013547,0.068659,0.000601,0.022774,0.000001,0.000001,-0.000004,-0.000028
0.629911,0.558249,0.037370,0.060693,0.066821,-0.011055,0.109537,-0.002503,-0.326232,-0.298363,-0.344557,0.447800,0.409870,0.050569,0.057304,-0.129268,0.051470,0.034805,-0.042677,0.102954,0.133127,0.070862,0.082052,0.014117,0.021905,-0.000001,-0.000001,0.000134,0.000007
0.547218,0.497161,0.040163,0.061342,0.066907,-0.036301,0.111741,-0.014491,-0.278607,-0.244462,-0.313067,0.370001,0.343184,0.055142,0.068203,-0.158428,0.063900,0.043564,-0.047476,0.175701,0.120911,0.120181,0.091682,0.027089,0.020519,-0.000001,-0.000001,0.000201,0.000032
0.501875,0.459120,0.035876,0.065826,0.060212,-0.022580,0.113074,-0.029109,-0.233356,-0.205776,-0.276574,0.330908,0.297961,0.038485,0.058487,-0.135613,0.035677,0.058793,-0.046916,0.173289,0.100257,0.093129,0.073715,0.025408,0.017555,0.000000,0.000000,-0.000010,-0.000002
0.434527,0.405148,0.028043,0.074004,0.060329,-0.015220,0.107769,-0.047380,-0.172113,-0.176761,-0.210425,0.274067,0.239619,0.037386,0.031924,-0.111615,0.011580,0.068929,-0.048747,0.166224,0.079841,0.062878,0.049821,0.022810,0.014527,0.000001,0.000001,-0.000140,-0.000023
0.378594,0.361992,0.020565,0.081740,0.067162,-0.017891,0.098415,-0.060137,-0.125405,-0.171813,-0.147581,0.227741,0.197190,0.052366,0.001784,-0.098367,0.003653,0.068861,-0.052022,0.157937,0.069824,0.044519,0.031917,0.020580,0.012940,0.000000,0.000000,-0.000122,-0.000019
0.319710,0.311419,0.016460,0.075898,0.058195,-0.003301,0.089191,-0.069044,-0.064857,-0.128198,-0.089082,0.171212,0.150335,0.049280,-0.018063,-0.088170,-0.002852,0.064749,-0.063782,0.146160,0.046390,0.029124,0.012882,0.017889,0.009288,-0.000001,-0.000001,-0.000042,-0.000004
0.261949,0.256671,0.014334,0.069639,0.045716,0.011564,0.083118,-0.074719,-0.005573,-0.079638,-0.037268,0.117278,0.101901,0.038369,-0.033095,-0.080900,-0.009325,0.058417,-0.075111,0.136562,0.026744,0.019081,-0.000587,0.015787,0.006351,-0.000001,-0.000001,0.000022,0.000008
0.208884,0.200511,0.012764,0.076069,0.041945,0.009737,0.083125,-0.077754,0.037619,-0.059655,0.005805,0.078391,0.054412,0.029820,-0.048856,-0.076324,-0.017183,0.051617,-0.077064,0.134665,0.028010,0.016703,-0.001848,0.015305,0.006893,0.000001,0.000001,-0.000007,-0.000003
0.139213,0.126120,0.018346,0.086763,0.037752,-0.001871,0.079349,-0.080421,0.092070,-0.024346,0.051701,0.019784,-0.008099,0.012417,-0.053869,-0.063256,-0.028752,0.043834,-0.076455,0.136760,0.022155,0.002958,-0.005719,0.014883,0.006395,0.000001,0.000001,-0.000017,-0.000007
0.087820,0.070740,0.028296,0.096390,0.035243,-0.017461,0.073693,-0.081402,0.130555,0.008628,0.077471,-0.029226,-0.054360,-0.005136,-0.045627,-0.048242,-0.038252,0.038972,-0.073601,0.141829,0.012107,-0.015283,-0.010267,0.014734,0.005108,0.000000,0.000000,-0.000003,-0.000002
0.021142,0.001512,0.038889,0.091274,0.035073,-0.035752,0.062713,-0.084993,0.179952,0.054774,0.107557,-0.088490,-0.111824,-0.019518,-0.023302,-0.032534,-0.045512,0.036160,-0.060055,0.147169,-0.000045,-0.035447,-0.018965,0.014497,0.003442,0.000000,0.000000,-0.000000,-0.000001
-0.047786,-0.065676,0.044464,0.080254,0.033007,-0.046637,0.054540,-0.088808,0.227195,0.095782,0.133663,-0.144798,-0.169655,-0.028358,-0.006130,-0.019551,-0.053106,0.033814,-0.044189,0.152317,-0.013129,-0.051732,-0.030476,0.014404,0.001583,0.000000,0.000000,-0.000002,-0.000001
-0.105811,-0.114819,0.039346,0.072193,0.024816,-0.039988,0.057337,-0.090472,0.259173,0.113267,0.147498,-0.184857,-0.216942,-0.029261,-0.013383,-0.012742,-0.063605,0.030361,-0.034410,0.156825,-0.025946,-0.058308,-0.043450,0.014695,-0.000282,0.000000,0.000000,-0.000001,-0.000001
-0.177142,-0.183037,0.029908,0.056906,0.016067,-0.032480,0.057060,-0.090307,0.298703,0.130999,0.166321,-0.238510,-0.279460,-0.029626,-0.020972,0.003496,-0.076297,0.028257,-0.029062,0.157783,-0.039961,-0.066710,-0.065762,0.014209,-0.002404,0.000000,0.000000,-0.000001,-0.000000
-0.226078,-0.236192,0.020871,0.042043,0.011137,-0.027871,0.053846,-0.088394,0.325999,0.140095,0.180709,-0.278906,-0.325923,-0.029270,-0.025105,0.021039,-0.084830,0.028555,-0.030827,0.154711,-0.048158,-0.072730,-0.086249,0.013190,-0.003720,0.000000,0.000000,-0.000002,-0.000000
-0.299194,-0.300932,0.004895,0.030366,0.001819,-0.022787,0.051957,-0.088089,0.369916,0.170475,0.250310,-0.334045,-0.382314,-0.037152,-0.038849,0.041091,-0.091492,0.022051,-0.028433,0.152267,-0.058734,-0.078975,-0.114304,0.012199,-0.005511,0.000000,0.000000,-0.000002,-0.000000
-0.387600,-0.365447,-0.017392,0.029008,-0.005203,-0.017337,0.052877,-0.089780,0.428523,0.190225,0.346476,-0.402599,-0.449049,-0.009008,-0.059457,0.068845,-0.100741,0.013688,-0.024403,0.150832,-0.071548,-0.089024,-0.161955,0.011108,-0.007966,0.000000,0.000000,-0.000001,-0.000000
-0.482678,-0.418177,-0.045391,0.045093,-0.003257,-0.011626,0.058112,-0.093891,0.500132,0.167525,0.440773,-0.483490,-0.526824,0.099447,-0.084227,0.109562,-0.117092,0.008413,-0.021273,0.150842,-0.086501,-0.106503,-0.241354,0.009792,-0.011283,0.000000,0.000000,-0.000001,-0.000000
-0.542168,-0.481202,-0.053506,0.055932,-0.017039,0.002750,0.069635,-0.091743,0.571347,0.241518,0.520825,-0.551829,-0.581305,0.139152,-0.102472,0.166443,-0.147887,-0.003264,-0.015623,0.098625,-0.105383,-0.159340,-0.309406,-0.000996,-0.014913,-0.000014,-0.000010,0.000005,0.000005
-0.536165,-0.522844,-0.037673,0.056085,-0.039657,0.018606,0.081651,-0.084364,0.606352,0.375116,0.546455,-0.573267,-0.585042,0.090253,-0.105049,0.211000,-0.177668,-0.015515,-0.010266,0.020228,-0.118719,-0.221056,-0.331996,-0.015865,-0.017036,-0.000036,-0.000026,0.000014,0.000014
-0.576329,-0.570824,-0.021459,0.047572,-0.053441,0.012315,0.073673,-0.076804,0.630585,0.483665,0.564986,-0.612145,-0.604822,0.051181,-0.107911,0.206660,-0.175026,-0.024908,-0.003157,-0.004046,-0.127955,-0.234877,-0.316803,-0.020108,-0.018014,-0.000013,-0.000007,0.000006,0.000005
-0.637090,-0.614664,-0.007348,0.032857,-0.058902,-0.002735,0.059096,-0.070311,0.647834,0.565588,0.570694,-0.654839,-0.632139,0.012968,-0.097238,0.187118,-0.162324,-0.027635,0.002012,-0.000545,-0.136246,-0.225908,-0.283511,-0.019080,-0.018539,0.000018,0.000018,-0.000007,-0.000007
-0.693516,-0.644431,0.002184,0.014400,-0.056591,-0.013186,0.051340,-0.066185,0.662431,0.619847,0.558281,-0.688316,-0.659052,-0.033409,-0.059234,0.186188,-0.162033,-0.019896,0.001550,0.004425,-0.146873,-0.219408,-0.251962,-0.018143,-0.019319,0.000022,0.000015,-0.000012,-0.000009
-0.744581,-0.682905,0.000293,0.005749,-0.069327,-0.006121,0.047247,-0.063237,0.663215,0.672132,0.556102,-0.724294,-0.683282,-0.043563,-0.041801,0.190604,-0.169215,-0.013686,0.006128,-0.012405,-0.159603,-0.196514,-0.206889,-0.019969,-0.020070,0.000017,0.000008,-0.000011,-0.000007
-0.764305,-0.710442,-0.012081,0.011227,-0.090711,0.014940,0.048837,-0.062903,0.649381,0.695905,0.564915,-0.744349,-0.692300,-0.012376,-0.053635,0.198045,-0.180179,-0.012101,0.013454,-0.042625,-0.167980,-0.168541,-0.170687,-0.023635,-0.020405,0.000005,0.000002,-0.000003,-0.000002
-0.789824,-0.722296,-0.022469,-0.007490,-0.105821,0.019477,0.037493,-0.051670,0.621628,0.667852,0.567412,-0.756098,-0.694251,-0.017135,-0.063759,0.199834,-0.179053,-0.008789,0.019841,-0.067143,-0.170452,-0.146762,-0.133124,-0.026590,-0.020021,-0.000002,-0.000001,0.000003,0.000003
-0.819304,-0.737348,-0.037085,-0.035769,-0.117894,0.029940,0.023895,-0.035275,0.589065,0.607231,0.564861,-0.758707,-0.692795,-0.030299,-0.071080,0.193243,-0.176388,-0.003166,0.023783,-0.083193,-0.172466,-0.121747,-0.098476,-0.028012,-0.019668,-0.000004,-0.000001,0.000006,0.000005
-0.850607,-0.774224,-0.062150,-0.058969,-0.130145,0.068809,0.018710,-0.019436,0.560537,0.533062,0.558308,-0.751044,-0.691317,-0.024287,-0.074488,0.175471,-0.182677,0.005364,0.023769,-0.088003,-0.179408,-0.083974,-0.070933,-0.027069,-0.020089,-0.000001,-0.000001,0.000005,0.000003
-0.877998,-0.769845,-0.062117,-0.050155,-0.127839,0.031422,0.006938,-0.022474,0.554675,0.473201,0.571346,-0.705545,-0.677618,0.061481,-0.081076,0.141745,-0.174328,0.000285,0.025411,-0.035860,-0.183176,-0.126866,-0.063807,-0.020299,-0.020682,0.000001,0.000001,-0.000001,-0.000001
-0.888050,-0.726620,-0.037011,-0.013747,-0.112165,-0.063547,-0.005538,-0.042879,0.574580,0.457716,0.597644,-0.645167,-0.658747,0.184157,-0.087579,0.108967,-0.155562,-0.015868,0.027897,0.047163,-0.181943,-0.229040,-0.080676,-0.011092,-0.021156,0.000001,0.000001,-0.000008,-0.000006
-0.837730,-0.704199,-0.051690,-0.030036,-0.122490,-0.054399,-0.014968,-0.013213,0.516854,0.445232,0.550592,-0.614232,-0.616049,0.199177,-0.080453,0.104466,-0.133409,-0.034740,0.033554,0.067850,-0.176203,-0.207372,-0.081615,-0.007203,-0.020806,0.000000,0.000000,-0.000000,-0.000003
-0.770118,-0.687033,-0.071875,-0.063472,-0.136386,-0.013669,-0.027655,0.028200,0.437012,0.430113,0.478649,-0.589313,-0.561680,0.164133,-0.068201,0.102220,-0.113178,-0.047494,0.037881,0.062900,-0.170551,-0.146332,-0.075692,-0.005809,-0.020357,0.000000,-0.000001,0.000006,0.000002
-0.728354,-0.659601,-0.063270,-0.078484,-0.131413,-0.013900,-0.049890,0.042998,0.390643,0.406748,0.430357,-0.547023,-0.507852,0.136598,-0.059339,0.076207,-0.100204,-0.045269,0.036366,0.068985,-0.169594,-0.130421,-0.071970,-0.004094,-0.020530,0.000003,0.000001,-0.000002,-0.000001
-0.661069,-0.643033,-0.056767,-0.102998,-0.134427,0.010137,-0.058226,0.066136,0.362197,0.379324,0.349247,-0.492711,-0.408497,0.106703,-0.021389,0.050129,-0.074311,-0.041660,0.029292,0.069055,-0.214936,-0.118722,-0.127551,-0.003341,-0.028843,0.000003,0.000001,-0.000005,-0.000002
-0.602049,-0.645763,-0.055635,-0.124774,-0.143955,0.046436,-0.048489,0.086056,0.365999,0.361639,0.275952,-0.453649,-0.313382,0.089429,0.026678,0.037049,-0.048463,-0.038482,0.020199,0.063084,-0.283968,-0.117117,-0.214699,-0.003930,-0.041149,0.000001,0.000000,-0.000002,-0.000001
-0.558212,-0.583193,-0.024740,-0.112750,-0.131603,0.024702,-0.057056,0.081579,0.298805,0.310665,0.201941,-0.388812,-0.237882,0.071407,0.049087,0.010639,-0.049130,-0.041993,0.030868,0.057240,-0.286539,-0.109878,-0.217560,-0.004111,-0.041810,-0.000001,0.000000,0.000001,0.000000
-0.523211,-0.507144,0.009173,-0.090698,-0.112688,-0.006770,-0.073765,0.066878,0.219348,0.247407,0.137150,-0.318495,-0.178258,0.057595,0.061323,-0.016415,-0.055934,-0.050639,0.046602,0.053591,-0.259370,-0.099754,-0.176057,-0.003858,-0.037180,-0.000001,0.000000,0.000001,0.000000
-0.490820,-0.469605,0.019375,-0.082441,-0.102577,0.000343,-0.088483,0.056170,0.186422,0.192913,0.091439,-0.263037,-0.130697,0.052947,0.078958,-0.031467,-0.048494,-0.062886,0.052723,0.054222,-0.239360,-0.089529,-0.130276,-0.003149,-0.033641,0.000001,0.000001,-0.000002,-0.000000
-0.439465,-0.413654,0.027035,-0.070806,-0.078621,0.006413,-0.099303,0.036930,0.130083,0.108543,0.048858,-0.179924,-0.073082,0.064303,0.086845,-0.046345,-0.030134,-0.077749,0.045172,0.054405,-0.214351,-0.074102,-0.076635,-0.002262,-0.029405,0.000001,0.000001,-0.000001,-0.000000
-0.394792,-0.367233,0.028326,-0.061602,-0.052782,0.008407,-0.100820,0.018768,0.078467,0.036439,0.030667,-0.110663,-0.034185,0.085992,0.081044,-0.053619,-0.010022,-0.087804,0.027720,0.054049,-0.196832,-0.061181,-0.041920,-0.001640,-0.026587,-0.000001,-0.000001,0.000004,0.000001
-0.321479,-0.274608,0.023117,-0.047652,-0.025154,0.005386,-0.095389,0.004710,-0.002318,-0.045225,0.005460,-0.009901,0.037707,0.086746,0.085218,-0.051986,0.026228,-0.094756,0.008898,0.044276,-0.166290,-0.025037,-0.006957,-0.001612,-0.022239,-0.000001,-0.000001,0.000004,0.000001
-0.238314,-0.175487,0.018199,-0.035376,0.001684,-0.000063,-0.091212,-0.002722,-0.085380,-0.107214,-0.022155,0.091272,0.116841,0.081442,0.087564,-0.047193,0.062940,-0.100446,-0.003044,0.029388,-0.126900,0.018916,0.028054,-0.002065,-0.016667,-0.000001,0.000000,0.000003,0.000001
-0.164177,-0.109692,0.020368,-0.031209,0.025117,-0.005345,-0.096497,-0.000987,-0.143728,-0.120181,-0.047535,0.161646,0.177380,0.084961,0.076270,-0.044990,0.084393,-0.106701,0.000167,0.013696,-0.082871,0.055212,0.062872,-0.002891,-0.010185,0.000001,0.000000,-0.000001,0.000001
-0.061331,-0.022275,0.018617,-0.041523,0.037551,0.001696,-0.099572,0.001120,-0.225732,-0.146225,-0.101036,0.253120,0.257429,0.076123,0.061940,-0.043372,0.102507,-0.103464,0.002480,-0.017013,-0.028561,0.095414,0.077775,-0.004835,-0.002680,0.000001,0.000000,-0.000003,0.000000
0.018754,0.043016,0.013820,-0.061163,0.032755,0.017544,-0.098896,0.002546,-0.290352,-0.172311,-0.155896,0.319916,0.316923,0.059345,0.051750,-0.043150,0.108212,-0.092349,0.002737,-0.047375,0.008843,0.119399,0.065289,-0.006925,0.002090,0.000000,0.000000,-0.000003,-0.000000
0.077284,0.126026,0.021328,-0.061346,0.047748,-0.020278,-0.122439,-0.005469,-0.386888,-0.210112,-0.201219,0.390580,0.335845,0.031327,-0.006273,-0.049565,0.087693,-0.063133,0.005365,-0.062084,0.129883,0.137956,0.140956,-0.004663,0.021132,0.000000,0.000000,-0.000002,0.000034
0.130858,0.199482,0.021549,-0.053170,0.056841,-0.056121,-0.130448,-0.010885,-0.469507,-0.241598,-0.242114,0.454105,0.352879,0.010025,-0.062919,-0.055738,0.071725,-0.036066,0.006209,-0.066495,0.240182,0.144200,0.205325,-0.001442,0.038378,0.000000,0.000000,0.000000,0.000053
0.196255,0.236308,-0.005110,-0.047778,0.034361,-0.034353,-0.083224,-0.001667,-0.492682,-0.248885,-0.283867,0.499789,0.406942,0.013367,-0.069025,-0.054815,0.091115,-0.031387,0.001116,-0.066028,0.245547,0.131334,0.159034,-0.000658,0.037792,0.000000,0.000000,-0.000000,0.000011
0.277645,0.288049,-0.026946,-0.030276,0.018181,-0.015425,-0.033602,0.002892,-0.517190,-0.262845,-0.311023,0.546037,0.463566,0.017238,-0.061725,-0.054587,0.112844,-0.027073,-0.004190,-0.063840,0.242325,0.116266,0.114430,-0.000087,0.035970,0.000000,0.000000,-0.000000,-0.000022
0.334373,0.328853,-0.033055,-0.009392,0.016374,-0.008793,-0.006341,0.000513,-0.530728,-0.276470,-0.309980,0.569684,0.494406,0.019693,-0.044677,-0.055161,0.126037,-0.025259,-0.007058,-0.061011,0.232123,0.106494,0.093776,-0.000014,0.033822,0.000000,0.000000,-0.000000,-0.000029
0.390848,0.327183,-0.046184,-0.023249,0.007774,0.061313,0.021985,0.022596,-0.583966,-0.243300,-0.313318,0.512852,0.502741,-0.074979,-0.013277,-0.015892,0.127197,-0.027234,-0.009863,-0.135105,0.212283,0.215125,0.114939,-0.000055,0.031409,0.000001,0.000001,-0.000001,-0.000023
0.426145,0.321798,-0.045435,-0.035365,0.007114,0.112863,0.035013,0.040224,-0.627687,-0.217760,-0.309330,0.450961,0.497422,-0.161990,0.015144,0.017115,0.124022,-0.028723,-0.011891,-0.202957,0.191225,0.310530,0.145242,-0.000099,0.029119,0.000001,0.000001,-0.000002,-0.000013
0.419354,0.351535,-0.009893,-0.009239,0.029145,0.063746,0.016342,0.024458,-0.612734,-0.254387,-0.286368,0.459599,0.487393,-0.136458,0.023228,-0.002301,0.124236,-0.025456,-0.012429,-0.181339,0.177429,0.260994,0.152019,-0.000038,0.027345,0.000000,0.000000,-0.000001,-0.000006
0.419538,0.373805,0.021703,0.013238,0.041145,0.025848,-0.000142,0.009629,-0.589547,-0.278905,-0.260928,0.463358,0.463124,-0.107110,0.027603,-0.010050,0.121726,-0.021446,-0.012789,-0.150117,0.162114,0.196792,0.149985,0.000004,0.025284,0.000000,0.000000,0.000000,-0.000001
0.426735,0.377567,0.033535,0.020814,0.037116,0.018156,-0.006184,0.003165,-0.569911,-0.279114,-0.245818,0.460498,0.436902,-0.088673,0.026082,-0.002249,0.117784,-0.018708,-0.012792,-0.124967,0.152998,0.150125,0.140199,0.000006,0.023975,-0.000001,-0.000001,0.000000,-0.000000
0.401857,0.349557,0.037251,0.021449,0.029893,0.017931,-0.005286,0.003625,-0.521138,-0.268522,-0.241843,0.432228,0.379416,-0.087485,0.030287,0.012928,0.105730,-0.016006,-0.013681,-0.100065,0.138289,0.103115,0.116460,0.000007,0.021807,-0.000001,-0.000001,0.000000,-0.000001
0.368148,0.311453,0.038451,0.017294,0.022243,0.024176,0.001144,0.005490,-0.463213,-0.247568,-0.230861,0.393254,0.317771,-0.092404,0.034729,0.027620,0.091628,-0.014372,-0.015122,-0.081546,0.124408,0.063539,0.101753,0.000006,0.019988,0.000000,0.000000,0.000000,-0.000000
0.348950,0.285026,0.042742,0.010499,0.016941,0.035903,0.011702,0.003240,-0.416257,-0.216740,-0.194752,0.358383,0.279195,-0.092314,0.033921,0.033954,0.081573,-0.014848,-0.016785,-0.075587,0.117813,0.039241,0.119114,0.000004,0.019731,0.000000,0.000000,0.000000,0.000001
0.308543,0.240649,0.034659,0.009373,0.013729,0.035240,0.028368,-0.002263,-0.354847,-0.173262,-0.136811,0.302423,0.211065,-0.084349,0.017534,0.042493,0.064138,-0.015986,-0.015653,-0.062712,0.099812,0.016186,0.107686,0.000009,0.017429,0.000000,0.000000,0.000000,0.000001
0.267211,0.200570,0.018250,0.014484,0.014216,0.022526,0.042819,-0.008270,-0.309780,-0.138921,-0.086042,0.253433,0.147485,-0.072517,-0.006239,0.048985,0.048053,-0.017223,-0.012294,-0.049367,0.079428,0.005892,0.073200,0.000020,0.014238,0.000000,0.000000,0.000000,-0.000001
0.199854,0.148297,0.004298,0.013882,0.007618,0.012398,0.059671,-0.002778,-0.247930,-0.103551,-0.063732,0.182143,0.075009,-0.064415,-0.007397,0.054079,0.028015,-0.018374,-0.013551,-0.031185,0.062487,0.003080,0.043033,0.000054,0.011731,0.000000,0.000000,0.000000,-0.000001
0.134148,0.097036,-0.006107,0.010096,-0.000027,0.005758,0.072762,0.005049,-0.188773,-0.077564,-0.056037,0.111380,0.012255,-0.055131,-0.000753,0.054115,0.010105,-0.019103,-0.016068,-0.014407,0.050674,0.004525,0.022192,0.000107,0.010096,0.000000,0.000000,0.000001,0.000000
0.097851,0.060056,-0.011857,0.005656,-0.002673,0.003519,0.075904,0.006041,-0.151865,-0.071406,-0.049114,0.064060,-0.022063,-0.039760,-0.001122,0.045431,0.000428,-0.019070,-0.016490,-0.005294,0.045700,0.007001,0.015728,0.000174,0.009523,0.000000,0.000000,0.000001,0.000001
0.050055,0.020118,-0.014797,0.000701,-0.006450,0.002458,0.072419,0.014723,-0.105001,-0.056440,-0.041714,0.012557,-0.056420,-0.029108,-0.000955,0.029760,-0.007974,-0.019217,-0.015955,0.002552,0.040267,0.007601,0.013654,0.000189,0.008958,0.000000,0.000000,0.000001,0.000001
0.014681,-0.002789,-0.013455,-0.002291,-0.009472,0.003107,0.064062,0.026758,-0.071646,-0.040159,-0.037551,-0.017354,-0.073633,-0.028517,-0.000337,0.014943,-0.010895,-0.019473,-0.014735,0.005202,0.037105,0.006030,0.017013,0.000144,0.008685,0.000000,0.000000,0.000001,0.000000
-0.014334,-0.029704,-0.008030,-0.001092,-0.013526,0.005636,0.049353,0.029851,-0.034274,-0.024951,-0.019208,-0.037928,-0.081687,-0.028121,-0.007190,-0.002594,-0.009803,-0.017655,-0.013153,0.003912,0.038339,-0.002910,0.026049,0.000010,0.009092,0.000000,0.000000,0.000000,0.000000
-0.036182,-0.048250,-0.001521,0.001512,-0.015860,0.007140,0.033272,0.032572,-0.003182,-0.011158,-0.000772,-0.046723,-0.080522,-0.027158,-0.012514,-0.017115,-0.004741,-0.015748,-0.012578,-0.000417,0.042097,-0.012036,0.036228,-0.000119,0.009806,0.000000,0.000000,-0.000000,-0.000000
-0.050122,-0.046103,0.003076,0.002733,-0.013734,0.004715,0.020792,0.043516,0.011387,0.000918,0.003681,-0.041354,-0.070127,-0.024877,-0.007313,-0.022914,0.004245,-0.015745,-0.014386,-0.006881,0.046524,-0.014168,0.043039,-0.000152,0.010457,0.000000,0.000000,-0.000001,-0.000001
-0.055114,-0.046625,0.008479,-0.000862,-0.006976,0.001646,0.003985,0.051174,0.022824,0.001881,-0.007313,-0.030789,-0.054108,-0.020830,0.001396,-0.026987,0.017609,-0.014599,-0.016829,-0.011595,0.050107,-0.015007,0.046255,-0.000118,0.010829,0.000000,0.000000,-0.000001,-0.000000
-0.048630,-0.049518,0.011980,-0.007471,0.001036,-0.000535,-0.008745,0.051683,0.025402,-0.008741,-0.028235,-0.020290,-0.040439,-0.017025,0.009257,-0.027279,0.028655,-0.012876,-0.018674,-0.012198,0.051019,-0.014123,0.044234,-0.000037,0.010730,0.000000,0.000000,-0.000000,-0.000000
-0.038259,-0.041469,0.008987,-0.009084,0.007939,-0.001056,-0.013194,0.045170,0.025785,-0.014853,-0.027359,-0.001340,-0.018227,-0.018360,0.008634,-0.028082,0.041235,-0.012709,-0.019442,-0.009250,0.048814,-0.001962,0.041786,0.000066,0.010099,0.000000,0.000000,0.000000,0.000000
-0.025712,-0.029370,0.002739,-0.007653,0.012062,-0.000041,-0.012523,0.036667,0.022892,-0.020742,-0.017700,0.017913,0.004567,-0.021333,0.005008,-0.030460,0.051070,-0.013182,-0.019542,-0.004001,0.043716,0.013803,0.041020,0.000199,0.009098,0.000000,0.000000,0.000001,0.000000
-0.012635,-0.020038,-0.003542,-0.005110,0.011708,0.002392,-0.009860,0.031122,0.015585,-0.030643,-0.012210,0.029300,0.019991,-0.022405,0.003852,-0.035417,0.053784,-0.013351,-0.019341,0.002310,0.035851,0.025494,0.043954,0.000370,0.007873,0.000000,0.000000,0.000001,0.000000
0.005751,-0.008041,-0.009786,-0.001641,0.013194,0.005648,-0.007334,0.025133,0.003125,-0.047061,-0.008690,0.041889,0.038288,-0.018107,0.002818,-0.039962,0.056037,-0.012400,-0.018578,0.002948,0.028138,0.035840,0.046189,0.000270,0.006649,0.000000,0.000000,0.000001,-0.000000
0.020238,0.000612,-0.012868,0.001013,0.015781,0.008098,-0.006215,0.021707,-0.008247,-0.061795,-0.008911,0.049389,0.050306,-0.010595,0.002424,-0.041828,0.056719,-0.010812,-0.017639,-0.002411,0.024451,0.039667,0.046620,-0.000052,0.006039,0.000000,0.000000,-0.000000,-0.000000
0.040370,0.017098,-0.012280,0.004551,0.014497,0.006732,-0.002749,0.020577,-0.026816,-0.069737,-0.018024,0.062181,0.067563,-0.004491,0.004891,-0.038014,0.051763,-0.008784,-0.018486,-0.007752,0.021847,0.043468,0.050381,-0.000169,0.005697,0.000000,0.000000,-0.000000,-0.000000
0.058889,0.033578,-0.010249,0.006919,0.012274,0.003901,0.001077,0.020790,-0.045357,-0.073192,-0.030664,0.073776,0.081894,-0.000297,0.006306,-0.034546,0.044163,-0.006856,-0.019699,-0.012574,0.019885,0.043976,0.054649,-0.000180,0.005506,0.000000,0.000000,-0.000000,-0.000000
0.068589,0.042241,-0.009009,0.006071,0.012050,0.001960,0.003281,0.021392,-0.056688,-0.074527,-0.041470,0.077731,0.085191,0.001495,0.002769,-0.037467,0.036926,-0.005565,-0.019864,-0.016394,0.018127,0.037947,0.056626,-0.000185,0.005351,0.000000,0.000000,-0.000000,-0.000000
0.075136,0.052997,-0.008071,0.001059,0.011801,0.000805,0.004932,0.025308,-0.069563,-0.076491,-0.052720,0.079788,0.085085,0.001734,0.000244,-0.036770,0.023125,-0.005015,-0.019584,-0.017752,0.013980,0.030859,0.054061,-0.000130,0.004839,0.000000,0.000000,-0.000001,-0.000000
0.075257,0.060472,-0.007902,-0.005617,0.011647,0.001011,0.005208,0.030577,-0.077548,-0.078094,-0.058803,0.078908,0.081617,0.000299,-0.000004,-0.032796,0.009641,-0.005479,-0.018997,-0.015971,0.009510,0.026242,0.048225,-0.000042,0.004223,0.000000,0.000000,-0.000000,-0.000001
0.072585,0.064667,-0.007375,-0.008305,0.005864,-0.001160,0.007742,0.032058,-0.085807,-0.072795,-0.055116,0.066058,0.068955,-0.003142,0.007588,-0.024285,-0.007152,-0.006291,-0.021167,-0.007967,0.003439,0.018543,0.037986,0.000082,0.003364,0.000000,0.000000,0.000000,-0.000000
0.067867,0.062617,-0.009471,-0.011108,0.000766,-0.006621,0.010557,0.028132,-0.091718,-0.063848,-0.046152,0.050104,0.052477,-0.003958,0.012189,-0.012825,-0.023240,-0.007258,-0.023279,0.002965,-0.005145,0.011636,0.013801,0.000244,0.001854,0.000000,0.000000,0.000001,0.000000
0.061855,0.051357,-0.017168,-0.018121,0.002676,-0.016286,0.011674,0.017176,-0.092653,-0.054538,-0.036407,0.039925,0.037570,0.002478,0.002964,-0.000013,-0.034586,-0.008188,-0.022519,0.013523,-0.017141,0.009409,-0.033860,0.000448,-0.000710,0.000000,0.000000,0.000001,-0.000000
0.053428,0.043803,-0.018372,-0.020531,-0.001557,-0.015404,0.016174,0.006191,-0.088540,-0.040492,-0.027561,0.024533,0.025050,0.004912,-0.003524,0.003766,-0.049016,-0.009294,-0.020393,0.018476,-0.028505,0.001408,-0.056711,0.000305,-0.002658,0.000000,0.000000,0.000001,-0.000000
0.046790,0.043726,-0.012472,-0.017123,-0.009815,-0.004410,0.021800,0.000677,-0.081411,-0.028726,-0.024039,0.011631,0.021180,0.002123,-0.004023,-0.003384,-0.059287,-0.010019,-0.017959,0.015336,-0.033540,-0.008363,-0.043285,-0.000111,-0.003013,0.000000,0.000000,-0.000001,-0.000001
0.035806,0.040474,-0.006039,-0.012891,-0.016558,0.000923,0.022819,-0.003738,-0.074260,-0.019282,-0.020021,-0.005335,0.006129,0.000331,0.006425,-0.007015,-0.060535,-0.010858,-0.019030,0.012846,-0.037421,-0.013691,-0.030850,-0.000213,-0.003257,0.000000,0.000000,-0.000001,-0.000001
0.025576,0.034546,0.000553,-0.008664,-0.019072,0.002415,0.020782,-0.008697,-0.067203,-0.012162,-0.016955,-0.019703,-0.010233,-0.001200,0.014126,-0.007715,-0.056039,-0.011454,-0.020332,0.011881,-0.039324,-0.017475,-0.019388,-0.000152,-0.003280,0.000000,0.000000,-0.000000,-0.000000
0.021139,0.026387,0.006963,-0.005242,-0.014637,0.001902,0.017220,-0.015863,-0.060260,-0.007316,-0.016260,-0.024852,-0.018077,-0.003218,0.005385,-0.006078,-0.049023,-0.011437,-0.018576,0.013305,-0.038401,-0.022636,-0.008802,-0.000079,-0.002970,0.000000,0.000000,0.000000,0.000000
0.015943,0.019348,0.011129,-0.001879,-0.008973,0.000158,0.013294,-0.017840,-0.052008,-0.003812,-0.023291,-0.026500,-0.025800,-0.005753,0.000337,-0.003488,-0.035599,-0.011249,-0.017790,0.013566,-0.032659,-0.023098,-0.001898,-0.000023,-0.002080,0.000000,0.000000,0.000000,0.000000
0.012590,0.016952,0.010965,-0.000258,-0.004915,-0.001945,0.010969,-0.013635,-0.046578,-0.003409,-0.034526,-0.023820,-0.029536,-0.007536,0.001505,-0.001240,-0.022481,-0.010985,-0.018368,0.012534,-0.024970,-0.018623,-0.002140,-0.000013,-0.001056,0.000000,0.000000,0.000000,0.000000
0.010648,0.014575,0.008129,0.004023,-0.001974,-0.002349,0.006637,-0.010297,-0.039385,-0.009510,-0.034863,-0.018010,-0.027046,-0.006439,0.002165,0.000853,-0.008706,-0.008987,-0.018619,0.013620,-0.017288,-0.010450,-0.003032,0.000077,-0.000085,0.000000,0.000000,0.000000,0.000000
0.008192,0.012672,0.004803,0.008351,-0.000423,-0.001680,0.003048,-0.007889,-0.032385,-0.018883,-0.034305,-0.012876,-0.022542,-0.005157,0.002724,0.003035,0.004429,-0.006719,-0.018853,0.014857,-0.010019,-0.001413,-0.006025,0.000153,0.000779,0.000000,0.000000,0.000000,0.000000
0.003306,0.011703,0.003176,0.010104,-0.000541,-0.000563,0.002963,-0.006481,-0.027551,-0.028294,-0.042859,-0.012238,-0.020246,-0.006391,0.003584,0.005540,0.015605,-0.005649,-0.019379,0.014278,-0.003587,0.005639,-0.012569,0.000126,0.001479,0.000000,0.000000,0.000000,0.000001
-0.002837,0.008614,0.000083,0.009310,0.001341,-0.001277,0.001857,-0.000869,-0.020666,-0.036010,-0.054270,-0.012778,-0.016615,-0.006825,0.009106,0.008168,0.025548,-0.005413,-0.021905,0.015340,0.000748,0.010033,-0.022849,0.000130,0.001795,0.000000,0.000000,0.000001,0.000001
-0.007167,0.004948,-0.002930,0.006365,0.004282,-0.003467,0.000283,0.006146,-0.015170,-0.038183,-0.062829,-0.014225,-0.013461,-0.006241,0.016534,0.009609,0.029290,-0.006131,-0.025168,0.017516,0.000820,0.009575,-0.031729,0.000165,0.001570,0.000000,0.000000,0.000001,0.000001
-0.007653,0.000205,-0.001577,0.004610,0.005232,-0.001467,-0.002529,0.002708,-0.006603,-0.023556,-0.053957,-0.012030,-0.008380,-0.005525,0.015698,0.006279,0.032206,-0.006351,-0.026789,0.015090,0.002040,0.006428,-0.035661,-0.000022,0.001618,0.000000,0.000000,-0.000000,-0.000000
-0.005991,-0.001679,0.002293,0.003643,0.006748,0.001688,-0.005897,-0.005332,-0.000303,-0.003392,-0.036240,-0.008405,-0.002469,-0.004432,0.012079,0.002442,0.032506,-0.005763,-0.027193,0.010880,0.003675,0.003280,-0.034691,-0.000224,0.001851,0.000000,0.000000,-0.000001,-0.000001
-0.003880,0.003226,0.006831,0.003060,0.011393,0.002962,-0.009141,-0.012122,-0.001598,0.011033,-0.018272,-0.005574,0.003181,-0.002716,0.011174,0.002361,0.028415,-0.004064,-0.026819,0.007704,0.004989,0.002827,-0.028886,-0.000233,0.002183,0.000000,0.000000,-0.000001,-0.000001
-0.000737,0.009604,0.011208,0.009059,0.016943,0.004166,-0.008242,-0.025902,-0.004981,0.026351,0.010026,-0.001945,0.009694,0.002499,0.002964,-0.001169,0.023853,-0.002623,-0.023940,0.003926,0.007685,0.000983,-0.019796,-0.000202,0.002792,0.000000,0.000000,-0.000000,-0.000000
0.001867,0.014269,0.013238,0.018645,0.020628,0.004699,-0.003649,-0.039791,-0.008764,0.034916,0.034529,0.000668,0.013817,0.008613,-0.008453,-0.006386,0.021098,-0.002160,-0.019995,0.001436,0.010417,-0.001334,-0.011963,-0.000148,0.003372,0.000000,0.000000,0.000000,0.000000
0.005925,0.019066,0.013287,0.023544,0.013906,0.009531,0.005974,-0.047543,-0.012512,0.053090,0.053570,0.006044,0.015791,0.008095,-0.009358,-0.010463,0.019075,-0.004409,-0.017935,-0.002452,0.010718,-0.004660,-0.002049,-0.000121,0.003635,0.000000,0.000000,-0.000000,0.000000
0.012659,0.023275,0.015747,0.024967,0.006408,0.020347,0.015761,-0.053902,-0.013505,0.074035,0.073767,0.012037,0.016235,0.004560,-0.013080,-0.015178,0.019044,-0.007100,-0.016805,-0.007385,0.010657,-0.008287,0.019141,-0.000110,0.004058,0.000000,0.000000,-0.000001,-0.000000
0.023311,0.026189,0.025035,0.024139,0.007780,0.038865,0.020856,-0.063658,-0.009021,0.090981,0.101820,0.016513,0.015783,0.001621,-0.032988,-0.022327,0.022287,-0.007971,-0.015663,-0.013020,0.012311,-0.011520,0.060861,-0.000110,0.005125,0.000000,0.000000,-0.000000,0.000000
0.022472,0.020515,0.022074,0.028318,0.003192,0.039408,0.030792,-0.063529,-0.001266,0.107548,0.112790,0.016382,0.005347,-0.003695,-0.038162,-0.020763,0.025868,-0.010184,-0.014169,-0.014051,0.011190,-0.012417,0.072049,-0.000052,0.005212,0.000000,0.000000,0.000000,0.000001
0.010546,0.009080,0.008331,0.035408,-0.005068,0.021677,0.040588,-0.053551,0.005881,0.115409,0.101137,0.011697,-0.009858,-0.008728,-0.025988,-0.011254,0.027988,-0.012631,-0.013066,-0.009954,0.007851,-0.010522,0.047053,0.000035,0.004276,0.000000,0.000000,0.000000,0.000000
-0.003010,-0.011626,-0.003847,0.040470,-0.003250,0.015883,0.050136,-0.053164,0.021341,0.102243,0.093186,0.007988,-0.021527,-0.006462,-0.031674,-0.001618,0.024647,-0.016713,-0.011629,-0.010733,0.008429,-0.003096,0.020921,0.000011,0.003953,0.000000,0.000000,0.000000,-0.000000
-0.015710,-0.035504,-0.011310,0.041102,-0.000320,0.018935,0.054089,-0.053309,0.038762,0.078818,0.086543,0.002683,-0.030564,-0.001138,-0.046092,0.004148,0.017563,-0.020228,-0.009707,-0.013246,0.011890,0.001860,-0.001732,-0.000043,0.004162,0.000000,0.000000,-0.000001,-0.000000
-0.025071,-0.056447,-0.010915,0.034884,-0.005249,0.027718,0.047072,-0.044884,0.051772,0.055867,0.078753,-0.006793,-0.037869,0.002995,-0.060079,0.002053,0.008442,-0.020958,-0.007140,-0.014339,0.017191,-0.003657,-0.016317,-0.000051,0.004818,0.000000,0.000000,-0.000000,-0.000000
-0.045237,-0.096034,-0.005044,0.027594,-0.006036,0.039636,0.037471,-0.026218,0.074322,0.037545,0.066495,-0.015411,-0.051708,0.012153,-0.077432,0.002569,-0.008040,-0.021130,-0.004183,-0.017999,0.024436,-0.016458,-0.037855,-0.000066,0.005748,0.000000,0.000000,-0.000000,-0.000000
-0.066173,-0.134564,0.003372,0.022887,-0.002282,0.048757,0.030103,-0.006638,0.095199,0.033027,0.055912,-0.018871,-0.065202,0.021774,-0.089529,0.005445,-0.023662,-0.020670,-0.002313,-0.022410,0.030018,-0.030163,-0.055620,-0.000081,0.006490,0.000000,0.000000,-0.000001,-0.000000
