joint_0,joint_1,joint_2,joint_3,joint_4,joint_5,joint_6,joint_7,joint_8,joint_9,joint_10,joint_11,joint_12,joint_13,joint_14,joint_15,joint_16,joint_17,joint_18,joint_19,joint_20,joint_21,joint_22,joint_23,joint_24,joint_25,joint_26,joint_27,joint_28
0.110651,-0.001535,0.013944,0.164813,-0.017733,-0.023333,0.313981,-0.060374,0.112685,1.775933,1.961191,-0.036867,-0.077038,-0.315925,-0.633887,0.149156,-0.306144,-0.261800,0.084561,0.244289,0.505952,0.973208,0.913928,0.009631,0.036663,0.297916,0.300000,-0.004546,-0.050000
0.097503,-0.003307,0.007921,0.149786,-0.021678,-0.030236,0.306817,-0.059272,0.104041,1.781852,1.966518,-0.077475,-0.117614,-0.316788,-0.640993,0.150762,-0.303516,-0.261800,0.088824,0.238806,0.496561,0.967287,0.914123,0.008105,0.034651,0.295824,0.300000,-0.006474,-0.050000
0.084094,-0.006508,0.002675,0.136529,-0.024273,-0.036727,0.300368,-0.057910,0.096285,1.787200,1.970718,-0.117902,-0.157535,-0.316862,-0.646512,0.152261,-0.299217,-0.261800,0.092943,0.231566,0.487817,0.959755,0.913219,0.006106,0.032745,0.293367,0.300000,-0.009071,-0.050000
0.070141,-0.012579,-0.001018,0.126803,-0.024164,-0.042401,0.295339,-0.056024,0.090300,1.791411,1.972668,-0.158024,-0.196198,-0.315353,-0.648859,0.153544,-0.291561,-0.261800,0.096780,0.220791,0.480361,0.948986,0.910112,0.003158,0.031044,0.290172,0.299999,-0.013009,-0.050000
0.059052,-0.018509,-0.003357,0.122042,-0.021219,-0.044750,0.290520,-0.055066,0.083488,1.795211,1.974382,-0.195169,-0.232055,-0.314505,-0.650175,0.153261,-0.281120,-0.261800,0.100385,0.207273,0.472626,0.934815,0.904814,-0.000405,0.029167,0.286866,0.299997,-0.018062,-0.050000
0.049385,-0.024373,-0.005020,0.119758,-0.016853,-0.045439,0.285802,-0.054571,0.076256,1.798809,1.975980,-0.230855,-0.266540,-0.313988,-0.650977,0.152195,-0.269279,-0.261800,0.103876,0.192373,0.464747,0.918933,0.898417,-0.004277,0.027201,0.283502,0.299994,-0.023676,-0.050000
0.042521,-0.029019,-0.005824,0.120210,-0.010116,-0.045378,0.282070,-0.053676,0.069385,1.802325,1.975512,-0.260620,-0.296505,-0.313696,-0.650129,0.149538,-0.256255,-0.261800,0.105015,0.172611,0.458774,0.901192,0.889075,-0.009042,0.025623,0.280217,0.299199,-0.030828,-0.050000
0.036294,-0.032737,-0.006630,0.120777,-0.004363,-0.045540,0.278722,-0.052728,0.063245,1.805207,1.974765,-0.287203,-0.324997,-0.312511,-0.649152,0.147829,-0.243175,-0.261800,0.105712,0.150951,0.453445,0.880402,0.878429,-0.014134,0.024174,0.276068,0.298002,-0.038477,-0.050000
0.031357,-0.034589,-0.007439,0.121571,-0.000589,-0.046144,0.276151,-0.051671,0.058579,1.806813,1.973462,-0.307373,-0.350492,-0.309540,-0.647921,0.148020,-0.230009,-0.261800,0.105519,0.125534,0.449415,0.853550,0.865194,-0.019872,0.022984,0.270201,0.296003,-0.047103,-0.050000
0.027329,-0.035717,-0.007748,0.120826,0.001918,-0.046225,0.273403,-0.050640,0.055286,1.808594,1.971662,-0.324157,-0.370745,-0.307566,-0.646267,0.149057,-0.216856,-0.261800,0.103904,0.099476,0.447691,0.828120,0.852371,-0.025378,0.022287,0.264936,0.294210,-0.049988,-0.050000
0.023757,-0.036483,-0.007806,0.119309,0.003791,-0.046043,0.270568,-0.049622,0.052681,1.810462,1.969612,-0.339241,-0.388370,-0.306090,-0.644401,0.150516,-0.203712,-0.261800,0.101578,0.073105,0.447120,0.803406,0.839758,-0.030767,0.021838,0.259974,0.292522,-0.050000,-0.049999
0.022044,-0.035715,-0.007054,0.117610,0.005423,-0.043582,0.267442,-0.048932,0.050788,1.811759,1.969311,-0.350117,-0.400060,-0.304989,-0.643324,0.152070,-0.192370,-0.261800,0.098787,0.047449,0.449883,0.780597,0.832841,-0.035622,0.022214,0.255970,0.292434,-0.050000,-0.049973
0.021019,-0.034629,-0.006812,0.115902,0.006844,-0.041400,0.264731,-0.047885,0.049274,1.812975,1.968969,-0.359034,-0.410332,-0.303991,-0.642420,0.153825,-0.180978,-0.261800,0.095828,0.022617,0.453317,0.760516,0.825913,-0.040223,0.022715,0.252859,0.292415,-0.050000,-0.049837
0.021374,-0.032908,-0.007589,0.114177,0.007841,-0.039776,0.262846,-0.046122,0.048514,1.814031,1.968546,-0.364040,-0.417776,-0.303202,-0.641863,0.155982,-0.169477,-0.261800,0.092530,-0.000591,0.458095,0.745875,0.818959,-0.044317,0.023465,0.251532,0.292533,-0.050000,-0.049480
0.023022,-0.031485,-0.008613,0.111935,0.007362,-0.037204,0.262178,-0.043930,0.049046,1.814613,1.967103,-0.366582,-0.421236,-0.302558,-0.640094,0.158303,-0.158291,-0.261800,0.089275,-0.022069,0.461079,0.734745,0.810251,-0.048017,0.023784,0.251339,0.292126,-0.050000,-0.049607
0.025316,-0.030212,-0.009760,0.109435,0.006148,-0.034160,0.262118,-0.041523,0.050221,1.814958,1.965150,-0.367889,-0.422706,-0.301989,-0.637721,0.160706,-0.147263,-0.261800,0.086043,-0.042678,0.463164,0.725374,0.800666,-0.051518,0.023886,0.251715,0.291455,-0.050000,-0.049976
0.028905,-0.027147,-0.012145,0.106753,0.007845,-0.034504,0.261523,-0.038020,0.047051,1.812080,1.962355,-0.364574,-0.434795,-0.301758,-0.637359,0.164427,-0.139252,-0.261800,0.083972,-0.058518,0.460064,0.727314,0.778364,-0.054053,0.022847,0.255067,0.286555,-0.050000,-0.049990
0.032280,-0.024031,-0.013519,0.104115,0.009006,-0.034092,0.260721,-0.035262,0.044974,1.809600,1.960279,-0.362751,-0.442057,-0.301553,-0.636876,0.167575,-0.131973,-0.261800,0.081726,-0.073535,0.457931,0.726909,0.760271,-0.056525,0.022058,0.257703,0.283065,-0.050000,-0.049999
0.035228,-0.020812,-0.012866,0.101563,0.009092,-0.032164,0.259506,-0.033992,0.045084,1.807920,1.959642,-0.363916,-0.439654,-0.301401,-0.636150,0.169580,-0.126157,-0.261800,0.079129,-0.086910,0.457732,0.721806,0.750597,-0.058872,0.021770,0.258906,0.282396,-0.050000,-0.049999
0.037500,-0.017834,-0.011598,0.098972,0.008605,-0.031419,0.257810,-0.033815,0.046128,1.807241,1.959530,-0.364364,-0.437244,-0.301050,-0.635004,0.170949,-0.122228,-0.261800,0.076381,-0.099202,0.457588,0.716929,0.743378,-0.061039,0.021574,0.260160,0.282551,-0.050000,-0.049998
0.039434,-0.014978,-0.010022,0.096362,0.007832,-0.031265,0.255874,-0.034182,0.047638,1.807063,1.959681,-0.364453,-0.434831,-0.300600,-0.633648,0.171998,-0.119245,-0.261800,0.073559,-0.110947,0.457473,0.712167,0.737389,-0.063114,0.021423,0.261440,0.283118,-0.050000,-0.049997
0.040645,-0.013004,-0.008208,0.093602,0.006242,-0.031539,0.253452,-0.035731,0.049604,1.807825,1.959438,-0.365378,-0.433236,-0.299865,-0.631372,0.173280,-0.117984,-0.261800,0.070134,-0.121456,0.457498,0.707111,0.733482,-0.065014,0.021372,0.262622,0.284393,-0.050000,-0.049999
0.042056,-0.010899,-0.006962,0.091113,0.004618,-0.031010,0.251269,-0.037144,0.051373,1.808450,1.959468,-0.366121,-0.432440,-0.299386,-0.629519,0.174841,-0.117140,-0.261800,0.066650,-0.131505,0.457739,0.702486,0.730064,-0.066836,0.021381,0.263934,0.285862,-0.050000,-0.050000
0.043868,-0.008532,-0.006854,0.089166,0.002931,-0.028873,0.249565,-0.038285,0.052750,1.808799,1.960042,-0.366498,-0.433243,-0.299423,-0.628516,0.176958,-0.117127,-0.261800,0.063047,-0.140628,0.458411,0.698725,0.727622,-0.068503,0.021513,0.265506,0.287722,-0.050000,-0.050000
0.044860,-0.006547,-0.006230,0.087868,0.002009,-0.028196,0.247453,-0.040081,0.054566,1.809153,1.960223,-0.368212,-0.433884,-0.299339,-0.627614,0.178151,-0.117283,-0.261800,0.059438,-0.149919,0.459038,0.694554,0.725844,-0.070197,0.021653,0.266919,0.289847,-0.050000,-0.050000
0.045441,-0.004751,-0.005349,0.086895,0.001470,-0.028248,0.245134,-0.042206,0.056604,1.809511,1.960207,-0.370596,-0.434445,-0.299194,-0.626762,0.178884,-0.117523,-0.261800,0.055824,-0.159300,0.459644,0.690177,0.724396,-0.071906,0.021799,0.268255,0.292108,-0.050000,-0.050000
0.045506,-0.003549,-0.005040,0.085700,0.000804,-0.027799,0.242863,-0.044548,0.059543,1.811145,1.961130,-0.371732,-0.435856,-0.298718,-0.626534,0.183280,-0.117749,-0.261800,0.052310,-0.164221,0.459836,0.690550,0.723079,-0.072864,0.021883,0.271040,0.294420,-0.050000,-0.050000
0.045248,-0.002622,-0.004911,0.084553,0.000122,-0.027563,0.240641,-0.046883,0.062739,1.812997,1.962089,-0.373394,-0.437437,-0.298345,-0.626470,0.187276,-0.117944,-0.261800,0.048835,-0.168789,0.459812,0.691035,0.721760,-0.073765,0.021930,0.273845,0.296739,-0.050000,-0.050000
0.044344,-0.002246,-0.005144,0.083502,-0.000594,-0.027753,0.238520,-0.049200,0.066442,1.815282,1.963119,-0.376102,-0.439355,-0.298176,-0.626736,0.190471,-0.118077,-0.261800,0.045444,-0.172646,0.459359,0.691744,0.720438,-0.074551,0.021902,0.276686,0.299070,-0.050000,-0.050000
0.041886,-0.002817,-0.005317,0.082999,-0.001283,-0.028132,0.236069,-0.051852,0.071381,1.817731,1.964644,-0.380168,-0.441847,-0.298439,-0.627530,0.193547,-0.118807,-0.261800,0.042139,-0.175779,0.458191,0.692287,0.719190,-0.075237,0.021759,0.279439,0.299908,-0.050000,-0.050000
0.038654,-0.003861,-0.005461,0.082769,-0.001958,-0.028607,0.233455,-0.054670,0.076933,1.820261,1.966414,-0.384909,-0.444623,-0.298918,-0.628586,0.196563,-0.119834,-0.261800,0.038881,-0.178547,0.456668,0.692745,0.717980,-0.075872,0.021559,0.282144,0.300000,-0.050000,-0.050000
0.032991,-0.006157,-0.005691,0.083057,-0.002532,-0.028999,0.230223,-0.057797,0.083722,1.821029,1.969210,-0.392619,-0.448447,-0.298699,-0.630358,0.197314,-0.121431,-0.261800,0.035501,-0.182649,0.454383,0.689754,0.716210,-0.076804,0.021223,0.283719,0.300000,-0.050000,-0.050000
0.026789,-0.008920,-0.005800,0.083238,-0.003106,-0.029670,0.226865,-0.061011,0.091024,1.822586,1.972268,-0.400571,-0.452566,-0.299128,-0.632368,0.198673,-0.123265,-0.261800,0.032099,-0.186492,0.451850,0.686702,0.714291,-0.077708,0.020844,0.285285,0.300000,-0.050000,-0.050000
0.019498,-0.012620,-0.005665,0.083204,-0.003682,-0.030895,0.223252,-0.064401,0.099360,1.825720,1.975853,-0.409018,-0.457276,-0.300853,-0.634857,0.201249,-0.125577,-0.261800,0.028653,-0.189821,0.448815,0.683526,0.712069,-0.078554,0.020380,0.286833,0.300000,-0.050000,-0.049999
0.011387,-0.016303,-0.005546,0.083712,-0.003695,-0.031592,0.219181,-0.068111,0.109187,1.827921,1.980933,-0.418413,-0.463099,-0.300729,-0.638033,0.204216,-0.128367,-0.261800,0.025236,-0.192784,0.445619,0.680241,0.710013,-0.079354,0.019901,0.288400,0.300000,-0.050000,-0.049999
0.002861,-0.019979,-0.005435,0.084492,-0.003426,-0.032026,0.214879,-0.071981,0.119762,1.829656,1.986761,-0.428286,-0.469481,-0.299681,-0.641554,0.207379,-0.131396,-0.261800,0.021834,-0.195566,0.442340,0.676901,0.708039,-0.080133,0.019414,0.289977,0.300000,-0.050000,-0.049999
-0.005302,-0.024301,-0.005215,0.085152,-0.003737,-0.032851,0.210906,-0.075429,0.131012,1.836837,1.991093,-0.436779,-0.474731,-0.302784,-0.644939,0.210395,-0.133530,-0.261800,0.018477,-0.197966,0.439261,0.674128,0.706509,-0.080831,0.018954,0.291753,0.300000,-0.050000,-0.049999
-0.013975,-0.028846,-0.004826,0.085589,-0.003973,-0.034157,0.206301,-0.079110,0.142272,1.843431,1.994956,-0.445556,-0.479587,-0.306018,-0.648088,0.213142,-0.135651,-0.261800,0.015159,-0.200323,0.436130,0.671529,0.705173,-0.081516,0.018485,0.293595,0.300000,-0.050000,-0.050000
-0.023647,-0.033829,-0.004099,0.085579,-0.004057,-0.036418,0.200442,-0.083248,0.153525,1.848834,1.997871,-0.454876,-0.483640,-0.309504,-0.650758,0.215345,-0.137739,-0.261800,0.011926,-0.202589,0.432902,0.669286,0.704228,-0.082170,0.018003,0.295564,0.300000,-0.050000,-0.050000
-0.033044,-0.038158,-0.003862,0.085334,-0.004172,-0.037942,0.194475,-0.087460,0.164304,1.854179,2.000417,-0.463137,-0.487554,-0.312919,-0.652506,0.217118,-0.139370,-0.261800,0.008701,-0.204480,0.429662,0.667091,0.703570,-0.082757,0.017518,0.297525,0.300000,-0.050000,-0.050000
-0.042295,-0.042158,-0.003871,0.084970,-0.004301,-0.039095,0.188459,-0.091705,0.174837,1.859490,2.002776,-0.470861,-0.491396,-0.316297,-0.653791,0.218675,-0.140771,-0.261800,0.005484,-0.206181,0.426419,0.664921,0.703057,-0.083309,0.017033,0.299480,0.300000,-0.050000,-0.050000
-0.049441,-0.044372,-0.004064,0.084000,-0.004892,-0.039496,0.182804,-0.096120,0.183499,1.864958,2.003865,-0.476007,-0.493049,-0.321097,-0.654021,0.219357,-0.141540,-0.261800,0.002643,-0.207965,0.423475,0.663376,0.703486,-0.083836,0.016601,0.299792,0.300000,-0.050000,-0.050000
-0.055133,-0.045681,-0.004194,0.083164,-0.005330,-0.039591,0.177274,-0.100540,0.191037,1.869977,2.004549,-0.479827,-0.493625,-0.326054,-0.654727,0.219819,-0.141939,-0.261800,-0.000303,-0.209745,0.420769,0.662114,0.704121,-0.084349,0.016203,0.300000,0.300000,-0.050000,-0.050000
-0.057932,-0.045187,-0.004200,0.082598,-0.005462,-0.039074,0.171980,-0.104981,0.196346,1.874111,2.004422,-0.481006,-0.492051,-0.331332,-0.656386,0.219843,-0.141600,-0.261800,-0.003469,-0.211521,0.418533,0.661413,0.705169,-0.084832,0.015875,0.300000,0.300000,-0.050000,-0.050000
-0.057364,-0.043031,-0.004216,0.082033,-0.005391,-0.038113,0.167149,-0.109079,0.199398,1.877028,2.004518,-0.478847,-0.487951,-0.335225,-0.657959,0.219809,-0.140457,-0.261800,-0.006549,-0.213098,0.417006,0.661478,0.706094,-0.085249,0.015644,0.300000,0.300000,-0.050000,-0.050000
-0.055111,-0.040044,-0.004237,0.081469,-0.005218,-0.036931,0.162547,-0.113008,0.201322,1.879336,2.004724,-0.475018,-0.482587,-0.338425,-0.659488,0.219747,-0.138911,-0.261800,-0.009587,-0.214576,0.415832,0.661926,0.706958,-0.085633,0.015461,0.300000,0.300000,-0.050000,-0.050000
-0.049024,-0.034105,-0.004751,0.080617,-0.004691,-0.035756,0.159417,-0.114864,0.199944,1.877747,2.002197,-0.467351,-0.473813,-0.340003,-0.660269,0.220411,-0.136373,-0.261800,-0.012422,-0.216438,0.415772,0.663465,0.706690,-0.086044,0.015414,0.300000,0.300000,-0.050000,-0.050000
-0.041586,-0.027050,-0.005453,0.079976,-0.003951,-0.034878,0.156683,-0.116206,0.197544,1.874827,1.998906,-0.458572,-0.464091,-0.340848,-0.660904,0.221209,-0.133531,-0.261800,-0.015226,-0.218311,0.416071,0.665408,0.705963,-0.086443,0.015411,0.300000,0.300000,-0.050000,-0.050000
-0.031453,-0.017771,-0.006528,0.079753,-0.002789,-0.034594,0.154746,-0.116520,0.193101,1.869249,1.994094,-0.447576,-0.452480,-0.340226,-0.661245,0.222277,-0.130081,-0.261800,-0.017968,-0.220206,0.417087,0.668158,0.704316,-0.086818,0.015493,0.300000,0.300000,-0.050000,-0.050000
-0.018654,-0.005855,-0.008366,0.079077,-0.002013,-0.032858,0.154559,-0.115656,0.187310,1.862949,1.989109,-0.433975,-0.439532,-0.339527,-0.661452,0.222789,-0.126528,-0.261800,-0.020763,-0.222252,0.418658,0.672192,0.701889,-0.087162,0.015645,0.300000,0.300000,-0.050000,-0.050000
-0.004516,0.007383,-0.010585,0.078173,-0.001429,-0.030395,0.155246,-0.114202,0.180843,1.856287,1.984036,-0.419065,-0.425909,-0.338789,-0.661592,0.223024,-0.122920,-0.261800,-0.023586,-0.224375,0.420507,0.676870,0.699072,-0.087489,0.015831,0.300000,0.300000,-0.050000,-0.050000
0.014036,0.023109,-0.011854,0.076175,-0.000705,-0.031668,0.155596,-0.112544,0.168536,1.848006,1.975676,-0.399999,-0.409780,-0.342397,-0.661070,0.221444,-0.119667,-0.261800,-0.026274,-0.226152,0.426380,0.683160,0.701295,-0.087672,0.016829,0.300000,0.300000,-0.050000,-0.049823
0.033139,0.039235,-0.013166,0.074035,-0.000074,-0.032441,0.156136,-0.110610,0.156102,1.838636,1.966954,-0.380599,-0.392963,-0.345172,-0.660259,0.219326,-0.116398,-0.261800,-0.028787,-0.227836,0.432229,0.689097,0.703185,-0.087842,0.017810,0.300000,0.300000,-0.050000,-0.049662
0.053338,0.056157,-0.014568,0.071611,0.000374,-0.032210,0.157058,-0.108124,0.143418,1.827090,1.957508,-0.360537,-0.374769,-0.346277,-0.658873,0.216131,-0.113099,-0.261800,-0.030951,-0.229334,0.438029,0.694327,0.704403,-0.087989,0.018759,0.300000,0.300000,-0.050000,-0.049535
0.074912,0.072828,-0.016210,0.068438,-0.000053,-0.029954,0.158801,-0.104676,0.129486,1.814577,1.945858,-0.342409,-0.355607,-0.349212,-0.656525,0.212549,-0.110172,-0.261800,-0.032860,-0.232723,0.443690,0.703737,0.706011,-0.088321,0.019693,0.300000,0.300000,-0.050000,-0.049418
0.097181,0.089381,-0.017972,0.064889,-0.000917,-0.026684,0.160955,-0.100745,0.114924,1.801574,1.933101,-0.325241,-0.335953,-0.353063,-0.653696,0.208772,-0.107429,-0.261800,-0.034643,-0.237059,0.449285,0.715240,0.707814,-0.088747,0.020619,0.300000,0.300000,-0.050000,-0.049308
0.118061,0.107055,-0.017732,0.061514,-0.002335,-0.025355,0.162055,-0.098068,0.101311,1.786874,1.919514,-0.308324,-0.316435,-0.354080,-0.650800,0.203615,-0.106151,-0.261800,-0.035704,-0.240862,0.454442,0.723700,0.709730,-0.089171,0.021492,0.300000,0.300000,-0.050000,-0.049266
0.138128,0.124591,-0.016635,0.058260,-0.003840,-0.024885,0.162491,-0.095998,0.088211,1.772703,1.905434,-0.292171,-0.296892,-0.354698,-0.647979,0.198209,-0.105406,-0.261800,-0.036739,-0.244387,0.459200,0.731149,0.711924,-0.089579,0.022306,0.300000,0.300000,-0.050000,-0.049287
0.156563,0.141844,-0.013829,0.055250,-0.005519,-0.026130,0.161604,-0.095143,0.076141,1.759598,1.890373,-0.277553,-0.277309,-0.354519,-0.645310,0.192308,-0.105725,-0.261800,-0.037721,-0.247355,0.463157,0.736577,0.714677,-0.089956,0.023005,0.300000,0.300000,-0.050000,-0.049434
0.175024,0.159434,-0.012688,0.052005,-0.007828,-0.024440,0.161315,-0.093496,0.064029,1.747945,1.878245,-0.263498,-0.261647,-0.354457,-0.643312,0.186655,-0.106609,-0.261800,-0.038653,-0.249802,0.466510,0.741220,0.717872,-0.090271,0.023643,0.300000,0.300000,-0.050000,-0.049634
0.193502,0.177195,-0.012382,0.048643,-0.010452,-0.021280,0.161324,-0.091451,0.051894,1.737018,1.867583,-0.249723,-0.247947,-0.354452,-0.641649,0.181125,-0.107776,-0.261800,-0.039561,-0.251988,0.469561,0.745471,0.721289,-0.090556,0.024251,0.300000,0.300000,-0.050000,-0.049859
0.208297,0.192846,-0.011045,0.044546,-0.012945,-0.018846,0.160591,-0.089811,0.043204,1.728523,1.857345,-0.238682,-0.238272,-0.353630,-0.640376,0.176292,-0.109751,-0.261800,-0.040478,-0.253570,0.471794,0.748021,0.724850,-0.090808,0.024755,0.300000,0.300000,-0.050000,-0.049941
0.222110,0.207854,-0.009699,0.040901,-0.015376,-0.016784,0.160179,-0.088501,0.035390,1.720481,1.847194,-0.228551,-0.229731,-0.352782,-0.639295,0.171794,-0.111856,-0.261800,-0.041352,-0.255061,0.473773,0.750207,0.728109,-0.091064,0.025216,0.300000,0.300000,-0.050000,-0.049997
0.233976,0.221597,-0.008330,0.038155,-0.017686,-0.015463,0.160407,-0.087852,0.029316,1.713335,1.837202,-0.220229,-0.223447,-0.351880,-0.638593,0.167959,-0.114224,-0.261800,-0.042139,-0.256368,0.475246,0.751668,0.730769,-0.091327,0.025591,0.300000,0.300000,-0.050000,-0.049999
0.244434,0.233976,-0.006855,0.035578,-0.019858,-0.014047,0.160348,-0.088229,0.024836,1.708138,1.828763,-0.213497,-0.219125,-0.350923,-0.638521,0.164547,-0.116940,-0.261800,-0.042937,-0.257428,0.476442,0.752658,0.732720,-0.091573,0.025919,0.300000,0.300000,-0.050000,-0.049999
0.254192,0.245678,-0.005328,0.033086,-0.021963,-0.012582,0.160147,-0.089119,0.021149,1.703912,1.821095,-0.207557,-0.215781,-0.349938,-0.638764,0.161345,-0.119830,-0.261800,-0.043740,-0.258364,0.477501,0.753412,0.734317,-0.091810,0.026223,0.300000,0.300000,-0.050000,-0.050000
0.261451,0.254263,-0.004027,0.031303,-0.024466,-0.010768,0.159935,-0.091338,0.020609,1.703291,1.816902,-0.204362,-0.215114,-0.349270,-0.639705,0.158825,-0.122748,-0.261800,-0.044620,-0.258802,0.478419,0.752617,0.735177,-0.092028,0.026503,0.300000,0.300000,-0.050000,-0.049999
0.267704,0.261828,-0.002832,0.029754,-0.026902,-0.009300,0.159736,-0.093798,0.021169,1.703613,1.813915,-0.202216,-0.215530,-0.349585,-0.640946,0.156813,-0.125440,-0.261798,-0.045439,-0.258910,0.479164,0.751776,0.735515,-0.092199,0.026745,0.300000,0.300000,-0.050000,-0.049999
0.271929,0.267337,-0.001850,0.028677,-0.029196,-0.008529,0.159561,-0.096734,0.023929,1.705819,1.813347,-0.202171,-0.218110,-0.351864,-0.642782,0.155818,-0.127670,-0.261790,-0.046133,-0.258357,0.479562,0.750848,0.734807,-0.092274,0.026907,0.300000,0.300000,-0.050000,-0.050000
0.273656,0.270395,-0.001375,0.027883,-0.031524,-0.008106,0.160030,-0.099372,0.029056,1.709826,1.814525,-0.204403,-0.223211,-0.354367,-0.645129,0.156910,-0.129534,-0.261313,-0.046588,-0.256282,0.479277,0.751005,0.732483,-0.092069,0.026921,0.300000,0.300000,-0.050000,-0.050000
0.274133,0.272226,-0.001152,0.027232,-0.033868,-0.007858,0.160822,-0.101860,0.035367,1.714733,1.816577,-0.207773,-0.229572,-0.356982,-0.647731,0.159046,-0.131214,-0.260601,-0.046922,-0.253446,0.478652,0.751706,0.729350,-0.091725,0.026859,0.300000,0.300000,-0.050000,-0.050000
0.270765,0.270766,-0.001461,0.027467,-0.035651,-0.007870,0.161752,-0.104553,0.045355,1.720836,1.821973,-0.215114,-0.238337,-0.358064,-0.651056,0.160491,-0.132708,-0.258762,-0.047145,-0.250685,0.477539,0.751449,0.725983,-0.091428,0.026718,0.300000,0.300000,-0.049998,-0.050000
0.266312,0.268152,-0.001999,0.027627,-0.037228,-0.007999,0.162598,-0.107103,0.056332,1.727149,1.827960,-0.223483,-0.248051,-0.359360,-0.654548,0.162140,-0.134286,-0.256901,-0.047383,-0.247976,0.476197,0.750989,0.722275,-0.091153,0.026536,0.300000,0.300000,-0.049997,-0.050000
0.259683,0.263229,-0.002995,0.027636,-0.038401,-0.008360,0.163278,-0.109371,0.069303,1.733891,1.835136,-0.233918,-0.259675,-0.361087,-0.658380,0.164202,-0.136035,-0.254992,-0.047650,-0.245366,0.474394,0.750123,0.717876,-0.090923,0.026271,0.300000,0.300000,-0.049998,-0.050000
0.250877,0.255930,-0.004064,0.027447,-0.039325,-0.009062,0.163618,-0.111401,0.084283,1.741537,1.843332,-0.246282,-0.272882,-0.363464,-0.662769,0.166736,-0.137979,-0.253945,-0.048042,-0.242912,0.472238,0.748661,0.713089,-0.090755,0.025948,0.300000,0.300000,-0.049999,-0.050000
0.240971,0.247433,-0.005172,0.027158,-0.040124,-0.009936,0.163788,-0.113314,0.100283,1.749641,1.852046,-0.259623,-0.286893,-0.366167,-0.667440,0.169509,-0.140022,-0.253330,-0.048496,-0.240534,0.469902,0.746898,0.708104,-0.090617,0.025596,0.300000,0.300000,-0.050000,-0.050000
0.226730,0.235075,-0.005502,0.028256,-0.040168,-0.013045,0.162339,-0.115900,0.118796,1.757078,1.862937,-0.276475,-0.301795,-0.367606,-0.672524,0.173120,-0.142631,-0.255353,-0.048818,-0.238198,0.466883,0.742793,0.702796,-0.090594,0.025131,0.300000,0.300000,-0.050000,-0.050000
0.211598,0.221857,-0.005888,0.029478,-0.040176,-0.015866,0.160486,-0.118378,0.137782,1.765275,1.874990,-0.293894,-0.317329,-0.368996,-0.677773,0.176929,-0.145597,-0.257376,-0.049100,-0.236105,0.463655,0.738225,0.697482,-0.090636,0.024638,0.300000,0.300000,-0.050000,-0.050000
0.194703,0.206938,-0.006382,0.030947,-0.040114,-0.018109,0.157828,-0.120636,0.157693,1.774981,1.889351,-0.312429,-0.334110,-0.370284,-0.683346,0.181127,-0.149278,-0.259396,-0.049301,-0.234501,0.460015,0.732739,0.692163,-0.090809,0.024093,0.300000,0.300000,-0.050000,-0.050000
0.175698,0.190904,-0.006760,0.033111,-0.039423,-0.022280,0.154322,-0.123613,0.179817,1.784158,1.905431,-0.329660,-0.352085,-0.368790,-0.689154,0.185577,-0.153231,-0.260762,-0.049208,-0.231304,0.456129,0.723874,0.686040,-0.090818,0.023501,0.298901,0.300000,-0.049999,-0.050000
0.155657,0.174328,-0.007079,0.035619,-0.038418,-0.027413,0.150395,-0.126946,0.203026,1.793061,1.922356,-0.346223,-0.370641,-0.365907,-0.695073,0.190148,-0.157318,-0.261800,-0.048968,-0.227313,0.452124,0.713327,0.679521,-0.090745,0.022886,0.297254,0.300000,-0.049999,-0.050000
0.132417,0.155521,-0.008074,0.038221,-0.037328,-0.029272,0.147431,-0.129546,0.227161,1.800919,1.938528,-0.367366,-0.392072,-0.358215,-0.700255,0.195898,-0.162676,-0.261800,-0.048568,-0.224443,0.447375,0.702168,0.673343,-0.090924,0.022184,0.295591,0.300000,-0.049999,-0.050000
0.109294,0.135568,-0.009054,0.040267,-0.036679,-0.029741,0.144911,-0.131646,0.251027,1.809534,1.953047,-0.388044,-0.412277,-0.351628,-0.702843,0.201454,-0.167943,-0.261800,-0.048421,-0.222065,0.441504,0.690582,0.665970,-0.091200,0.021269,0.293922,0.299826,-0.050000,-0.050000
0.086427,0.113340,-0.010002,0.041194,-0.036914,-0.027429,0.143282,-0.132747,0.274334,1.819661,1.964242,-0.407770,-0.430007,-0.347259,-0.700237,0.206611,-0.173020,-0.261800,-0.048784,-0.220674,0.433396,0.678154,0.656216,-0.091669,0.019925,0.292241,0.299306,-0.050000,-0.050000
0.064594,0.093274,-0.010647,0.042318,-0.035792,-0.027477,0.140208,-0.134492,0.295462,1.830836,1.975355,-0.426591,-0.446046,-0.345077,-0.698802,0.210879,-0.177283,-0.261800,-0.048930,-0.220574,0.426130,0.667852,0.648024,-0.092244,0.018742,0.291053,0.299321,-0.050000,-0.050000
0.043268,0.074281,-0.011140,0.043540,-0.033989,-0.028709,0.136410,-0.136560,0.315510,1.842542,1.986434,-0.444968,-0.461246,-0.343990,-0.697953,0.214704,-0.181140,-0.261800,-0.048969,-0.221119,0.419281,0.658609,0.640609,-0.092873,0.017639,0.290112,0.299604,-0.050000,-0.050000
0.023670,0.058961,-0.012152,0.044941,-0.032952,-0.030799,0.132420,-0.139347,0.330338,1.852020,1.997543,-0.460947,-0.472334,-0.343657,-0.699898,0.218698,-0.184701,-0.261800,-0.048319,-0.221880,0.413693,0.652231,0.634313,-0.093436,0.016743,0.290217,0.299841,-0.050000,-0.050000
0.005459,0.045275,-0.012835,0.046258,-0.031888,-0.032541,0.128330,-0.142196,0.343617,1.861127,2.008160,-0.475468,-0.481960,-0.344446,-0.702799,0.221836,-0.187900,-0.261800,-0.047687,-0.222585,0.408602,0.646698,0.629296,-0.093948,0.015944,0.290615,0.300000,-0.050000,-0.050000
-0.009973,0.034860,-0.012860,0.047408,-0.030768,-0.033586,0.124044,-0.145170,0.353794,1.869489,2.017790,-0.487070,-0.488658,-0.347478,-0.707610,0.223260,-0.190373,-0.261800,-0.047092,-0.223182,0.404508,0.642855,0.626840,-0.094360,0.015341,0.291597,0.300000,-0.050000,-0.050000
-0.022472,0.026850,-0.012563,0.048158,-0.029697,-0.033526,0.120965,-0.148330,0.361283,1.876853,2.025748,-0.496012,-0.492781,-0.350918,-0.712157,0.222804,-0.192191,-0.261799,-0.046401,-0.224558,0.401175,0.640213,0.627684,-0.094824,0.014913,0.293071,0.300000,-0.050000,-0.050000
-0.033498,0.020047,-0.012105,0.048707,-0.028651,-0.032913,0.118491,-0.151581,0.367423,1.883713,2.032867,-0.503619,-0.495611,-0.354561,-0.716572,0.221406,-0.193680,-0.261797,-0.045663,-0.226324,0.398224,0.638174,0.630180,-0.095313,0.014572,0.294792,0.300000,-0.050000,-0.050000
-0.040166,0.016996,-0.010912,0.049234,-0.027767,-0.031843,0.116654,-0.153700,0.369419,1.887957,2.035828,-0.506183,-0.494765,-0.358173,-0.718032,0.219459,-0.193793,-0.261799,-0.045284,-0.228710,0.396415,0.635133,0.633888,-0.095932,0.014405,0.296641,0.300000,-0.050000,-0.050000
-0.044849,0.015363,-0.009870,0.049769,-0.026842,-0.030790,0.114805,-0.155298,0.369923,1.891648,2.037408,-0.506445,-0.492720,-0.361765,-0.718884,0.217825,-0.193281,-0.261800,-0.045077,-0.231172,0.395156,0.633063,0.637399,-0.096529,0.014308,0.298298,0.300000,-0.050000,-0.050000
-0.045568,0.016566,-0.009127,0.050321,-0.025836,-0.029771,0.112929,-0.155854,0.367444,1.894236,2.036227,-0.502104,-0.488274,-0.365319,-0.718519,0.216813,-0.191517,-0.261800,-0.045212,-0.233785,0.394993,0.632931,0.640520,-0.097083,0.014352,0.299574,0.300000,-0.050000,-0.050000
-0.041920,0.021064,-0.008929,0.050734,-0.024674,-0.028236,0.111538,-0.155811,0.361612,1.893847,2.032826,-0.493633,-0.480652,-0.368371,-0.716839,0.215958,-0.188938,-0.261800,-0.045394,-0.236983,0.395672,0.634679,0.643110,-0.097655,0.014494,0.300000,0.300000,-0.050000,-0.050000
-0.036087,0.027211,-0.009004,0.051078,-0.023433,-0.026444,0.110389,-0.155469,0.354102,1.891968,2.028314,-0.483094,-0.471441,-0.371172,-0.714501,0.215182,-0.185952,-0.261800,-0.045599,-0.240472,0.396773,0.637367,0.645433,-0.098237,0.014686,0.300000,0.300000,-0.050000,-0.050000
-0.024986,0.036744,-0.009482,0.052041,-0.022615,-0.025235,0.110838,-0.154574,0.343550,1.886296,2.020332,-0.467944,-0.458814,-0.372772,-0.708469,0.214332,-0.181250,-0.261800,-0.043704,-0.243826,0.399495,0.641444,0.645695,-0.098738,0.015057,0.300000,0.300000,-0.050000,-0.050000
-0.012524,0.047453,-0.009486,0.053264,-0.021325,-0.025564,0.111304,-0.153776,0.332263,1.879691,2.011202,-0.452077,-0.446057,-0.374350,-0.702894,0.213933,-0.176232,-0.261800,-0.041627,-0.246738,0.403667,0.645508,0.647279,-0.099176,0.015689,0.300000,0.300000,-0.050000,-0.049891
0.002666,0.060517,-0.008541,0.055009,-0.019089,-0.028973,0.111804,-0.153170,0.319502,1.871218,1.999772,-0.434768,-0.433037,-0.375884,-0.698230,0.214435,-0.170577,-0.261800,-0.039185,-0.248767,0.410745,0.649545,0.651507,-0.099490,0.016848,0.300000,0.300000,-0.050000,-0.049567
0.021077,0.074873,-0.008485,0.055960,-0.016838,-0.030600,0.113278,-0.150927,0.306004,1.858690,1.985562,-0.414504,-0.418062,-0.377059,-0.693767,0.215022,-0.164905,-0.261800,-0.037236,-0.250042,0.419034,0.654832,0.654769,-0.099628,0.018179,0.300000,0.300000,-0.050000,-0.049004
0.041090,0.089868,-0.008874,0.056513,-0.014581,-0.031335,0.115238,-0.147866,0.292144,1.844137,1.969969,-0.392771,-0.402115,-0.378055,-0.689406,0.215650,-0.159228,-0.261800,-0.035533,-0.250939,0.427926,0.660742,0.657547,-0.099679,0.019597,0.300000,0.300000,-0.050000,-0.048321
0.065669,0.107217,-0.009912,0.055932,-0.012606,-0.028902,0.119150,-0.141786,0.273769,1.827585,1.952768,-0.371416,-0.383248,-0.379904,-0.684776,0.215561,-0.153846,-0.261800,-0.034348,-0.256925,0.439214,0.669909,0.659742,-0.099871,0.021392,0.300000,0.300000,-0.050000,-0.047131
0.091260,0.125393,-0.010390,0.054946,-0.011109,-0.027274,0.123098,-0.135661,0.255021,1.810990,1.935763,-0.348671,-0.363317,-0.382709,-0.680000,0.214684,-0.148715,-0.261800,-0.033082,-0.262897,0.450852,0.677773,0.661631,-0.099999,0.023238,0.300000,0.300000,-0.050000,-0.045858
0.118916,0.145257,-0.009746,0.053150,-0.010565,-0.027253,0.127123,-0.129439,0.235494,1.794281,1.919117,-0.323104,-0.341228,-0.387429,-0.674927,0.212231,-0.144074,-0.261800,-0.031656,-0.268847,0.463210,0.683040,0.662912,-0.100000,0.025190,0.300000,0.300000,-0.050000,-0.044418
0.146352,0.165986,-0.009462,0.050930,-0.010674,-0.026942,0.131085,-0.122855,0.216418,1.775198,1.903907,-0.298510,-0.319938,-0.391432,-0.670391,0.209464,-0.139856,-0.261800,-0.030066,-0.274334,0.475319,0.686712,0.663540,-0.100000,0.027096,0.300000,0.300000,-0.050000,-0.043002
0.173703,0.187168,-0.009358,0.048497,-0.011110,-0.026484,0.135019,-0.116083,0.197551,1.754910,1.889401,-0.274381,-0.299029,-0.395079,-0.666122,0.206537,-0.135845,-0.261800,-0.028394,-0.279595,0.487314,0.689586,0.663842,-0.100000,0.028982,0.300000,0.300000,-0.050000,-0.041596
0.199520,0.208339,-0.009780,0.046319,-0.012097,-0.026536,0.139435,-0.108552,0.181019,1.738559,1.878227,-0.254691,-0.282089,-0.398463,-0.664209,0.203596,-0.132587,-0.261800,-0.027126,-0.282659,0.497672,0.691224,0.663819,-0.100000,0.030622,0.300000,0.300000,-0.050000,-0.040451
0.224132,0.228893,-0.010602,0.044507,-0.013199,-0.026164,0.143898,-0.101392,0.165557,1.721860,1.867972,-0.236809,-0.266672,-0.401149,-0.663184,0.200506,-0.129732,-0.261800,-0.025710,-0.285151,0.507071,0.693050,0.663747,-0.099998,0.032115,0.300000,0.300000,-0.050000,-0.039490
0.246320,0.248200,-0.012224,0.043425,-0.014531,-0.024941,0.148452,-0.094978,0.152246,1.704473,1.859563,-0.222555,-0.254314,-0.402439,-0.663935,0.197122,-0.127683,-0.261800,-0.023999,-0.286496,0.514545,0.695248,0.663576,-0.099992,0.033315,0.300000,0.300000,-0.050000,-0.038894
0.266956,0.265494,-0.013168,0.042110,-0.016217,-0.023335,0.152798,-0.089291,0.141562,1.693512,1.852241,-0.211310,-0.244448,-0.404586,-0.665811,0.192981,-0.126652,-0.261800,-0.022779,-0.287158,0.520052,0.697424,0.664483,-0.099966,0.034237,0.300000,0.300000,-0.050000,-0.038635
0.286789,0.281759,-0.013771,0.040680,-0.018077,-0.021539,0.157035,-0.083974,0.132206,1.685779,1.845472,-0.201585,-0.235839,-0.407160,-0.668248,0.188467,-0.126133,-0.261800,-0.021804,-0.287478,0.524568,0.699586,0.665929,-0.099929,0.035019,0.300000,0.300000,-0.050000,-0.038545
0.302405,0.293859,-0.012373,0.040331,-0.020449,-0.020675,0.160828,-0.081255,0.127200,1.681823,1.839658,-0.196545,-0.230667,-0.411164,-0.669557,0.183560,-0.126929,-0.260642,-0.021752,-0.287241,0.526008,0.699546,0.667223,-0.099943,0.035319,0.300000,0.300000,-0.050000,-0.039046
0.316431,0.304877,-0.011059,0.039841,-0.022660,-0.019613,0.164441,-0.079177,0.123439,1.677783,1.834412,-0.192489,-0.226931,-0.414723,-0.670576,0.178791,-0.128164,-0.259022,-0.021589,-0.287048,0.526751,0.698970,0.668630,-0.099954,0.035519,0.300000,0.300000,-0.050000,-0.039670
0.327302,0.313748,-0.009912,0.039065,-0.024553,-0.018152,0.167699,-0.078378,0.122164,1.673566,1.830294,-0.190394,-0.226062,-0.417395,-0.671017,0.174289,-0.130281,-0.256473,-0.021206,-0.286946,0.526101,0.697317,0.670268,-0.099961,0.035519,0.300000,0.300000,-0.050000,-0.040541
0.336956,0.321106,-0.009341,0.037018,-0.027311,-0.015314,0.170811,-0.077404,0.122600,1.673735,1.827668,-0.189457,-0.228625,-0.420952,-0.670384,0.170908,-0.132936,-0.254140,-0.020803,-0.287456,0.524939,0.695503,0.671920,-0.099978,0.035463,0.300000,0.300000,-0.050000,-0.041498
0.346007,0.327711,-0.009058,0.034334,-0.030503,-0.011785,0.173851,-0.076342,0.123894,1.676100,1.825788,-0.189098,-0.232907,-0.424954,-0.669214,0.168085,-0.135863,-0.251914,-0.020388,-0.288271,0.523519,0.693608,0.673580,-0.100000,0.035379,0.300000,0.300000,-0.050000,-0.042499
0.347980,0.329939,-0.006517,0.034071,-0.031481,-0.012737,0.174747,-0.078060,0.130296,1.677292,1.824733,-0.192739,-0.239016,-0.426420,-0.667424,0.167118,-0.138701,-0.249541,-0.019061,-0.288157,0.521447,0.689789,0.675165,-0.099996,0.035189,0.300000,0.300000,-0.050000,-0.043596
0.348426,0.330886,-0.004515,0.034015,-0.032204,-0.013900,0.175456,-0.079999,0.137862,1.679679,1.824951,-0.197436,-0.246657,-0.427729,-0.666072,0.166807,-0.141403,-0.247100,-0.017622,-0.287739,0.519186,0.686754,0.675778,-0.099993,0.034956,0.300000,0.300000,-0.050000,-0.044740
0.345814,0.329268,-0.003596,0.034369,-0.032417,-0.015483,0.175788,-0.082378,0.147741,1.684454,1.827715,-0.204237,-0.257348,-0.428726,-0.665600,0.167811,-0.143828,-0.244529,-0.015961,-0.286712,0.516552,0.685294,0.674442,-0.099990,0.034638,0.300000,0.300000,-0.050000,-0.045975
0.340738,0.325057,-0.002919,0.035169,-0.032503,-0.016727,0.175675,-0.085215,0.159167,1.690755,1.832558,-0.213997,-0.269959,-0.429561,-0.666274,0.169741,-0.146370,-0.242008,-0.014249,-0.284849,0.513598,0.683246,0.672109,-0.099931,0.034258,0.300000,0.300000,-0.050000,-0.047283
0.334430,0.319549,-0.002363,0.036193,-0.032526,-0.017802,0.175340,-0.088281,0.171364,1.697820,1.838443,-0.225237,-0.283529,-0.430315,-0.667523,0.172134,-0.148971,-0.239513,-0.012513,-0.282568,0.510483,0.680903,0.669277,-0.099845,0.033848,0.300000,0.300000,-0.050000,-0.048627
0.324910,0.310207,-0.001919,0.037668,-0.032134,-0.019159,0.174373,-0.091832,0.185941,1.707251,1.847199,-0.239871,-0.299327,-0.431321,-0.670167,0.175822,-0.151684,-0.237373,-0.010945,-0.279273,0.506924,0.678115,0.665676,-0.099636,0.033363,0.300000,0.300000,-0.050000,-0.049451
0.313927,0.299805,-0.001540,0.039246,-0.031784,-0.020515,0.173526,-0.095405,0.201289,1.717828,1.856510,-0.255314,-0.315934,-0.432594,-0.673055,0.179788,-0.154438,-0.235578,-0.009419,-0.275805,0.503125,0.675207,0.661698,-0.099409,0.032837,0.300000,0.300000,-0.049999,-0.050000
0.300009,0.287273,-0.001292,0.041029,-0.031521,-0.021867,0.172921,-0.099023,0.218190,1.730706,1.866940,-0.272389,-0.334176,-0.434407,-0.676432,0.184317,-0.157277,-0.234471,-0.007977,-0.271988,0.498843,0.672057,0.656959,-0.099146,0.032227,0.300000,0.300000,-0.049995,-0.050000
0.283747,0.273128,-0.001432,0.042906,-0.031405,-0.023717,0.172157,-0.102539,0.235867,1.744899,1.878196,-0.290927,-0.353269,-0.436347,-0.680232,0.189384,-0.160512,-0.233844,-0.006402,-0.268080,0.494074,0.668955,0.651122,-0.098878,0.031527,0.300000,0.300000,-0.049994,-0.050000
0.266312,0.258176,-0.001767,0.044831,-0.031363,-0.025814,0.171313,-0.106004,0.253934,1.759750,1.889865,-0.310196,-0.372787,-0.438352,-0.684244,0.194720,-0.163944,-0.233458,-0.004761,-0.264125,0.489062,0.665876,0.644736,-0.098607,0.030781,0.300000,0.300000,-0.049994,-0.050000
0.246206,0.240963,-0.002020,0.047966,-0.030982,-0.026838,0.170380,-0.110032,0.272915,1.774752,1.902371,-0.331119,-0.393444,-0.442063,-0.688520,0.200223,-0.168239,-0.233183,-0.002924,-0.260718,0.483222,0.661747,0.638718,-0.098472,0.029930,0.300000,0.300000,-0.049997,-0.050000
0.224025,0.222941,-0.002449,0.051512,-0.030105,-0.027878,0.169029,-0.114342,0.292701,1.787297,1.915501,-0.352078,-0.414962,-0.441654,-0.692628,0.205449,-0.172826,-0.232206,-0.001125,-0.256537,0.477097,0.655872,0.632199,-0.098275,0.029033,0.299590,0.300000,-0.049992,-0.050000
0.197714,0.203318,-0.003231,0.055877,-0.028231,-0.028945,0.166844,-0.119213,0.314073,1.794909,1.929865,-0.373084,-0.438177,-0.432997,-0.696395,0.210114,-0.177992,-0.229826,0.000598,-0.250813,0.470410,0.646511,0.624682,-0.097956,0.028044,0.298358,0.300000,-0.049969,-0.050000
0.171861,0.181523,-0.004593,0.059060,-0.027474,-0.029072,0.165364,-0.122607,0.335733,1.806329,1.943674,-0.394710,-0.459222,-0.428458,-0.698652,0.215803,-0.182527,-0.229295,0.002240,-0.246130,0.461969,0.637646,0.614109,-0.097804,0.026713,0.297334,0.299457,-0.049977,-0.050000
0.146231,0.158638,-0.006246,0.061654,-0.027274,-0.028729,0.164235,-0.125264,0.357541,1.819652,1.957208,-0.416648,-0.479185,-0.425977,-0.700155,0.222005,-0.186749,-0.229688,0.003840,-0.241967,0.452649,0.629029,0.602005,-0.097734,0.025211,0.296413,0.298643,-0.050000,-0.050000
0.119973,0.135562,-0.006756,0.064124,-0.026717,-0.030295,0.160593,-0.128261,0.377110,1.834026,1.971391,-0.439174,-0.498534,-0.424411,-0.701165,0.228682,-0.191343,-0.230403,0.005432,-0.238860,0.443372,0.620672,0.590290,-0.097834,0.023751,0.295729,0.298014,-0.050000,-0.050000
0.093759,0.112643,-0.007199,0.066459,-0.026336,-0.031820,0.156480,-0.131446,0.395630,1.848210,1.985311,-0.461298,-0.517098,-0.422646,-0.702146,0.235372,-0.195873,-0.231224,0.006600,-0.236307,0.434441,0.612813,0.578952,-0.098001,0.022352,0.295271,0.297557,-0.050000,-0.050000
0.067618,0.090027,-0.007507,0.068525,-0.026308,-0.033264,0.151422,-0.135011,0.412065,1.862020,1.998712,-0.482629,-0.534104,-0.420477,-0.703072,0.242095,-0.200276,-0.232260,0.006920,-0.234859,0.426199,0.605947,0.568362,-0.098302,0.021074,0.295268,0.297442,-0.050000,-0.050000
0.042915,0.069720,-0.007150,0.070484,-0.025935,-0.033743,0.145332,-0.139407,0.426846,1.874703,2.010994,-0.501923,-0.547794,-0.418754,-0.705209,0.247144,-0.204558,-0.233826,0.006473,-0.235005,0.418581,0.600343,0.559340,-0.098773,0.019907,0.295820,0.297994,-0.050000,-0.050000
0.018913,0.050551,-0.006459,0.072392,-0.025389,-0.033739,0.138719,-0.144221,0.440811,1.886832,2.022727,-0.520212,-0.559836,-0.417252,-0.707952,0.251358,-0.208783,-0.235658,0.005641,-0.235949,0.411270,0.595364,0.551095,-0.099329,0.018794,0.296651,0.298880,-0.050000,-0.050000
-0.000778,0.036119,-0.006454,0.072507,-0.025065,-0.033691,0.132121,-0.148326,0.449164,1.897237,2.032512,-0.533433,-0.566713,-0.416548,-0.711723,0.252785,-0.212119,-0.237383,0.006110,-0.237124,0.405202,0.592610,0.547215,-0.099729,0.017925,0.298427,0.299552,-0.050000,-0.050000
-0.018689,0.023292,-0.006556,0.071989,-0.024692,-0.033372,0.125697,-0.152261,0.455844,1.906683,2.041602,-0.544526,-0.571422,-0.415926,-0.714982,0.253078,-0.215028,-0.238885,0.007043,-0.238341,0.399591,0.590757,0.544737,-0.099996,0.017139,0.299689,0.300000,-0.050000,-0.050000
-0.033019,0.013692,-0.006874,0.070206,-0.024224,-0.032510,0.119625,-0.155854,0.459168,1.914195,2.049292,-0.551348,-0.571785,-0.415467,-0.717213,0.251102,-0.217077,-0.239937,0.008902,-0.239640,0.394900,0.590708,0.545068,-0.099998,0.016519,0.299922,0.300000,-0.050000,-0.050000
-0.042586,0.007754,-0.007103,0.068048,-0.023831,-0.031254,0.114734,-0.159306,0.458965,1.919704,2.054258,-0.552918,-0.567731,-0.415120,-0.717383,0.247295,-0.217840,-0.240346,0.010500,-0.240966,0.391187,0.591628,0.547969,-0.099998,0.016062,0.300000,0.300000,-0.050000,-0.050000
-0.049758,0.003656,-0.007287,0.065705,-0.023477,-0.029801,0.110439,-0.162684,0.456998,1.924202,2.057855,-0.551859,-0.561471,-0.414830,-0.716522,0.242576,-0.217958,-0.240433,0.011966,-0.242303,0.387967,0.593031,0.552153,-0.099996,0.015688,0.300000,0.300000,-0.050000,-0.050000
-0.049756,0.004795,-0.007467,0.064699,-0.023629,-0.027556,0.108157,-0.165596,0.450051,1.924896,2.055655,-0.542560,-0.549778,-0.411396,-0.711971,0.237095,-0.215213,-0.240814,0.012862,-0.243648,0.386650,0.595869,0.557719,-0.099990,0.015567,0.300000,0.300000,-0.050000,-0.050000
-0.048138,0.007346,-0.008118,0.063710,-0.023961,-0.025530,0.106494,-0.167497,0.441730,1.924108,2.051814,-0.530993,-0.536668,-0.408400,-0.706739,0.232111,-0.211396,-0.241024,0.014024,-0.245145,0.385892,0.599194,0.563058,-0.099986,0.015505,0.300000,0.300000,-0.050000,-0.050000
-0.043282,0.012728,-0.009715,0.062753,-0.024652,-0.023941,0.106070,-0.167373,0.430644,1.920349,2.044679,-0.514871,-0.520707,-0.406278,-0.700133,0.228119,-0.205428,-0.240893,0.015721,-0.246949,0.386250,0.603502,0.567950,-0.099986,0.015563,0.300000,0.300000,-0.050000,-0.050000
-0.033857,0.020783,-0.011038,0.062551,-0.024344,-0.022085,0.106206,-0.166325,0.417630,1.913262,2.035442,-0.495063,-0.501548,-0.404857,-0.694600,0.224896,-0.197767,-0.240735,0.016931,-0.249259,0.387627,0.608032,0.571796,-0.099990,0.015716,0.300000,0.300000,-0.050000,-0.050000
-0.022146,0.030174,-0.012224,0.062724,-0.023537,-0.020094,0.106622,-0.164814,0.403649,1.904510,2.025152,-0.473406,-0.480785,-0.403784,-0.689600,0.222056,-0.189256,-0.240565,0.017899,-0.251822,0.389512,0.612675,0.575122,-0.099996,0.015918,0.300000,0.300000,-0.050000,-0.050000
-0.005929,0.043830,-0.012705,0.063375,-0.020842,-0.020752,0.107509,-0.162420,0.384750,1.891832,2.013659,-0.449072,-0.459117,-0.402720,-0.686956,0.219429,-0.180745,-0.240560,0.018620,-0.253496,0.395743,0.615848,0.580248,-0.099998,0.016810,0.300000,0.300000,-0.050000,-0.049999
0.011952,0.058008,-0.013654,0.063707,-0.018206,-0.020763,0.109033,-0.159208,0.364736,1.878553,2.001370,-0.424608,-0.436795,-0.402998,-0.684329,0.217498,-0.172281,-0.240787,0.019324,-0.256265,0.402703,0.621119,0.584865,-0.100000,0.017801,0.300000,0.300000,-0.050000,-0.049897
0.033129,0.073207,-0.015539,0.063401,-0.015694,-0.019475,0.111830,-0.154363,0.342525,1.864099,1.987514,-0.399934,-0.413204,-0.405964,-0.681740,0.216966,-0.163924,-0.241477,0.019993,-0.261220,0.411112,0.630582,0.588457,-0.100000,0.018987,0.300000,0.300000,-0.050000,-0.049593
0.055466,0.090699,-0.015943,0.063207,-0.013492,-0.020648,0.114602,-0.150043,0.321180,1.849035,1.974063,-0.375140,-0.389598,-0.407998,-0.679187,0.215759,-0.156486,-0.242720,0.020887,-0.265895,0.420060,0.637424,0.590846,-0.100000,0.020242,0.300000,0.300000,-0.050000,-0.049181
0.078369,0.109327,-0.015605,0.063069,-0.011448,-0.023053,0.117359,-0.145987,0.300282,1.833676,1.960823,-0.350302,-0.365999,-0.409564,-0.676655,0.214215,-0.149513,-0.244240,0.021892,-0.270427,0.429273,0.642948,0.592631,-0.100000,0.021530,0.300000,0.300000,-0.050000,-0.048715
0.102601,0.128901,-0.015172,0.062007,-0.010529,-0.024099,0.120201,-0.141597,0.280362,1.815808,1.945241,-0.325916,-0.342949,-0.409758,-0.673635,0.211633,-0.144803,-0.245698,0.022854,-0.274703,0.438486,0.646204,0.593066,-0.100000,0.022818,0.300000,0.300000,-0.050000,-0.048250
0.127646,0.148541,-0.014562,0.060632,-0.010197,-0.025242,0.122981,-0.137252,0.260332,1.798930,1.929045,-0.301746,-0.320090,-0.411660,-0.670403,0.208477,-0.140558,-0.247146,0.023834,-0.278426,0.447542,0.648806,0.593596,-0.099999,0.024092,0.300000,0.300000,-0.050000,-0.047789
0.154359,0.168343,-0.013599,0.058629,-0.011039,-0.026581,0.125639,-0.132993,0.240052,1.784007,1.911597,-0.277971,-0.297576,-0.416984,-0.666740,0.204168,-0.137232,-0.248579,0.024849,-0.281050,0.456300,0.650108,0.594315,-0.099998,0.025339,0.300000,0.300000,-0.050000,-0.047337
0.179130,0.188154,-0.012857,0.057226,-0.012010,-0.027125,0.128162,-0.128773,0.221178,1.768549,1.895984,-0.257203,-0.277758,-0.421181,-0.663744,0.199624,-0.135308,-0.249433,0.025821,-0.282900,0.464541,0.650949,0.595567,-0.099997,0.026551,0.300000,0.300000,-0.050000,-0.046911
0.202926,0.207966,-0.012224,0.056124,-0.013044,-0.027272,0.130618,-0.124573,0.203009,1.752827,1.881290,-0.237944,-0.259292,-0.424814,-0.661082,0.194963,-0.134085,-0.249998,0.026770,-0.284362,0.472523,0.651558,0.597086,-0.099997,0.027745,0.300000,0.300000,-0.050000,-0.046497
0.225074,0.226889,-0.011741,0.055479,-0.014055,-0.026822,0.133034,-0.120968,0.187103,1.738918,1.869908,-0.222008,-0.244838,-0.427525,-0.659476,0.189681,-0.134225,-0.249065,0.027824,-0.284816,0.479482,0.652801,0.600219,-0.099995,0.028858,0.300000,0.300000,-0.050000,-0.046165
0.246238,0.245221,-0.011319,0.054581,-0.015398,-0.026416,0.135947,-0.117285,0.172139,1.725912,1.859284,-0.207271,-0.231703,-0.430001,-0.657782,0.184434,-0.134375,-0.247932,0.028945,-0.284982,0.485622,0.653917,0.603390,-0.099977,0.029854,0.300000,0.300000,-0.050000,-0.045970
0.265419,0.262356,-0.011019,0.053181,-0.017405,-0.026098,0.139849,-0.113448,0.159074,1.714725,1.850186,-0.194946,-0.221215,-0.432004,-0.655917,0.179259,-0.134543,-0.246399,0.030198,-0.284571,0.490118,0.654779,0.606636,-0.099927,0.030615,0.300000,0.300000,-0.050000,-0.046050
0.282236,0.277918,-0.010766,0.051510,-0.019292,-0.026599,0.143643,-0.110443,0.148308,1.705691,1.842479,-0.184115,-0.213805,-0.433434,-0.654879,0.174324,-0.134596,-0.244882,0.031640,-0.283651,0.494075,0.657767,0.610068,-0.099722,0.031314,0.300000,0.300000,-0.050000,-0.046201
0.297872,0.292692,-0.010537,0.049704,-0.021118,-0.027509,0.147381,-0.107853,0.138692,1.697734,1.835468,-0.174031,-0.207934,-0.434578,-0.654254,0.169510,-0.134591,-0.243373,0.033175,-0.282476,0.497762,0.661816,0.613593,-0.099438,0.031982,0.300000,0.300000,-0.049999,-0.046386
0.309690,0.304020,-0.010316,0.047434,-0.023213,-0.027045,0.151028,-0.106078,0.131786,1.691175,1.828471,-0.168351,-0.205563,-0.435514,-0.653929,0.164974,-0.135422,-0.241472,0.034674,-0.280878,0.499781,0.663628,0.615773,-0.099181,0.032391,0.300000,0.300000,-0.049999,-0.046870
0.319861,0.314033,-0.010162,0.045526,-0.024962,-0.026825,0.154179,-0.104707,0.125776,1.682738,1.821480,-0.163953,-0.204257,-0.435936,-0.653628,0.160098,-0.136249,-0.239773,0.036116,-0.278473,0.501397,0.665591,0.617711,-0.098786,0.032739,0.300000,0.300000,-0.049970,-0.047408
0.326728,0.321407,-0.010143,0.044348,-0.026018,-0.027092,0.156337,-0.104148,0.121561,1.670542,1.814509,-0.162126,-0.205082,-0.435326,-0.653378,0.154546,-0.137067,-0.238481,0.037443,-0.274456,0.502208,0.667856,0.619161,-0.098116,0.032964,0.300000,0.300000,-0.049881,-0.048056
0.332368,0.326850,-0.009978,0.043278,-0.026977,-0.027069,0.158435,-0.103762,0.118971,1.663619,1.808455,-0.161388,-0.207362,-0.435557,-0.653564,0.150441,-0.138721,-0.236861,0.038745,-0.270668,0.502496,0.668480,0.618512,-0.097564,0.033080,0.300000,0.300000,-0.049903,-0.048875
0.337396,0.331327,-0.009740,0.042262,-0.027888,-0.026902,0.160505,-0.103461,0.117193,1.659330,1.802856,-0.161193,-0.210369,-0.436208,-0.653968,0.147057,-0.140792,-0.235075,0.040033,-0.266993,0.502522,0.668284,0.616813,-0.097070,0.033142,0.300000,0.300000,-0.049981,-0.049779
0.340187,0.333229,-0.009177,0.041995,-0.028898,-0.026259,0.162729,-0.102958,0.118757,1.663828,1.801170,-0.163664,-0.214982,-0.438071,-0.654663,0.145299,-0.142964,-0.232999,0.041109,-0.263820,0.501495,0.665910,0.614179,-0.096770,0.033031,0.300000,0.300000,-0.049992,-0.049912
0.341285,0.333814,-0.008738,0.042019,-0.029696,-0.025676,0.164677,-0.102717,0.121710,1.668576,1.800949,-0.167430,-0.220718,-0.439811,-0.655594,0.144187,-0.145133,-0.231138,0.042175,-0.260679,0.500151,0.663183,0.611326,-0.096500,0.032871,0.300000,0.300000,-0.049999,-0.050000
0.338997,0.331765,-0.008548,0.042621,-0.030069,-0.025217,0.166069,-0.102998,0.127437,1.673816,1.803657,-0.173783,-0.228694,-0.441300,-0.656996,0.144368,-0.147295,-0.229706,0.043224,-0.257603,0.498174,0.659754,0.608040,-0.096291,0.032618,0.300000,0.300000,-0.049999,-0.050000
0.333853,0.327267,-0.008417,0.043245,-0.030599,-0.024930,0.167632,-0.103575,0.135628,1.681177,1.807963,-0.182677,-0.238493,-0.443191,-0.658490,0.145564,-0.149330,-0.228223,0.044384,-0.254895,0.495669,0.656636,0.604978,-0.096151,0.032296,0.300000,0.300000,-0.050000,-0.050000
0.327284,0.321547,-0.008316,0.043880,-0.031206,-0.024730,0.169278,-0.104299,0.145044,1.689595,1.813065,-0.192837,-0.249195,-0.445281,-0.660030,0.147268,-0.151300,-0.226716,0.045599,-0.252372,0.492904,0.653676,0.602031,-0.096046,0.031940,0.300000,0.300000,-0.050000,-0.050000
0.317045,0.312495,-0.008343,0.045460,-0.031185,-0.024580,0.170684,-0.106067,0.157312,1.700801,1.821224,-0.205913,-0.262203,-0.448236,-0.661612,0.149950,-0.153339,-0.224437,0.046897,-0.250066,0.489796,0.650172,0.599344,-0.096016,0.031552,0.300000,0.300000,-0.050000,-0.050000
0.305581,0.302494,-0.008393,0.047117,-0.031143,-0.024597,0.171833,-0.108295,0.170479,1.712496,1.830374,-0.219861,-0.275720,-0.451191,-0.663371,0.152816,-0.155544,-0.221974,0.048225,-0.247927,0.486557,0.646528,0.596753,-0.096022,0.031151,0.300000,0.300000,-0.050000,-0.050000
0.291646,0.290577,-0.008490,0.048929,-0.031060,-0.024949,0.172468,-0.111447,0.185465,1.725189,1.841522,-0.235578,-0.290281,-0.454154,-0.665485,0.156053,-0.158088,-0.219137,0.049618,-0.246117,0.483050,0.642595,0.594350,-0.096100,0.030723,0.300000,0.300000,-0.050000,-0.050000
0.275401,0.276816,-0.008620,0.050642,-0.030981,-0.025754,0.172340,-0.115492,0.201716,1.737845,1.854270,-0.252793,-0.305668,-0.456548,-0.667813,0.159628,-0.160918,-0.216416,0.051049,-0.244731,0.479282,0.638404,0.591947,-0.096263,0.030261,0.300000,0.300000,-0.050000,-0.050000
0.257984,0.262119,-0.008766,0.052307,-0.030903,-0.026788,0.171830,-0.119988,0.218618,1.750498,1.867833,-0.270774,-0.321486,-0.458662,-0.670251,0.163376,-0.163894,-0.213749,0.052500,-0.243555,0.475377,0.634081,0.589544,-0.096468,0.029783,0.300000,0.300000,-0.050000,-0.050000
0.236481,0.244733,-0.009689,0.054332,-0.030944,-0.024645,0.170848,-0.125330,0.237827,1.759352,1.882722,-0.290726,-0.339507,-0.455977,-0.673074,0.169545,-0.168835,-0.210367,0.053967,-0.246029,0.470849,0.627455,0.584973,-0.097352,0.029196,0.299996,0.300000,-0.050000,-0.050000
0.214339,0.227095,-0.010127,0.056573,-0.030903,-0.024154,0.169516,-0.130730,0.257599,1.769392,1.897695,-0.310243,-0.357458,-0.452652,-0.675863,0.174931,-0.173589,-0.207110,0.055480,-0.247338,0.466370,0.619618,0.580187,-0.098087,0.028609,0.299601,0.300000,-0.050000,-0.050000
0.190943,0.208974,-0.009594,0.059243,-0.030696,-0.026968,0.167485,-0.136242,0.278474,1.781790,1.912815,-0.328866,-0.375243,-0.448046,-0.678580,0.178744,-0.177966,-0.204106,0.057084,-0.246311,0.461994,0.609369,0.574977,-0.098526,0.028024,0.298423,0.300000,-0.050000,-0.050000
0.167743,0.189444,-0.009575,0.061502,-0.030633,-0.029119,0.165355,-0.140716,0.298123,1.795007,1.926994,-0.348661,-0.393358,-0.444758,-0.680979,0.183898,-0.182423,-0.201214,0.058664,-0.245758,0.457474,0.600648,0.570289,-0.099001,0.027433,0.297767,0.300000,-0.050000,-0.050000
0.144660,0.169226,-0.009812,0.063553,-0.030641,-0.030936,0.163177,-0.144667,0.317144,1.808623,1.940691,-0.369025,-0.411623,-0.442132,-0.683217,0.189717,-0.186916,-0.198382,0.060232,-0.245441,0.452886,0.592699,0.565868,-0.099493,0.026838,0.297372,0.300000,-0.050000,-0.050000
0.122898,0.147828,-0.010620,0.065409,-0.031716,-0.031066,0.162037,-0.147542,0.335780,1.822742,1.953600,-0.389068,-0.428123,-0.441496,-0.683422,0.196452,-0.190119,-0.197066,0.061853,-0.245432,0.445553,0.585902,0.558469,-0.099795,0.025761,0.297386,0.300000,-0.050000,-0.050000
0.101118,0.127033,-0.011182,0.066909,-0.032681,-0.031146,0.160083,-0.150006,0.353270,1.836531,1.966262,-0.408723,-0.444627,-0.440982,-0.683944,0.203281,-0.193312,-0.196622,0.063363,-0.245653,0.438260,0.579599,0.551735,-0.099997,0.024705,0.297606,0.300000,-0.050000,-0.050000
0.079254,0.107404,-0.011249,0.067698,-0.033428,-0.031124,0.156495,-0.151654,0.368501,1.849686,1.978459,-0.427640,-0.461177,-0.440710,-0.685104,0.210309,-0.196494,-0.197921,0.064653,-0.246334,0.431036,0.574271,0.546322,-0.099999,0.023692,0.298236,0.300000,-0.050000,-0.050000
0.059017,0.089312,-0.011576,0.068946,-0.033842,-0.031135,0.153148,-0.153097,0.381126,1.861907,1.989678,-0.444471,-0.475973,-0.440925,-0.686514,0.217105,-0.198690,-0.199020,0.065409,-0.247253,0.424222,0.570462,0.542280,-0.100000,0.022749,0.299067,0.300000,-0.050000,-0.050000
0.039578,0.071975,-0.012034,0.070427,-0.034089,-0.031163,0.149918,-0.154439,0.392457,1.873672,2.000416,-0.460271,-0.489903,-0.441384,-0.688052,0.223790,-0.200395,-0.200020,0.065898,-0.248292,0.417606,0.567412,0.538922,-0.099999,0.021841,0.299999,0.300000,-0.050000,-0.050000
0.023674,0.057960,-0.012973,0.071096,-0.033117,-0.030468,0.146750,-0.154906,0.399861,1.883280,2.009368,-0.472107,-0.499967,-0.442003,-0.690071,0.228785,-0.200618,-0.201570,0.066816,-0.249593,0.411713,0.567613,0.537276,-0.100000,0.021041,0.300000,0.300000,-0.050000,-0.050000
0.009422,0.045345,-0.013520,0.071535,-0.031773,-0.029732,0.143332,-0.155365,0.405883,1.891834,2.017823,-0.482545,-0.508075,-0.442522,-0.691426,0.233135,-0.200537,-0.203515,0.067844,-0.250754,0.406109,0.568272,0.535707,-0.099999,0.020271,0.300000,0.300000,-0.050000,-0.050000
-0.001510,0.035544,-0.013282,0.071512,-0.029687,-0.028913,0.139418,-0.155807,0.409134,1.898270,2.025273,-0.490176,-0.512256,-0.442845,-0.691451,0.236189,-0.199850,-0.206252,0.069093,-0.251632,0.401092,0.569845,0.534295,-0.099997,0.019565,0.300000,0.300000,-0.050000,-0.050000
-0.009081,0.028571,-0.013404,0.071332,-0.028328,-0.027992,0.136763,-0.156603,0.409587,1.903024,2.030947,-0.493863,-0.513047,-0.440712,-0.690459,0.237820,-0.198755,-0.208364,0.070810,-0.252062,0.397152,0.571833,0.533127,-0.099990,0.019000,0.300000,0.300000,-0.050000,-0.050000
-0.014972,0.023011,-0.013706,0.071074,-0.027333,-0.027021,0.134738,-0.157575,0.408643,1.906938,2.035733,-0.495579,-0.512143,-0.437353,-0.688958,0.238739,-0.197455,-0.210163,0.072761,-0.252267,0.393752,0.574026,0.532081,-0.099979,0.018506,0.300000,0.300000,-0.050000,-0.050000
-0.017154,0.020644,-0.014856,0.069894,-0.028111,-0.026521,0.134471,-0.157650,0.403701,1.907914,2.036271,-0.491978,-0.507167,-0.431855,-0.687275,0.238039,-0.195937,-0.210924,0.074551,-0.252154,0.392506,0.576115,0.532175,-0.099958,0.018330,0.300000,0.300000,-0.050000,-0.050000
-0.017934,0.019838,-0.015726,0.068788,-0.028979,-0.026137,0.134312,-0.157543,0.397612,1.907624,2.035136,-0.486617,-0.500487,-0.427206,-0.685650,0.236922,-0.194420,-0.211698,0.076306,-0.252196,0.391884,0.577996,0.532305,-0.099955,0.018236,0.300000,0.300000,-0.050000,-0.050000
-0.015916,0.022153,-0.016036,0.067829,-0.030024,-0.025984,0.134370,-0.157073,0.389232,1.904805,2.030658,-0.477740,-0.490400,-0.424254,-0.684140,0.234971,-0.192904,-0.212496,0.077988,-0.252552,0.392507,0.579465,0.532504,-0.099987,0.018310,0.300000,0.300000,-0.050000,-0.050000
-0.011541,0.026584,-0.016403,0.066473,-0.030966,-0.026035,0.134339,-0.156086,0.379229,1.899480,2.024630,-0.466309,-0.478265,-0.421615,-0.682693,0.232549,-0.191674,-0.212862,0.079546,-0.253548,0.394180,0.581068,0.532793,-0.099997,0.018530,0.300000,0.300000,-0.050000,-0.050000
-0.005986,0.032076,-0.016797,0.064918,-0.031858,-0.026188,0.134262,-0.154841,0.368409,1.892897,2.017822,-0.453596,-0.465100,-0.419131,-0.681277,0.229892,-0.190586,-0.213011,0.081041,-0.254864,0.396380,0.582739,0.533127,-0.099996,0.018824,0.300000,0.300000,-0.050000,-0.050000
0.002190,0.041146,-0.016791,0.063799,-0.031456,-0.027124,0.134110,-0.153905,0.353860,1.882160,2.009521,-0.438146,-0.451811,-0.417063,-0.681424,0.226769,-0.190629,-0.213067,0.082500,-0.257316,0.402491,0.585362,0.538391,-0.099998,0.019804,0.300000,0.300000,-0.050000,-0.049988
0.011599,0.050846,-0.016914,0.062586,-0.031049,-0.027833,0.134246,-0.152673,0.339196,1.871328,2.000755,-0.422027,-0.438101,-0.415046,-0.681280,0.223756,-0.190373,-0.213089,0.083959,-0.259701,0.408653,0.587874,0.543257,-0.099999,0.020779,0.300000,0.300000,-0.050000,-0.049979
0.023464,0.061797,-0.017295,0.061185,-0.030632,-0.028091,0.134955,-0.150849,0.324312,1.860315,1.991066,-0.404579,-0.423556,-0.413132,-0.680552,0.220963,-0.189521,-0.213039,0.085419,-0.261949,0.414912,0.590162,0.547329,-0.099999,0.021744,0.300000,0.300000,-0.050000,-0.049976
0.037059,0.074088,-0.017643,0.059852,-0.030110,-0.027614,0.135897,-0.148723,0.309377,1.848427,1.980135,-0.386035,-0.408643,-0.411232,-0.679644,0.218168,-0.188329,-0.212950,0.086732,-0.264070,0.421412,0.592425,0.550954,-0.099998,0.022733,0.300000,0.300000,-0.050000,-0.049960
0.051506,0.087035,-0.017975,0.058554,-0.029535,-0.026771,0.136955,-0.146448,0.294429,1.836115,1.968596,-0.366962,-0.393561,-0.409342,-0.678647,0.215375,-0.186968,-0.212842,0.087970,-0.266124,0.428026,0.594674,0.554352,-0.099997,0.023733,0.300000,0.300000,-0.050000,-0.049937
0.069091,0.100049,-0.018774,0.056058,-0.029700,-0.023438,0.138581,-0.142428,0.276954,1.824436,1.953630,-0.350231,-0.378299,-0.411746,-0.676692,0.214828,-0.185189,-0.212793,0.088709,-0.271846,0.434773,0.601956,0.557776,-0.099999,0.024753,0.300000,0.300000,-0.050000,-0.049894
0.086483,0.113470,-0.019183,0.053858,-0.029532,-0.020951,0.139857,-0.138597,0.259953,1.812236,1.939250,-0.333591,-0.363307,-0.413735,-0.674785,0.214028,-0.183403,-0.212687,0.089380,-0.277218,0.441393,0.608548,0.560977,-0.100000,0.025751,0.300000,0.300000,-0.050000,-0.049870
0.103498,0.127712,-0.018809,0.052252,-0.028697,-0.020159,0.140430,-0.135141,0.243898,1.798984,1.926040,-0.317129,-0.348851,-0.414893,-0.672970,0.212717,-0.181602,-0.212467,0.089918,-0.281892,0.447759,0.613760,0.563731,-0.100000,0.026707,0.300000,0.300000,-0.050000,-0.049882
0.121554,0.143459,-0.017771,0.051277,-0.027458,-0.020597,0.140532,-0.131970,0.228777,1.787316,1.914937,-0.301466,-0.334269,-0.416177,-0.671399,0.211315,-0.179527,-0.212491,0.090509,-0.285814,0.454220,0.617308,0.567193,-0.100000,0.027691,0.300000,0.300000,-0.050000,-0.049832
0.140130,0.159960,-0.016400,0.050617,-0.026015,-0.021651,0.140400,-0.128942,0.214124,1.776441,1.904890,-0.286204,-0.319622,-0.417524,-0.669950,0.209867,-0.177314,-0.212637,0.091125,-0.289360,0.460728,0.620024,0.571007,-0.100000,0.028690,0.300000,0.300000,-0.050000,-0.049751
0.159774,0.175686,-0.015714,0.049069,-0.025755,-0.022273,0.140593,-0.125890,0.199445,1.766838,1.893907,-0.269740,-0.304786,-0.423303,-0.667889,0.207048,-0.175485,-0.212613,0.091807,-0.292141,0.466210,0.622591,0.574761,-0.099999,0.029544,0.300000,0.300000,-0.050000,-0.049787
0.178679,0.191228,-0.015387,0.047786,-0.025580,-0.022844,0.140962,-0.123000,0.185285,1.756534,1.883311,-0.253989,-0.290909,-0.428294,-0.666124,0.204535,-0.173793,-0.212393,0.092504,-0.294717,0.471183,0.625020,0.577359,-0.099998,0.030304,0.300000,0.300000,-0.050000,-0.049848
0.196061,0.206363,-0.015780,0.047036,-0.025578,-0.023315,0.141679,-0.120441,0.172200,1.744858,1.873517,-0.239703,-0.278981,-0.431698,-0.664954,0.202637,-0.172378,-0.211783,0.093231,-0.296876,0.475128,0.627166,0.577642,-0.099999,0.030875,0.300000,0.300000,-0.050000,-0.049961
0.212894,0.220941,-0.015758,0.046342,-0.025706,-0.023821,0.142778,-0.118133,0.160448,1.734247,1.863829,-0.226637,-0.267490,-0.434388,-0.663769,0.200479,-0.171000,-0.210835,0.093844,-0.298316,0.478462,0.628010,0.577636,-0.099998,0.031349,0.300000,0.300000,-0.050000,-0.049999
0.229442,0.235231,-0.015528,0.045675,-0.025899,-0.024345,0.144068,-0.115950,0.149368,1.724176,1.854199,-0.214188,-0.256224,-0.436720,-0.662577,0.198192,-0.169642,-0.209718,0.094399,-0.299398,0.481488,0.628203,0.577485,-0.099997,0.031775,0.300000,0.300000,-0.050000,-0.050000
0.244485,0.248612,-0.015278,0.045293,-0.026207,-0.024289,0.146144,-0.114764,0.140789,1.716038,1.846996,-0.203024,-0.246063,-0.438330,-0.661536,0.195606,-0.168415,-0.208614,0.094759,-0.300056,0.483911,0.628766,0.578209,-0.099992,0.032135,0.300000,0.300000,-0.050000,-0.050000
0.258847,0.261555,-0.014941,0.045181,-0.026499,-0.024218,0.148438,-0.113883,0.132939,1.708632,1.840391,-0.192520,-0.236497,-0.439862,-0.660735,0.192979,-0.167246,-0.207524,0.095134,-0.300456,0.486117,0.629414,0.579102,-0.099989,0.032470,0.300000,0.300000,-0.050000,-0.050000
0.271867,0.273638,-0.014429,0.045611,-0.026758,-0.024115,0.151170,-0.113608,0.126537,1.702683,1.834972,-0.183322,-0.228111,-0.441244,-0.660416,0.190266,-0.166194,-0.206459,0.095535,-0.300338,0.487890,0.630235,0.580334,-0.099987,0.032754,0.300000,0.300000,-0.050000,-0.050000
0.283139,0.284188,-0.013704,0.045865,-0.026825,-0.024668,0.153641,-0.113726,0.121178,1.697615,1.830315,-0.175928,-0.221005,-0.442318,-0.659688,0.186481,-0.164550,-0.205421,0.096076,-0.298239,0.489646,0.632811,0.582447,-0.099636,0.033056,0.300000,0.300000,-0.050000,-0.050000
0.293549,0.293979,-0.012871,0.046031,-0.026794,-0.025550,0.155983,-0.114042,0.116337,1.692984,1.826037,-0.169430,-0.214533,-0.443238,-0.658756,0.182157,-0.162610,-0.204394,0.096687,-0.295146,0.491393,0.636268,0.585003,-0.099109,0.033366,0.300000,0.300000,-0.050000,-0.050000
0.301324,0.301238,-0.012196,0.045870,-0.026604,-0.025903,0.157901,-0.114838,0.113571,1.689340,1.823941,-0.165321,-0.210804,-0.443504,-0.658421,0.179157,-0.161903,-0.203053,0.097253,-0.292048,0.492676,0.638453,0.586618,-0.098648,0.033617,0.300000,0.300000,-0.049998,-0.050000
0.308464,0.307857,-0.011508,0.045905,-0.026553,-0.026189,0.159847,-0.115752,0.111411,1.686291,1.822013,-0.161773,-0.207700,-0.443852,-0.658153,0.176413,-0.161274,-0.201663,0.097792,-0.289011,0.493906,0.640265,0.588019,-0.098214,0.033859,0.300000,0.300000,-0.049997,-0.050000
0.314333,0.313196,-0.010793,0.046332,-0.026779,-0.026341,0.161846,-0.116904,0.110465,1.684432,1.820422,-0.159346,-0.205843,-0.444365,-0.658020,0.174181,-0.160801,-0.200178,0.098278,-0.286099,0.495032,0.641329,0.588993,-0.097834,0.034087,0.300000,0.300000,-0.049998,-0.050000
0.319094,0.317266,-0.009848,0.047300,-0.026999,-0.026151,0.163893,-0.118246,0.110760,1.683392,1.819428,-0.158195,-0.205345,-0.445080,-0.657827,0.172317,-0.160307,-0.198766,0.098595,-0.283393,0.496101,0.641435,0.590633,-0.097530,0.034327,0.300000,0.300000,-0.049999,-0.050000
0.323293,0.320695,-0.008790,0.048539,-0.027214,-0.025792,0.165962,-0.119681,0.111677,1.682764,1.818736,-0.157683,-0.205527,-0.445893,-0.657605,0.170640,-0.159804,-0.197392,0.098826,-0.280795,0.497140,0.641063,0.592603,-0.097265,0.034574,0.300000,0.300000,-0.050000,-0.050000
0.325202,0.321912,-0.008262,0.050509,-0.026965,-0.026085,0.167984,-0.120886,0.114579,1.683588,1.819912,-0.159325,-0.208379,-0.447073,-0.657777,0.170263,-0.159092,-0.196277,0.098757,-0.277962,0.497798,0.640072,0.592812,-0.097007,0.034739,0.300000,0.300000,-0.050000,-0.050000
0.326133,0.322220,-0.007879,0.052723,-0.026495,-0.026399,0.169984,-0.121988,0.118413,1.685168,1.822204,-0.161943,-0.212183,-0.448418,-0.658225,0.170203,-0.158434,-0.195285,0.098518,-0.275043,0.498316,0.638893,0.592597,-0.096749,0.034881,0.300000,0.300000,-0.050000,-0.050000
0.325107,0.320709,-0.007786,0.055425,-0.025578,-0.026752,0.171944,-0.122882,0.124116,1.688267,1.826733,-0.166517,-0.217895,-0.450096,-0.659225,0.170779,-0.157886,-0.194537,0.097935,-0.271948,0.498553,0.637334,0.591531,-0.096490,0.034975,0.300000,0.300000,-0.050000,-0.050000
0.322276,0.317467,-0.007655,0.058054,-0.024745,-0.027141,0.173305,-0.123786,0.131365,1.692383,1.832821,-0.172672,-0.225099,-0.451992,-0.660647,0.171521,-0.157732,-0.193784,0.097257,-0.268819,0.498369,0.635477,0.590121,-0.096243,0.035010,0.300000,0.300000,-0.050000,-0.050000
0.318542,0.313356,-0.007505,0.060648,-0.023954,-0.027548,0.174366,-0.124697,0.139392,1.697009,1.839693,-0.179622,-0.233054,-0.453998,-0.662281,0.172347,-0.157775,-0.193027,0.096531,-0.265670,0.497974,0.633469,0.588537,-0.096002,0.035016,0.300000,0.300000,-0.050000,-0.050000
0.312456,0.307002,-0.007271,0.062608,-0.023175,-0.027076,0.174960,-0.125682,0.150444,1.703396,1.848195,-0.188423,-0.243263,-0.456511,-0.664334,0.175237,-0.159430,-0.192482,0.095917,-0.265200,0.496733,0.628748,0.585354,-0.096304,0.034890,0.300000,0.300000,-0.050000,-0.050000
0.305584,0.299833,-0.007014,0.064705,-0.022288,-0.026962,0.175503,-0.126805,0.162188,1.710186,1.856970,-0.197931,-0.254025,-0.459072,-0.666539,0.178012,-0.160830,-0.192035,0.095412,-0.264724,0.495387,0.624331,0.582455,-0.096595,0.034754,0.300000,0.300000,-0.050000,-0.050000
0.297147,0.291037,-0.006713,0.067074,-0.021185,-0.027565,0.175942,-0.128202,0.175307,1.717778,1.866285,-0.208850,-0.265890,-0.461727,-0.669045,0.180555,-0.161717,-0.191784,0.095123,-0.264234,0.493832,0.620523,0.580121,-0.096862,0.034598,0.299999,0.300000,-0.049999,-0.049999
0.287402,0.280742,-0.006278,0.069203,-0.019967,-0.028256,0.175929,-0.129750,0.189306,1.726124,1.875746,-0.220962,-0.278791,-0.464232,-0.671748,0.183202,-0.162405,-0.191655,0.094976,-0.263626,0.491770,0.617262,0.578535,-0.097095,0.034383,0.299999,0.300000,-0.049999,-0.049999
0.276998,0.269691,-0.005776,0.071213,-0.018690,-0.028990,0.175690,-0.131375,0.203751,1.734850,1.885285,-0.233676,-0.292216,-0.466662,-0.674551,0.185902,-0.162994,-0.191588,0.094900,-0.262958,0.489453,0.614273,0.577323,-0.097312,0.034139,0.299999,0.300000,-0.049999,-0.049999
0.262760,0.256886,-0.006059,0.074977,-0.017008,-0.030386,0.175169,-0.133494,0.219997,1.739601,1.895135,-0.249298,-0.308196,-0.464113,-0.677709,0.190058,-0.163869,-0.191206,0.094915,-0.261979,0.486433,0.611466,0.573972,-0.097501,0.033759,0.300000,0.300000,-0.049999,-0.050000
0.247972,0.243137,-0.006513,0.077782,-0.015773,-0.030926,0.174653,-0.135213,0.236123,1.744555,1.904244,-0.264762,-0.323965,-0.461264,-0.679907,0.193926,-0.164998,-0.191021,0.094843,-0.261329,0.483379,0.609268,0.571120,-0.097712,0.033385,0.300000,0.300000,-0.050000,-0.050000
0.232072,0.227491,-0.007312,0.078670,-0.015428,-0.029757,0.174145,-0.136137,0.252022,1.749918,1.911878,-0.279921,-0.339324,-0.457813,-0.680187,0.197219,-0.166633,-0.191229,0.094596,-0.261338,0.480255,0.608286,0.569262,-0.097969,0.033024,0.300000,0.300000,-0.049999,-0.050000
0.215691,0.211322,-0.007598,0.079386,-0.015312,-0.029630,0.172632,-0.136705,0.266840,1.756360,1.919432,-0.295385,-0.354579,-0.454483,-0.679215,0.200750,-0.168179,-0.192050,0.094480,-0.261325,0.477507,0.607141,0.567527,-0.098231,0.032719,0.300000,0.300000,-0.049999,-0.050000
0.199072,0.194894,-0.007628,0.080016,-0.015311,-0.030025,0.170617,-0.137094,0.281112,1.763339,1.926943,-0.310998,-0.369781,-0.451214,-0.677615,0.204399,-0.169680,-0.193176,0.094429,-0.261302,0.474948,0.605916,0.565854,-0.098496,0.032443,0.300000,0.300000,-0.050000,-0.050000
0.181637,0.177937,-0.007661,0.080216,-0.015591,-0.031297,0.167979,-0.137248,0.294445,1.771950,1.934695,-0.327167,-0.384873,-0.449239,-0.675291,0.208559,-0.171245,-0.194511,0.095066,-0.261450,0.472544,0.604643,0.564301,-0.098796,0.032192,0.300000,0.300000,-0.050000,-0.050000
0.163973,0.161550,-0.007580,0.080583,-0.015924,-0.033172,0.165043,-0.137847,0.308065,1.780383,1.943220,-0.342695,-0.399993,-0.446799,-0.673700,0.212335,-0.172825,-0.195704,0.095488,-0.260664,0.469987,0.601820,0.562541,-0.099005,0.031914,0.299998,0.300000,-0.050000,-0.050000
0.145868,0.146316,-0.007273,0.081282,-0.016361,-0.036257,0.161511,-0.139340,0.322249,1.788454,1.953284,-0.356925,-0.415158,-0.443429,-0.673577,0.215340,-0.174434,-0.196611,0.095480,-0.258009,0.467127,0.595893,0.560370,-0.099031,0.031583,0.299994,0.300000,-0.050000,-0.050000
0.129076,0.131503,-0.007839,0.081148,-0.017432,-0.036733,0.159068,-0.139562,0.336264,1.799417,1.962642,-0.371123,-0.428902,-0.440726,-0.674013,0.218578,-0.174977,-0.197474,0.095906,-0.255062,0.461966,0.590714,0.556066,-0.098991,0.030855,0.299995,0.300000,-0.049999,-0.050000
0.112937,0.116898,-0.008842,0.080597,-0.018821,-0.035906,0.157167,-0.139148,0.350196,1.811828,1.971649,-0.385306,-0.441940,-0.438356,-0.674730,0.221932,-0.174986,-0.198315,0.096548,-0.251969,0.455655,0.585908,0.550694,-0.098920,0.029928,0.299999,0.300000,-0.049999,-0.050000
0.097417,0.105093,-0.009262,0.080473,-0.019488,-0.036013,0.155580,-0.139457,0.361455,1.824623,1.981327,-0.399040,-0.454531,-0.437264,-0.676852,0.224970,-0.175501,-0.198995,0.097044,-0.249478,0.449265,0.582761,0.547734,-0.098878,0.029044,0.300000,0.300000,-0.049999,-0.050000
0.082517,0.093738,-0.009771,0.080392,-0.020097,-0.036084,0.154229,-0.139834,0.371850,1.837080,1.990621,-0.412180,-0.466460,-0.436369,-0.678880,0.227724,-0.175910,-0.199620,0.097475,-0.247275,0.443031,0.580262,0.545416,-0.098853,0.028192,0.300000,0.300000,-0.050000,-0.050000
0.068826,0.083258,-0.010461,0.080397,-0.020594,-0.036078,0.153346,-0.140350,0.380541,1.848885,1.999163,-0.424161,-0.477089,-0.435867,-0.680726,0.229915,-0.176112,-0.200135,0.097780,-0.245640,0.437093,0.579051,0.544372,-0.098858,0.027400,0.300000,0.300000,-0.050000,-0.050000
0.056383,0.073664,-0.010961,0.080322,-0.021027,-0.035734,0.152277,-0.141074,0.387904,1.859442,2.006783,-0.434535,-0.486074,-0.435497,-0.682392,0.231308,-0.176217,-0.200497,0.097894,-0.244530,0.431302,0.578468,0.544194,-0.098907,0.026638,0.300000,0.300000,-0.050000,-0.050000
0.044552,0.064504,-0.011365,0.080207,-0.021430,-0.035221,0.151112,-0.141903,0.394610,1.869385,2.013948,-0.444115,-0.494243,-0.435194,-0.683971,0.232302,-0.176274,-0.200783,0.097911,-0.243681,0.425577,0.578200,0.544449,-0.098979,0.025890,0.300000,0.300000,-0.050000,-0.050000
0.034325,0.056400,-0.011620,0.080643,-0.021704,-0.034265,0.149917,-0.143238,0.398977,1.876316,2.019767,-0.451119,-0.500036,-0.435077,-0.685252,0.232232,-0.176080,-0.200811,0.097650,-0.243942,0.420812,0.578958,0.545526,-0.099158,0.025283,0.300000,0.300000,-0.050000,-0.050000
0.024843,0.048993,-0.011696,0.081036,-0.021974,-0.033376,0.148604,-0.144832,0.402558,1.882534,2.025090,-0.457189,-0.504957,-0.435106,-0.686418,0.232015,-0.175786,-0.200766,0.097399,-0.244382,0.416365,0.579655,0.546872,-0.099362,0.024722,0.300000,0.300000,-0.050000,-0.050000
0.016862,0.042988,-0.011411,0.081346,-0.022238,-0.032621,0.147054,-0.146938,0.404567,1.887317,2.029414,-0.461390,-0.508134,-0.435427,-0.687354,0.231506,-0.175294,-0.200575,0.097167,-0.245180,0.412559,0.580231,0.548753,-0.099614,0.024255,0.300000,0.300000,-0.050000,-0.050000
0.010626,0.038507,-0.011322,0.081394,-0.022469,-0.032015,0.145440,-0.148774,0.404956,1.890547,2.031806,-0.463577,-0.509508,-0.435771,-0.688116,0.230782,-0.174529,-0.200316,0.096915,-0.246460,0.409352,0.580754,0.550429,-0.099816,0.023859,0.300000,0.300000,-0.050000,-0.050000
0.005264,0.034788,-0.011332,0.081311,-0.022684,-0.031483,0.143795,-0.150475,0.404536,1.893001,2.033231,-0.464758,-0.509982,-0.436125,-0.688791,0.229951,-0.173628,-0.200025,0.096653,-0.247982,0.406444,0.581250,0.552003,-0.099993,0.023499,0.300000,0.300000,-0.050000,-0.050000
0.002092,0.032958,-0.011440,0.080572,-0.022946,-0.030940,0.141763,-0.151769,0.402479,1.892786,2.032392,-0.463316,-0.507822,-0.436384,-0.689196,0.228802,-0.172274,-0.199631,0.096301,-0.249900,0.404405,0.581704,0.553301,-0.099997,0.023243,0.300000,0.300000,-0.050000,-0.050000
-0.000253,0.031820,-0.011565,0.079735,-0.023248,-0.030478,0.139800,-0.152952,0.399755,1.891623,2.030611,-0.461014,-0.504897,-0.436572,-0.689550,0.227551,-0.170801,-0.199218,0.095924,-0.251744,0.402707,0.582135,0.554405,-0.100000,0.023029,0.300000,0.300000,-0.050000,-0.050000
-0.000946,0.032064,-0.011724,0.078704,-0.023630,-0.030174,0.137974,-0.153912,0.395691,1.888560,2.026943,-0.456986,-0.500435,-0.436619,-0.689802,0.226092,-0.169087,-0.198766,0.095500,-0.253443,0.401690,0.582516,0.555123,-0.099999,0.022897,0.300000,0.300000,-0.050000,-0.050000
-0.000033,0.033850,-0.011973,0.077440,-0.024050,-0.029922,0.136676,-0.154419,0.390393,1.884143,2.021751,-0.451216,-0.494468,-0.436456,-0.689210,0.224597,-0.167141,-0.198274,0.095191,-0.254909,0.401478,0.583261,0.555624,-0.099999,0.022869,0.300000,0.300000,-0.050000,-0.050000
0.001684,0.036408,-0.012266,0.076058,-0.024489,-0.029696,0.135640,-0.154699,0.384473,1.879045,2.015793,-0.444571,-0.487744,-0.436187,-0.688196,0.223083,-0.165077,-0.197760,0.094940,-0.256260,0.401668,0.584188,0.556019,-0.099998,0.022894,0.300000,0.300000,-0.050000,-0.050000
0.005844,0.041555,-0.012836,0.075195,-0.024552,-0.029088,0.135386,-0.154784,0.377839,1.873148,2.008977,-0.435560,-0.479058,-0.435877,-0.687684,0.221319,-0.162997,-0.197205,0.094236,-0.257435,0.402446,0.585925,0.556410,-0.099997,0.022997,0.300000,0.300000,-0.050000,-0.050000
0.011222,0.047566,-0.013361,0.073928,-0.024686,-0.028227,0.135128,-0.154586,0.370378,1.866704,2.001740,-0.425783,-0.469632,-0.435391,-0.687080,0.219594,-0.160980,-0.196617,0.093495,-0.258744,0.403196,0.587800,0.556774,-0.099996,0.023094,0.300000,0.300000,-0.050000,-0.050000
0.019024,0.055290,-0.013793,0.071853,-0.024965,-0.026862,0.134864,-0.153825,0.361284,1.859182,1.993676,-0.414497,-0.458748,-0.434557,-0.686290,0.217950,-0.159096,-0.195967,0.092679,-0.260319,0.403890,0.589947,0.557082,-0.099998,0.023175,0.300000,0.300000,-0.050000,-0.050000
0.028767,0.064422,-0.014153,0.070040,-0.025076,-0.025855,0.134757,-0.152582,0.351218,1.850993,1.985222,-0.401884,-0.446868,-0.433461,-0.685237,0.216194,-0.157113,-0.195253,0.091826,-0.261814,0.404875,0.592062,0.557261,-0.099998,0.023292,0.300000,0.300000,-0.050000,-0.050000
0.039484,0.074261,-0.014476,0.068357,-0.025102,-0.025027,0.134728,-0.151098,0.340662,1.842467,1.976568,-0.388603,-0.434483,-0.432234,-0.684052,0.214381,-0.155079,-0.194507,0.090952,-0.263271,0.406006,0.594163,0.557374,-0.099997,0.023426,0.300000,0.300000,-0.050000,-0.050000
0.052170,0.087324,-0.013653,0.067594,-0.023822,-0.026134,0.134350,-0.149584,0.327347,1.833007,1.967560,-0.373979,-0.422526,-0.431155,-0.684430,0.212700,-0.154290,-0.193755,0.090186,-0.264888,0.411376,0.595920,0.563099,-0.099997,0.024325,0.300000,0.300000,-0.050000,-0.049976
0.066022,0.100265,-0.013436,0.066327,-0.023023,-0.025926,0.134592,-0.147520,0.313209,1.823864,1.957934,-0.359511,-0.410052,-0.431284,-0.684524,0.211611,-0.153437,-0.193100,0.089380,-0.267812,0.417035,0.599288,0.568486,-0.099998,0.025260,0.300000,0.300000,-0.050000,-0.049924
0.082222,0.112979,-0.014432,0.064052,-0.023183,-0.023086,0.136077,-0.144355,0.297408,1.815345,1.947063,-0.345338,-0.396526,-0.433829,-0.684049,0.211704,-0.152453,-0.192637,0.088494,-0.273351,0.423280,0.605879,0.573206,-0.099999,0.026266,0.300000,0.300000,-0.050000,-0.049816
0.098656,0.126633,-0.014882,0.062520,-0.022970,-0.021391,0.137475,-0.141519,0.282416,1.806175,1.936639,-0.330458,-0.382501,-0.435546,-0.683249,0.210882,-0.151754,-0.192141,0.087603,-0.278463,0.429744,0.611157,0.576836,-0.100000,0.027286,0.300000,0.300000,-0.050000,-0.049677
0.115199,0.140751,-0.015059,0.061359,-0.022570,-0.020268,0.138828,-0.138847,0.267833,1.796682,1.926442,-0.315231,-0.368233,-0.436850,-0.682288,0.209603,-0.151197,-0.191629,0.086710,-0.283359,0.436315,0.615776,0.579921,-0.100000,0.028313,0.300000,0.300000,-0.050000,-0.049522
0.132663,0.155994,-0.015060,0.060397,-0.022106,-0.019673,0.140257,-0.136510,0.253782,1.785660,1.916100,-0.299663,-0.353232,-0.436929,-0.681103,0.207504,-0.150889,-0.191169,0.085882,-0.287021,0.442639,0.618815,0.582118,-0.100000,0.029285,0.300000,0.300000,-0.050000,-0.049423
0.150937,0.171249,-0.015025,0.059043,-0.021912,-0.019395,0.141837,-0.133987,0.239436,1.775370,1.904982,-0.283639,-0.337668,-0.438504,-0.679590,0.205088,-0.150405,-0.190921,0.085054,-0.290257,0.448607,0.621596,0.584122,-0.100000,0.030196,0.300000,0.300000,-0.050000,-0.049392
0.170808,0.186510,-0.014914,0.056906,-0.022256,-0.019754,0.143721,-0.131096,0.224516,1.766559,1.892326,-0.266724,-0.320996,-0.443068,-0.677421,0.202040,-0.149567,-0.191097,0.084227,-0.292638,0.453859,0.623854,0.585739,-0.099999,0.030983,0.300000,0.300000,-0.050000,-0.049497
0.190062,0.202674,-0.014156,0.056269,-0.021702,-0.021244,0.144720,-0.129010,0.210754,1.757447,1.881366,-0.250879,-0.305232,-0.446610,-0.675587,0.199370,-0.148283,-0.190717,0.083448,-0.293956,0.458392,0.624911,0.587008,-0.099999,0.031653,0.300000,0.300000,-0.050000,-0.049712
0.208995,0.219282,-0.013073,0.056383,-0.020700,-0.023298,0.145275,-0.127328,0.197580,1.748190,1.871261,-0.235580,-0.289931,-0.449638,-0.673922,0.196890,-0.146776,-0.190060,0.082694,-0.294741,0.462563,0.625366,0.588103,-0.100000,0.032264,0.300000,0.300000,-0.050000,-0.049983
0.226001,0.234620,-0.012690,0.056797,-0.019685,-0.024107,0.146618,-0.125849,0.186440,1.737954,1.860711,-0.221566,-0.276590,-0.450994,-0.672614,0.194362,-0.145745,-0.189416,0.081959,-0.295022,0.466392,0.625976,0.589712,-0.099987,0.032848,0.300000,0.300000,-0.050000,-0.049992
0.242589,0.249497,-0.012328,0.057405,-0.018643,-0.024624,0.148088,-0.124555,0.175927,1.728216,1.850658,-0.208159,-0.263855,-0.451929,-0.671401,0.191903,-0.144782,-0.188763,0.081232,-0.295184,0.470015,0.626508,0.591318,-0.099973,0.033406,0.300000,0.300000,-0.050000,-0.049998
0.258341,0.263453,-0.012011,0.058402,-0.017544,-0.024560,0.149814,-0.123630,0.166671,1.719477,1.841599,-0.195964,-0.252330,-0.452018,-0.670376,0.189580,-0.143956,-0.188093,0.080523,-0.295107,0.473228,0.626884,0.592918,-0.099959,0.033909,0.300000,0.300000,-0.050000,-0.049999
0.272882,0.276186,-0.011463,0.059554,-0.016319,-0.024288,0.151825,-0.123261,0.158806,1.712043,1.833732,-0.185071,-0.242342,-0.451509,-0.669460,0.187573,-0.143286,-0.187455,0.079784,-0.294691,0.476144,0.627175,0.594336,-0.099947,0.034374,0.300000,0.300000,-0.050000,-0.049999
0.286832,0.288319,-0.010800,0.060785,-0.015029,-0.023913,0.153980,-0.123169,0.151631,1.705256,1.826454,-0.174819,-0.233112,-0.450700,-0.668597,0.185723,-0.142694,-0.186832,0.079031,-0.294103,0.478913,0.627426,0.595664,-0.099935,0.034820,0.300000,0.300000,-0.050000,-0.050000
0.298079,0.298516,-0.009968,0.061982,-0.013646,-0.024730,0.156206,-0.123361,0.145757,1.700108,1.819950,-0.167159,-0.225947,-0.449486,-0.667168,0.182403,-0.141228,-0.186063,0.078077,-0.290572,0.481469,0.630010,0.597618,-0.099382,0.035250,0.300000,0.300000,-0.049995,-0.049999
0.308721,0.308206,-0.009194,0.063238,-0.012353,-0.025365,0.158450,-0.123748,0.140487,1.695477,1.813932,-0.160019,-0.219385,-0.448495,-0.665869,0.179386,-0.140138,-0.185090,0.077132,-0.287074,0.483749,0.632233,0.599332,-0.098852,0.035641,0.300000,0.300000,-0.049992,-0.049999
0.318154,0.316881,-0.008533,0.064615,-0.011238,-0.025633,0.160729,-0.124525,0.136423,1.691877,1.808887,-0.153922,-0.214028,-0.447947,-0.664828,0.176978,-0.139801,-0.183711,0.076201,-0.283641,0.485479,0.633735,0.600566,-0.098366,0.035953,0.300000,0.300000,-0.049995,-0.049999
0.326102,0.324411,-0.008072,0.066199,-0.009940,-0.025973,0.162760,-0.125643,0.133602,1.688407,1.805515,-0.149057,-0.209800,-0.446999,-0.664592,0.174922,-0.139675,-0.182333,0.075182,-0.280426,0.486943,0.634748,0.601324,-0.097939,0.036222,0.300000,0.300000,-0.049998,-0.050000
0.333297,0.331360,-0.007711,0.067884,-0.008551,-0.026349,0.164666,-0.126931,0.131407,1.685005,1.802983,-0.144813,-0.206141,-0.445852,-0.664757,0.173044,-0.139654,-0.180957,0.074120,-0.277323,0.488272,0.635515,0.601843,-0.097543,0.036470,0.300000,0.300000,-0.050000,-0.050000
0.338890,0.336868,-0.007413,0.069235,-0.007612,-0.026105,0.166328,-0.128405,0.131008,1.683279,1.801951,-0.142208,-0.203787,-0.445028,-0.665314,0.171395,-0.139789,-0.179743,0.072630,-0.274579,0.488798,0.635913,0.601840,-0.097224,0.036594,0.300000,0.300000,-0.049999,-0.050000
0.343775,0.341627,-0.007137,0.070670,-0.006723,-0.025886,0.167990,-0.129920,0.131184,1.681819,1.801493,-0.140122,-0.202065,-0.444318,-0.666081,0.169808,-0.140027,-0.178620,0.071115,-0.271861,0.489342,0.636279,0.601820,-0.096911,0.036724,0.300000,0.300000,-0.049999,-0.050000
0.347246,0.344889,-0.006903,0.072277,-0.005934,-0.025716,0.169653,-0.131515,0.132513,1.680892,1.802184,-0.139072,-0.201610,-0.443835,-0.667268,0.168342,-0.140476,-0.177678,0.069548,-0.269193,0.489919,0.636581,0.601766,-0.096611,0.036869,0.300000,0.300000,-0.050000,-0.050000
0.349344,0.346672,-0.006403,0.074140,-0.005213,-0.025961,0.171164,-0.133136,0.134867,1.680845,1.803561,-0.139330,-0.202389,-0.443821,-0.668236,0.167277,-0.141178,-0.176866,0.068057,-0.266391,0.490228,0.636397,0.601591,-0.096316,0.036980,0.300000,0.300000,-0.050000,-0.050000
0.350758,0.347718,-0.005771,0.076133,-0.004524,-0.026414,0.172601,-0.134771,0.137735,1.681238,1.805282,-0.140242,-0.203784,-0.444041,-0.669094,0.166412,-0.142006,-0.176119,0.066604,-0.263519,0.490403,0.635970,0.601355,-0.096022,0.037074,0.300000,0.300000,-0.050000,-0.050000
0.350190,0.346733,-0.004848,0.077791,-0.003810,-0.027391,0.173673,-0.136536,0.142065,1.683036,1.807863,-0.142870,-0.206862,-0.444602,-0.669168,0.165976,-0.142998,-0.175420,0.065655,-0.260504,0.490226,0.634979,0.600832,-0.095736,0.037118,0.300000,0.300000,-0.050000,-0.050000
0.348847,0.345091,-0.003992,0.079343,-0.003204,-0.028280,0.174782,-0.138324,0.146823,1.685069,1.810629,-0.146033,-0.210571,-0.445175,-0.669339,0.165630,-0.144130,-0.174767,0.064836,-0.257427,0.489878,0.633900,0.600136,-0.095446,0.037137,0.300000,0.300000,-0.050000,-0.050000
0.345957,0.342140,-0.003274,0.080679,-0.002817,-0.028991,0.175966,-0.140155,0.152432,1.687567,1.813763,-0.150264,-0.215539,-0.445772,-0.669703,0.165466,-0.145542,-0.174206,0.064279,-0.254231,0.489188,0.632647,0.599094,-0.095148,0.037106,0.300000,0.300000,-0.050000,-0.050000
0.341761,0.337770,-0.002796,0.081619,-0.002562,-0.029579,0.177065,-0.141936,0.158771,1.690309,1.817282,-0.155574,-0.221749,-0.446360,-0.670178,0.165770,-0.147182,-0.173636,0.063674,-0.251115,0.488280,0.631232,0.597506,-0.094877,0.037041,0.300000,0.300000,-0.050000,-0.050000
0.336914,0.332692,-0.002439,0.082361,-0.002372,-0.030106,0.178120,-0.143691,0.165471,1.693171,1.820991,-0.161420,-0.228576,-0.446943,-0.670707,0.166308,-0.148935,-0.173063,0.063046,-0.248042,0.487262,0.629738,0.595644,-0.094621,0.036958,0.300000,0.300000,-0.050000,-0.050000
0.329794,0.325732,-0.002600,0.082834,-0.002489,-0.030491,0.179143,-0.145460,0.173567,1.697128,1.827294,-0.168936,-0.237042,-0.447846,-0.671732,0.167414,-0.150842,-0.172754,0.062536,-0.245025,0.485930,0.628073,0.592933,-0.094390,0.036820,0.300000,0.300000,-0.050000,-0.050000
0.321410,0.318074,-0.003135,0.083521,-0.002580,-0.030799,0.180235,-0.147282,0.182612,1.700780,1.834850,-0.177524,-0.246538,-0.447303,-0.673086,0.169062,-0.152965,-0.172516,0.062069,-0.242009,0.484400,0.626177,0.589166,-0.094176,0.036639,0.300000,0.300000,-0.050000,-0.050000
0.310486,0.309005,-0.004416,0.084638,-0.002619,-0.030956,0.181468,-0.149215,0.193573,1.703829,1.844925,-0.188275,-0.258115,-0.443868,-0.675101,0.171796,-0.155526,-0.172418,0.061686,-0.238991,0.482470,0.623813,0.583279,-0.093998,0.036369,0.300000,0.300000,-0.050000,-0.050000
0.299723,0.298826,-0.005275,0.085758,-0.003261,-0.030689,0.183021,-0.150952,0.205466,1.710441,1.855683,-0.199598,-0.269790,-0.441737,-0.677184,0.175719,-0.158881,-0.172646,0.061444,-0.238064,0.480185,0.619803,0.576790,-0.094216,0.036042,0.299999,0.300000,-0.050000,-0.050000
0.289040,0.288092,-0.005923,0.086881,-0.004205,-0.030211,0.184734,-0.152590,0.217827,1.718833,1.866783,-0.211206,-0.281516,-0.440258,-0.679303,0.180236,-0.162632,-0.173038,0.061275,-0.238182,0.477721,0.614971,0.569999,-0.094632,0.035688,0.299999,0.299999,-0.049999,-0.049999
0.276670,0.275993,-0.006133,0.087661,-0.005399,-0.030196,0.185967,-0.154024,0.230690,1.729787,1.878283,-0.224083,-0.293983,-0.439690,-0.681501,0.183986,-0.165882,-0.173643,0.061318,-0.238226,0.475066,0.610408,0.564118,-0.095020,0.035322,0.299999,0.299999,-0.049999,-0.050000
0.263556,0.263505,-0.006217,0.088195,-0.006561,-0.030321,0.187097,-0.155402,0.243740,1.741457,1.889611,-0.237399,-0.306802,-0.439739,-0.683192,0.187721,-0.169125,-0.174144,0.061355,-0.238204,0.472272,0.605934,0.558659,-0.095396,0.034946,0.299999,0.300000,-0.050000,-0.050000
0.248930,0.250216,-0.006046,0.088237,-0.007663,-0.030724,0.188021,-0.156671,0.257187,1.754581,1.900614,-0.251616,-0.320345,-0.441026,-0.683870,0.191433,-0.172363,-0.174439,0.061380,-0.238049,0.469192,0.601632,0.554039,-0.095746,0.034549,0.300000,0.300000,-0.050000,-0.050000
0.233773,0.236189,-0.006205,0.088425,-0.009334,-0.030566,0.188987,-0.157932,0.270269,1.768342,1.911855,-0.266371,-0.334133,-0.441482,-0.684864,0.195345,-0.175894,-0.174691,0.061600,-0.238700,0.465887,0.598074,0.550383,-0.096194,0.034143,0.300000,0.300000,-0.050000,-0.050000
0.218357,0.221798,-0.006529,0.088686,-0.011291,-0.030126,0.189975,-0.159187,0.283162,1.782417,1.923211,-0.281390,-0.348037,-0.441521,-0.686016,0.199355,-0.179570,-0.174923,0.061918,-0.239754,0.462472,0.594890,0.547212,-0.096691,0.033733,0.300000,0.300000,-0.050000,-0.050000
0.202180,0.207297,-0.007104,0.088126,-0.013567,-0.029786,0.190487,-0.159998,0.295134,1.795056,1.934552,-0.296615,-0.361903,-0.442167,-0.687415,0.203338,-0.183056,-0.175043,0.062394,-0.241386,0.459069,0.592203,0.545058,-0.097258,0.033342,0.300000,0.300000,-0.050000,-0.050000
0.185585,0.192304,-0.008013,0.087256,-0.016007,-0.028929,0.190930,-0.160598,0.306725,1.806706,1.945805,-0.311738,-0.375749,-0.442733,-0.688859,0.207085,-0.186626,-0.175049,0.062870,-0.243082,0.455574,0.590020,0.543273,-0.097812,0.032946,0.300000,0.300000,-0.050000,-0.050000
0.168156,0.176328,-0.009590,0.085767,-0.018773,-0.027034,0.191235,-0.160776,0.317555,1.816379,1.956884,-0.326657,-0.389556,-0.443139,-0.690394,0.210357,-0.190363,-0.174828,0.063345,-0.244906,0.451893,0.588844,0.542221,-0.098341,0.032539,0.300000,0.300000,-0.050000,-0.050000
0.150465,0.161511,-0.010497,0.085249,-0.021120,-0.027672,0.191208,-0.161497,0.328912,1.825634,1.968659,-0.339960,-0.402854,-0.440274,-0.692102,0.212755,-0.193599,-0.175038,0.063886,-0.244516,0.448247,0.584946,0.540720,-0.098624,0.032119,0.300000,0.300000,-0.050000,-0.050000
0.132634,0.147263,-0.011070,0.085217,-0.023260,-0.029576,0.191014,-0.162491,0.340538,1.834687,1.980790,-0.352464,-0.415906,-0.435772,-0.693897,0.214716,-0.196585,-0.175463,0.064461,-0.243019,0.444615,0.579683,0.538994,-0.098784,0.031693,0.300000,0.300000,-0.050000,-0.050000
0.116956,0.133343,-0.012565,0.084048,-0.026020,-0.029848,0.190609,-0.162026,0.349586,1.843444,1.990683,-0.364529,-0.427496,-0.432307,-0.695320,0.216933,-0.198935,-0.176428,0.065228,-0.241802,0.441199,0.576651,0.537456,-0.098912,0.031287,0.300000,0.300000,-0.050000,-0.050000
0.101829,0.119782,-0.013945,0.082678,-0.028715,-0.030123,0.189908,-0.161363,0.358019,1.851892,1.999936,-0.376036,-0.438373,-0.429207,-0.696625,0.218805,-0.201113,-0.177363,0.065976,-0.240503,0.437793,0.573830,0.535966,-0.099017,0.030878,0.300000,0.300000,-0.050000,-0.050000
0.087822,0.106959,-0.015096,0.080909,-0.031277,-0.030404,0.188614,-0.160306,0.365212,1.859714,2.007897,-0.386410,-0.447810,-0.426843,-0.697694,0.219982,-0.202943,-0.178238,0.066683,-0.239043,0.434415,0.571434,0.534577,-0.099076,0.030466,0.300000,0.300000,-0.050000,-0.050000
0.075386,0.094061,-0.016216,0.078558,-0.034092,-0.029717,0.187579,-0.158718,0.372507,1.867065,2.013906,-0.395745,-0.454713,-0.424939,-0.697481,0.220810,-0.204085,-0.179029,0.067148,-0.237741,0.429196,0.569081,0.530864,-0.099150,0.029725,0.300000,0.300000,-0.050000,-0.050000
0.063740,0.081128,-0.017321,0.075918,-0.037035,-0.028546,0.186674,-0.156864,0.379852,1.874179,2.018935,-0.404556,-0.460345,-0.423266,-0.696626,0.221463,-0.204882,-0.179778,0.067491,-0.236519,0.423056,0.566749,0.525989,-0.099233,0.028820,0.300000,0.300000,-0.050000,-0.050000
0.053058,0.070733,-0.017206,0.074048,-0.039356,-0.028729,0.185296,-0.155454,0.384459,1.879492,2.021983,-0.411297,-0.464228,-0.422083,-0.695517,0.221235,-0.206050,-0.180709,0.068382,-0.235451,0.417734,0.564686,0.522162,-0.099315,0.028052,0.300000,0.300000,-0.050000,-0.050000
0.042812,0.060842,-0.016954,0.072290,-0.041542,-0.028817,0.183723,-0.154189,0.388626,1.884076,2.024421,-0.417296,-0.467475,-0.420962,-0.694174,0.220807,-0.207119,-0.181803,0.069355,-0.234376,0.412681,0.562759,0.518947,-0.099387,0.027332,0.300000,0.300000,-0.050000,-0.050000
0.033425,0.051949,-0.016431,0.070751,-0.043459,-0.028715,0.181757,-0.153208,0.391916,1.887208,2.025641,-0.421818,-0.469456,-0.419965,-0.692359,0.219977,-0.207990,-0.183224,0.070491,-0.233283,0.408160,0.561104,0.516951,-0.099441,0.026707,0.300000,0.300000,-0.050000,-0.050000
0.025233,0.044296,-0.015873,0.069457,-0.044687,-0.028561,0.179751,-0.152711,0.393829,1.888417,2.026375,-0.424493,-0.470399,-0.418390,-0.690700,0.218953,-0.208324,-0.184913,0.071162,-0.232199,0.404107,0.559795,0.515881,-0.099478,0.026156,0.300000,0.300000,-0.050000,-0.050000
0.017633,0.037259,-0.015298,0.068287,-0.045571,-0.028379,0.177724,-0.152457,0.395054,1.888666,2.026867,-0.426245,-0.470823,-0.416525,-0.689117,0.217832,-0.208391,-0.186737,0.071600,-0.231121,0.400287,0.558657,0.515274,-0.099506,0.025643,0.300000,0.300000,-0.050000,-0.050000
0.012374,0.033312,-0.014948,0.067551,-0.045693,-0.028345,0.175936,-0.152523,0.393736,1.886608,2.026594,-0.424889,-0.468890,-0.414920,-0.687291,0.216874,-0.207275,-0.188703,0.071518,-0.230428,0.397456,0.558793,0.515603,-0.099542,0.025267,0.300000,0.300000,-0.050000,-0.050000
0.008101,0.030240,-0.014570,0.066871,-0.045503,-0.028382,0.174076,-0.152566,0.391639,1.884377,2.025981,-0.422594,-0.466150,-0.413268,-0.685615,0.215944,-0.205873,-0.190754,0.071478,-0.229945,0.395211,0.559414,0.516396,-0.099589,0.024976,0.300000,0.300000,-0.050000,-0.050000
0.005807,0.028924,-0.014133,0.066303,-0.044689,-0.028559,0.172076,-0.152562,0.387987,1.881801,2.024692,-0.418423,-0.461795,-0.411522,-0.684240,0.215074,-0.203900,-0.192971,0.071524,-0.229881,0.394141,0.561002,0.518118,-0.099658,0.024859,0.300000,0.300000,-0.050000,-0.050000
0.005647,0.029349,-0.013825,0.065211,-0.044001,-0.028314,0.170093,-0.152521,0.382610,1.878528,2.021940,-0.412469,-0.455853,-0.410223,-0.683137,0.214209,-0.201773,-0.194893,0.071578,-0.230626,0.394068,0.563230,0.519507,-0.099782,0.024869,0.300000,0.300000,-0.050000,-0.050000
0.006557,0.030645,-0.013581,0.063856,-0.043378,-0.027857,0.168120,-0.152461,0.376373,1.874909,2.018456,-0.405626,-0.449118,-0.409148,-0.682170,0.213348,-0.199571,-0.196665,0.071634,-0.231775,0.394495,0.565778,0.520729,-0.099935,0.024943,0.300000,0.300000,-0.050000,-0.050000
0.008739,0.034390,-0.012972,0.062757,-0.042091,-0.029125,0.165195,-0.152740,0.367135,1.870124,2.013891,-0.396846,-0.442419,-0.408970,-0.683388,0.212227,-0.198265,-0.197418,0.071792,-0.233109,0.399264,0.568749,0.525146,-0.099969,0.025714,0.300000,0.300000,-0.050000,-0.049999
0.011791,0.038624,-0.012719,0.061730,-0.041105,-0.030102,0.162902,-0.152896,0.357593,1.865245,2.008772,-0.387462,-0.435003,-0.408747,-0.684687,0.211119,-0.196702,-0.198108,0.071882,-0.234435,0.404102,0.571546,0.528942,-0.099993,0.026478,0.300000,0.300000,-0.050000,-0.049998
0.016589,0.043842,-0.013176,0.060846,-0.040717,-0.030499,0.161866,-0.152806,0.347427,1.860168,2.002536,-0.376855,-0.426141,-0.408435,-0.686149,0.210034,-0.194621,-0.198674,0.071837,-0.235750,0.409085,0.574002,0.531507,-0.099995,0.027226,0.300000,0.300000,-0.050000,-0.049998
0.022897,0.050146,-0.013796,0.060519,-0.040378,-0.030719,0.161558,-0.152780,0.336905,1.854731,1.996331,-0.365621,-0.416461,-0.408057,-0.687156,0.208935,-0.192188,-0.199191,0.071715,-0.236989,0.413795,0.576196,0.533520,-0.099996,0.027917,0.300000,0.300000,-0.050000,-0.049999
0.029964,0.056996,-0.014498,0.060470,-0.040062,-0.030851,0.161613,-0.152786,0.326198,1.849109,1.990137,-0.354067,-0.406365,-0.407647,-0.687936,0.207828,-0.189579,-0.199684,0.071554,-0.238190,0.418370,0.578262,0.535258,-0.099996,0.028579,0.300000,0.300000,-0.050000,-0.049999
0.038531,0.063233,-0.015644,0.059589,-0.040067,-0.028267,0.162437,-0.151876,0.313546,1.844999,1.983798,-0.345107,-0.396351,-0.411057,-0.687687,0.208299,-0.187100,-0.200280,0.071320,-0.242393,0.422286,0.584801,0.538117,-0.099998,0.029173,0.300000,0.300000,-0.050000,-0.050000
0.047010,0.069868,-0.016316,0.059055,-0.039777,-0.026336,0.163013,-0.151177,0.301091,1.840399,1.977764,-0.336029,-0.386468,-0.414127,-0.687330,0.208512,-0.184618,-0.200833,0.071079,-0.246309,0.426019,0.590683,0.541068,-0.100000,0.029744,0.300000,0.300000,-0.050000,-0.050000
0.055305,0.077295,-0.016040,0.059219,-0.038901,-0.025717,0.163091,-0.150898,0.289037,1.834823,1.972344,-0.326723,-0.376855,-0.416515,-0.686758,0.208207,-0.182131,-0.201298,0.070823,-0.249647,0.429383,0.595241,0.544198,-0.100000,0.030267,0.300000,0.300000,-0.050000,-0.050000
0.063791,0.084820,-0.015448,0.059585,-0.038132,-0.025302,0.163008,-0.150792,0.277509,1.829243,1.967327,-0.317494,-0.367943,-0.418411,-0.686226,0.208110,-0.179749,-0.201691,0.070567,-0.252313,0.432504,0.598555,0.547067,-0.100000,0.030755,0.300000,0.300000,-0.050000,-0.050000
0.072375,0.092397,-0.014698,0.060052,-0.037416,-0.024990,0.162844,-0.150772,0.266241,1.823659,1.962511,-0.308303,-0.359379,-0.420062,-0.685715,0.208117,-0.177420,-0.202047,0.070311,-0.254645,0.435503,0.601246,0.549806,-0.100000,0.031226,0.300000,0.300000,-0.050000,-0.050000
0.079866,0.098803,-0.013958,0.060443,-0.036936,-0.024585,0.162796,-0.150647,0.256663,1.818502,1.957653,-0.300205,-0.352766,-0.421910,-0.685015,0.208627,-0.175520,-0.202331,0.070020,-0.256316,0.438035,0.602679,0.551725,-0.099999,0.031627,0.300000,0.300000,-0.050000,-0.050000
0.087100,0.104856,-0.013160,0.060743,-0.036526,-0.024023,0.162889,-0.150552,0.247712,1.813756,1.953276,-0.292573,-0.346668,-0.423758,-0.684326,0.209222,-0.173755,-0.202622,0.069706,-0.257907,0.440480,0.603788,0.553876,-0.099999,0.032025,0.300000,0.300000,-0.050000,-0.050000
0.093824,0.110204,-0.012248,0.060863,-0.036258,-0.023149,0.163264,-0.150517,0.240013,1.809832,1.949863,-0.285870,-0.341599,-0.425603,-0.683658,0.209986,-0.172257,-0.202925,0.069349,-0.259340,0.442748,0.604249,0.556490,-0.099999,0.032417,0.300000,0.300000,-0.050000,-0.050000
0.099442,0.114482,-0.011774,0.061118,-0.035977,-0.022614,0.164024,-0.150642,0.233518,1.806826,1.947804,-0.280476,-0.338226,-0.427132,-0.683624,0.210922,-0.171189,-0.203261,0.069080,-0.260416,0.444472,0.604435,0.558183,-0.099999,0.032723,0.300000,0.300000,-0.050000,-0.050000
0.104512,0.118227,-0.011518,0.061442,-0.035690,-0.022248,0.164977,-0.150848,0.227622,1.804276,1.946421,-0.275733,-0.335699,-0.428504,-0.683907,0.211945,-0.170335,-0.203614,0.068857,-0.261314,0.445925,0.604484,0.559418,-0.099998,0.032986,0.300000,0.300000,-0.050000,-0.050000
0.107436,0.120413,-0.011602,0.061674,-0.035673,-0.022118,0.166411,-0.150754,0.223601,1.802684,1.945255,-0.273190,-0.335225,-0.429709,-0.683920,0.213085,-0.170068,-0.203996,0.068538,-0.261663,0.446971,0.604558,0.559905,-0.099997,0.033192,0.300000,0.300000,-0.050000,-0.050000
0.109878,0.122108,-0.011762,0.061846,-0.035691,-0.022018,0.167887,-0.150646,0.220071,1.801173,1.944180,-0.271277,-0.335209,-0.430709,-0.683938,0.214110,-0.169931,-0.204378,0.068214,-0.261890,0.447952,0.604665,0.560306,-0.099994,0.033390,0.300000,0.300000,-0.050000,-0.050000
0.111350,0.122816,-0.012076,0.061900,-0.035779,-0.021977,0.169447,-0.150512,0.217526,1.799827,1.943290,-0.270628,-0.336108,-0.431299,-0.683965,0.214902,-0.170051,-0.204759,0.067879,-0.261875,0.448799,0.604838,0.560534,-0.099990,0.033573,0.300000,0.300000,-0.050000,-0.050000
0.111880,0.122913,-0.012354,0.061874,-0.035949,-0.021919,0.170784,-0.150057,0.215871,1.798915,1.942511,-0.270775,-0.337466,-0.431873,-0.683976,0.215300,-0.170250,-0.205147,0.067576,-0.261788,0.449563,0.604970,0.560852,-0.099987,0.033748,0.300000,0.300000,-0.050000,-0.050000
0.111938,0.122704,-0.012614,0.061808,-0.036158,-0.021853,0.172010,-0.149442,0.214661,1.798221,1.941788,-0.271322,-0.339053,-0.432440,-0.683978,0.215500,-0.170487,-0.205538,0.067289,-0.261667,0.450284,0.605080,0.561214,-0.099984,0.033920,0.300000,0.300000,-0.050000,-0.050000
0.111307,0.121725,-0.012675,0.061830,-0.036490,-0.021694,0.172758,-0.148863,0.214500,1.797917,1.941743,-0.272292,-0.340733,-0.432998,-0.684263,0.215196,-0.170642,-0.205853,0.067050,-0.261632,0.451096,0.604853,0.561894,-0.099986,0.034112,0.300000,0.300000,-0.050000,-0.050000
0.110490,0.120774,-0.012675,0.061869,-0.036793,-0.021567,0.173340,-0.148139,0.214533,1.797775,1.941757,-0.273191,-0.342274,-0.433526,-0.684479,0.214815,-0.170677,-0.206168,0.066786,-0.261683,0.451968,0.604598,0.562664,-0.099989,0.034312,0.300000,0.300000,-0.050000,-0.050000
0.109302,0.119880,-0.012552,0.061940,-0.037039,-0.021505,0.173590,-0.147122,0.214955,1.797954,1.941890,-0.273946,-0.343538,-0.433993,-0.684556,0.214280,-0.170472,-0.206483,0.066474,-0.261907,0.452957,0.604286,0.563615,-0.099992,0.034530,0.300000,0.300000,-0.050000,-0.050000
0.108286,0.118909,-0.012336,0.061834,-0.037072,-0.021501,0.173500,-0.146092,0.215446,1.797850,1.941465,-0.274422,-0.344438,-0.434359,-0.684423,0.213736,-0.169972,-0.206752,0.066113,-0.262147,0.453972,0.603998,0.564514,-0.099994,0.034746,0.300000,0.300000,-0.050000,-0.050000
0.107357,0.117900,-0.012073,0.061641,-0.036998,-0.021527,0.173240,-0.145055,0.215971,1.797604,1.940761,-0.274758,-0.345156,-0.434674,-0.684186,0.213188,-0.169326,-0.206998,0.065727,-0.262395,0.454998,0.603721,0.565385,-0.099994,0.034959,0.300000,0.300000,-0.050000,-0.050000
0.106755,0.117250,-0.011976,0.061471,-0.036754,-0.021544,0.172972,-0.144285,0.216478,1.797256,1.940370,-0.274476,-0.345167,-0.435094,-0.684078,0.212613,-0.168323,-0.207260,0.065335,-0.262517,0.455924,0.603919,0.566185,-0.099991,0.035150,0.300000,0.300000,-0.050000,-0.050000
0.106328,0.116725,-0.011964,0.061335,-0.036515,-0.021528,0.172739,-0.143588,0.216887,1.796775,1.940053,-0.274042,-0.344973,-0.435528,-0.683985,0.211970,-0.167283,-0.207525,0.064946,-0.262555,0.456747,0.604274,0.567025,-0.099986,0.035323,0.300000,0.300000,-0.050000,-0.050000
0.106250,0.116449,-0.012118,0.061266,-0.036286,-0.021448,0.172578,-0.143040,0.217101,1.796030,1.939882,-0.273304,-0.344368,-0.435990,-0.683924,0.211196,-0.166172,-0.207794,0.064562,-0.262425,0.457358,0.604939,0.567943,-0.099976,0.035464,0.300000,0.300000,-0.050000,-0.050000
0.106558,0.116403,-0.012355,0.061269,-0.035987,-0.021302,0.172446,-0.142583,0.217012,1.794892,1.939705,-0.272366,-0.343442,-0.436252,-0.683873,0.210372,-0.165042,-0.208021,0.064203,-0.262437,0.457872,0.605707,0.568873,-0.099975,0.035589,0.300000,0.300000,-0.050000,-0.050000
0.107060,0.116473,-0.012633,0.061307,-0.035655,-0.021124,0.172329,-0.142172,0.216771,1.793558,1.939525,-0.271328,-0.342356,-0.436414,-0.683827,0.209523,-0.163903,-0.208227,0.063856,-0.262521,0.458337,0.606526,0.569808,-0.099978,0.035706,0.300000,0.300000,-0.050000,-0.050000
0.108173,0.117087,-0.012846,0.061451,-0.035408,-0.021033,0.172336,-0.141760,0.215939,1.792103,1.938984,-0.269879,-0.340739,-0.436431,-0.683677,0.208851,-0.162971,-0.208372,0.063463,-0.262747,0.458746,0.607446,0.570888,-0.099982,0.035817,0.300000,0.300000,-0.050000,-0.050000
0.109415,0.117816,-0.013043,0.061584,-0.035164,-0.020968,0.172372,-0.141340,0.214957,1.790631,1.938299,-0.268377,-0.339080,-0.436425,-0.683574,0.208141,-0.162136,-0.208501,0.063068,-0.263024,0.459132,0.608285,0.571994,-0.099985,0.035926,0.300000,0.300000,-0.050000,-0.050000
0.110917,0.118777,-0.013207,0.061694,-0.034926,-0.020955,0.172467,-0.140904,0.213672,1.789122,1.937325,-0.266769,-0.337332,-0.436372,-0.683566,0.207352,-0.161494,-0.208595,0.062669,-0.263403,0.459471,0.608964,0.573153,-0.099989,0.036031,0.300000,0.300000,-0.050000,-0.050000
0.112421,0.119936,-0.013366,0.061626,-0.034692,-0.020936,0.172570,-0.140328,0.212174,1.787571,1.936190,-0.265186,-0.335676,-0.436356,-0.683565,0.206670,-0.161211,-0.208701,0.062285,-0.263734,0.459691,0.609519,0.574157,-0.099991,0.036120,0.300000,0.300000,-0.050000,-0.050000
0.113927,0.121196,-0.013523,0.061469,-0.034460,-0.020914,0.172676,-0.139681,0.210570,1.785998,1.934973,-0.263613,-0.334067,-0.436360,-0.683566,0.206041,-0.161108,-0.208814,0.061909,-0.264042,0.459852,0.610013,0.575082,-0.099991,0.036200,0.300000,0.300000,-0.050000,-0.050000
0.115324,0.122523,-0.013661,0.061294,-0.034457,-0.020982,0.172879,-0.139046,0.208742,1.784659,1.933985,-0.262543,-0.332918,-0.436482,-0.683261,0.205699,-0.161498,-0.208953,0.061438,-0.264053,0.459829,0.610261,0.575676,-0.099987,0.036254,0.300000,0.300000,-0.050000,-0.050000
0.116641,0.123700,-0.013901,0.061025,-0.034429,-0.021179,0.173098,-0.138556,0.206901,1.783444,1.933127,-0.261609,-0.331968,-0.436518,-0.683079,0.205528,-0.162038,-0.209104,0.060978,-0.263923,0.459646,0.610479,0.575634,-0.099981,0.036274,0.300000,0.300000,-0.050000,-0.050000
0.117798,0.124577,-0.014347,0.060569,-0.034350,-0.021634,0.173346,-0.138359,0.205036,1.782478,1.932529,-0.260946,-0.331415,-0.436383,-0.683143,0.205698,-0.162881,-0.209281,0.060537,-0.263512,0.459143,0.610637,0.574322,-0.099969,0.036226,0.300000,0.300000,-0.050000,-0.050000
0.118779,0.125453,-0.014636,0.060204,-0.034491,-0.021795,0.173745,-0.138308,0.203360,1.781824,1.932025,-0.260628,-0.330966,-0.436322,-0.683220,0.205678,-0.163999,-0.209476,0.060162,-0.263184,0.458506,0.610535,0.573366,-0.099969,0.036168,0.300000,0.300000,-0.050000,-0.050000
0.119670,0.126326,-0.014846,0.059884,-0.034743,-0.021810,0.174218,-0.138332,0.201780,1.781329,1.931568,-0.260481,-0.330568,-0.436298,-0.683304,0.205563,-0.165252,-0.209681,0.059819,-0.262899,0.457801,0.610303,0.572590,-0.099974,0.036105,0.300000,0.300000,-0.050000,-0.050000
0.120211,0.127072,-0.014878,0.059688,-0.035154,-0.021758,0.174658,-0.138458,0.200389,1.781053,1.931224,-0.260841,-0.330721,-0.436308,-0.682963,0.205398,-0.166420,-0.209911,0.059401,-0.262670,0.457009,0.609988,0.572132,-0.099977,0.036038,0.300000,0.300000,-0.050000,-0.050000
0.120693,0.127708,-0.014824,0.059538,-0.035505,-0.021714,0.175049,-0.138679,0.199092,1.780842,1.930889,-0.261269,-0.330977,-0.436346,-0.682738,0.205254,-0.167494,-0.210139,0.059006,-0.262423,0.456228,0.609604,0.571815,-0.099980,0.035974,0.300000,0.300000,-0.050000,-0.050000
0.121056,0.128127,-0.014599,0.059478,-0.035739,-0.021682,0.175346,-0.139092,0.197979,1.780760,1.930573,-0.261835,-0.331444,-0.436437,-0.682747,0.205154,-0.168381,-0.210368,0.058658,-0.262138,0.455473,0.609082,0.571780,-0.099981,0.035919,0.300000,0.300000,-0.050000,-0.050000
0.121330,0.128482,-0.014379,0.059462,-0.035864,-0.021707,0.175581,-0.139393,0.197011,1.780690,1.929958,-0.262329,-0.332009,-0.436576,-0.682725,0.205115,-0.168918,-0.210589,0.058294,-0.261881,0.454922,0.608680,0.571739,-0.099981,0.035891,0.300000,0.300000,-0.050000,-0.050000
0.121560,0.128805,-0.014161,0.059468,-0.035936,-0.021760,0.175785,-0.139638,0.196116,1.780624,1.929192,-0.262788,-0.332625,-0.436738,-0.682687,0.205105,-0.169280,-0.210807,0.057923,-0.261637,0.454474,0.608337,0.571694,-0.099981,0.035877,0.300000,0.300000,-0.050000,-0.050000
0.121756,0.129065,-0.014054,0.059623,-0.035943,-0.021801,0.175847,-0.139805,0.195436,1.780309,1.928563,-0.263050,-0.333091,-0.436833,-0.682638,0.205149,-0.169266,-0.210949,0.057549,-0.261336,0.454231,0.608262,0.571617,-0.099978,0.035888,0.300000,0.300000,-0.050000,-0.050000
0.121888,0.129312,-0.013969,0.059802,-0.035953,-0.021827,0.175907,-0.139953,0.194820,1.779869,1.927820,-0.263303,-0.333527,-0.436945,-0.682578,0.205226,-0.169103,-0.211076,0.057169,-0.261043,0.454073,0.608281,0.571453,-0.099975,0.035908,0.300000,0.300000,-0.050000,-0.050000
0.121889,0.129533,-0.013927,0.060028,-0.035965,-0.021824,0.175965,-0.140064,0.194334,1.779177,1.926849,-0.263539,-0.333901,-0.437089,-0.682495,0.205370,-0.168642,-0.211175,0.056774,-0.260765,0.454087,0.608487,0.571115,-0.099973,0.035947,0.300000,0.300000,-0.050000,-0.050000
0.121774,0.129657,-0.013965,0.060175,-0.035899,-0.021878,0.175981,-0.139988,0.193994,1.778428,1.925649,-0.263814,-0.334191,-0.437218,-0.682214,0.205553,-0.168081,-0.211293,0.056293,-0.260429,0.454103,0.608682,0.570539,-0.099970,0.035980,0.300000,0.300000,-0.050000,-0.050000
0.121602,0.129731,-0.014044,0.060282,-0.035794,-0.021962,0.175976,-0.139818,0.193727,1.777650,1.924336,-0.264108,-0.334440,-0.437339,-0.681834,0.205755,-0.167470,-0.211420,0.055767,-0.260064,0.454120,0.608871,0.569845,-0.099966,0.036010,0.300000,0.300000,-0.050000,-0.050000
0.121468,0.129665,-0.014028,0.060359,-0.035690,-0.021937,0.175880,-0.139880,0.193729,1.777486,1.923491,-0.264295,-0.334527,-0.437439,-0.681586,0.205804,-0.166793,-0.211547,0.055221,-0.259825,0.454185,0.608939,0.569113,-0.099971,0.036044,0.300000,0.300000,-0.050000,-0.050000
0.121362,0.129664,-0.013952,0.060428,-0.035524,-0.021895,0.175741,-0.140032,0.193715,1.777514,1.922886,-0.264444,-0.334538,-0.437516,-0.681351,0.205852,-0.166170,-0.211651,0.054680,-0.259629,0.454267,0.609002,0.568458,-0.099975,0.036084,0.300000,0.300000,-0.050000,-0.050000
0.121313,0.129794,-0.013755,0.060481,-0.035234,-0.021819,0.175515,-0.140365,0.193666,1.777927,1.922760,-0.264518,-0.334399,-0.437547,-0.681139,0.205899,-0.165656,-0.211709,0.054148,-0.259517,0.454384,0.609052,0.567957,-0.099980,0.036132,0.300000,0.300000,-0.050000,-0.050000
0.121333,0.130048,-0.013504,0.060790,-0.034846,-0.021728,0.175411,-0.141068,0.193516,1.778569,1.923287,-0.264522,-0.334151,-0.437416,-0.681232,0.205806,-0.165216,-0.211756,0.053722,-0.259472,0.454574,0.609041,0.567666,-0.099983,0.036195,0.300000,0.300000,-0.050000,-0.050000
0.121388,0.130365,-0.013226,0.061227,-0.034409,-0.021631,0.175369,-0.141956,0.193315,1.779324,1.924141,-0.264491,-0.333847,-0.437203,-0.681477,0.205643,-0.164812,-0.211796,0.053348,-0.259460,0.454801,0.608999,0.567479,-0.099986,0.036267,0.300000,0.300000,-0.050000,-0.050000
0.121570,0.130811,-0.012973,0.061732,-0.034290,-0.021347,0.175650,-0.142969,0.193015,1.780692,1.925430,-0.264280,-0.333519,-0.437092,-0.681606,0.205387,-0.164453,-0.211932,0.053005,-0.259570,0.455003,0.608855,0.567584,-0.099988,0.036341,0.300000,0.300000,-0.050000,-0.050000
0.121894,0.131296,-0.012596,0.062226,-0.034153,-0.020817,0.175999,-0.144112,0.192775,1.782285,1.927092,-0.264010,-0.333197,-0.437021,-0.682000,0.205036,-0.164051,-0.212080,0.052676,-0.259755,0.455227,0.608667,0.568245,-0.099990,0.036429,0.300000,0.300000,-0.050000,-0.050000
0.122502,0.131858,-0.011971,0.062698,-0.033979,-0.019792,0.176484,-0.145516,0.192654,1.784331,1.929503,-0.263620,-0.332888,-0.437027,-0.682926,0.204494,-0.163562,-0.212251,0.052378,-0.260091,0.455495,0.608394,0.570018,-0.099992,0.036546,0.300000,0.300000,-0.050000,-0.050000
0.122793,0.132116,-0.011713,0.063358,-0.034025,-0.019241,0.177231,-0.146653,0.192724,1.786587,1.931604,-0.263355,-0.332983,-0.437168,-0.683527,0.204206,-0.163016,-0.212487,0.052110,-0.260317,0.455675,0.608171,0.571126,-0.099992,0.036637,0.300000,0.300000,-0.050000,-0.050000
0.122924,0.132221,-0.011638,0.064114,-0.034181,-0.018925,0.178108,-0.147658,0.192889,1.788948,1.933548,-0.263152,-0.333282,-0.437376,-0.683965,0.204044,-0.162442,-0.212756,0.051856,-0.260489,0.455810,0.607973,0.571901,-0.099991,0.036717,0.300000,0.300000,-0.050000,-0.050000
0.122672,0.131651,-0.011867,0.064977,-0.034155,-0.018605,0.179236,-0.148780,0.193578,1.790677,1.935331,-0.263035,-0.333845,-0.437427,-0.684794,0.204141,-0.162030,-0.213156,0.051644,-0.260746,0.456012,0.608047,0.571963,-0.099992,0.036796,0.300000,0.300000,-0.050000,-0.050000
0.122296,0.130801,-0.012090,0.065758,-0.034194,-0.018168,0.180271,-0.149790,0.194440,1.792100,1.937010,-0.263045,-0.334505,-0.437422,-0.685809,0.204210,-0.161740,-0.213565,0.051467,-0.261019,0.456285,0.608047,0.571831,-0.099993,0.036883,0.300000,0.300000,-0.050000,-0.050000
0.121670,0.129393,-0.012303,0.066373,-0.034365,-0.017496,0.181119,-0.150575,0.195649,1.792912,1.938481,-0.263307,-0.335359,-0.437307,-0.687197,0.204223,-0.161692,-0.213994,0.051359,-0.261320,0.456700,0.607901,0.571311,-0.099994,0.036988,0.300000,0.300000,-0.050000,-0.050000
0.120486,0.126960,-0.012292,0.066862,-0.034436,-0.016582,0.181770,-0.150839,0.197413,1.793602,1.939670,-0.263661,-0.336573,-0.436936,-0.688906,0.204313,-0.162061,-0.214410,0.051300,-0.261739,0.457263,0.607389,0.570317,-0.099995,0.037113,0.300000,0.300000,-0.050000,-0.050000
