body_0_angvel_x,body_0_angvel_y,body_0_angvel_z,body_1_angvel_x,body_1_angvel_y,body_1_angvel_z,body_2_angvel_x,body_2_angvel_y,body_2_angvel_z,body_3_angvel_x,body_3_angvel_y,body_3_angvel_z,body_4_angvel_x,body_4_angvel_y,body_4_angvel_z,body_5_angvel_x,body_5_angvel_y,body_5_angvel_z,body_6_angvel_x,body_6_angvel_y,body_6_angvel_z,body_7_angvel_x,body_7_angvel_y,body_7_angvel_z,body_8_angvel_x,body_8_angvel_y,body_8_angvel_z,body_9_angvel_x,body_9_angvel_y,body_9_angvel_z,body_10_angvel_x,body_10_angvel_y,body_10_angvel_z,body_11_angvel_x,body_11_angvel_y,body_11_angvel_z,body_12_angvel_x,body_12_angvel_y,body_12_angvel_z,body_13_angvel_x,body_13_angvel_y,body_13_angvel_z
-0.111211,1.627188,-0.130884,-0.042784,0.323463,-0.149793,-0.074534,-0.968618,0.192617,-0.565581,1.100931,0.126802,0.057747,1.610092,-0.157169,-0.057439,-1.943128,-0.003508,-0.126578,-0.908038,-0.029577,-0.338009,0.171540,-0.623658,-0.938388,2.583345,-1.725299,-0.794578,-3.041616,2.136808,-1.004710,-5.072913,3.020309,0.322740,1.625280,-0.007560,0.390917,0.159410,-1.213843,0.571812,-0.433133,-1.485702
-0.105743,1.541008,-0.093364,-0.053798,0.323400,-0.107361,-0.075192,-0.870198,0.212193,-0.567071,1.054836,0.152149,0.039914,1.466511,-0.122413,-0.056651,-1.737881,0.024386,-0.124079,-0.763627,-0.002485,-0.356609,0.120717,-0.482761,-0.820098,2.522876,-1.494415,-0.533145,-2.596661,2.206402,-0.688747,-4.427754,2.997616,0.230030,1.498098,0.051450,0.236515,0.106945,-1.108116,0.404019,-0.462362,-1.368312
-0.089339,1.282467,0.019173,-0.075895,0.323947,0.010071,-0.085742,-0.574806,0.257007,-0.550529,0.922664,0.196135,-0.011495,1.037146,-0.003473,-0.063107,-1.120099,0.129572,-0.127644,-0.328426,0.103768,-0.323785,-0.036899,-0.095080,-0.388091,2.294858,-0.918341,-0.027727,-1.577510,1.929935,-0.069403,-2.812630,2.412316,-0.026877,1.108884,0.277565,-0.064767,-0.085776,-0.702300,0.098524,-0.578948,-0.919630
-0.044231,1.035331,0.074634,-0.085341,0.304378,0.067779,-0.088212,-0.309841,0.269612,-0.534062,0.660595,0.198184,-0.027129,0.591804,0.060853,-0.044443,-0.521806,0.145749,-0.118052,0.030034,0.118648,-0.244599,-0.163871,0.175680,-0.068721,1.909867,-0.479679,0.279845,-0.809457,1.514636,0.280465,-1.392425,1.653880,-0.162618,0.724709,0.422629,-0.206379,-0.229933,-0.354476,-0.031975,-0.632146,-0.516953
0.008732,0.923246,0.045797,-0.078876,0.274399,0.039184,-0.078955,-0.207645,0.246676,-0.526898,0.398629,0.163144,0.001503,0.352940,0.035393,-0.011331,-0.242602,0.059648,-0.098947,0.132233,0.029340,-0.179065,-0.195325,0.201927,-0.036318,1.572671,-0.361411,0.298275,-0.602609,1.283460,0.258108,-0.805826,1.222178,-0.113364,0.540619,0.402477,-0.152517,-0.242243,-0.260333,0.034430,-0.585210,-0.386084
-0.001495,0.828641,0.044636,-0.065025,0.159568,0.038937,-0.066178,-0.100998,0.282631,-0.452034,0.359408,0.210416,0.034214,0.110885,0.020834,0.034512,-0.000327,0.035934,-0.066660,0.195933,0.002621,-0.133383,-0.196397,0.180591,-0.037058,1.222788,-0.276816,0.256373,-0.444778,1.057610,0.199805,-0.524549,0.924727,-0.012735,0.367973,0.345957,-0.040544,-0.226281,-0.204075,0.064332,-0.499282,-0.282983
-0.023298,0.751813,0.059916,-0.049080,0.032072,0.055659,-0.053186,-0.031608,0.309368,-0.358948,0.364127,0.256292,0.062614,-0.082860,0.022891,0.073895,0.162821,0.039410,-0.033924,0.187951,0.005372,-0.110595,-0.156129,0.142318,-0.040765,0.963242,-0.220195,0.205267,-0.311048,0.872004,0.150167,-0.392698,0.736105,0.066594,0.261096,0.279583,0.050224,-0.176608,-0.180557,0.063912,-0.390139,-0.222038
-0.004500,0.692988,0.081792,-0.036511,-0.036081,0.078161,-0.040366,-0.041408,0.259734,-0.288763,0.234373,0.216451,0.078291,-0.176928,0.046378,0.086035,0.204615,0.033533,-0.014261,0.075144,0.002445,-0.107065,-0.064943,0.123112,-0.015004,0.895633,-0.182334,0.215472,-0.180464,0.756301,0.165073,-0.258394,0.626489,0.055917,0.271629,0.235832,0.042729,-0.093520,-0.175390,0.041785,-0.281851,-0.202712
0.031055,0.632856,0.082615,-0.043272,-0.060682,0.078583,-0.045988,-0.051725,0.179772,-0.261574,0.069129,0.137835,0.067609,-0.278724,0.058900,0.074090,0.257767,0.023932,-0.000612,0.000094,0.000499,-0.075496,0.009790,0.109465,-0.006403,0.776662,-0.136289,0.190156,-0.068992,0.639629,0.142516,-0.144734,0.513248,0.043638,0.258748,0.191278,0.034099,-0.026190,-0.159458,0.024661,-0.186947,-0.171737
0.065892,0.601462,0.062075,-0.065994,-0.029555,0.056657,-0.066273,-0.057329,0.109545,-0.291235,-0.050015,0.060614,0.035887,-0.337528,0.053589,0.044027,0.295453,0.014498,-0.000030,0.000050,0.000303,-0.028587,0.030609,0.108422,-0.017455,0.666249,-0.102608,0.156435,-0.029823,0.582464,0.109462,-0.106289,0.454826,0.038119,0.229056,0.168230,0.030047,-0.007676,-0.141093,0.022390,-0.152356,-0.144913
0.081134,0.568361,0.046838,-0.068788,-0.006457,0.040620,-0.067563,-0.058801,0.072561,-0.282861,-0.129965,0.022097,0.026082,-0.381175,0.043162,0.038803,0.343877,0.012722,-0.000435,0.027694,-0.000177,-0.007187,0.001979,0.104298,-0.032308,0.523824,-0.073142,0.112241,-0.015482,0.512691,0.066039,-0.092324,0.384441,0.021012,0.167237,0.149382,0.015542,-0.018805,-0.118870,0.009892,-0.146751,-0.113505
0.113990,0.525182,0.049464,-0.066223,0.015032,0.042289,-0.064418,-0.042148,0.061487,-0.267327,-0.180958,0.010361,0.027878,-0.427659,0.051313,0.042638,0.415790,0.015296,-0.001935,0.077638,0.000490,-0.005951,-0.048329,0.103844,-0.037386,0.388884,-0.045452,0.076833,-0.012240,0.452937,0.031123,-0.089746,0.323832,0.015258,0.105501,0.144965,0.013611,-0.032703,-0.089163,0.009924,-0.145335,-0.075117
0.201447,0.463611,0.082274,-0.072762,0.041033,0.072609,-0.071218,0.006258,0.068101,-0.274991,-0.213803,0.012870,0.031254,-0.495237,0.098742,0.041108,0.523688,0.015314,-0.003332,0.144245,0.000260,-0.019897,-0.092663,0.114940,-0.020310,0.301009,-0.015362,0.073173,-0.006502,0.426107,0.027476,-0.085426,0.294852,0.043454,0.076110,0.166250,0.045918,-0.022025,-0.047563,0.043802,-0.122844,-0.026731
0.217920,0.416880,0.129909,-0.071951,0.043866,0.118763,-0.071470,0.059177,0.069564,-0.277574,-0.185345,0.012077,0.038961,-0.517396,0.142962,0.042508,0.564708,0.013952,-0.003848,0.156376,-0.001859,-0.019781,-0.117144,0.138318,-0.004658,0.234350,0.024001,0.064496,0.022985,0.404933,0.019077,-0.056792,0.272472,0.053420,0.045826,0.189544,0.059221,-0.017216,-0.001071,0.058541,-0.107586,0.025309
0.155205,0.408526,0.167779,-0.063522,0.022410,0.156795,-0.064447,0.090396,0.064213,-0.273375,-0.109675,0.007435,0.048416,-0.482491,0.164874,0.047224,0.518936,0.015218,-0.002079,0.108564,-0.001659,-0.004694,-0.109329,0.159945,0.002015,0.222585,0.051325,0.058909,0.062394,0.398017,0.014127,-0.017355,0.265885,0.041067,0.029735,0.201041,0.047409,-0.020780,0.024905,0.047274,-0.107272,0.052853
0.124683,0.390549,0.207790,-0.071077,-0.010839,0.196086,-0.074741,0.102390,0.129299,-0.287840,-0.077398,0.072128,0.053651,-0.456011,0.197628,0.045869,0.456622,0.016045,-0.001319,0.046329,-0.000434,0.008335,-0.100698,0.174240,-0.002157,0.211709,0.070404,0.040774,0.104511,0.380605,-0.003215,0.025210,0.249520,0.042852,0.007569,0.206067,0.050730,-0.024853,0.044367,0.051410,-0.106338,0.075291
0.096802,0.370039,0.228299,-0.073921,-0.029060,0.216182,-0.079942,0.100657,0.200198,-0.302592,-0.071301,0.140925,0.061628,-0.424461,0.212250,0.050904,0.401577,0.017517,-0.000255,0.001376,-0.000366,0.011011,-0.100908,0.179318,-0.004798,0.194006,0.081077,0.026444,0.129207,0.359882,-0.016825,0.050538,0.230345,0.055410,-0.005569,0.209502,0.065626,-0.016256,0.060807,0.067251,-0.091967,0.095310
0.042838,0.353761,0.207781,-0.051693,-0.004675,0.197592,-0.057174,0.091336,0.213543,-0.299813,-0.072413,0.149595,0.078649,-0.374018,0.181913,0.073105,0.377997,0.023619,0.000699,0.005806,-0.000840,-0.003549,-0.119858,0.173029,0.008047,0.161612,0.082452,0.034355,0.116100,0.342138,-0.008157,0.038158,0.214234,0.076397,0.005286,0.215903,0.089368,0.018002,0.077409,0.091934,-0.051521,0.115319
0.028116,0.341457,0.196164,-0.048750,0.009397,0.186968,-0.054727,0.090317,0.244494,-0.330775,-0.039657,0.173448,0.077944,-0.317682,0.170894,0.072010,0.323167,0.024192,0.004467,0.077430,0.001728,0.002733,-0.140916,0.162563,0.016142,0.124648,0.077477,0.036008,0.101295,0.320480,-0.006094,0.023489,0.193120,0.063777,0.010445,0.209052,0.077795,0.038247,0.084466,0.080939,-0.026946,0.123538
0.059943,0.339115,0.199552,-0.065490,0.005029,0.188993,-0.073269,0.097030,0.276744,-0.379388,0.008585,0.200135,0.061605,-0.284319,0.182354,0.051244,0.263816,0.016140,0.012105,0.179750,0.003677,0.026975,-0.153857,0.153614,0.015307,0.101276,0.069627,0.031366,0.092069,0.306662,-0.010755,0.013596,0.178534,0.023981,0.006521,0.193000,0.036855,0.033478,0.078996,0.039970,-0.031372,0.116429
0.051182,0.338274,0.201334,-0.031771,-0.013919,0.190773,-0.038219,0.071502,0.216121,-0.355154,0.012447,0.138378,0.000087,-0.210870,0.193082,-0.000845,0.149730,0.122410,0.015736,0.161580,0.127381,0.029149,-0.155613,0.133145,0.016072,0.070816,0.058680,0.026723,0.078936,0.285192,-0.015275,0.000053,0.156713,0.001427,0.006776,0.169609,0.015970,0.051992,0.068604,0.019798,-0.007517,0.108459
0.025670,0.334927,0.202640,0.011220,-0.042487,0.192649,0.006664,0.035714,0.147011,-0.314513,0.010686,0.069675,-0.053031,-0.129016,0.200348,-0.045051,0.033420,0.235230,0.027658,0.081526,0.256824,0.019353,-0.152794,0.112720,0.015682,0.047009,0.048011,0.022819,0.065480,0.264390,-0.018641,-0.013015,0.136829,-0.004845,0.010847,0.150148,0.012215,0.078611,0.059691,0.016937,0.025344,0.103098
0.007251,0.324833,0.204988,0.022191,-0.076934,0.194865,0.016651,0.010677,0.153374,-0.314876,0.038616,0.075920,-0.043694,-0.070182,0.200856,-0.036963,-0.032298,0.247081,0.065778,-0.001912,0.277046,0.008606,-0.152302,0.104307,0.011924,0.043318,0.041809,0.021514,0.055126,0.253320,-0.018715,-0.021657,0.128809,0.004845,0.017818,0.146403,0.023329,0.097631,0.059191,0.028576,0.047405,0.104346
-0.006476,0.295381,0.193051,0.033670,-0.102795,0.183694,0.026264,0.000676,0.159107,-0.311567,0.051344,0.081707,-0.026844,-0.036757,0.186814,-0.025666,-0.095025,0.200315,0.104131,-0.073846,0.238125,-0.006250,-0.143301,0.092168,0.011054,0.047800,0.032599,0.019354,0.062652,0.233333,-0.019665,-0.012445,0.111794,0.016956,0.021217,0.136732,0.036616,0.110245,0.049955,0.042206,0.060309,0.096021
-0.008626,0.261264,0.172849,0.040196,-0.107260,0.164610,0.030753,0.010561,0.161256,-0.305892,0.041940,0.083952,-0.010111,-0.045596,0.164993,-0.016886,-0.123609,0.117912,0.123313,-0.098707,0.159053,-0.017520,-0.130322,0.082537,0.013658,0.058196,0.025166,0.017740,0.084237,0.214610,-0.020683,0.009886,0.094516,0.025579,0.019308,0.126129,0.045529,0.110137,0.036769,0.051180,0.057584,0.082431
-0.025071,0.240905,0.153417,0.045262,-0.118824,0.146158,0.031203,0.047267,0.148930,-0.319240,0.059229,0.068153,-0.003863,-0.043826,0.143355,-0.017640,-0.123826,0.041250,0.146015,-0.052001,0.090238,-0.024633,-0.145957,0.085888,0.006741,0.044531,0.027859,-0.003170,0.108481,0.203747,-0.042745,0.031597,0.079807,0.001708,-0.009949,0.123620,0.019772,0.067080,0.029232,0.024945,0.007204,0.071640
-0.023224,0.204466,0.131443,0.044111,-0.123223,0.125329,0.028227,0.057891,0.130492,-0.332713,0.068790,0.048119,-0.006630,-0.039810,0.123314,-0.024254,-0.123201,-0.008773,0.162428,0.002703,0.047634,-0.025008,-0.131074,0.090118,0.010948,0.036596,0.039806,-0.005572,0.118191,0.210480,-0.045936,0.039565,0.084224,-0.019368,-0.032219,0.115603,-0.003872,0.024726,0.014022,0.000590,-0.043707,0.052298
0.029402,0.121938,0.103855,0.031581,-0.106700,0.098207,0.022509,-0.010968,0.113170,-0.327325,0.035606,0.035610,-0.017150,-0.042348,0.105898,-0.032961,-0.149708,-0.011637,0.162526,0.001809,0.047587,-0.017088,-0.026826,0.083659,0.045990,0.063951,0.060583,0.048587,0.096044,0.244944,0.010118,0.020836,0.124470,-0.002956,-0.013169,0.089055,0.010576,0.026958,-0.021443,0.014507,-0.047910,0.013630
0.047909,0.055827,0.077739,0.021749,-0.089921,0.072973,0.019462,-0.071876,0.090014,-0.314802,0.009035,0.017893,-0.025643,-0.026012,0.085097,-0.039303,-0.183171,-0.013625,0.176571,-0.025007,0.051512,-0.011822,0.039720,0.072805,0.053445,0.068444,0.069769,0.069112,0.068211,0.263768,0.031988,-0.004762,0.146813,-0.002872,0.000439,0.064261,0.009584,0.033338,-0.047638,0.013188,-0.044687,-0.014470
0.023090,0.039267,0.066061,0.020099,-0.080951,0.062694,0.020904,-0.094074,0.073142,-0.301165,0.002323,0.004771,-0.027454,0.001314,0.071554,-0.039739,-0.206583,-0.013437,0.197834,-0.064066,0.058002,-0.011462,0.035443,0.062914,0.029852,0.047893,0.062800,0.045667,0.048764,0.257656,0.008686,-0.024487,0.140326,-0.019049,0.001932,0.053491,-0.006216,0.040728,-0.051612,-0.002500,-0.035576,-0.018059
-0.043603,0.043916,0.058593,0.004487,-0.054145,0.057746,0.008746,-0.110387,0.083008,-0.264780,-0.114866,0.021197,-0.032008,0.065405,0.057660,-0.043813,-0.283939,-0.015086,0.222004,-0.086232,0.065532,0.002650,0.043797,0.047813,-0.009209,0.042488,0.047124,0.004842,0.049272,0.242260,-0.031975,-0.024301,0.124549,-0.041071,0.016104,0.034795,-0.029030,0.051761,-0.066326,-0.025545,-0.028290,-0.033916
-0.094466,0.048668,0.046414,-0.005722,-0.027869,0.047922,0.001261,-0.117512,0.087299,-0.226037,-0.230143,0.029899,-0.037707,0.121721,0.040721,-0.048758,-0.349764,-0.017012,0.244006,-0.108222,0.072369,0.015995,0.048256,0.031051,-0.034103,0.035479,0.030494,-0.022259,0.048925,0.223470,-0.058810,-0.024758,0.106040,-0.056536,0.020617,0.014069,-0.045353,0.051720,-0.085815,-0.042106,-0.032956,-0.054214
-0.071841,0.032206,0.020731,0.008769,-0.020891,0.022650,0.016446,-0.112594,0.053240,-0.206907,-0.231358,-0.004590,-0.042825,0.125287,0.018890,-0.051264,-0.338991,-0.017289,0.259213,-0.147162,0.077500,0.014043,0.031802,0.016610,-0.015196,0.009773,0.020958,-0.004635,0.026107,0.207510,-0.040552,-0.046940,0.091455,-0.052996,-0.007313,-0.002468,-0.041485,0.025563,-0.103743,-0.038115,-0.060061,-0.070856
-0.050899,0.004815,-0.012505,0.015371,-0.020482,-0.010440,0.021361,-0.090840,0.011529,-0.203313,-0.194866,-0.047005,-0.052622,0.103099,-0.010252,-0.056907,-0.280944,-0.018648,0.251394,-0.114142,0.076235,0.013301,0.004226,0.001810,-0.006545,-0.014254,0.005881,-0.000620,0.012095,0.182411,-0.035844,-0.060196,0.067750,-0.056577,-0.028363,-0.016073,-0.044420,0.009129,-0.115098,-0.040976,-0.076804,-0.080930
-0.042110,-0.019812,-0.036684,0.010829,-0.026822,-0.034701,0.013623,-0.063087,-0.016833,-0.216890,-0.139002,-0.076105,-0.062203,0.066295,-0.032228,-0.062938,-0.204606,-0.020427,0.224642,-0.025632,0.068336,0.014115,-0.020621,-0.005994,-0.012505,-0.024547,-0.007222,-0.012119,0.014090,0.160669,-0.046895,-0.057849,0.046806,-0.065509,-0.031970,-0.019958,-0.052748,0.010601,-0.114252,-0.049304,-0.074827,-0.079400
-0.036063,-0.032627,-0.072849,-0.007223,0.003541,-0.070912,-0.004855,-0.042062,-0.023068,-0.222406,-0.104972,-0.079056,-0.066477,0.021475,-0.067610,-0.061351,-0.142735,-0.019587,0.186982,0.003302,0.056772,0.005976,-0.033477,-0.034381,-0.003077,-0.041424,-0.032692,-0.005027,0.001409,0.127481,-0.039023,-0.069436,0.015606,-0.061105,-0.033349,-0.043756,-0.047311,0.015562,-0.136376,-0.043738,-0.069304,-0.100034
-0.020909,-0.038931,-0.100257,-0.032383,0.051135,-0.098904,-0.026218,-0.052668,-0.007008,-0.210417,-0.102713,-0.054513,-0.068394,-0.022768,-0.093396,-0.058787,-0.099492,-0.018417,0.144558,0.010015,0.043903,-0.003920,-0.039703,-0.059109,0.014276,-0.057330,-0.051754,0.010679,-0.012171,0.101306,-0.022555,-0.081832,-0.008628,-0.051676,-0.035859,-0.064886,-0.037307,0.015108,-0.158602,-0.033793,-0.070102,-0.121419
0.015238,-0.044098,-0.098148,-0.058372,0.096514,-0.098221,-0.042665,-0.119789,0.031877,-0.171507,-0.142005,-0.000994,-0.070884,-0.057881,-0.086571,-0.061830,-0.079179,-0.019076,0.103778,0.031715,0.031535,-0.008341,-0.044615,-0.055932,0.032180,-0.064656,-0.045654,0.025121,-0.012732,0.100557,-0.007709,-0.081931,-0.008630,-0.045500,-0.042910,-0.060788,-0.032051,0.000268,-0.158092,-0.028966,-0.087119,-0.122107
-0.006620,-0.027201,-0.120815,-0.108049,0.412385,-0.115466,-0.102870,0.314758,-0.000372,-0.239332,0.288325,-0.035759,-0.070083,-0.068312,-0.113013,-0.057344,-0.085875,-0.017739,0.082549,0.067995,0.024771,-0.012024,-0.028265,-0.056371,0.058987,-0.060118,-0.039316,0.053877,-0.013392,0.106932,0.021283,-0.082433,-0.002079,-0.052162,-0.029650,-0.062473,-0.040922,-0.002610,-0.166411,-0.038465,-0.094624,-0.132328
-0.075608,0.003193,-0.156889,-0.154545,0.840622,-0.142424,-0.174720,1.033346,-0.088844,-0.378846,0.972997,-0.139259,-0.066433,-0.049206,-0.159125,-0.047733,-0.116479,-0.014502,0.091403,0.100466,0.027305,-0.013172,0.000984,-0.060070,0.081209,-0.046197,-0.035766,0.082579,-0.014084,0.117383,0.050043,-0.083316,0.007831,-0.068378,-0.002826,-0.068965,-0.059598,0.007687,-0.179292,-0.057768,-0.089066,-0.146787
-0.102567,-0.025830,-0.153390,-0.203699,1.071846,-0.134608,-0.231079,1.358742,-0.126294,-0.441607,1.234418,-0.175033,-0.066784,-0.006275,-0.157827,-0.050009,-0.211404,-0.014405,0.066129,0.079400,0.019883,-0.013034,-0.028300,-0.053441,0.101533,-0.058931,-0.032419,0.101641,-0.025244,0.115287,0.069765,-0.093367,0.007161,-0.097790,-0.032214,-0.066621,-0.090828,-0.032242,-0.178787,-0.089180,-0.129348,-0.145655
-0.057797,-0.077007,-0.093813,-0.230481,1.230467,-0.070248,-0.258081,1.524454,-0.091807,-0.401646,1.021701,-0.134617,-0.061787,0.083698,-0.090731,-0.057292,-0.372592,-0.016092,0.055198,0.152206,0.016073,-0.021430,-0.078161,-0.038929,0.122223,-0.085561,-0.022366,0.121183,-0.051145,0.118949,0.089982,-0.118135,0.012180,-0.110831,-0.083382,-0.053242,-0.104729,-0.088963,-0.165946,-0.103242,-0.185384,-0.131939
0.088019,-0.112940,0.038585,-0.210065,1.440602,0.076197,-0.241263,1.763805,0.039405,-0.233912,0.283654,-0.002836,-0.043287,0.243962,0.062215,-0.064692,-0.602088,-0.016334,0.105627,0.466176,0.029535,-0.048007,-0.110536,-0.019422,0.145608,-0.113205,0.000859,0.151721,-0.095896,0.146098,0.120679,-0.163019,0.038574,-0.077839,-0.121893,-0.026647,-0.071664,-0.128792,-0.141869,-0.070694,-0.226917,-0.108893
0.085157,-0.203213,0.106752,-0.143644,1.448130,0.156014,-0.155722,1.557776,0.133010,-0.074908,-0.367461,0.090983,-0.029539,0.411506,0.135093,-0.065973,-0.757490,-0.011796,0.160469,0.477291,0.045156,-0.055755,-0.199853,0.013458,0.137673,-0.169978,0.023644,0.144414,-0.155390,0.168158,0.113775,-0.222433,0.060022,-0.080845,-0.208486,0.007545,-0.072616,-0.202090,-0.097310,-0.071526,-0.295443,-0.063052
-0.065252,-0.302613,0.077129,-0.060690,1.251584,0.105571,-0.036272,1.012111,0.118113,-0.000650,-0.603479,0.074368,-0.027537,0.503814,0.086368,-0.059397,-0.759551,-0.010243,0.192579,0.181544,0.052708,-0.041572,-0.302393,0.044968,0.101674,-0.228459,0.036248,0.101867,-0.200842,0.175830,0.071883,-0.267688,0.067512,-0.119037,-0.300810,0.033283,-0.107597,-0.273376,-0.053516,-0.105934,-0.357783,-0.016103
-0.148538,-0.468206,0.118901,-0.041713,0.908295,0.127361,0.022796,0.346034,0.196280,0.044702,-0.877969,0.158397,-0.000602,0.707146,0.113453,-0.040230,-0.745188,-0.004491,0.233913,0.003221,0.064334,-0.037196,-0.468828,0.077077,0.079768,-0.324269,0.043074,0.080078,-0.299557,0.177694,0.051755,-0.364145,0.072665,-0.122621,-0.430548,0.072640,-0.104895,-0.366275,0.002084,-0.102259,-0.442074,0.046074
-0.176523,-0.605574,0.153145,-0.058891,0.683763,0.151914,0.048737,-0.182655,0.269352,0.080724,-1.031261,0.243676,0.017048,0.921508,0.135725,-0.031906,-0.740848,-0.003874,0.252155,-0.094996,0.068533,-0.036562,-0.606059,0.090461,0.055780,-0.413361,0.038654,0.060215,-0.400594,0.174149,0.033719,-0.463252,0.071869,-0.114475,-0.532470,0.095134,-0.091551,-0.440400,0.033177,-0.088464,-0.513559,0.082239
-0.161538,-0.620073,0.101192,-0.080232,0.843600,0.100091,0.068205,-0.316683,0.228266,0.117803,-0.904290,0.215099,-0.000166,1.046044,0.081144,-0.044584,-0.773870,-0.008086,0.228820,-0.151385,0.061849,-0.036512,-0.620539,0.064703,0.010245,-0.451288,0.015353,0.020552,-0.452610,0.163461,-0.005214,-0.516103,0.059527,-0.119726,-0.540884,0.069077,-0.096846,-0.455101,0.002131,-0.094581,-0.537197,0.049964
-0.109357,-0.733884,0.024362,-0.093138,1.009686,0.029230,0.084970,-0.355694,0.146292,0.165983,-0.643778,0.153588,-0.007736,1.145925,0.008872,-0.038666,-0.694888,-0.005837,0.276308,-0.041391,0.075889,-0.070550,-0.734021,0.017360,-0.023325,-0.542303,-0.039002,-0.013770,-0.545140,0.105313,-0.037860,-0.607521,0.003114,-0.096472,-0.579849,0.050234,-0.066751,-0.461584,-0.015685,-0.063920,-0.538827,0.040091
-0.046241,-0.890113,-0.039445,-0.090877,1.099195,-0.024999,0.089477,-0.280177,0.064211,0.202064,-0.379948,0.089074,-0.002006,1.171450,-0.045640,-0.016723,-0.543162,0.000142,0.371677,0.180213,0.100475,-0.121609,-0.889792,-0.030128,-0.027181,-0.641148,-0.098163,-0.025148,-0.632343,0.027714,-0.046969,-0.692142,-0.070389,-0.057375,-0.629650,0.046565,-0.017009,-0.456354,-0.012581,-0.012878,-0.517382,0.056294
-0.005683,-0.987927,-0.075063,-0.101284,1.151824,-0.049085,0.087809,-0.301391,0.020403,0.106233,-0.146097,0.033312,-0.013693,1.182462,-0.068840,-0.021380,-0.523657,-0.001430,0.378700,0.216231,0.099789,-0.103616,-0.987426,-0.038403,-0.061128,-0.734368,-0.116080,-0.099452,-0.639174,-0.020845,-0.121208,-0.702634,-0.125117,0.022427,-0.644892,0.071855,0.071718,-0.427819,0.016904,0.076608,-0.472761,0.095815
0.030179,-1.037997,-0.086203,-0.109295,1.168617,-0.046006,0.083191,-0.327735,0.003537,0.002345,-0.000024,-0.001305,-0.025479,1.258790,-0.064032,-0.037416,-0.599751,-0.006016,0.361362,0.127478,0.093022,-0.076387,-1.037422,-0.032412,-0.088483,-0.795309,-0.116093,-0.162124,-0.623483,-0.044005,-0.184097,-0.691774,-0.155669,0.062969,-0.639327,0.095485,0.117509,-0.398764,0.042257,0.122485,-0.434530,0.126196
0.079862,-1.051082,-0.075409,-0.100557,1.150372,-0.018139,0.077139,-0.268004,0.001992,0.011825,0.000064,-0.001478,-0.020085,1.480043,-0.033321,-0.048764,-0.735128,-0.009910,0.384902,-0.025593,0.097339,-0.096968,-1.049861,-0.041557,-0.069491,-0.798175,-0.121600,-0.136365,-0.644049,-0.042342,-0.156973,-0.712608,-0.153969,-0.012000,-0.626293,0.080164,0.042639,-0.391962,0.024716,0.046756,-0.431717,0.106899
-0.046625,-1.104593,-0.247637,-0.156794,1.084282,-0.201357,-0.066021,-0.854874,-0.693955,-0.224729,0.187019,-0.680731,-0.096386,1.630190,-0.212745,-0.056376,-0.719990,0.006632,0.365205,-0.089267,0.111940,-0.075280,-1.105382,-0.073719,-0.126362,-0.843391,-0.174287,-0.197804,-0.681526,-0.088202,-0.217200,-0.751052,-0.201095,-0.074270,-0.622597,0.040256,-0.017529,-0.378887,-0.010544,-0.013837,-0.414863,0.073486
-0.288923,-1.172315,-0.513604,-0.236692,1.002552,-0.520058,-0.360452,-1.805903,-1.722575,-0.613482,0.464274,-1.703217,-0.199737,1.632979,-0.535179,-0.019764,-0.563028,0.004695,0.349092,-0.032712,0.097105,-0.035017,-1.176002,-0.098816,-0.241086,-0.907132,-0.238739,-0.326535,-0.715498,-0.151593,-0.344816,-0.786760,-0.266198,-0.106414,-0.629805,0.009596,-0.046152,-0.365790,-0.031406,-0.042656,-0.392214,0.057121
-0.319311,-1.239157,-0.540623,-0.016654,0.928431,-0.639669,-0.387371,-2.532362,-2.211609,-0.519571,-0.347033,-2.215438,-0.231764,1.504300,-0.569409,-0.016311,-0.423341,-0.005448,0.421830,0.234777,0.104256,-0.008082,-1.241017,-0.070405,-0.223824,-0.940290,-0.228229,-0.334852,-0.688910,-0.175520,-0.351536,-0.760192,-0.288617,-0.077873,-0.621850,0.053906,-0.007679,-0.308436,0.019820,-0.004248,-0.323448,0.117118
-0.279607,-1.274776,-0.366934,0.228696,1.009996,-0.547884,-0.304175,-2.592097,-2.001860,-0.303516,-0.864296,-2.011810,-0.345049,1.256707,-0.325093,-0.207912,-0.402492,0.027257,0.191313,0.406502,0.120069,-0.004119,-1.275279,-0.020720,-0.173855,-0.928963,-0.186704,-0.299176,-0.642476,-0.165002,-0.314069,-0.711692,-0.273691,0.000127,-0.682336,0.118640,0.078463,-0.350945,0.067179,0.081441,-0.368009,0.167977
-0.317612,-1.249302,-0.026203,0.231559,1.401899,-0.241862,-0.138460,-1.587329,-0.909088,-0.076355,0.269522,-0.928649,-0.686703,0.899459,0.165975,-0.737342,-0.608096,0.130274,-0.719639,0.168981,0.119780,-0.038155,-1.252165,0.033608,-0.194604,-0.856549,-0.149559,-0.302507,-0.612898,-0.115356,-0.315338,-0.678175,-0.216746,0.114478,-0.892950,0.165309,0.192880,-0.635617,0.049812,0.194132,-0.683203,0.139263
-0.277404,-1.123202,0.167738,0.166979,1.594464,-0.041956,0.014528,-0.861322,-0.161082,0.108872,0.727897,-0.165868,-0.684265,0.498564,0.372154,-0.793440,-0.714796,0.231213,-1.023377,-0.016207,0.145569,-0.047949,-1.128003,0.074847,-0.206651,-0.746459,-0.107444,-0.298302,-0.546245,-0.048929,-0.309671,-0.610074,-0.146966,0.203352,-0.888076,0.215707,0.284076,-0.674938,0.063414,0.283592,-0.740778,0.144544
-0.183633,-0.958458,0.116738,0.088201,1.488048,-0.036404,-0.034548,-0.768024,-0.087307,0.094120,0.289756,-0.074061,-0.326577,0.256433,0.181044,-0.324438,-0.653937,0.237770,-0.542641,-0.037703,0.152925,-0.046119,-0.960960,0.080048,-0.220783,-0.649591,-0.085522,-0.305794,-0.471476,-0.004657,-0.316468,-0.537457,-0.104785,0.203168,-0.666199,0.237209,0.285485,-0.445685,0.093757,0.284361,-0.508385,0.173944
-0.277410,-0.969536,0.116512,0.148738,1.372399,-0.127640,0.045741,-0.562432,-0.156454,0.248593,0.793218,-0.131139,-0.055709,0.132595,-0.015816,-0.090868,-0.206807,-0.063531,-0.280278,0.657682,-0.155410,-0.106724,-0.972232,0.084203,-0.222554,-0.480639,-0.128566,-0.347712,-0.192725,-0.141889,-0.353406,-0.231541,-0.200061,0.118172,-0.512281,0.274392,0.216750,-0.160083,0.181604,0.215159,-0.193832,0.282335
-0.342800,-0.975832,0.170181,0.219505,1.262867,-0.176587,0.094652,-0.447097,-0.251160,0.496384,1.420557,-0.191716,0.095166,0.288241,-0.091762,-0.016543,0.024937,-0.282458,-0.192535,1.190339,-0.383345,-0.144846,-0.980371,0.096667,-0.232569,-0.368597,-0.151584,-0.394543,0.021742,-0.241615,-0.395894,0.012896,-0.254666,0.112502,-0.432079,0.320046,0.226631,0.026624,0.254344,0.225078,0.011829,0.371456
-0.164455,-0.797338,0.274680,0.191326,1.178865,0.019073,-0.014509,-0.621045,-0.174238,0.775648,1.358008,-0.049033,0.091504,0.887263,0.086700,-0.029106,-0.555981,-0.025490,-0.260858,0.680542,-0.138856,-0.076682,-0.804844,0.108588,-0.277450,-0.442977,-0.091351,-0.429028,-0.094947,-0.103906,-0.429580,-0.098527,-0.109097,0.352755,-0.433391,0.359211,0.469747,-0.041159,0.232942,0.468573,-0.083253,0.335720
0.194056,-0.759553,0.187244,0.128644,1.124726,0.166632,-0.136014,-0.710908,-0.103857,0.946061,1.144580,0.049659,0.413617,2.991599,-0.059904,0.093330,-0.503260,-0.364427,-0.164684,0.784654,-0.484107,-0.047438,-0.764153,0.032426,-0.306453,-0.556697,-0.135681,-0.451183,-0.244148,-0.080738,-0.451183,-0.244149,-0.080738,0.522540,-0.344807,0.354450,0.642825,-0.011568,0.174878,0.642084,-0.074449,0.265886
0.550114,-0.881841,-0.049745,0.072680,1.123243,0.203823,-0.203504,-0.676140,-0.064006,0.931144,0.882308,0.075370,0.895573,5.550468,-0.432557,0.102476,0.177194,-1.067975,-0.109440,1.477216,-1.173336,-0.077765,-0.878863,-0.102265,-0.308031,-0.652230,-0.270819,-0.451255,-0.350338,-0.193899,-0.451255,-0.350336,-0.193899,0.529051,-0.210402,0.294229,0.650892,0.100541,0.095236,0.650540,0.033679,0.183123
0.387934,-0.804674,-0.266138,-0.031756,1.250722,-0.003705,-0.166406,-0.783325,-0.010594,0.668968,0.283980,0.075829,0.741114,5.524520,-0.604978,-0.113263,0.228106,-0.963489,-0.422399,0.276615,-1.006908,-0.030971,-0.799169,-0.164655,-0.522710,-0.733110,-0.380396,-0.691572,-0.387392,-0.256120,-0.691572,-0.387391,-0.256121,0.740987,-0.167501,0.291498,0.870201,0.123362,0.052488,0.871005,0.024437,0.128284
0.076822,-0.730242,-0.385029,-0.123704,1.353194,-0.240172,-0.101538,-0.845161,-0.001506,0.426733,-0.193479,0.054826,0.379001,4.299420,-0.657312,-0.159033,-0.164008,-0.635302,-0.594654,-1.271355,-0.633839,0.018755,-0.725600,-0.157719,-0.739022,-0.805191,-0.437356,-0.932434,-0.414685,-0.281361,-0.932434,-0.414686,-0.281361,0.891913,-0.194726,0.322347,1.025637,0.103892,0.075356,1.027379,-0.015618,0.141192
-0.005475,-0.853082,-0.340473,-0.135682,1.271838,-0.222135,-0.103957,-0.680085,-0.001445,0.457900,-0.099116,0.061560,0.193055,3.283162,-0.479219,-0.151166,-0.723674,-0.282635,-0.513994,-1.537853,-0.292814,0.010659,-0.849746,-0.129273,-0.732004,-0.867214,-0.440616,-0.918849,-0.488806,-0.298871,-0.918849,-0.488806,-0.298871,0.730357,-0.255966,0.305537,0.857470,0.095211,0.131347,0.858743,0.006623,0.205319
-0.198734,-0.946204,-0.405324,-0.208196,1.218932,-0.362601,-0.077337,-0.608903,-0.030735,0.764861,-0.023236,0.068990,-0.005119,1.558176,-0.580835,-0.053504,-0.909798,-0.342590,-0.278076,-1.115352,-0.376887,0.010313,-0.945002,-0.135776,-0.834783,-0.954584,-0.512874,-1.030865,-0.550648,-0.391406,-1.030865,-0.550648,-0.391406,0.854576,-0.285804,0.372375,0.995901,0.177369,0.247424,0.996206,0.137221,0.315048
-0.408371,-0.963339,-0.545899,-0.289610,1.219601,-0.598023,-0.011691,-0.669882,-0.091414,1.218330,-0.008261,0.057370,-0.124828,-0.018733,-0.921554,0.014464,-0.628773,-0.759063,-0.080051,-0.209529,-0.812585,0.010878,-0.963371,-0.167426,-0.998250,-1.021362,-0.625419,-1.213481,-0.564723,-0.529210,-1.213481,-0.564724,-0.529210,1.193189,-0.270971,0.503517,1.361157,0.312790,0.391011,1.360624,0.313704,0.440205
-0.443579,-0.784393,-0.305551,-0.242352,1.145661,-0.430180,-0.073321,-0.773730,-0.067596,1.148635,-0.042635,0.077364,-0.221869,-0.392127,-0.607368,0.083574,0.018422,-0.454770,-0.099741,-0.058004,-0.490338,0.058126,-0.628559,-0.050783,-0.985211,-0.751547,-0.527789,-1.189118,-0.330740,-0.396205,-1.189118,-0.330740,-0.396205,1.250478,-0.151666,0.588382,1.419811,0.388982,0.435180,1.420262,0.378598,0.445434
-0.339897,-0.632461,-0.042264,-0.134251,0.898813,-0.194867,-0.143524,-1.051847,-0.037985,1.281129,0.522043,0.111293,-0.196242,-0.117542,-0.223026,0.128892,0.232593,-0.046839,-0.215879,-0.160120,-0.096235,0.127311,-0.327169,0.018685,-0.861815,-0.419780,-0.457758,-1.062108,0.034759,-0.449017,-1.064028,0.109088,-0.516475,1.127891,0.050509,0.554557,1.273028,0.584109,0.488611,1.271795,0.606733,0.504781
-0.143083,-0.723638,-0.117195,0.014663,0.382175,-0.241223,-0.047390,-1.641404,-0.133690,2.415893,2.312315,0.035293,0.045372,0.239214,-0.340246,0.147928,-0.808919,-0.138732,-0.247708,-0.037276,-0.289356,0.170189,-0.437685,-0.149638,-0.705032,-0.278284,-0.675175,-0.934047,0.424831,-1.187180,-0.938552,0.716663,-1.462995,0.899183,0.315422,0.345892,0.996490,1.058734,0.700831,0.985953,1.247684,0.842988
-0.097762,-0.665775,-0.092299,0.005871,0.468735,-0.161064,-0.111444,-0.956204,-0.162484,2.106274,1.660337,-0.132219,0.105569,0.514652,-0.321337,0.042074,-0.520404,-0.238122,-0.496820,0.106970,-0.408067,0.029042,-0.349856,-0.086685,-0.815050,-0.314055,-0.550184,-1.003600,0.278849,-0.946290,-1.002816,0.464143,-1.128390,0.790623,0.187339,0.368130,0.889022,0.763144,0.552909,0.882863,0.881058,0.644950
-0.225563,-0.488372,0.022556,-0.156697,1.114060,-0.005372,-0.295047,0.659610,-0.107880,0.458553,-1.085824,-0.043278,-0.049378,0.569629,-0.179348,-0.123216,0.953669,-0.275174,-0.843378,0.198616,-0.386951,-0.232143,-0.106431,0.177806,-1.141700,-0.523693,-0.156867,-1.266052,-0.327089,0.144152,-1.268366,-0.505872,0.324634,0.838939,-0.262931,0.621891,0.977253,-0.121905,0.125272,0.985453,-0.268961,0.005862
-0.257988,-0.596828,0.129609,-0.105767,1.266857,0.016733,-0.267044,0.414010,-0.058553,0.013713,-1.360141,0.021949,0.016165,0.627037,-0.226363,-0.139823,0.690126,-0.333156,-0.745286,0.082702,-0.422218,-0.200326,-0.325749,0.184401,-0.898590,-0.369208,-0.197469,-1.014913,-0.193169,0.104676,-1.017622,-0.397656,0.325776,0.739768,-0.280869,0.624240,0.886284,-0.092519,0.132210,0.896011,-0.246561,0.001978
-0.264939,-0.769839,0.223903,0.002745,1.194525,-0.023865,-0.160826,-0.327522,-0.026471,0.133022,-0.726091,0.014615,0.126957,0.673659,-0.331021,-0.099664,-0.078129,-0.366382,-0.491111,-0.034128,-0.460191,-0.089353,-0.603609,0.119631,-0.536916,-0.099634,-0.342040,-0.657239,0.165660,-0.283847,-0.658668,0.068347,-0.172963,0.610054,-0.140294,0.542354,0.747498,0.227826,0.292165,0.752565,0.150975,0.225095
-0.317467,-0.784968,0.303447,0.025084,1.165587,-0.052939,-0.098910,-0.201280,-0.028281,0.168127,-0.740372,0.021462,0.118091,0.696866,-0.355415,-0.058895,-0.124170,-0.344755,-0.353338,0.048847,-0.427945,-0.127155,-0.531652,0.158305,-0.505013,0.011775,-0.280233,-0.613929,0.259629,-0.246657,-0.614534,0.221278,-0.201803,0.553383,-0.100002,0.567612,0.687415,0.271979,0.327181,0.692763,0.194044,0.257089
-0.307285,-0.763612,0.356734,0.047808,1.102214,-0.052398,-0.070398,-0.062919,-0.039421,0.160279,-0.722089,0.016367,0.127609,0.915529,-0.340044,-0.063194,-0.294234,-0.277587,-0.280501,-0.030559,-0.350963,-0.154646,-0.467845,0.167047,-0.408335,0.123381,-0.218482,-0.504335,0.351875,-0.221301,-0.504335,0.351872,-0.221299,0.442593,-0.061237,0.532839,0.569597,0.311782,0.315249,0.574948,0.236403,0.245600
-0.239899,-0.716598,0.356381,0.060103,1.036381,-0.020644,-0.092020,0.018988,-0.046242,0.110571,-0.679716,0.012665,0.141892,1.221139,-0.297354,-0.125250,-0.500753,-0.199813,-0.324377,-0.228945,-0.271173,-0.157324,-0.444457,0.140100,-0.293021,0.179711,-0.189768,-0.380744,0.396966,-0.223548,-0.380743,0.396966,-0.223547,0.332757,-0.043613,0.454291,0.452440,0.328020,0.262812,0.457443,0.257793,0.196571
-0.305971,-0.705135,0.456037,0.055254,0.897805,-0.027629,-0.052502,0.166050,-0.040797,0.094123,-0.597109,0.018140,0.061560,1.269105,-0.235824,-0.092918,-0.653782,-0.047611,-0.212105,-0.138201,-0.125426,-0.181425,-0.392701,0.206749,-0.166592,0.310357,-0.068188,-0.243498,0.514272,-0.155926,-0.243498,0.514272,-0.155926,0.161793,-0.090033,0.431003,0.271102,0.253058,0.250982,0.276184,0.180857,0.181684
-0.414323,-0.706659,0.601113,0.038627,0.786605,-0.044915,-0.018599,0.257076,-0.037106,0.088782,-0.504831,0.018308,-0.050449,1.111333,-0.173965,-0.047699,-0.714773,0.067748,-0.115611,0.013076,-0.016749,-0.202090,-0.279157,0.303179,-0.078286,0.483299,0.067026,-0.144587,0.664371,-0.047594,-0.144588,0.664370,-0.047594,0.021902,-0.145550,0.436733,0.121181,0.144899,0.236460,0.127366,0.059531,0.154046
-0.477904,-0.699179,0.733368,0.023416,0.802870,-0.034276,-0.054303,0.171360,-0.030556,0.074330,-0.432839,0.022501,-0.118596,0.801699,-0.117536,-0.086628,-0.636691,0.079100,-0.218405,0.005176,-0.012037,-0.197297,-0.071209,0.358287,-0.075786,0.665677,0.131904,-0.130958,0.807391,0.066042,-0.130959,0.807391,0.066042,0.004617,-0.156075,0.437363,0.097490,0.062051,0.170994,0.105941,-0.051147,0.061161
-0.521244,-0.768595,0.862415,-0.043031,0.782929,0.051187,-0.081427,0.222236,0.078176,0.013148,-0.438245,0.130891,-0.174525,0.559945,-0.039392,-0.113414,-0.521809,0.121714,-0.410687,0.001082,0.001666,-0.185276,-0.081750,0.449898,-0.052347,0.720715,0.205117,-0.097127,0.833225,0.143985,-0.097127,0.833225,0.143985,-0.012739,-0.296112,0.488897,0.075351,-0.105273,0.207663,0.084861,-0.228404,0.087769
-0.524157,-0.880323,0.922691,-0.138333,0.735892,0.161573,-0.094559,0.383533,0.225381,-0.069012,-0.518894,0.281829,-0.213625,0.505435,0.007030,-0.135139,-0.429624,0.154880,-0.617003,-0.000185,-0.001983,-0.170687,-0.304856,0.534198,-0.021769,0.622136,0.252238,-0.064254,0.729914,0.149505,-0.064252,0.729915,0.149505,-0.022263,-0.493748,0.567590,0.064888,-0.271171,0.331038,0.074512,-0.381320,0.223482
-0.479446,-0.912471,0.862184,-0.143502,0.634411,0.108451,-0.048342,0.449374,0.189573,-0.055041,-0.394746,0.238744,-0.230085,0.408280,0.010151,-0.048401,-0.287111,0.170071,-0.581935,-0.006457,0.013107,-0.190095,-0.249786,0.485914,-0.026131,0.589124,0.248921,-0.058624,0.667839,0.176266,-0.058622,0.667840,0.176267,0.059958,-0.494810,0.559294,0.154877,-0.221777,0.336962,0.165405,-0.325601,0.235322
-0.378799,-0.887265,0.712373,-0.110596,0.595291,0.013448,-0.016279,0.414095,0.091745,-0.039331,-0.395910,0.135751,-0.216826,0.424617,0.006832,0.022371,-0.202231,0.178307,-0.525096,-0.021753,0.026716,-0.200922,-0.146186,0.379054,-0.029099,0.535625,0.205376,-0.049435,0.581975,0.186468,-0.049434,0.581975,0.186468,0.134937,-0.429145,0.490223,0.235278,-0.119315,0.275412,0.246371,-0.219923,0.175911
-0.209740,-0.826915,0.507057,-0.101218,0.735440,-0.006121,-0.078164,0.273113,0.049659,-0.111802,-0.851142,0.111897,-0.182995,0.709284,0.025990,-0.060387,-0.284751,0.187838,-0.680083,-0.053991,0.012348,-0.154100,-0.220347,0.298207,0.003654,0.380499,0.147853,-0.010632,0.412031,0.158711,-0.010634,0.412030,0.158711,0.110198,-0.427199,0.391379,0.203868,-0.128379,0.199195,0.215427,-0.226113,0.101638
-0.097940,-0.814779,0.379735,-0.083150,0.758060,-0.010202,-0.077811,0.158551,0.046616,-0.110822,-0.974955,0.113079,-0.142246,0.740647,0.044776,-0.056135,-0.290594,0.191334,-0.701884,-0.063314,0.006997,-0.119011,-0.160094,0.199585,-0.046986,0.422622,0.015433,-0.069052,0.471190,0.034419,-0.069053,0.471191,0.034420,0.085063,-0.328872,0.271436,0.174089,-0.023495,0.113348,0.185371,-0.114199,0.022146
-0.097946,-0.856516,0.395310,-0.080845,0.649592,-0.007453,-0.029168,0.125549,0.069732,-0.049388,-0.707829,0.120667,-0.126991,0.500003,0.046504,0.018770,-0.219279,0.176803,-0.593706,-0.047197,0.004246,-0.110270,0.005317,0.135051,-0.156891,0.641892,-0.123437,-0.197167,0.730824,-0.121694,-0.197163,0.730827,-0.121693,0.076046,-0.181081,0.194576,0.164090,0.145717,0.065729,0.174413,0.062908,-0.018129
-0.036733,-0.874317,0.285890,-0.063698,0.488706,-0.026591,-0.045231,0.055643,0.021733,-0.075351,-0.526145,0.053311,-0.111588,0.422629,0.060260,0.023739,-0.205651,0.173458,-0.542126,-0.170089,0.023823,-0.082005,0.128765,0.046577,-0.180087,0.692639,-0.205549,-0.213190,0.768402,-0.171125,-0.213191,0.768402,-0.171125,0.043727,-0.014803,0.083264,0.124247,0.289741,-0.027076,0.134325,0.207103,-0.111353
0.034481,-0.876086,0.157336,-0.036100,0.338113,-0.041914,-0.068382,-0.006780,-0.030004,-0.104322,-0.404133,-0.011979,-0.088601,0.400900,0.078152,0.011538,-0.208056,0.173968,-0.504629,-0.303067,0.044709,-0.049544,0.213049,-0.028329,-0.163485,0.620278,-0.226927,-0.177253,0.661028,-0.130870,-0.177257,0.661025,-0.130871,-0.003872,0.094326,-0.029509,0.068443,0.363066,-0.131181,0.078200,0.276199,-0.220129
0.070583,-0.868957,0.118680,-0.013720,0.258875,-0.033536,-0.048362,-0.018969,-0.028291,-0.056933,-0.317768,-0.009160,-0.058759,0.325502,0.089232,0.024367,-0.186254,0.167206,-0.451742,-0.317602,0.047908,-0.021731,0.261811,-0.048126,-0.151314,0.470725,-0.178085,-0.148078,0.486061,-0.012096,-0.148077,0.486063,-0.012095,-0.051973,0.072167,-0.105405,0.017005,0.322116,-0.205890,0.026398,0.230122,-0.300321
0.075215,-0.844195,0.092366,-0.019955,0.207008,-0.016747,-0.064751,0.003033,-0.023430,-0.057612,-0.210363,-0.005722,-0.054368,0.259571,0.102128,0.004564,-0.132062,0.158738,-0.435417,-0.303612,0.049080,0.013335,0.283222,-0.044857,-0.056468,0.218180,-0.048921,-0.030036,0.198811,0.201555,-0.030032,0.198814,0.201556,-0.100156,0.003567,-0.166106,-0.033671,0.242392,-0.258588,-0.025115,0.148219,-0.355192
0.046415,-0.814082,0.092091,-0.052393,0.208283,-0.000944,-0.110205,0.048067,-0.018213,-0.106913,-0.135735,-0.003356,-0.078040,0.236070,0.109452,-0.037357,-0.072493,0.151488,-0.462644,-0.269071,0.045117,0.038064,0.266748,-0.018469,0.073500,-0.010855,0.097587,0.117331,-0.057386,0.404930,0.117333,-0.057384,0.404931,-0.124035,-0.076887,-0.180211,-0.057403,0.163976,-0.261808,-0.049872,0.071713,-0.356253
0.039205,-0.788516,0.057831,-0.060119,0.172577,-0.016455,-0.085530,0.044209,-0.018292,-0.074984,-0.117407,-0.002509,-0.074363,0.179546,0.073614,0.024739,-0.031865,0.125384,-0.307023,-0.269220,0.047705,0.025833,0.320152,-0.058966,0.097313,-0.061732,0.109896,0.137001,-0.098602,0.415501,0.136998,-0.098605,0.415500,-0.108168,-0.046864,-0.211863,-0.035208,0.215579,-0.291966,-0.028573,0.125215,-0.384206
0.046932,-0.768874,0.012580,-0.052510,0.102565,-0.033844,-0.041417,0.012699,-0.019281,-0.023575,-0.126290,-0.002901,-0.047458,0.099305,0.008443,0.100064,-0.011396,0.066063,-0.151000,-0.303749,0.015018,0.014636,0.423813,-0.116816,0.095460,-0.015969,0.077799,0.124808,-0.032034,0.364298,0.124803,-0.032038,0.364297,-0.070084,0.027969,-0.249689,0.012499,0.308403,-0.350667,0.018480,0.210293,-0.450789
0.064505,-0.756441,-0.020529,-0.039522,0.000797,-0.023926,-0.029419,-0.025429,-0.015939,-0.015189,-0.133459,-0.002949,-0.001657,0.004530,-0.072432,0.097834,-0.012751,-0.038837,-0.176486,-0.374508,-0.093534,0.038269,0.558419,-0.137453,0.145584,0.045325,0.095472,0.173463,0.034717,0.386593,0.173463,0.034718,0.386593,-0.029791,0.082676,-0.279245,0.061624,0.354521,-0.436496,0.067485,0.229210,-0.564521
0.065500,-0.775245,-0.019699,-0.036557,-0.056852,-0.012335,-0.045247,-0.030563,-0.019595,-0.007757,-0.103383,-0.002296,0.021018,-0.046942,-0.123376,0.073051,-0.007627,-0.109887,-0.227116,-0.412352,-0.171916,0.029958,0.601470,-0.120621,0.148011,0.082061,0.119058,0.166553,0.089872,0.389078,0.166554,0.089873,0.389077,-0.049482,0.092349,-0.276315,0.048029,0.364894,-0.460189,0.052141,0.223442,-0.605231
0.049950,-0.815847,0.014944,-0.043717,-0.041517,-0.004856,-0.079586,-0.000103,-0.028464,-0.003657,-0.051055,-0.001091,0.010482,-0.029301,-0.119010,0.039435,0.001633,-0.112254,-0.275437,-0.398580,-0.182002,-0.006262,0.531354,-0.076593,0.101396,0.076070,0.135526,0.107031,0.106443,0.369399,0.107029,0.106441,0.369399,-0.118740,0.052225,-0.243377,-0.019296,0.333738,-0.411482,-0.017428,0.194950,-0.553802
0.031362,-0.820844,0.056439,-0.046501,-0.001482,-0.001927,-0.083512,-0.016203,-0.020648,-0.040001,-0.081571,-0.001798,-0.002050,-0.035777,-0.091946,0.047277,-0.014020,-0.077784,-0.271954,-0.412854,-0.151505,-0.020965,0.536686,-0.060797,0.066034,0.111045,0.132550,0.057967,0.165872,0.337575,0.057968,0.165873,0.337576,-0.127699,0.054726,-0.225241,-0.028802,0.318819,-0.410459,-0.028961,0.172441,-0.560313
0.023509,-0.824202,0.091394,-0.043959,0.021758,0.007344,-0.079319,-0.026525,-0.007001,-0.086694,-0.107976,-0.002208,-0.009580,-0.054970,-0.051660,0.054473,-0.030843,-0.032820,-0.263837,-0.416316,-0.110596,-0.020344,0.563680,-0.054070,0.043994,0.147643,0.126988,0.026386,0.220437,0.315544,0.026390,0.220441,0.315545,-0.105684,0.070702,-0.209702,-0.006959,0.320246,-0.413925,-0.009428,0.166117,-0.571621
0.038651,-0.859988,0.105790,-0.035139,-0.013105,0.033962,-0.089090,0.021355,0.001002,-0.113429,-0.043263,-0.000827,-0.004848,-0.075347,-0.007563,0.019345,-0.024720,-0.003894,-0.298874,-0.369067,-0.088164,-0.014468,0.558248,-0.039840,0.033068,0.146347,0.133312,0.014641,0.222205,0.322805,0.014638,0.222203,0.322804,-0.085075,0.070765,-0.186628,0.018719,0.337504,-0.381249,0.014039,0.185348,-0.536938
0.044631,-0.888811,0.133898,-0.034101,-0.028730,0.068417,-0.116305,0.046594,0.015598,-0.183158,-0.009427,-0.000083,0.001111,-0.090540,0.016883,-0.021610,-0.025411,0.003918,-0.358236,-0.370049,-0.089450,-0.005628,0.562836,-0.030438,0.007926,0.156730,0.127437,-0.017716,0.247199,0.312445,-0.017720,0.247195,0.312444,-0.067633,0.058531,-0.176852,0.036644,0.319248,-0.380506,0.029515,0.161268,-0.542388
0.038613,-0.896232,0.161836,-0.041471,-0.017340,0.093223,-0.147493,0.036428,0.029470,-0.261128,-0.023640,-0.000278,0.005342,-0.093001,0.009265,-0.047839,-0.032676,-0.013492,-0.411828,-0.418694,-0.116119,0.002870,0.575346,-0.029543,-0.017229,0.173868,0.113658,-0.052642,0.283179,0.291067,-0.052642,0.283179,0.291066,-0.061809,0.040673,-0.184868,0.038099,0.274768,-0.411916,0.028120,0.106088,-0.585048
0.012246,-0.859090,0.146940,-0.075875,0.012551,0.093609,-0.160400,0.080751,0.039799,-0.317752,-0.014233,-0.000145,-0.040246,-0.038631,0.047572,-0.090630,-0.014955,0.028732,-0.455061,-0.357231,-0.081118,-0.046548,0.480503,-0.041528,-0.036224,0.126628,0.095548,-0.079298,0.245469,0.245390,-0.079297,0.245469,0.245390,-0.090268,0.028918,-0.167685,0.007384,0.267398,-0.352174,-0.003436,0.119255,-0.504496
-0.010210,-0.704165,0.106784,-0.099660,0.036046,0.088146,-0.156645,0.132957,0.045984,-0.347757,-0.004839,-0.000011,-0.081286,0.011893,0.099096,-0.121079,0.009692,0.086040,-0.473636,-0.282986,-0.025658,-0.080205,0.295870,-0.047156,-0.036945,0.037916,0.067166,-0.090785,0.166454,0.170822,-0.090786,0.166453,0.170822,-0.091495,-0.026650,-0.126373,0.007200,0.232529,-0.245914,-0.002947,0.112214,-0.369511
-0.003607,-0.358445,0.057714,-0.076043,0.027994,0.096217,-0.138536,0.145847,0.048399,-0.346627,-0.019551,0.000197,-0.063770,-0.002264,0.132083,-0.110564,0.023137,0.114208,-0.453750,-0.291865,0.006537,-0.026410,0.040146,-0.017745,-0.008069,-0.069370,0.031004,-0.080431,0.078352,0.071444,-0.080431,0.078352,0.071444,-0.006310,-0.173768,-0.055763,0.096882,0.108250,-0.130479,0.086843,-0.000247,-0.242107
-0.005442,-0.104318,0.041084,-0.081697,0.023905,0.152412,-0.157727,0.162685,0.094514,-0.383357,-0.029036,0.043743,-0.054076,-0.016475,0.166165,-0.143179,0.020547,0.133066,-0.500896,-0.297775,0.017599,0.009940,-0.106820,0.015203,-0.002380,-0.100040,0.007861,-0.083956,0.055061,0.010057,-0.083956,0.055061,0.010057,0.040611,-0.245122,-0.000109,0.147169,0.054095,-0.038061,0.137798,-0.045178,-0.140844
-0.014781,-0.068848,0.065233,-0.113863,0.025774,0.228062,-0.205033,0.174595,0.160377,-0.439561,-0.029687,0.108467,-0.057084,-0.023662,0.183751,-0.202536,0.002791,0.132677,-0.590806,-0.299094,0.000799,0.011616,-0.071685,0.033740,-0.021586,-0.038660,0.008289,-0.098483,0.108395,0.016434,-0.098484,0.108395,0.016434,0.026519,-0.205133,0.011058,0.134162,0.096616,-0.017390,0.124733,-0.000718,-0.118715
-0.038213,-0.022350,0.029535,-0.144068,-0.023002,0.229625,-0.248589,0.157075,0.150430,-0.542545,-0.044146,0.079747,-0.072038,-0.042424,0.142577,-0.253724,-0.004884,0.078105,-0.675188,-0.330433,-0.067425,-0.012616,-0.023684,0.011583,-0.034631,0.033758,-0.018810,-0.097621,0.157003,0.001109,-0.097613,0.157010,0.001112,-0.012293,-0.129395,-0.012704,0.095036,0.171250,-0.031178,0.085578,0.076353,-0.130465
-0.049073,-0.004240,-0.017983,-0.157066,-0.072885,0.202912,-0.260868,0.143508,0.118409,-0.617750,-0.055244,0.027827,-0.087795,-0.055456,0.120257,-0.267920,-0.000714,0.054105,-0.709438,-0.344851,-0.100060,-0.037599,-0.004280,-0.020900,-0.037080,0.069553,-0.048824,-0.085931,0.169129,-0.017694,-0.085917,0.169142,-0.017689,-0.045140,-0.068645,-0.039846,0.061029,0.226678,-0.052490,0.051146,0.133193,-0.150502
-0.020699,-0.054081,-0.029402,-0.136979,-0.075122,0.193713,-0.214385,0.166720,0.119314,-0.589913,-0.046167,0.024680,-0.093299,-0.045813,0.194011,-0.216607,0.016096,0.145757,-0.648399,-0.298097,-0.009905,-0.038095,-0.054948,-0.033359,-0.024420,0.021043,-0.057108,-0.068445,0.112733,-0.021882,-0.068436,0.112741,-0.021879,-0.040846,-0.073563,-0.039139,0.063275,0.211928,-0.053426,0.052746,0.117564,-0.152569
-0.004620,-0.109700,-0.064712,-0.134652,-0.130825,0.182940,-0.216405,0.175089,0.096759,-0.545323,-0.026583,0.015831,-0.105363,-0.081010,0.238107,-0.215200,0.029121,0.188758,-0.623306,-0.252442,0.037282,-0.034639,-0.108953,-0.051753,-0.021134,-0.044232,-0.071341,-0.052502,0.029425,-0.014904,-0.052499,0.029426,-0.014904,-0.040501,-0.071765,-0.046436,0.057028,0.190252,-0.067682,0.045205,0.089263,-0.174027
-0.008909,-0.143297,-0.106228,-0.152372,-0.211863,0.175607,-0.266946,0.163774,0.059622,-0.507400,-0.006888,0.003936,-0.118728,-0.143244,0.230367,-0.265310,0.031245,0.160279,-0.647403,-0.231501,0.016712,-0.029099,-0.139276,-0.066812,-0.029029,-0.093578,-0.084342,-0.046256,-0.039016,-0.000199,-0.046257,-0.039017,-0.000200,-0.044367,-0.064118,-0.058067,0.045792,0.172334,-0.088192,0.032306,0.062342,-0.204221
0.000638,-0.139818,-0.188355,-0.316676,0.058626,0.340683,-0.747843,0.889318,-0.022828,-0.965519,0.514015,-0.042969,-0.108772,-0.201071,0.161277,-0.306858,0.013491,0.067116,-0.492494,-0.109112,-0.003935,0.003943,-0.129512,-0.098753,-0.006096,-0.142831,-0.097507,-0.034649,-0.067660,-0.015945,-0.034653,-0.067664,-0.015947,-0.000179,-0.044445,-0.081784,0.100162,0.211845,-0.129414,0.083367,0.080794,-0.267869
0.014323,-0.166362,-0.245990,-0.409166,0.222222,0.443302,-1.064433,1.373713,-0.117292,-1.218851,0.835739,-0.078815,-0.087013,-0.270594,0.084860,-0.322398,0.010572,-0.033477,-0.320533,0.029618,-0.035257,0.023809,-0.152819,-0.129639,0.034820,-0.241426,-0.091092,-0.013553,-0.131391,-0.017992,-0.013560,-0.131396,-0.017994,-0.002708,-0.074413,-0.126588,0.108533,0.205564,-0.178073,0.088134,0.057083,-0.335907
0.023186,-0.290158,-0.213936,-0.235171,-0.186963,0.239709,-0.629590,0.671051,-0.142219,-0.573381,0.289328,-0.058438,-0.062361,-0.368183,0.055465,-0.293295,0.056159,-0.084244,-0.289397,0.094444,-0.088016,-0.009332,-0.282159,-0.141800,0.081616,-0.438808,-0.044857,0.021572,-0.304989,0.038313,0.021562,-0.304998,0.038310,-0.145835,-0.214972,-0.202446,-0.040875,0.051162,-0.223102,-0.062267,-0.096602,-0.380567
0.052376,-0.351196,-0.196404,-0.107222,-0.499412,0.123449,-0.307738,0.270131,-0.142810,-0.095117,-0.024780,-0.026661,-0.026808,-0.485631,0.060664,-0.230285,0.166933,-0.106850,-0.231122,0.158948,-0.106020,-0.022825,-0.347133,-0.156768,0.140512,-0.578712,0.001000,0.080143,-0.440550,0.109223,0.080134,-0.440557,0.109221,-0.295313,-0.293056,-0.297995,-0.210087,-0.080635,-0.309426,-0.233130,-0.235876,-0.474080
0.086854,-0.318902,-0.202297,-0.087607,-0.557217,0.152571,-0.261094,0.362305,-0.137323,-0.023894,0.042200,-0.007420,-0.002015,-0.564255,0.096652,-0.168739,0.286807,-0.092922,-0.178994,0.190287,-0.082472,-0.010556,-0.315177,-0.167127,0.181213,-0.591102,0.023294,0.131768,-0.470309,0.159313,0.131765,-0.470311,0.159312,-0.376918,-0.269219,-0.365462,-0.314874,-0.123747,-0.393649,-0.340409,-0.290961,-0.569271
0.107893,-0.333359,-0.181903,-0.099627,-0.604769,0.224229,-0.342596,0.474954,-0.150957,-0.000674,0.184903,0.004711,0.000720,-0.697224,0.176932,-0.240116,0.475289,-0.098310,-0.239064,0.485085,-0.099407,0.043247,-0.325659,-0.115383,0.208600,-0.588256,0.061870,0.163140,-0.478588,0.196994,0.163141,-0.478587,0.196994,-0.429968,-0.283226,-0.378222,-0.392856,-0.206292,-0.422595,-0.407909,-0.301959,-0.521849
0.108811,-0.341918,-0.126847,-0.115516,-0.638862,0.297862,-0.424253,0.574774,-0.165289,-0.001551,0.309489,0.008605,-0.006218,-0.806523,0.251948,-0.321712,0.605601,-0.110263,-0.304239,0.766917,-0.129636,0.095258,-0.332835,-0.048150,0.236312,-0.567681,0.109504,0.195377,-0.471101,0.238667,0.195379,-0.471099,0.238667,-0.452829,-0.304257,-0.360543,-0.432204,-0.270684,-0.411585,-0.434788,-0.286936,-0.428195
0.082208,-0.292157,-0.028724,-0.105352,-0.655982,0.335012,-0.380078,0.634632,-0.143364,-0.006152,0.328016,0.025638,-0.004596,-0.813474,0.275104,-0.289342,0.557154,-0.086920,-0.266562,0.765972,-0.113591,0.103038,-0.290448,-0.012786,0.275902,-0.526267,0.161954,0.246910,-0.453033,0.303820,0.246910,-0.453033,0.303820,-0.443589,-0.300292,-0.336240,-0.419958,-0.258188,-0.376336,-0.421008,-0.264739,-0.382930
-0.005798,-0.232965,0.097484,-0.171167,-0.614181,0.419632,-0.348570,0.705374,-0.018060,-0.020020,0.374963,0.143782,-0.041314,-0.800238,0.282691,-0.301310,0.509626,-0.074785,-0.274644,0.753995,-0.107604,0.083590,-0.241593,0.024245,0.272473,-0.436397,0.192166,0.237961,-0.359141,0.317619,0.237960,-0.359143,0.317619,-0.402210,-0.329639,-0.283978,-0.371413,-0.276641,-0.335583,-0.371412,-0.276642,-0.335583
-0.111226,-0.193913,0.188883,-0.282920,-0.534162,0.508554,-0.353358,0.750652,0.142322,-0.042399,0.427338,0.297577,-0.098674,-0.773221,0.271933,-0.349404,0.484627,-0.089665,-0.322016,0.734685,-0.125228,0.046569,-0.210515,0.044895,0.227460,-0.342798,0.185635,0.172332,-0.236202,0.273702,0.172331,-0.236202,0.273702,-0.348483,-0.377225,-0.230744,-0.309314,-0.317102,-0.310501,-0.309314,-0.317103,-0.310500
-0.183712,-0.098752,0.230878,-0.299958,-0.363371,0.451375,-0.339699,0.567770,0.189537,-0.083067,0.269217,0.324750,-0.131713,-0.678269,0.238203,-0.316761,0.363471,-0.065738,-0.284892,0.652668,-0.109325,0.018005,-0.115911,0.080723,0.177949,-0.229154,0.204973,0.113979,-0.110804,0.280612,0.113978,-0.110804,0.280612,-0.304431,-0.384842,-0.178108,-0.259401,-0.324875,-0.287091,-0.259401,-0.324875,-0.287090
-0.254377,-0.016614,0.229789,-0.334114,-0.425975,0.426468,-0.472264,-0.267676,0.287113,-0.338760,-0.552588,0.389535,-0.170550,-0.575326,0.178768,-0.272085,0.202146,-0.037814,-0.239072,0.501947,-0.084828,-0.009566,-0.030828,0.104940,0.124661,-0.132951,0.212645,0.058330,-0.013106,0.283161,0.058330,-0.013106,0.283161,-0.262413,-0.368645,-0.130533,-0.210510,-0.300158,-0.249355,-0.210510,-0.300158,-0.249355
-0.355536,-0.017036,0.190807,-0.501894,-1.045752,0.611340,-0.924898,-2.182848,0.599130,-1.011867,-2.493556,0.653525,-0.246335,-0.524796,0.089855,-0.280613,0.052782,-0.055305,-0.256292,0.272628,-0.091094,-0.043345,-0.028533,0.091112,0.067625,-0.092328,0.172331,0.000167,0.026226,0.227231,0.000167,0.026226,0.227231,-0.215626,-0.344731,-0.091721,-0.152279,-0.243007,-0.180726,-0.152279,-0.243007,-0.180726
-0.461628,0.020685,0.127572,-0.453740,-1.497698,0.445729,-1.075849,-4.448374,0.811176,-1.248154,-4.487850,0.758194,-0.344134,-0.604985,0.050277,-0.192860,0.030336,-0.014110,-0.185433,0.096546,-0.025274,-0.080483,0.011686,0.056414,-0.000825,-0.050868,0.121702,-0.055269,0.045182,0.180660,-0.055258,0.045194,0.180665,-0.204727,-0.293415,-0.095082,-0.143058,-0.183827,-0.149688,-0.143060,-0.183818,-0.149695
-0.519515,0.077689,0.071938,-0.192023,-1.557429,0.030646,-0.890144,-5.916649,0.838761,-0.967512,-5.519189,0.677507,-0.412723,-0.774257,0.085975,-0.053376,0.148093,0.070758,-0.062735,0.063808,0.085162,-0.102360,0.069289,0.017906,-0.046324,-0.029506,0.086165,-0.080231,0.034041,0.166876,-0.080204,0.034070,0.166889,-0.234210,-0.240847,-0.140470,-0.186209,-0.153073,-0.173440,-0.186213,-0.153052,-0.173458
-0.472725,0.083686,-0.027434,-0.042470,-1.399520,-0.185659,-0.700645,-5.842425,0.790515,-0.744281,-5.441415,0.625046,-0.390191,-0.715397,0.033105,0.000875,0.200669,0.044721,-0.011276,0.088454,0.063961,-0.127474,0.075393,-0.072017,-0.037129,-0.065737,0.031210,-0.047813,-0.036979,0.147939,-0.047800,-0.036967,0.147944,-0.194453,-0.181879,-0.176330,-0.147046,-0.099632,-0.216558,-0.147047,-0.099626,-0.216562
-0.386509,0.056558,-0.119040,0.012256,-1.332879,-0.235461,-0.592309,-5.299694,0.689679,-0.643767,-5.043036,0.552178,-0.326141,-0.521339,-0.071850,0.007705,0.171064,-0.036589,-0.012874,-0.019613,-0.003850,-0.152727,0.047633,-0.165104,-0.012480,-0.122733,-0.023379,-0.006168,-0.119832,0.115257,-0.006165,-0.119836,0.115253,-0.137000,-0.134679,-0.197280,-0.083988,-0.046391,-0.247484,-0.083986,-0.046403,-0.247473
-0.326537,0.011778,-0.151357,0.019124,-1.665092,-0.113467,-0.699304,-5.332593,0.650298,-0.757312,-5.087342,0.490528,-0.262702,-0.286393,-0.181769,0.002087,0.045386,-0.099868,-0.051437,-0.447393,-0.015165,-0.175505,0.000808,-0.213807,-0.010958,-0.166598,-0.059345,-0.002519,-0.169364,0.058571,-0.002485,-0.169350,0.058574,-0.111989,-0.120334,-0.199712,-0.054421,-0.018796,-0.236666,-0.054419,-0.018803,-0.236659
-0.245898,-0.038930,-0.182795,0.049947,-1.955176,-0.011676,-0.753473,-5.143338,0.518277,-0.814425,-5.196320,0.465197,-0.213213,-0.050322,-0.235969,-0.031348,-0.131354,-0.105517,-0.081801,-0.583010,-0.027891,-0.176744,-0.047905,-0.237002,-0.010259,-0.232232,-0.072293,0.001462,-0.241576,0.038159,0.001508,-0.241550,0.038167,-0.133080,-0.105096,-0.220809,-0.076053,0.005231,-0.230068,-0.076053,0.005232,-0.230068
-0.184931,-0.070252,-0.197596,0.092723,-2.058539,0.026249,-0.747195,-4.822804,0.363026,-0.826961,-5.307843,0.498959,-0.202455,0.070183,-0.204515,-0.077379,-0.268472,-0.046369,-0.087413,-0.356622,-0.031148,-0.155878,-0.074634,-0.223228,-0.011282,-0.286949,-0.055356,0.002952,-0.300378,0.064649,0.002986,-0.300354,0.064658,-0.189687,-0.096641,-0.250422,-0.137811,0.013534,-0.231635,-0.137812,0.013543,-0.231642
-0.020583,0.051016,-0.022470,0.270400,-1.860988,0.187627,-0.723513,-3.924418,-0.011477,-0.832740,-4.556738,0.181177,-0.315653,0.419564,0.393765,0.736292,0.413776,1.032428,0.692332,0.033188,1.098599,-0.130516,0.028724,-0.203632,-0.040626,-0.199471,-0.055080,-0.013662,-0.231205,0.112066,-0.013702,-0.231230,0.112057,-0.280244,-0.009509,-0.311532,-0.253756,0.039129,-0.318609,-0.253756,0.039126,-0.318607
0.122407,0.159209,0.076252,0.405177,-1.581045,0.266530,-0.543539,-2.748235,-0.380287,-0.660497,-3.340365,-0.194647,-0.382207,0.640139,0.846222,1.285411,0.999331,1.765966,1.230772,0.210068,1.879034,-0.104566,0.128125,-0.193213,-0.065680,-0.092140,-0.073901,-0.030842,-0.134007,0.127286,-0.030932,-0.134068,0.127262,-0.327826,0.115986,-0.344035,-0.325599,0.105211,-0.380423,-0.325596,0.105199,-0.380415
0.120034,0.088694,-0.168358,0.276661,-1.442131,0.073574,-0.159526,-1.610826,-0.478366,-0.248017,-2.071250,-0.290765,-0.247351,0.382607,0.419688,0.440236,0.435648,0.809699,0.411555,-0.321100,0.903138,-0.077933,0.088595,-0.209208,-0.051715,-0.088364,-0.115060,-0.030123,-0.110631,0.056254,-0.030155,-0.110652,0.056245,-0.248953,0.238007,-0.292260,-0.246822,0.233981,-0.311975,-0.246822,0.233987,-0.311982
0.126326,-0.019972,-0.340942,0.077667,-1.298486,-0.019215,0.067531,-0.701277,-0.450683,-0.009278,-1.111488,-0.251462,-0.131501,0.131831,0.091130,-0.117113,0.089388,0.105563,-0.122689,-0.461535,0.180221,-0.061313,0.001025,-0.232954,-0.064477,-0.146635,-0.167106,-0.045221,-0.165709,-0.004373,-0.045218,-0.165707,-0.004373,-0.168392,0.280466,-0.248585,-0.153381,0.310798,-0.243014,-0.153382,0.310804,-0.243019
0.138111,-0.112134,-0.355180,-0.085666,-1.219720,0.032188,0.024239,-0.465441,-0.333935,-0.071957,-0.929519,-0.118980,-0.088523,0.011706,0.028605,-0.105537,0.162876,-0.003413,-0.081606,-0.115217,0.045493,-0.064149,-0.090431,-0.252516,-0.099328,-0.237102,-0.203582,-0.070940,-0.270566,-0.023613,-0.070944,-0.270570,-0.023614,-0.127835,0.222681,-0.234864,-0.092999,0.297524,-0.208330,-0.092998,0.297512,-0.208318
0.119002,-0.083026,-0.364822,-0.163608,-1.096332,0.022660,0.009865,-0.389234,-0.210471,-0.107061,-0.892120,-0.006361,-0.085170,0.066029,-0.027027,-0.097908,0.213744,-0.056458,-0.037087,-0.000212,-0.001440,-0.057277,-0.061391,-0.262366,-0.127506,-0.226694,-0.223079,-0.105906,-0.250147,-0.047590,-0.105910,-0.250150,-0.047590,-0.096155,0.223707,-0.235509,-0.064539,0.279449,-0.241477,-0.064538,0.279439,-0.241468
0.080148,-0.017282,-0.366121,-0.196271,-0.968779,-0.009448,-0.028260,-0.495693,-0.070544,-0.152466,-0.998004,0.114708,-0.103051,0.167927,-0.069700,-0.077239,0.198045,-0.059596,-0.004277,-0.000266,-0.001514,-0.054536,0.003526,-0.263080,-0.149792,-0.176674,-0.229772,-0.139590,-0.182270,-0.068827,-0.139590,-0.182270,-0.068827,-0.088255,0.244790,-0.242024,-0.063113,0.276100,-0.281164,-0.063113,0.276100,-0.281163
0.034034,0.001004,-0.355020,-0.226920,-0.877598,-0.033761,-0.138927,-0.810434,0.085873,-0.245849,-1.247351,0.264290,-0.127058,0.190175,-0.095162,-0.029683,0.071193,-0.021928,-0.001611,0.000082,-0.000228,-0.069011,0.020433,-0.256120,-0.166030,-0.147783,-0.228811,-0.161674,-0.144372,-0.080396,-0.161673,-0.144371,-0.080396,-0.117393,0.248055,-0.247731,-0.079936,0.307745,-0.268734,-0.079936,0.307747,-0.268735
-0.016313,0.011691,-0.348769,-0.270456,-0.797221,-0.053519,-0.275995,-1.069157,0.169935,-0.363530,-1.438686,0.350315,-0.143944,0.211793,-0.147869,0.012661,-0.018916,-0.024984,0.026956,-0.002361,-0.021737,-0.060167,0.027134,-0.259314,-0.175579,-0.140610,-0.241641,-0.188198,-0.109517,-0.115179,-0.188196,-0.109515,-0.115178,-0.082222,0.238328,-0.238308,-0.026289,0.336064,-0.241928,-0.026289,0.336065,-0.241929
-0.045644,0.009493,-0.350490,-0.310706,-0.767358,-0.062769,-0.373970,-1.142215,0.136552,-0.452598,-1.475174,0.326861,-0.144148,0.222298,-0.201289,0.029430,-0.027149,-0.067147,0.067868,-0.006305,-0.054918,-0.032358,0.020277,-0.271107,-0.174160,-0.158353,-0.262159,-0.206448,-0.094473,-0.156321,-0.206448,-0.094473,-0.156321,0.000718,0.220170,-0.218952,0.072138,0.346426,-0.214529,0.072138,0.346426,-0.214529
0.017770,0.061197,-0.412793,-0.256652,-0.514620,-0.164665,-0.307201,-0.934302,0.115116,-0.243883,-0.743262,0.159999,-0.059022,0.321384,-0.307126,0.013898,-0.040986,-0.211759,0.071013,-0.020024,-0.192112,0.007634,0.079447,-0.294271,-0.141247,-0.105031,-0.285860,-0.169170,-0.047062,-0.167996,-0.169166,-0.047059,-0.167994,0.023474,0.287239,-0.252506,0.093527,0.405023,-0.262355,0.093526,0.405025,-0.262357
0.100098,0.109785,-0.471304,-0.193804,-0.281583,-0.252147,-0.209629,-0.721504,0.131992,0.000898,-0.000433,0.000432,0.040087,0.422351,-0.396609,0.002920,-0.076674,-0.338228,0.072413,-0.029924,-0.317618,0.037192,0.139205,-0.306191,-0.109790,-0.046015,-0.295573,-0.130873,0.001787,-0.168731,-0.130868,0.001792,-0.168729,0.027257,0.357929,-0.279281,0.090874,0.457318,-0.308657,0.090873,0.457320,-0.308660
0.128582,0.096488,-0.461854,-0.212897,-0.312842,-0.220464,-0.221821,-0.780655,0.212509,0.000287,-0.000226,0.000223,0.079763,0.436919,-0.403213,0.037065,-0.153857,-0.331253,0.112418,-0.025194,-0.320994,0.033646,0.130965,-0.284666,-0.112460,-0.049901,-0.275014,-0.145853,0.018009,-0.178809,-0.145857,0.018004,-0.178811,0.053038,0.346257,-0.241651,0.117659,0.444290,-0.278277,0.117659,0.444287,-0.278275
0.194540,0.148759,-0.480798,-0.232578,-0.307876,-0.195298,-0.181352,-0.682400,0.295009,0.001624,-0.000905,0.000932,0.136369,0.533096,-0.397594,0.062994,-0.249957,-0.308808,0.205548,-0.017202,-0.288187,0.039419,0.185437,-0.329902,-0.128164,-0.026997,-0.315589,-0.170125,0.056478,-0.227424,-0.170131,0.056472,-0.227426,0.122885,0.397130,-0.250884,0.182857,0.481367,-0.308354,0.182858,0.481363,-0.308351
0.264555,0.240580,-0.518791,-0.246689,-0.267622,-0.191833,-0.112807,-0.473782,0.335865,-0.000428,0.000078,-0.000128,0.185300,0.663165,-0.380591,0.068125,-0.315949,-0.279962,0.305998,-0.010235,-0.233263,0.051542,0.276232,-0.418556,-0.150481,0.013097,-0.396135,-0.192524,0.100355,-0.289434,-0.192526,0.100354,-0.289434,0.203665,0.485130,-0.302424,0.255368,0.550061,-0.384087,0.255368,0.550059,-0.384086
0.256815,0.239239,-0.545798,-0.201567,-0.266874,-0.252694,-0.035519,-0.419531,0.304952,0.061082,0.000799,-0.001111,0.177799,0.727394,-0.391570,0.074033,-0.297631,-0.275073,0.332936,-0.004391,-0.218533,0.067772,0.277594,-0.419212,-0.151459,0.001985,-0.397884,-0.198515,0.099864,-0.299358,-0.198514,0.099865,-0.299357,0.196554,0.531653,-0.313037,0.239770,0.583487,-0.395995,0.239770,0.583489,-0.395997
0.226724,0.237861,-0.554027,-0.167276,-0.260589,-0.299597,0.004640,-0.430223,0.293092,0.103749,-0.000716,0.000580,0.160546,0.764838,-0.405581,0.093571,-0.260954,-0.270770,0.353507,-0.000254,-0.209176,0.085893,0.275060,-0.408221,-0.137155,-0.006711,-0.384369,-0.186689,0.096888,-0.293217,-0.186687,0.096890,-0.293217,0.174569,0.557318,-0.323072,0.219996,0.615596,-0.395178,0.219996,0.615599,-0.395180
0.228430,0.330781,-0.535745,-0.217411,-0.200908,-0.259548,-0.040401,-0.409507,0.386316,0.040714,-0.000272,0.000227,0.176255,0.815214,-0.397066,0.132919,-0.270159,-0.242777,0.429590,0.001976,-0.168793,0.100962,0.357141,-0.459701,-0.118058,0.044539,-0.415837,-0.159469,0.137684,-0.303530,-0.159470,0.137682,-0.303531,0.208300,0.582647,-0.373960,0.277667,0.680365,-0.433869,0.277667,0.680364,-0.433868
0.203771,0.370790,-0.512417,-0.264447,-0.238275,-0.222376,-0.093012,-0.494713,0.454252,0.002164,-0.000380,0.000206,0.165890,0.788545,-0.390342,0.156329,-0.305596,-0.223435,0.471853,0.005150,-0.147972,0.108783,0.391996,-0.449440,-0.121085,0.151161,-0.446763,-0.172632,0.260488,-0.377028,-0.172631,0.260487,-0.377027,0.217154,0.611115,-0.366313,0.305765,0.740857,-0.397847,0.305765,0.740854,-0.397846
0.165745,0.337682,-0.495574,-0.288639,-0.353245,-0.209366,-0.133711,-0.642514,0.461139,-0.000555,0.000545,-0.000412,0.138344,0.698062,-0.387716,0.153054,-0.349598,-0.221758,0.461346,0.007036,-0.156023,0.107738,0.361754,-0.382607,-0.141633,0.260208,-0.461239,-0.216258,0.404439,-0.476609,-0.216252,0.404444,-0.476607,0.201043,0.628307,-0.303710,0.294435,0.766717,-0.305065,0.294435,0.766719,-0.305066
0.167336,0.335165,-0.449059,-0.272636,-0.388131,-0.173410,-0.173350,-0.805193,0.480025,-0.000738,0.000512,0.000057,0.158498,0.723904,-0.369878,0.156991,-0.382494,-0.204941,0.551022,0.006794,-0.110664,0.110002,0.359260,-0.338106,-0.168222,0.289220,-0.445618,-0.204050,0.372450,-0.382434,-0.204043,0.372456,-0.382432,0.159692,0.562541,-0.290025,0.242408,0.680970,-0.322667,0.242407,0.680972,-0.322668
0.191832,0.326182,-0.399423,-0.238743,-0.373368,-0.138119,-0.198123,-0.917204,0.483984,0.000473,-0.000257,0.000490,0.203637,0.771529,-0.350794,0.162364,-0.374224,-0.199060,0.606522,0.007399,-0.083989,0.110014,0.354644,-0.284951,-0.184691,0.290894,-0.401537,-0.180086,0.311638,-0.252655,-0.180081,0.311641,-0.252654,0.141925,0.456233,-0.257947,0.213473,0.554612,-0.339277,0.213473,0.554612,-0.339277
0.223578,0.272889,-0.373414,-0.210793,-0.338470,-0.127385,-0.198582,-0.910557,0.446703,-0.001694,0.000410,-0.000191,0.250528,0.745914,-0.345858,0.163425,-0.295213,-0.228528,0.493491,0.014073,-0.146692,0.104929,0.316710,-0.192822,-0.171008,0.316675,-0.330764,-0.186050,0.367145,-0.245048,-0.186046,0.367147,-0.245048,0.202960,0.348962,-0.142982,0.280436,0.455031,-0.246658,0.280436,0.455031,-0.246658
0.203680,0.256511,-0.312252,-0.155575,-0.359676,-0.103620,-0.189026,-0.999551,0.409776,0.005632,-0.114192,0.032420,0.245448,0.665298,-0.329758,0.168348,-0.301587,-0.221979,0.530269,0.015362,-0.129063,0.099734,0.300529,-0.116330,-0.145583,0.333642,-0.253981,-0.178590,0.409988,-0.225284,-0.178581,0.409994,-0.225282,0.217177,0.285095,-0.063544,0.290623,0.385899,-0.186578,0.290623,0.385899,-0.186578
0.141700,0.285000,-0.246939,-0.103795,-0.426483,-0.079640,-0.178529,-1.139776,0.390383,0.013965,-0.286322,0.081869,0.189776,0.569923,-0.312052,0.172065,-0.391803,-0.189841,0.697643,0.005576,-0.045782,0.096362,0.313835,-0.094572,-0.122160,0.333610,-0.210091,-0.161867,0.419347,-0.203777,-0.161851,0.419359,-0.203773,0.177222,0.296518,-0.059553,0.238507,0.381437,-0.189733,0.238506,0.381438,-0.189734
0.142457,0.279682,-0.288737,-0.062059,-0.351240,-0.148672,-0.186624,-1.208861,0.319655,0.017176,-0.343833,0.098652,0.187147,0.619847,-0.321840,0.172377,-0.181100,-0.223597,0.694972,0.008005,-0.051647,0.107203,0.314553,-0.083672,-0.093777,0.379987,-0.212487,-0.136786,0.468623,-0.223062,-0.136764,0.468637,-0.223058,0.164642,0.337570,-0.055097,0.226940,0.425054,-0.175258,0.226940,0.425055,-0.175259
0.071630,0.329955,-0.290066,-0.050904,-0.316277,-0.183576,-0.194084,-1.212130,0.273967,0.015984,-0.343546,0.094924,0.178906,0.800607,-0.477822,0.024700,0.211495,-0.447746,0.345468,0.076201,-0.308340,0.119998,0.356467,-0.050360,-0.047451,0.472072,-0.186765,-0.086968,0.552059,-0.202770,-0.086956,0.552064,-0.202769,0.154185,0.350416,-0.035955,0.215800,0.438509,-0.161804,0.215800,0.438508,-0.161804
-0.206429,0.525394,-0.103834,-0.089758,-0.506137,-0.050350,-0.176858,-1.157524,0.337856,0.013392,-0.343558,0.091274,0.080527,1.098578,-0.908823,-0.446622,0.673285,-0.990326,-0.558967,0.272774,-0.974222,0.117994,0.491718,0.034580,0.026099,0.606199,-0.064549,0.000181,0.660747,-0.068849,0.000151,0.660726,-0.068855,0.115046,0.275853,0.007506,0.158453,0.342837,-0.172332,0.158454,0.342834,-0.172331
-0.304584,0.529290,-0.043483,-0.097729,-0.523322,-0.005693,-0.136252,-1.025260,0.386961,0.015845,-0.342840,0.101034,-0.007597,1.020267,-1.034122,-1.883413,-0.778687,-1.189344,-2.454081,-1.594463,-1.255014,0.129663,0.477140,0.095352,0.075889,0.615146,0.003288,0.062641,0.647403,0.013446,0.062679,0.647406,0.013440,0.071283,0.206709,0.037203,0.114399,0.275167,-0.143495,0.114399,0.275164,-0.143494
-0.171991,0.340709,-0.138004,-0.078943,-0.359520,-0.091347,-0.101434,-0.882302,0.376097,0.014063,-0.342766,0.099057,0.002609,0.613807,-0.772704,-3.626959,-3.337431,-0.694538,-4.443290,-4.520973,-0.762243,0.154046,0.323334,0.108430,0.081007,0.498446,-0.008238,0.073358,0.522768,0.011972,0.073538,0.522831,0.011968,0.049569,0.180657,0.046074,0.111089,0.272025,-0.082153,0.111088,0.272027,-0.082153
-0.045419,0.279150,-0.184252,-0.069151,-0.455582,-0.089841,-0.152081,-1.058668,0.260616,0.013535,-0.343022,0.095846,0.116839,0.683005,-0.714721,-3.532246,-3.681887,-0.154290,-4.435158,-5.107393,-0.170712,0.218561,0.282797,0.126054,0.109022,0.477745,-0.013020,0.090247,0.513661,-0.023278,0.090274,0.513667,-0.023281,-0.005743,0.120649,0.010614,0.043900,0.196884,-0.117747,0.043900,0.196884,-0.117747
-0.002700,0.307625,-0.161501,-0.074908,-0.613313,-0.028117,-0.200799,-1.216710,0.190931,0.013315,-0.335922,0.104000,0.174567,0.847030,-0.721289,-2.794590,-2.948220,0.046585,-3.683238,-4.468235,0.075345,0.253599,0.312694,0.149576,0.133190,0.517123,0.004996,0.104649,0.560509,-0.035627,0.105141,0.560611,-0.035691,-0.065948,0.063117,-0.018450,-0.028210,0.124784,-0.163586,-0.028209,0.124782,-0.163585
-0.121894,0.388212,-0.050420,-0.099681,-0.636165,0.067737,-0.150333,-1.022585,0.319942,0.016016,-0.315015,0.136474,0.026765,0.722301,-0.651041,-2.730212,-2.114789,0.047347,-3.559437,-3.565589,0.099080,0.188475,0.370862,0.179523,0.126484,0.580616,0.058406,0.109156,0.603316,0.027093,0.111643,0.603932,0.026802,-0.103900,0.044442,0.010823,-0.047524,0.130798,-0.132052,-0.047524,0.130798,-0.132052
-0.088405,0.353302,0.072261,-0.048672,-0.573693,0.181172,-0.128607,-0.927588,0.285714,0.014218,-0.313380,0.141618,0.025545,0.589907,-0.448880,-1.157281,-1.001335,0.088759,-1.861933,-2.230669,0.153008,0.153713,0.329313,0.184616,0.144440,0.523930,0.092520,0.143222,0.519567,0.077792,0.149350,0.521056,0.076972,-0.092591,-0.035611,0.028230,-0.014922,0.078286,-0.109330,-0.014922,0.078286,-0.109330
0.081135,0.220350,0.146052,0.049486,-0.458425,0.246276,-0.146604,-0.981151,0.093307,0.011313,-0.334906,0.105840,0.173151,0.519485,-0.214472,1.124482,-0.180716,0.131435,0.556444,-1.155226,0.139285,0.166895,0.208591,0.165152,0.178222,0.375538,0.094440,0.190035,0.351299,0.095310,0.199627,0.353597,0.093915,-0.037445,-0.136831,0.026962,0.053812,-0.006160,-0.104523,0.053812,-0.006161,-0.104523
0.014272,0.171080,0.273698,0.033453,-0.322291,0.334373,-0.141724,-0.794157,0.201483,0.011150,-0.160568,0.097160,0.089105,0.411948,-0.050707,1.800026,0.096656,0.185687,1.309789,-0.694521,0.113227,0.128130,0.137644,0.188552,0.151441,0.337552,0.108642,0.143377,0.329609,0.058157,0.160991,0.337213,0.057894,-0.002686,-0.222049,0.076636,0.115027,-0.058088,-0.048950,0.115028,-0.058088,-0.048950
-0.044968,0.166610,0.167535,0.170329,-0.193447,0.157101,-0.051406,-0.674305,-0.179461,-0.062476,-0.706134,-0.283206,-0.012413,0.298874,0.038784,1.528589,0.069217,0.227547,1.129097,-0.552233,0.121510,0.097677,0.142372,0.164414,0.093597,0.315782,0.087466,0.078910,0.314195,0.023383,0.100953,0.324290,0.023314,0.042843,-0.186716,0.087779,0.175392,-0.003711,-0.042163,0.175392,-0.003710,-0.042163
0.148581,0.165934,-0.458843,0.722429,-0.106493,-0.581540,0.173705,-0.919998,-1.857126,-0.321366,-2.874907,-1.457911,0.092419,0.212860,0.056155,0.984230,-0.050323,0.198862,0.754725,-0.461498,0.153871,0.138301,0.244074,0.005920,0.039599,0.210791,-0.013571,0.080513,0.158760,0.049542,0.095177,0.161290,0.046385,0.130257,0.069571,-0.026320,0.241394,0.226407,-0.182110,0.241394,0.226406,-0.182110
0.296868,0.095531,-0.533819,1.052252,0.064107,-0.744925,0.505140,-0.746355,-1.781319,-0.428996,-3.664745,-1.108038,0.219998,0.057424,0.058945,0.559925,-0.087983,0.123669,0.473730,-0.297160,0.133527,0.145062,0.205566,-0.037769,0.040812,0.100594,-0.028212,0.109636,0.022660,0.095695,0.120346,0.020917,0.090754,0.175424,0.087009,-0.044657,0.315558,0.283419,-0.220799,0.315557,0.283418,-0.220800
0.324762,-0.007681,-0.019873,1.000114,0.252631,-0.248881,0.838941,-0.320675,0.024564,-0.003815,-2.833114,0.619651,0.305607,-0.084130,0.045367,0.466486,-0.016510,0.040908,0.429197,-0.132316,0.057679,0.104513,0.042628,0.054898,0.085988,0.036912,0.051064,0.140342,-0.029267,0.139259,0.152500,-0.029825,0.134655,0.146608,-0.146384,0.040785,0.353835,0.134940,-0.138528,0.353835,0.134939,-0.138528
0.284582,-0.057875,0.177110,0.846097,0.316386,-0.034666,0.938737,0.064271,0.699786,0.282283,-1.962911,1.167546,0.293162,-0.123770,0.029277,0.394480,-0.027178,0.013866,0.391716,-0.038286,0.016367,0.063665,-0.032232,0.107483,0.078715,-0.035254,0.113848,0.116476,-0.081529,0.174191,0.127728,-0.080755,0.170854,0.117310,-0.222341,0.097845,0.288279,0.016396,-0.124000,0.288279,0.016396,-0.124000
0.202675,-0.069827,0.200488,0.638281,0.320027,0.023365,0.812438,0.329553,0.654706,0.354045,-1.183881,0.966989,0.227557,-0.071715,-0.003234,0.316518,-0.042143,-0.002744,0.326848,-0.000560,-0.011787,0.044852,-0.052270,0.149884,0.057612,-0.062821,0.158675,0.081480,-0.091659,0.197477,0.092309,-0.089614,0.195215,0.076131,-0.210976,0.135789,0.189269,-0.041372,-0.119237,0.189269,-0.041372,-0.119237
0.105474,-0.059286,0.193229,0.424057,0.332338,0.051059,0.497060,0.354537,0.282459,0.214154,-0.689718,0.405442,0.154432,0.064593,-0.066875,0.205667,0.019865,-0.052084,0.200285,-0.001785,-0.047504,0.069233,-0.050763,0.211675,0.059543,0.007341,0.184037,0.077194,-0.017297,0.205779,0.090919,-0.014197,0.203261,0.010901,-0.182701,0.162379,0.128766,-0.010331,-0.065013,0.128766,-0.010331,-0.065013
0.054806,-0.049952,0.167702,0.299966,0.272689,0.054487,0.319524,0.324613,0.060827,0.159940,-0.351331,0.051598,0.110024,0.114272,-0.111892,0.179022,0.016183,-0.083702,0.157424,-0.070195,-0.065632,0.069600,-0.045310,0.212737,0.056426,0.025480,0.178891,0.089533,-0.017704,0.224707,0.103520,-0.014413,0.222182,-0.025680,-0.135096,0.153913,0.101590,0.044947,-0.038570,0.101590,0.044947,-0.038570
0.075974,-0.046726,0.136610,0.327445,0.172109,0.031091,0.373197,0.248051,0.098585,0.240180,-0.353106,0.062275,0.118369,0.052662,-0.115870,0.251759,-0.051439,-0.081731,0.221498,-0.171681,-0.057154,0.045788,-0.039835,0.152270,0.050566,-0.018619,0.145185,0.113227,-0.093749,0.244147,0.124724,-0.091227,0.241912,-0.015688,-0.092572,0.114988,0.121395,0.096577,-0.052331,0.121395,0.096577,-0.052331
0.066534,-0.011046,0.083151,0.330644,0.102094,-0.016587,0.396340,0.192445,0.100746,0.277937,-0.354258,0.064384,0.097613,0.019441,-0.154413,0.284452,-0.065914,-0.120763,0.228946,-0.284949,-0.077315,0.011980,0.002353,0.119080,0.066810,-0.019095,0.146872,0.131839,-0.096921,0.249014,0.142721,-0.094435,0.246957,-0.019503,0.004671,0.105377,0.114729,0.188052,-0.045276,0.114729,0.188052,-0.045276
0.060797,0.019806,0.037263,0.288774,0.068042,-0.044389,0.366467,0.164327,0.105388,0.255645,-0.347776,0.075323,0.085145,0.018578,-0.179503,0.297774,-0.060213,-0.145669,0.218476,-0.369053,-0.086328,-0.011693,0.039405,0.097933,0.076649,-0.013115,0.150130,0.131667,-0.078454,0.236605,0.141437,-0.076056,0.234859,-0.032064,0.087967,0.097959,0.097943,0.264931,-0.040257,0.097943,0.264931,-0.040257
0.092937,0.008640,0.029009,0.180614,0.076113,-0.007343,0.260811,0.171530,0.151128,0.157080,-0.325167,0.113771,0.118056,0.054694,-0.142712,0.312006,-0.065986,-0.102282,0.230054,-0.381793,-0.043643,-0.005324,0.029290,0.073555,0.051300,-0.038576,0.121071,0.098590,-0.090177,0.204367,0.104400,-0.088755,0.203316,-0.048352,0.088399,0.065580,0.088662,0.272272,-0.059291,0.088662,0.272272,-0.059291
0.122254,0.017501,0.051522,0.096623,0.087462,0.053588,0.159044,0.169917,0.168779,0.057321,-0.303504,0.152106,0.143814,0.062096,-0.092994,0.311185,-0.077501,-0.051956,0.227985,-0.396252,0.005019,0.012517,0.035496,0.069326,0.033634,-0.019764,0.099347,0.068520,-0.054946,0.166740,0.072682,-0.053913,0.165994,-0.067384,0.093650,0.045011,0.058502,0.263804,-0.081332,0.058502,0.263804,-0.081332
0.134100,0.042016,0.093503,0.078605,0.096570,0.107434,0.111816,0.160102,0.149299,0.006116,-0.293936,0.169338,0.149525,0.037355,-0.055538,0.295734,-0.088931,-0.019716,0.212973,-0.405181,0.034718,0.032919,0.054950,0.087388,0.032510,0.034039,0.095781,0.056710,0.009746,0.142391,0.062349,0.011219,0.141423,-0.079722,0.101022,0.046693,0.021936,0.243814,-0.095257,0.021936,0.243814,-0.095258
0.111527,0.058683,0.091639,0.224100,0.041632,0.054435,0.243951,0.045733,0.112662,0.162669,-0.325299,0.116457,0.130979,0.054769,-0.096408,0.304368,-0.085455,-0.056664,0.224589,-0.390025,-0.006207,0.018401,0.068426,0.073220,0.038204,0.036064,0.093311,0.055567,0.019171,0.127547,0.061172,0.020651,0.126581,-0.062483,0.115196,0.046892,0.041120,0.259789,-0.091613,0.041120,0.259789,-0.091613
0.083685,0.070487,0.085136,0.350628,-0.018120,0.001025,0.361332,-0.068391,0.082277,0.306527,-0.359984,0.054747,0.106399,0.075360,-0.128385,0.311612,-0.087379,-0.083283,0.234590,-0.378950,-0.036976,0.001665,0.077746,0.061067,0.044813,0.030396,0.095415,0.055971,0.020260,0.118813,0.061409,0.021702,0.117870,-0.034949,0.131062,0.055418,0.077216,0.284949,-0.076085,0.077216,0.284949,-0.076085
0.079618,0.080375,0.113346,0.275492,-0.025366,0.055140,0.269169,-0.077059,0.083971,0.217644,-0.360876,0.052224,0.095103,0.059997,-0.064371,0.293847,-0.113718,-0.019107,0.218045,-0.399184,0.024313,0.015287,0.084597,0.085293,0.046021,0.060732,0.105724,0.048429,0.059562,0.112932,0.054947,0.061330,0.111814,-0.016769,0.142947,0.082719,0.090539,0.291989,-0.053536,0.090539,0.291989,-0.053536
0.047994,0.059660,0.161224,0.303719,0.018508,0.076662,0.273210,-0.023409,0.021072,0.191197,-0.362612,0.051627,0.064504,0.033703,-0.036028,0.260209,-0.102366,0.001636,0.196749,-0.341666,0.036482,0.030629,0.056618,0.124708,0.075753,0.079108,0.131349,0.071304,0.081827,0.119348,0.080180,0.084324,0.117861,-0.041410,0.119721,0.106241,0.051055,0.251422,-0.028085,0.051055,0.251422,-0.028085
0.004543,0.018756,0.204835,0.420094,0.093136,0.053755,0.370064,0.067701,-0.076141,0.237723,-0.362926,0.048887,0.029329,0.009904,-0.057483,0.226627,-0.059176,-0.031062,0.179863,-0.235210,-0.006350,0.039985,0.008006,0.159577,0.118980,0.076757,0.159408,0.113029,0.076392,0.134757,0.124359,0.079680,0.132894,-0.096766,0.072839,0.114420,-0.021629,0.183090,-0.012475,-0.021629,0.183090,-0.012475
-0.013308,0.023751,0.203907,0.443799,0.067263,0.039254,0.394595,0.026316,-0.072218,0.271238,-0.363598,0.045346,0.012580,0.014538,-0.072126,0.223228,-0.111695,-0.035854,0.191490,-0.230781,-0.019683,0.027959,0.011132,0.149194,0.137275,0.095251,0.153517,0.123175,0.100933,0.109507,0.136796,0.105056,0.107346,-0.118929,0.072882,0.099601,-0.040608,0.183810,-0.008421,-0.040608,0.183810,-0.008421
-0.009050,0.045911,0.172506,0.422900,0.021566,0.022155,0.386528,-0.046689,-0.026097,0.293029,-0.365025,0.043611,0.013841,0.027469,-0.086280,0.234781,-0.177005,-0.037927,0.220914,-0.228851,-0.031179,0.015165,0.035504,0.118430,0.140422,0.115061,0.129980,0.120839,0.126065,0.076015,0.135276,0.130438,0.073675,-0.115173,0.090005,0.074785,-0.032044,0.204421,-0.020608,-0.032044,0.204421,-0.020608
0.013568,0.056445,0.124696,0.402288,0.037702,-0.011607,0.381523,-0.047605,0.001206,0.297100,-0.365560,0.040702,0.032541,0.028599,-0.106256,0.246252,-0.171724,-0.060104,0.257643,-0.129334,-0.065377,0.022124,0.050927,0.092205,0.137757,0.117081,0.105617,0.124930,0.122718,0.067019,0.137395,0.126149,0.064692,-0.092996,0.094095,0.053030,-0.022529,0.195505,-0.053224,-0.022529,0.195505,-0.053224
0.049283,0.058574,0.055473,0.358533,0.049373,-0.054179,0.372243,-0.004718,0.032188,0.288703,-0.366971,0.037869,0.061416,0.006193,-0.132264,0.253674,-0.170134,-0.092263,0.289755,-0.036790,-0.108049,0.020982,0.059886,0.042278,0.142003,0.093672,0.070086,0.140559,0.088304,0.052474,0.151684,0.091177,0.050216,-0.080328,0.112816,0.011094,-0.017701,0.205103,-0.095411,-0.017701,0.205103,-0.095411
0.080227,0.051225,-0.000544,0.313485,0.051160,-0.084359,0.363264,0.061043,0.051934,0.272129,-0.368250,0.035249,0.086053,-0.028495,-0.151363,0.253248,-0.173158,-0.118421,0.301186,0.002329,-0.138143,0.012295,0.057921,-0.006320,0.151032,0.056581,0.041082,0.159884,0.040099,0.039562,0.170969,0.043093,0.037394,-0.083625,0.136719,-0.029798,-0.020077,0.228136,-0.126148,-0.020077,0.228136,-0.126148
0.059570,0.068519,0.002116,0.208958,0.022345,-0.047696,0.250544,0.037778,0.059383,0.169841,-0.362246,0.031982,0.062071,-0.044544,-0.150126,0.226230,-0.190475,-0.117824,0.270072,-0.031705,-0.134714,0.033992,0.070402,-0.004618,0.143316,0.069067,0.032677,0.147331,0.060553,0.029614,0.155960,0.062891,0.027925,-0.054506,0.146428,-0.025334,0.003457,0.229966,-0.114976,0.003457,0.229966,-0.114976
0.044926,0.096123,0.014492,0.120040,-0.000667,-0.003960,0.147367,0.000752,0.073438,0.084183,-0.349113,0.030486,0.045081,-0.040735,-0.137295,0.210493,-0.202022,-0.103342,0.244492,-0.080070,-0.115691,0.061736,0.093195,0.006532,0.125128,0.093637,0.027530,0.124484,0.094109,0.026028,0.129505,0.095430,0.025003,-0.024256,0.171223,-0.012386,0.010288,0.225903,-0.091189,0.010284,0.225922,-0.091204
0.093998,0.119623,-0.012181,0.121574,0.018134,-0.013132,0.167024,0.022558,0.113667,0.119019,-0.331411,0.029394,0.090420,-0.015543,-0.121780,0.243751,-0.187392,-0.088161,0.272929,-0.083621,-0.098095,0.071322,0.121982,-0.013039,0.102916,0.092404,0.008958,0.113270,0.084621,0.032577,0.114797,0.084993,0.032239,-0.023874,0.240324,-0.027021,-0.041750,0.230918,-0.083323,-0.041763,0.230993,-0.083383
0.110426,0.132298,-0.013247,0.122332,0.038098,-0.009413,0.165347,0.004593,0.139762,0.135399,-0.321619,0.027403,0.104636,0.012700,-0.083354,0.270509,-0.170900,-0.048241,0.299107,-0.069867,-0.057274,0.088042,0.134961,-0.011548,0.092379,0.104641,0.001636,0.102564,0.098077,0.027166,0.103582,0.098369,0.026974,0.013695,0.243741,-0.018592,-0.031858,0.202239,-0.070417,-0.031864,0.202279,-0.070449
0.085936,0.127853,0.011764,0.121958,0.049386,0.005334,0.143457,-0.043985,0.138354,0.125300,-0.324550,0.025087,0.080739,0.029867,-0.041135,0.277488,-0.160977,-0.003618,0.310138,-0.045848,-0.013167,0.103436,0.125706,0.009882,0.098674,0.124320,0.008861,0.097484,0.127936,0.012236,0.101228,0.129065,0.011560,0.069527,0.179791,0.007821,0.034688,0.154257,-0.060324,0.034700,0.154188,-0.060268
0.119528,0.125188,0.002385,0.144491,0.030826,0.001181,0.201086,0.012440,0.175169,0.168985,-0.329218,0.067004,0.107325,-0.007500,-0.012984,0.309377,-0.203729,0.024434,0.345583,-0.076010,0.014674,0.104856,0.125463,-0.007653,0.103914,0.055346,0.018845,0.114465,0.044372,0.035652,0.121545,0.046608,0.034434,0.062796,0.092006,-0.030653,0.043039,0.082677,-0.092217,0.043049,0.082624,-0.092174
0.154383,0.114902,-0.003385,0.167354,0.027558,-0.001066,0.253441,0.057751,0.219602,0.214604,-0.335631,0.104832,0.138998,-0.027384,0.004924,0.348806,-0.224682,0.042102,0.385126,-0.096292,0.033350,0.104650,0.118148,-0.019846,0.115741,-0.006304,0.031114,0.137094,-0.031443,0.058679,0.147117,-0.028089,0.057110,0.044186,0.022773,-0.062826,0.037677,0.025706,-0.110736,0.037677,0.025704,-0.110734
0.133558,0.087724,0.032133,0.167898,0.085089,0.019771,0.218337,-0.023421,0.238745,0.210313,-0.342683,0.091285,0.130294,0.042607,0.017346,0.378423,-0.149017,0.056261,0.408505,-0.042345,0.049880,0.115111,0.087740,0.016516,0.141623,0.035666,0.044798,0.148681,0.022252,0.042426,0.160246,0.026451,0.040877,0.064659,0.014138,-0.018256,0.062893,0.021463,-0.061211,0.062893,0.021461,-0.061209
0.121764,0.087981,0.049854,0.220697,0.107221,0.011908,0.255481,-0.048291,0.215606,0.262240,-0.323786,0.059482,0.124528,0.067510,-0.003965,0.378489,-0.112912,0.032929,0.409667,-0.001790,0.027232,0.099786,0.089045,0.039586,0.139138,0.083587,0.054303,0.132792,0.082593,0.027001,0.145275,0.087189,0.025368,0.087845,0.034013,0.023286,0.094713,0.050525,-0.016642,0.094712,0.050525,-0.016642
0.124960,0.115477,0.040870,0.299494,0.082969,-0.021523,0.344890,-0.004759,0.161908,0.343781,-0.288640,0.023527,0.124800,0.034878,-0.049037,0.348907,-0.134795,-0.016889,0.388063,0.004748,-0.022939,0.066375,0.121240,0.038055,0.109646,0.113259,0.054864,0.097467,0.119085,0.020099,0.109783,0.123438,0.018313,0.102116,0.072359,0.041148,0.117122,0.098318,0.000819,0.117121,0.098322,0.000816
0.161209,0.151574,0.061148,0.288282,0.079067,0.018881,0.315023,-0.038787,0.167815,0.320253,-0.315338,0.019490,0.150639,-0.035341,-0.031741,0.357804,-0.128942,-0.006908,0.394708,0.002223,-0.011600,0.105535,0.159921,0.083389,0.073911,0.205595,0.056410,0.058392,0.216272,0.019746,0.070631,0.220148,0.017569,0.038580,0.098670,0.044763,0.011710,0.080675,-0.009233,0.011680,0.080848,-0.009369
0.198490,0.166563,0.091546,0.231066,0.093129,0.084359,0.237564,-0.084243,0.212472,0.248891,-0.340341,0.063153,0.181048,-0.075667,0.020394,0.388458,-0.119355,0.042464,0.419900,-0.007436,0.039378,0.155671,0.174947,0.127130,0.042951,0.275848,0.055112,0.030345,0.283977,0.024827,0.043022,0.287797,0.022328,-0.023901,0.096407,0.042308,-0.081762,0.045185,-0.019179,-0.081801,0.045410,-0.019358
0.204912,0.130656,0.112867,0.171338,0.122924,0.126051,0.182808,-0.075955,0.276291,0.183623,-0.301231,0.169637,0.193379,-0.018745,0.081438,0.422324,-0.130775,0.108891,0.452427,-0.023090,0.106859,0.154885,0.136378,0.120958,0.028796,0.239456,0.045154,0.029478,0.232286,0.032038,0.043557,0.237136,0.029673,-0.006522,0.049619,0.041153,-0.023589,0.040514,-0.002712,-0.023568,0.040398,-0.002620
0.244239,0.098448,0.112962,0.191806,0.151007,0.129626,0.209798,-0.044854,0.290032,0.196835,-0.290797,0.209784,0.236176,0.002520,0.102590,0.450111,-0.094496,0.127206,0.463453,-0.046197,0.126762,0.167531,0.104869,0.106575,-0.004157,0.186625,0.025603,0.008411,0.168760,0.033577,0.022408,0.173505,0.031094,-0.017887,0.034254,0.021273,-0.003973,0.054412,0.002427,-0.003933,0.054186,0.002606
0.296883,0.085892,0.091781,0.282336,0.163721,0.092896,0.304858,-0.006771,0.245652,0.283417,-0.313904,0.160795,0.288653,-0.022354,0.072328,0.457869,-0.028893,0.089407,0.447821,-0.065556,0.089399,0.187478,0.095657,0.091398,-0.039361,0.143164,0.006815,-0.022346,0.124584,0.029355,-0.009879,0.128134,0.026540,-0.052365,0.057364,-0.006629,-0.032795,0.079226,-0.005489,-0.032787,0.079175,-0.005449
0.395805,0.085431,0.071374,0.255406,0.076380,0.126205,0.266876,-0.149345,0.273908,0.304491,-0.216776,0.161429,0.386853,-0.031730,0.052634,0.473695,-0.031537,0.061425,0.435054,-0.173389,0.060086,0.181126,0.102931,0.060668,-0.070604,0.143437,-0.028184,-0.037987,0.111520,0.022246,-0.027569,0.113446,0.019006,-0.016858,0.113060,-0.010114,-0.015162,0.121173,-0.036526,-0.015162,0.121171,-0.036526
0.471368,0.081211,0.053511,0.205530,0.007956,0.159210,0.205584,-0.290123,0.308449,0.283739,-0.128442,0.201407,0.461353,-0.030502,0.053073,0.492459,-0.021550,0.056175,0.433178,-0.239933,0.051920,0.174251,0.103902,0.034506,-0.090045,0.150828,-0.059314,-0.041832,0.104755,0.016498,-0.032865,0.105780,0.013162,0.024003,0.161668,-0.006536,0.007608,0.157044,-0.064365,0.007609,0.157035,-0.064358
0.453849,0.058045,0.039632,0.226629,0.081640,0.126461,0.229087,-0.243175,0.287900,0.250169,-0.177228,0.267790,0.442647,-0.023370,0.084020,0.508413,0.082275,0.090950,0.449693,-0.135143,0.084565,0.192836,0.077822,0.031401,-0.089444,0.130268,-0.068607,-0.037026,0.080918,0.014323,-0.027790,0.082926,0.011649,0.005715,0.165455,-0.014897,-0.005101,0.165432,-0.064640,-0.005100,0.165428,-0.064637
0.423727,0.032664,-0.005674,0.209449,0.159386,0.074260,0.236180,-0.153458,0.284663,0.219365,-0.135634,0.328618,0.409276,-0.027313,0.097833,0.518895,0.172193,0.111408,0.459541,-0.049442,0.102782,0.199105,0.050630,0.007578,-0.080483,0.085022,-0.084800,-0.028049,0.036728,-0.000477,-0.018896,0.039374,-0.002603,-0.017193,0.155177,-0.043867,-0.019051,0.163071,-0.084105,-0.019051,0.163071,-0.084104
0.396087,0.017583,-0.059795,0.162972,0.201560,0.028451,0.224633,-0.067015,0.299965,0.207296,-0.024604,0.354344,0.377893,-0.040707,0.086881,0.518694,0.202878,0.106583,0.457858,-0.026019,0.095535,0.189909,0.035297,-0.024713,-0.067636,0.037158,-0.099650,-0.019409,-0.006278,-0.020344,-0.010650,-0.003663,-0.022310,-0.033225,0.135545,-0.078622,-0.027277,0.150722,-0.112694,-0.027277,0.150722,-0.112694
0.357581,-0.017946,-0.112798,0.147537,0.196158,-0.031317,0.240265,-0.013034,0.285482,0.247547,0.008225,0.277441,0.341496,-0.050670,0.034911,0.489699,0.189748,0.057702,0.437254,-0.008987,0.046274,0.168779,0.000397,-0.042875,-0.054602,0.015832,-0.112255,-0.010842,-0.026821,-0.046599,0.000774,-0.023033,-0.048932,-0.023916,0.114919,-0.081453,-0.021315,0.127646,-0.120404,-0.021315,0.127648,-0.120405
0.361784,-0.029267,-0.136022,0.130202,0.173910,-0.043439,0.241099,0.007332,0.295283,0.252147,0.005342,0.270125,0.340918,-0.094428,0.027678,0.487055,0.176996,0.053559,0.438034,-0.008666,0.041326,0.168379,-0.011980,-0.083904,0.022483,0.070813,-0.152470,0.064694,0.019865,-0.107845,0.083908,0.028045,-0.110095,-0.009858,0.147206,-0.105173,-0.016167,0.151142,-0.147964,-0.016168,0.151145,-0.147965
0.462119,0.029218,-0.101502,0.077566,0.165502,0.054639,0.186585,-0.006251,0.384008,0.133653,0.006682,0.506033,0.415481,-0.210332,0.147593,0.562644,0.208386,0.183178,0.498512,-0.036007,0.164810,0.221431,0.042185,-0.184959,0.227870,0.253502,-0.250119,0.274551,0.180110,-0.232924,0.307628,0.197860,-0.233683,-0.011513,0.288872,-0.201222,-0.026626,0.280985,-0.234789,-0.026626,0.280985,-0.234789
0.528290,0.029898,-0.134117,0.040855,0.133007,0.065483,0.170973,0.022895,0.419485,0.084295,0.004076,0.605607,0.463609,-0.304519,0.182669,0.588329,0.220876,0.226722,0.519829,-0.045353,0.203784,0.232242,0.047128,-0.237577,0.349674,0.274604,-0.276300,0.402455,0.184566,-0.268571,0.443313,0.207185,-0.268717,0.014989,0.340381,-0.233795,0.008974,0.340944,-0.260460,0.008974,0.340941,-0.260459
0.527362,-0.028267,-0.217004,0.039213,0.093501,-0.014651,0.201994,0.080058,0.385530,0.129612,0.000082,0.520214,0.460910,-0.330505,0.117782,0.552610,0.207073,0.164113,0.491646,-0.032932,0.140979,0.195960,-0.003315,-0.215296,0.326060,0.120394,-0.218526,0.383942,0.027640,-0.197070,0.422491,0.048174,-0.197623,0.056606,0.271416,-0.188604,0.073274,0.296279,-0.214444,0.073275,0.296277,-0.214442
0.536266,-0.065979,-0.297249,0.030896,0.060205,-0.085871,0.214682,0.063005,0.359292,0.144658,-0.003804,0.494243,0.470017,-0.304306,0.067428,0.537087,0.248191,0.116830,0.469405,-0.020770,0.088265,0.195338,-0.037434,-0.209769,0.289349,-0.039881,-0.184250,0.344329,-0.121148,-0.149379,0.375769,-0.106400,-0.151336,0.090753,0.216168,-0.176134,0.130856,0.262225,-0.188812,0.130856,0.262224,-0.188812
0.615330,-0.121711,-0.417709,-0.066754,0.033168,-0.131390,0.159638,-0.058633,0.441363,0.103397,-0.012989,0.581200,0.545987,-0.503728,-0.213290,0.933954,-0.028117,-0.122341,0.881851,-0.235980,-0.146352,0.153182,-0.082503,-0.280344,0.263350,-0.217063,-0.210678,0.314352,-0.289935,-0.171684,0.343748,-0.277390,-0.174332,0.154847,0.211199,-0.200197,0.209706,0.270440,-0.205768,0.209706,0.270443,-0.205768
0.824774,-0.232426,-0.621813,-0.335608,0.015646,-0.133509,-0.009664,-0.309340,0.733238,-0.018993,-0.025398,0.835497,0.741669,-1.195290,-0.982326,2.130616,-0.998788,-0.748732,2.153193,-0.911157,-0.736059,-0.007657,-0.163443,-0.488064,0.271172,-0.422065,-0.335247,0.323811,-0.507110,-0.311143,0.366174,-0.486133,-0.311746,0.289145,0.293031,-0.268877,0.340248,0.352865,-0.291811,0.340248,0.352871,-0.291814
0.833972,-0.195599,-0.664592,-0.281837,-0.050238,-0.203871,0.043835,-0.302636,0.639693,-0.022355,-0.017059,0.857128,0.729824,-1.431957,-1.201376,2.261403,-1.602397,-0.916771,2.333775,-1.342938,-0.860958,-0.070357,-0.119413,-0.536087,0.295253,-0.488398,-0.321145,0.331667,-0.559085,-0.325078,0.381129,-0.534029,-0.324037,0.352126,0.351549,-0.278020,0.356447,0.379311,-0.354152,0.356446,0.379317,-0.354155
0.637281,-0.029411,-0.526083,0.061765,-0.140061,-0.312816,0.274989,-0.063531,0.200813,0.088223,-0.018540,0.629780,0.495398,-1.112400,-0.747353,1.258195,-1.468150,-0.631789,1.323960,-1.241008,-0.573097,-0.004263,0.025636,-0.395870,0.326036,-0.382136,-0.174867,0.337466,-0.418596,-0.206355,0.384493,-0.395582,-0.205262,0.305705,0.359313,-0.212869,0.242373,0.339571,-0.351278,0.242372,0.339572,-0.351279
0.587030,-0.024250,-0.475552,0.137042,-0.183827,-0.322612,0.330104,0.078033,0.117608,0.073381,-0.030378,0.667871,0.353654,-1.414534,-0.570319,0.840650,-2.400420,-0.644960,0.860936,-2.331699,-0.625212,0.084252,0.018664,-0.264454,0.277635,-0.385253,-0.080889,0.269680,-0.390196,-0.126486,0.310015,-0.371447,-0.125898,0.223780,0.260249,-0.159863,0.090704,0.186092,-0.336609,0.090702,0.186105,-0.336619
0.659232,-0.027957,-0.439821,0.189384,-0.202812,-0.287083,0.352443,0.106409,0.079854,0.058965,-0.036321,0.704866,0.324639,-1.845911,-0.538253,0.795954,-3.507398,-0.774778,0.735401,-3.714584,-0.842141,0.138426,0.015252,-0.170184,0.178531,-0.386809,-0.030712,0.152402,-0.359689,-0.085822,0.185097,-0.346273,-0.086629,0.192830,0.215115,-0.102014,0.011539,0.105548,-0.309455,0.011533,0.105574,-0.309473
0.828461,0.111008,-0.347491,0.458256,-0.224437,-0.265067,0.484885,-0.001083,-0.228705,0.170972,-0.028476,0.469409,0.438913,-1.921120,-0.503378,0.928680,-3.888746,-0.834649,0.759773,-4.478942,-1.050962,0.101592,0.171806,-0.138470,0.055304,-0.276037,-0.009912,0.008002,-0.212609,-0.078953,0.035455,-0.204513,-0.082369,0.301608,0.383453,-0.023996,0.114762,0.285139,-0.269674,0.114754,0.285168,-0.269691
0.929646,0.117649,-0.250179,0.650073,-0.210233,-0.208652,0.571335,-0.063704,-0.435106,0.249710,-0.020717,0.300384,0.508164,-1.880717,-0.367690,1.180620,-4.575820,-0.879505,0.922508,-5.513829,-1.269106,0.022790,0.190673,-0.116937,0.023249,-0.305003,0.041607,-0.031795,-0.231698,-0.041616,-0.003004,-0.223417,-0.045287,0.354171,0.395501,0.031374,0.104154,0.274515,-0.305662,0.104152,0.274516,-0.305661
0.913031,-0.012218,-0.194393,0.671219,-0.168102,-0.138661,0.567771,-0.053624,-0.427234,0.254369,-0.021869,0.289512,0.488214,-1.747125,-0.198218,1.452258,-5.206379,-0.939792,1.180961,-6.279151,-1.450843,-0.058588,0.061405,-0.118776,0.096073,-0.459871,0.098432,0.051255,-0.407723,0.007896,0.087300,-0.393832,0.006863,0.323677,0.244367,0.035713,-0.016111,0.079926,-0.400252,-0.016100,0.079881,-0.400224
0.589453,-0.052983,-0.152453,0.534205,-0.103330,-0.143957,0.489465,-0.121881,-0.257609,0.207340,-0.069601,0.398484,-0.090299,-3.095562,-0.451146,1.129405,-5.408130,-0.735942,0.855656,-6.637628,-1.404782,-0.015458,-0.014148,-0.059879,0.088019,-0.461555,0.120997,0.041200,-0.407646,0.019081,0.081127,-0.390903,0.019572,0.273727,0.217235,0.079238,0.024783,0.109102,-0.257825,0.024791,0.109072,-0.257807
0.271368,-0.021746,-0.075645,0.397689,-0.108355,-0.141263,0.409422,-0.192463,-0.095732,0.192906,-0.102290,0.424758,-0.712763,-4.686050,-0.758552,0.571797,-5.381916,-0.169164,0.352308,-6.672634,-0.921479,0.047557,-0.010027,0.000899,0.049566,-0.375573,0.122410,0.025235,-0.351644,0.054738,0.065854,-0.334880,0.055247,0.230418,0.240895,0.114852,0.094809,0.199106,-0.105126,0.094809,0.199106,-0.105126
0.271154,0.066465,0.083821,0.420160,-0.274137,-0.050546,0.404701,-0.175140,-0.108627,0.302805,-0.043110,0.169250,-0.850502,-5.288866,-0.764008,0.364213,-5.199112,0.367297,0.245339,-6.312701,-0.313214,0.024804,0.088148,0.002190,0.025500,-0.276720,0.123537,0.084217,-0.368828,0.186240,0.122485,-0.354836,0.185241,0.219987,0.229693,0.090400,0.057327,0.182702,-0.173142,0.057327,0.182698,-0.173140
0.195258,0.239845,0.329426,0.488340,-0.495037,0.049982,0.417382,-0.218326,-0.190397,0.370956,-0.001970,-0.003792,-0.930406,-5.074848,-0.510170,-0.139048,-4.381373,0.807044,-0.166624,-5.306489,0.230769,0.027447,0.270326,0.017833,0.068736,-0.229828,0.198986,0.158330,-0.361394,0.323987,0.187927,-0.352981,0.321050,0.206504,0.247500,0.058544,0.019450,0.193086,-0.234336,0.019450,0.193082,-0.234335
0.081728,0.412061,0.538007,0.576044,-0.658909,0.116866,0.452995,-0.296594,-0.294627,0.375649,-0.000611,-0.001069,-0.920247,-4.150524,-0.121889,-0.586973,-3.329633,0.878776,-0.560110,-4.148105,0.378714,0.051386,0.448065,0.038915,0.155810,-0.254890,0.311464,0.209500,-0.329856,0.398776,0.228495,-0.327108,0.394420,0.193753,0.288083,0.033812,-0.003588,0.228059,-0.259069,-0.003588,0.228059,-0.259069
-0.048620,0.519405,0.687984,0.543368,-0.593944,0.238711,0.331777,-0.270728,-0.440327,0.236077,0.009904,-0.103098,-1.072743,-3.610709,0.217702,-1.186658,-2.437895,0.886052,-1.123108,-3.178674,0.450225,0.109183,0.531062,0.411078,0.151545,0.170458,0.547897,0.126898,0.201139,0.494779,0.143957,0.204915,0.492055,0.124246,0.079743,0.297833,-0.098829,0.026909,-0.054636,-0.098829,0.026910,-0.054636
-0.122758,0.582067,0.770394,0.514587,-0.489203,0.331621,0.220281,-0.187623,-0.607567,0.122357,0.031385,-0.284159,-1.121812,-3.263596,0.397384,-1.554601,-1.762122,0.752312,-1.475504,-2.407667,0.402178,0.165119,0.568053,0.785579,0.137001,0.609188,0.762307,0.042980,0.726018,0.587728,0.058132,0.730124,0.585605,0.104679,-0.170899,0.573611,-0.153256,-0.220199,0.137745,-0.153255,-0.220199,0.137746
-0.067255,0.616639,0.779003,0.623835,-0.537689,0.321200,0.304439,-0.095096,-0.760745,0.222586,0.058466,-0.497411,-0.787104,-2.919964,0.324895,-1.306724,-1.366937,0.505169,-1.235716,-1.837714,0.269111,0.169405,0.605781,0.823036,0.187481,0.627699,0.822271,0.091958,0.744165,0.664210,0.096932,0.740183,0.658365,0.211421,-0.256752,0.596851,-0.089328,-0.317057,0.092183,-0.089328,-0.317059,0.092184
-0.049994,0.596361,0.836882,0.727508,-0.555214,0.368794,0.365057,-0.067904,-0.900254,0.340339,0.087186,-0.759288,-0.602418,-2.518014,0.413041,-1.207780,-0.956832,0.334908,-1.139139,-1.367169,0.141826,0.162271,0.596541,0.779008,0.230917,0.580301,0.806706,0.144888,0.685745,0.689499,0.133280,0.668949,0.678908,0.223352,-0.323393,0.534059,-0.066752,-0.374404,0.030818,-0.066752,-0.374405,0.030818
-0.080829,0.532041,0.914542,0.780115,-0.526694,0.455641,0.376694,-0.107791,-0.952715,0.425397,0.114142,-0.933628,-0.651779,-2.262754,0.598651,-1.304635,-0.742247,0.267714,-1.214604,-1.245676,0.047588,0.142015,0.548382,0.672891,0.240682,0.493838,0.720973,0.170177,0.582961,0.648595,0.143961,0.554929,0.634611,0.129667,-0.336544,0.412323,-0.102137,-0.364221,-0.019363,-0.102136,-0.364220,-0.019363
-0.029607,0.359371,1.406429,-0.100154,-0.301745,1.306937,-0.226212,-0.028950,0.793362,-0.247868,0.020264,0.876277,-0.459734,-1.950574,1.142745,-1.248082,-0.501651,0.237935,-1.147546,-1.038477,0.021082,0.318023,0.398018,0.921975,0.251408,0.615800,0.838059,0.097435,0.806288,0.694489,0.034833,0.790068,0.649844,0.099708,-0.452244,0.611023,-0.123282,-0.494490,0.224574,-0.123281,-0.494489,0.224575
-0.032918,0.229680,1.680587,-0.778210,-0.165955,1.832382,-0.723847,-0.015809,1.958027,-0.805157,-0.089555,2.110100,-0.200800,-1.611497,1.421020,-0.978513,-0.372184,0.239227,-0.868290,-0.942283,0.024699,0.402000,0.290315,1.119037,0.213800,0.755538,0.936812,-0.017898,1.027832,0.734950,-0.109537,1.023631,0.675126,0.115632,-0.369550,0.832587,-0.067697,-0.414737,0.524006,-0.065902,-0.413250,0.525729
-0.204407,0.299959,1.104124,-0.072546,-0.255486,0.976596,-0.301194,-0.123325,0.202681,-0.291766,0.024698,0.244571,-0.112686,-1.257660,0.813680,-0.534289,-0.420389,0.281026,-0.401166,-1.085600,0.043750,0.131645,0.338731,0.855134,0.142681,0.703985,0.765772,-0.035416,0.909332,0.636622,-0.114737,0.896613,0.615905,0.143891,0.193087,0.810270,0.101709,0.213274,0.676481,0.108794,0.219302,0.683398
-0.322534,0.384336,0.683069,0.310205,-0.364834,0.388427,-0.034600,-0.067203,-0.822852,0.073259,0.101625,-0.994140,-0.051621,-0.950406,0.382068,-0.257837,-0.332615,0.330183,-0.101528,-1.077791,0.070059,-0.063720,0.407031,0.597050,-0.143634,0.689134,0.504177,-0.310115,0.889469,0.433894,-0.393481,0.870151,0.438165,0.193858,0.459590,0.679178,0.207078,0.518756,0.594957,0.210616,0.521811,0.598383
-0.330143,0.437752,0.628470,0.184827,-0.469654,0.358135,-0.048500,0.087098,-0.612808,0.109456,0.064371,-0.992979,-0.010464,-0.850299,0.337530,-0.222882,-0.174371,0.327773,-0.054639,-0.946753,0.062621,-0.094011,0.466535,0.472878,-0.519494,0.714730,0.296822,-0.728321,0.971134,0.244420,-0.831381,0.949797,0.249357,0.249985,0.297992,0.499752,0.206059,0.348009,0.315853,0.198977,0.341868,0.309032
-0.490730,0.304479,0.546078,0.226011,-0.325324,0.271016,-0.009390,0.047298,-0.677310,0.131776,0.070386,-0.993679,-0.077684,-0.525552,0.302693,-0.185717,-0.106147,0.391255,-0.013598,-0.870329,0.132527,-0.146931,0.342151,0.392633,-0.502120,0.611607,0.235242,-0.643381,0.795946,0.236674,-0.726356,0.757860,0.263117,0.164373,-0.018618,0.345591,0.080400,0.025641,0.094969,0.075079,0.021033,0.089865
-0.699526,0.123016,0.458056,0.245101,-0.113451,0.178411,-0.016185,-0.026618,-0.738202,0.125459,0.098694,-0.996462,-0.111524,-0.202746,0.229940,-0.132223,-0.099976,0.278212,-0.001869,-0.654593,0.092360,-0.217452,0.168395,0.342303,-0.336459,0.470408,0.238137,-0.396080,0.564350,0.279593,-0.450628,0.512586,0.324273,0.050662,-0.295518,0.252552,-0.033123,-0.242385,-0.014168,-0.033117,-0.242380,-0.014162
-0.848057,0.024737,0.393887,0.072740,-0.028791,0.144129,-0.120492,-0.003628,-0.511922,0.112577,0.094943,-0.995887,0.053019,-0.114739,0.090993,-0.022059,-0.137020,-0.241402,-0.026923,-0.116572,-0.234601,-0.300127,0.073049,0.315252,-0.270401,0.366364,0.248953,-0.335703,0.456454,0.265874,-0.386505,0.411441,0.305028,0.022377,-0.340774,0.257700,-0.003689,-0.251567,0.045856,-0.003666,-0.251546,0.045879
-0.903054,0.052611,0.287248,-0.020120,-0.053836,0.044776,-0.164085,0.004663,-0.461711,0.073428,0.099447,-0.956394,-0.377700,0.068283,0.120694,-0.506879,-0.312169,-0.873541,-0.478000,-0.439653,-0.915871,-0.283445,0.101698,0.305106,-0.067273,0.322661,0.299346,-0.099890,0.379742,0.335737,-0.142602,0.331232,0.379983,-0.039600,-0.349139,0.219930,-0.038178,-0.246574,0.040598,-0.038166,-0.246563,0.040610
-0.836197,0.192228,0.193629,0.019360,-0.176534,-0.051222,-0.114876,-0.002648,-0.594750,0.039983,0.115542,-0.879759,-1.185108,0.254820,0.309912,-1.367021,-0.577323,-1.274637,-1.175757,-1.514285,-1.560182,-0.174877,0.241724,0.315483,0.171780,0.363403,0.363532,0.195094,0.375396,0.453383,0.161756,0.314549,0.510919,-0.100552,-0.315712,0.154186,-0.114993,-0.229336,-0.031812,-0.115015,-0.229356,-0.031835
-0.803390,0.064203,0.079164,-0.085567,0.038259,-0.105987,-0.204327,0.003271,-0.479734,-0.119515,0.208878,-0.539297,-0.866287,0.313029,0.109260,-0.933690,-0.471770,-0.819471,-0.812244,-1.156210,-1.000530,-0.205113,0.109494,0.230481,0.385354,0.121512,0.359153,0.375807,0.167530,0.435831,0.320862,0.115968,0.480258,-0.134754,-0.264078,0.127738,-0.169140,-0.212847,-0.039813,-0.169157,-0.212863,-0.039830
-0.744484,-0.106886,-0.041128,-0.235358,0.223254,-0.166932,-0.322405,0.028344,-0.326922,-0.282728,0.301203,-0.232414,-0.399732,0.353710,-0.147645,-0.360213,-0.202015,-0.483784,-0.305993,-0.515961,-0.565302,-0.232076,-0.067546,0.127860,0.449636,-0.154603,0.305971,0.381577,-0.048588,0.366539,0.296180,-0.089513,0.395007,-0.133542,-0.216899,0.106263,-0.174688,-0.190976,-0.031633,-0.174688,-0.190976,-0.031634
-0.598846,-0.100459,-0.143879,-0.321431,0.007983,-0.216363,-0.330368,0.076704,-0.290260,-0.300356,0.310147,-0.197284,-0.754943,0.496618,-0.085426,-0.912293,-0.141710,-1.085986,-0.781009,-0.967002,-1.289734,-0.110555,-0.061663,0.083154,0.246136,-0.219306,0.208408,0.161338,-0.078952,0.310452,0.060857,-0.128151,0.343629,-0.079055,-0.197830,0.048461,-0.095984,-0.158355,-0.062529,-0.095984,-0.158351,-0.062528
-0.531665,-0.132536,-0.189424,-0.398175,-0.017229,-0.224325,-0.372923,0.067426,-0.200266,-0.314155,0.320218,-0.160657,-0.852854,0.526295,-0.074884,-1.025895,-0.108737,-0.986418,-0.921670,-0.919010,-1.163320,-0.104291,-0.099510,-0.037636,0.111601,-0.380889,0.089711,0.064425,-0.253619,0.268954,-0.015576,-0.293309,0.295248,-0.054067,-0.190532,-0.052803,0.000254,-0.108362,-0.085907,0.007817,-0.101525,-0.078252
-0.576290,-0.188177,-0.155119,-0.425677,0.156929,-0.198265,-0.431443,0.002757,-0.107973,-0.319715,0.323136,-0.149474,-0.649733,0.419621,-0.135100,-0.601812,-0.085327,-0.271653,-0.570921,-0.346449,-0.324476,-0.215668,-0.165856,-0.173516,0.111533,-0.559643,0.016183,0.136487,-0.486339,0.270732,0.102213,-0.503555,0.281679,-0.070554,-0.202587,-0.144606,0.066635,-0.070520,-0.087635,0.085538,-0.053487,-0.068454
-0.466485,-0.179117,-0.237726,-0.420637,0.220738,-0.258424,-0.421770,0.023494,-0.121145,-0.327897,0.325882,-0.134176,-0.557360,0.474846,-0.218163,-0.412987,-0.048946,-0.084740,-0.411766,-0.059325,-0.086740,-0.219297,-0.165943,-0.256355,0.117150,-0.586353,-0.049532,0.154378,-0.519942,0.231827,0.144854,-0.524784,0.234744,-0.070313,-0.115829,-0.198579,0.042805,-0.016610,-0.134134,0.049911,-0.010188,-0.126923
-0.337403,-0.154414,-0.279766,-0.387776,0.259478,-0.276761,-0.383713,0.108738,-0.154300,-0.333649,0.332807,-0.115220,-0.533978,0.543397,-0.221648,-0.389622,-0.021208,-0.109353,-0.395445,0.029468,-0.099984,-0.171820,-0.146414,-0.281313,0.108581,-0.525842,-0.095209,0.131584,-0.447384,0.184124,0.131584,-0.447383,0.184123,-0.091783,-0.045598,-0.228014,-0.021270,0.008881,-0.174667,-0.024949,0.005759,-0.178437
-0.322796,-0.167526,-0.123212,-0.333014,0.350247,-0.136665,-0.358792,0.228822,-0.129255,-0.337466,0.337268,-0.102806,-0.547616,0.465914,-0.052633,-0.457651,-0.020674,-0.046341,-0.461452,0.012963,-0.040410,-0.126337,-0.165500,-0.241028,0.069103,-0.452910,-0.101090,0.083168,-0.370820,0.168049,0.083168,-0.370820,0.168049,-0.172053,-0.119093,-0.240516,-0.074131,-0.051494,-0.151631,-0.063281,-0.041565,-0.140756
-0.310280,-0.102963,-0.099328,-0.338502,0.320374,-0.107122,-0.367294,0.219146,-0.122109,-0.345999,0.340932,-0.085410,-0.510870,0.435995,-0.036864,-0.443233,0.007938,-0.058428,-0.443942,0.014226,-0.057385,-0.110151,-0.104141,-0.250605,0.034203,-0.375032,-0.127787,0.028705,-0.276643,0.130540,0.028705,-0.276643,0.130540,-0.161672,-0.065989,-0.254564,-0.058758,0.000830,-0.152615,-0.043067,0.015138,-0.136964
-0.306628,0.007849,-0.219650,-0.399615,0.186638,-0.199919,-0.401571,0.088218,-0.133261,-0.350032,0.345870,-0.072100,-0.438101,0.470513,-0.183615,-0.348521,0.054554,-0.140944,-0.346570,0.036858,-0.143741,-0.132810,0.007839,-0.305445,0.016654,-0.330466,-0.158384,-0.010252,-0.211375,0.093895,-0.010252,-0.211376,0.093896,-0.066636,0.086849,-0.263172,0.016907,0.138986,-0.177446,0.025341,0.146809,-0.169286
-0.274616,-0.032362,-0.225858,-0.444723,0.131680,-0.182958,-0.429302,0.061334,-0.083131,-0.356373,0.352718,-0.052569,-0.408851,0.426859,-0.188707,-0.328157,0.053643,-0.146726,-0.412217,0.021625,-0.086530,-0.163322,-0.032479,-0.265676,0.014320,-0.301684,-0.128564,-0.007723,-0.200349,0.090545,-0.007722,-0.200350,0.090545,-0.028272,0.049970,-0.202737,0.050908,0.101855,-0.128522,0.058197,0.107930,-0.121236
-0.229355,-0.102633,-0.198489,-0.453266,0.136137,-0.143350,-0.440373,0.067406,-0.051727,-0.363145,0.359408,-0.034368,-0.399950,0.387397,-0.146844,-0.331397,0.007635,-0.133254,-0.510474,-0.000395,-0.000512,-0.184560,-0.101998,-0.200603,0.016290,-0.268317,-0.086009,0.003413,-0.191386,0.094654,0.003413,-0.191384,0.094652,-0.005004,-0.039925,-0.130362,0.076423,0.020091,-0.068337,0.083559,0.025504,-0.060902
-0.187063,-0.081877,-0.216751,-0.407479,0.180728,-0.163904,-0.427859,0.035300,-0.113131,-0.367675,0.365405,-0.020277,-0.388345,0.434187,-0.151918,-0.307676,-0.080660,-0.157061,-0.511057,-0.000105,-0.000479,-0.180911,-0.079023,-0.179124,0.007137,-0.211282,-0.077514,-0.014171,-0.133249,0.080733,-0.014173,-0.133243,0.080729,0.044538,-0.048644,-0.103833,0.127215,0.021498,-0.060600,0.130084,0.023712,-0.057618
-0.220087,-0.090688,-0.199262,-0.394140,0.319667,-0.168366,-0.416618,0.119478,-0.078803,-0.370746,0.370671,-0.007195,-0.349855,0.490354,-0.169441,-0.237279,-0.131581,-0.135659,-0.411818,0.000911,0.002314,-0.183150,-0.082081,-0.092886,0.040162,-0.408084,0.084328,-0.031848,-0.281968,0.219454,-0.031850,-0.281963,0.219451,0.060751,-0.109293,-0.027130,0.132698,-0.041722,-0.003647,0.131627,-0.042624,-0.004704
-0.311740,-0.125062,-0.154759,-0.418431,0.482868,-0.157286,-0.408370,0.278877,0.030806,-0.369780,0.372168,-0.004546,-0.303712,0.526097,-0.195559,-0.153188,-0.120499,-0.085956,-0.260662,0.000610,0.001057,-0.190217,-0.109874,0.015314,0.096505,-0.758221,0.325812,-0.046195,-0.562350,0.447351,-0.046195,-0.562354,0.447353,0.035508,-0.191322,0.062277,0.089938,-0.137598,0.074937,0.087242,-0.139996,0.072271
-0.292387,-0.108753,-0.147432,-0.425907,0.409661,-0.137307,-0.413333,0.242266,0.026114,-0.366418,0.371143,-0.006870,-0.220196,0.507192,-0.221157,-0.101088,-0.052441,-0.151611,-0.299268,-0.000373,-0.000850,-0.174510,-0.095100,-0.006150,0.012839,-0.819248,0.304663,-0.107059,-0.639206,0.473051,-0.107057,-0.639212,0.473054,0.024602,-0.172595,0.034974,0.069886,-0.130573,0.051667,0.065591,-0.134289,0.047335
-0.237768,-0.076521,-0.173966,-0.465648,0.258608,-0.120345,-0.448540,0.116206,0.036619,-0.363892,0.369263,-0.009428,-0.154460,0.474433,-0.251809,-0.066746,0.022575,-0.210680,-0.350797,0.000095,0.000494,-0.149237,-0.069331,-0.102649,-0.118452,-0.641095,0.104886,-0.200122,-0.498662,0.295179,-0.202778,-0.495489,0.291310,0.009125,-0.081020,-0.056332,0.058284,-0.045029,-0.017861,0.055648,-0.046726,-0.020772
-0.223322,-0.063702,-0.231199,-0.584319,0.186970,-0.125722,-0.521686,0.010432,0.184714,-0.360698,0.368024,-0.012088,-0.161062,0.467001,-0.299043,-0.025887,0.055020,-0.148756,-0.228898,0.000218,0.000136,-0.128176,-0.062579,-0.219114,-0.204936,-0.266687,-0.177788,-0.311276,-0.126071,-0.079329,-0.321831,-0.113479,-0.094952,-0.029676,0.058184,-0.157610,0.040915,0.097544,-0.076631,0.046447,0.104328,-0.071882
-0.192577,-0.063199,-0.246838,-0.626728,0.161237,-0.113614,-0.544556,-0.012682,0.249634,-0.359720,0.369034,-0.016243,-0.183374,0.462698,-0.287457,-0.036442,0.087264,-0.106033,-0.183699,-0.000478,-0.000867,-0.114273,-0.066152,-0.268982,-0.239971,0.028292,-0.350887,-0.339608,0.146800,-0.310042,-0.352988,0.162768,-0.330021,-0.032919,0.221914,-0.171937,0.067544,0.267382,-0.036369,0.080843,0.288395,-0.022024
-0.160794,-0.075409,-0.213135,-0.570335,0.193056,-0.090560,-0.504943,0.054334,0.197937,-0.357328,0.368545,-0.019018,-0.209459,0.463856,-0.223556,-0.094789,0.103423,-0.102932,-0.239356,-0.000120,-0.000672,-0.114446,-0.077574,-0.227422,-0.207754,0.097031,-0.325540,-0.275284,0.183997,-0.279748,-0.285069,0.195668,-0.294422,0.001206,0.328907,-0.092903,0.125369,0.380310,0.081834,0.142170,0.414204,0.102921
-0.132558,-0.045454,-0.177493,-0.510116,0.246443,-0.066635,-0.482852,0.057970,0.151312,-0.370602,0.356891,0.024545,-0.227425,0.473733,-0.160322,-0.127022,0.051106,-0.084541,-0.242798,0.000012,-0.000645,-0.102488,-0.047238,-0.188675,-0.148327,0.149544,-0.277106,-0.196568,0.217554,-0.228692,-0.201042,0.222881,-0.235413,-0.036499,0.367079,-0.069974,0.056938,0.393058,0.085402,0.061819,0.422543,0.095831
-0.066761,-0.002110,-0.163938,-0.454431,0.221085,-0.041979,-0.473260,-0.026805,0.090913,-0.390329,0.324514,0.093669,-0.238926,0.467255,-0.098189,-0.165660,0.001532,-0.084154,-0.275927,-0.000406,-0.001436,-0.080319,-0.002036,-0.165864,-0.107627,0.175684,-0.240736,-0.144259,0.234080,-0.185177,-0.142709,0.232239,-0.182858,-0.099755,0.370402,-0.084011,-0.053887,0.362804,0.032915,-0.065980,0.380616,0.026332
0.077984,0.025852,-0.196722,-0.412229,0.017991,-0.018262,-0.473639,-0.223843,-0.006291,-0.410032,0.262974,0.162826,-0.243418,0.420277,-0.036369,-0.243183,0.026177,-0.133814,-0.421103,-0.000345,-0.001563,-0.049520,0.031749,-0.172281,-0.130550,0.166589,-0.251437,-0.157970,0.221774,-0.177598,-0.150684,0.213153,-0.166726,-0.139960,0.373506,-0.118783,-0.119879,0.346989,-0.020955,-0.143415,0.355813,-0.039915
0.174682,0.006216,-0.181303,-0.388536,-0.049590,0.025107,-0.465792,-0.244134,-0.040503,-0.429161,0.250160,0.226214,-0.243076,0.383051,0.042471,-0.304928,0.082197,-0.136826,-0.491707,0.000583,-0.000567,-0.022038,0.014733,-0.151301,-0.146032,0.146350,-0.244612,-0.173641,0.202362,-0.171770,-0.162668,0.189426,-0.155440,-0.151019,0.341790,-0.111961,-0.155699,0.298128,-0.033444,-0.188788,0.300342,-0.061561
0.175132,-0.051358,-0.125307,-0.391735,0.052087,0.070945,-0.449221,-0.076357,0.010407,-0.435925,0.292820,0.257498,-0.237233,0.373523,0.098570,-0.318013,0.141213,-0.092374,-0.450646,0.000387,0.000742,-0.011571,-0.045020,-0.113785,-0.145735,0.124468,-0.224276,-0.182847,0.184949,-0.171145,-0.172098,0.172318,-0.155170,-0.126833,0.290548,-0.068637,-0.142527,0.240113,-0.000221,-0.178436,0.241391,-0.029760
0.045474,-0.052893,-0.067399,-0.427672,0.181428,0.087751,-0.440659,0.093514,0.121121,-0.447881,0.299784,0.309747,-0.174679,0.302223,0.049074,-0.206509,0.047429,-0.058179,-0.290441,-0.000075,0.002982,-0.044549,-0.053707,-0.098278,-0.113672,0.134989,-0.192402,-0.139744,0.182526,-0.142669,-0.132860,0.174462,-0.132446,-0.084573,0.267255,-0.036539,-0.087586,0.234728,0.022653,-0.114590,0.223657,-0.006765
-0.079612,-0.033425,-0.019860,-0.445160,0.270257,0.093880,-0.430635,0.189503,0.197767,-0.462038,0.273159,0.372850,-0.109428,0.246190,-0.015387,-0.093149,-0.049350,-0.048506,-0.154673,-0.000003,-0.000136,-0.066497,-0.041514,-0.091062,-0.082730,0.159194,-0.171217,-0.098564,0.197529,-0.116461,-0.095986,0.194517,-0.112646,-0.050137,0.250912,-0.021910,-0.040309,0.235642,0.029404,-0.056206,0.214744,0.002053
-0.065511,-0.027577,0.004668,-0.393294,0.250443,0.107728,-0.412362,0.131426,0.147542,-0.476100,0.213208,0.435575,-0.090969,0.282971,0.004853,-0.099372,-0.001399,-0.065795,-0.186432,0.000010,-0.000166,-0.023088,-0.038035,-0.079333,-0.086068,0.180311,-0.182339,-0.113687,0.234635,-0.122098,-0.112651,0.233429,-0.120572,-0.050141,0.220927,-0.029224,-0.050875,0.197050,0.016747,-0.062958,0.182697,-0.006118
-0.021970,-0.014617,0.062979,-0.308797,0.227617,0.154360,-0.367571,0.146726,0.055970,-0.505351,0.164806,0.558139,-0.078353,0.249904,0.084940,-0.162257,0.039958,-0.092737,-0.286749,0.000292,-0.000492,0.013772,-0.026308,-0.033839,-0.084833,0.167452,-0.139375,-0.118480,0.231744,-0.072955,-0.118480,0.231742,-0.072954,-0.105858,0.144272,-0.026131,-0.125913,0.106740,0.006516,-0.132402,0.102544,-0.008873
0.029252,-0.001052,0.125916,-0.233809,0.212935,0.211330,-0.319171,0.226932,-0.031361,-0.535442,0.153853,0.679965,-0.077784,0.163299,0.185275,-0.250698,0.052978,-0.114870,-0.405779,0.000154,0.000111,0.025675,-0.012046,0.022607,-0.079702,0.126837,-0.064305,-0.110699,0.190057,0.005831,-0.110699,0.190057,0.005830,-0.189412,0.059354,-0.014567,-0.227847,0.009979,0.003532,-0.229774,0.014447,-0.005120
0.067638,0.018553,0.136722,-0.222673,0.159165,0.238561,-0.324783,0.163660,-0.040150,-0.551054,0.162516,0.756589,-0.062686,0.087146,0.216179,-0.257583,-0.018286,-0.115215,-0.410285,0.000074,0.000571,0.047781,0.010741,0.057120,-0.053348,0.176165,-0.037734,-0.102392,0.249466,0.005639,-0.102393,0.249467,0.005637,-0.193789,0.142664,0.027094,-0.208477,0.100457,0.081108,-0.214483,0.114578,0.074709
0.094281,0.045434,0.123173,-0.244307,0.096693,0.250108,-0.347033,0.074791,-0.009233,-0.556301,0.178393,0.800999,-0.037890,0.033842,0.208091,-0.226191,-0.074539,-0.111421,-0.371022,-0.000036,0.000076,0.046899,0.041708,0.074247,-0.033695,0.237485,-0.024007,-0.084385,0.305529,0.001609,-0.084383,0.305537,0.001610,-0.219044,0.227339,0.051913,-0.205901,0.197009,0.140546,-0.215334,0.215390,0.133914
0.110139,0.081039,0.113081,-0.268179,0.056218,0.260699,-0.350712,0.077506,0.021301,-0.558205,0.190276,0.828533,-0.008427,0.015924,0.192131,-0.200982,-0.017535,-0.120857,-0.360745,-0.000239,0.000219,-0.010221,0.080641,0.078643,-0.047932,0.232467,0.011050,-0.046303,0.253764,0.066385,-0.046291,0.253789,0.066396,-0.364208,0.146921,0.010834,-0.358286,0.118096,0.081605,-0.360956,0.129040,0.074097
0.153676,0.162368,0.080973,-0.278158,-0.012013,0.258610,-0.337317,0.087947,0.017949,-0.549861,0.174033,0.821053,0.006044,-0.027582,0.184860,-0.208413,0.041335,-0.147282,-0.405901,-0.000010,0.000854,0.009221,0.165747,0.082651,0.042704,0.281399,0.051092,0.088367,0.262605,0.127933,0.088374,0.262616,0.127940,-0.494830,0.176248,-0.030919,-0.527262,0.117567,0.020203,-0.533515,0.133520,0.011757
0.203206,0.248684,0.042876,-0.269238,-0.074514,0.243679,-0.313421,0.099142,-0.019314,-0.535836,0.138873,0.780683,-0.001622,-0.075679,0.188842,-0.244223,0.070985,-0.178816,-0.483317,-0.000016,0.000274,0.095805,0.254764,0.084226,0.192994,0.360346,0.076213,0.252504,0.327819,0.155549,0.252495,0.327791,0.155541,-0.546378,0.300468,-0.048884,-0.628675,0.195571,-0.008156,-0.647135,0.226423,-0.017403
0.203827,0.276976,0.055924,-0.253243,-0.172104,0.255418,-0.299444,0.036018,-0.046478,-0.512116,0.051360,0.696942,-0.026716,-0.172575,0.222072,-0.293602,0.051179,-0.177599,-0.453744,0.004310,-0.057442,0.141177,0.280061,0.077845,0.279595,0.366245,0.088872,0.342736,0.325426,0.156442,0.342729,0.325408,0.156436,-0.598869,0.227221,-0.092637,-0.693974,0.112346,-0.056961,-0.718170,0.148938,-0.065636
0.202741,0.289437,0.060700,-0.249411,-0.247035,0.259045,-0.285463,-0.001063,-0.055073,-0.484853,-0.045400,0.590751,-0.059140,-0.246918,0.247549,-0.333688,0.033044,-0.164966,-0.389341,0.007117,-0.123291,0.152019,0.289824,0.057049,0.388589,0.388693,0.091888,0.481267,0.316813,0.161218,0.482812,0.318249,0.161217,-0.671200,0.157108,-0.146466,-0.755282,0.049906,-0.099799,-0.783681,0.090324,-0.107815
0.247580,0.327892,-0.001957,-0.277771,-0.241627,0.220237,-0.265141,0.089305,-0.036666,-0.460405,-0.106820,0.485324,-0.089643,-0.227882,0.228574,-0.345337,0.068688,-0.158987,-0.366684,0.006501,-0.143617,0.136620,0.330860,0.016858,0.608020,0.515741,0.086775,0.793603,0.361130,0.196606,0.799760,0.366884,0.196626,-0.782936,0.287023,-0.181562,-0.844389,0.186849,-0.095030,-0.880597,0.236295,-0.103615
0.263711,0.351826,-0.001625,-0.288274,-0.249446,0.225416,-0.267470,0.081977,-0.014498,-0.417284,-0.202910,0.294856,-0.119592,-0.276926,0.254378,-0.373828,0.022046,-0.137783,-0.381188,-0.045502,-0.132754,0.097812,0.354851,0.013969,0.746578,0.626702,0.096071,0.978961,0.420509,0.198542,0.995522,0.437545,0.200030,-0.871725,0.322610,-0.182947,-0.926036,0.227811,-0.087141,-0.964749,0.279160,-0.095037
0.242639,0.349590,0.061410,-0.274576,-0.267755,0.270695,-0.288361,-0.022459,-0.000909,-0.374314,-0.287977,0.112461,-0.133213,-0.370155,0.309737,-0.401478,-0.085867,-0.116657,-0.421954,-0.124533,-0.101299,0.054097,0.350112,0.049696,0.733370,0.667424,0.115256,0.942055,0.468260,0.168264,0.969582,0.497882,0.172097,-0.893790,0.245594,-0.152935,-0.960609,0.150889,-0.082207,-0.995237,0.196054,-0.088660
0.279179,0.359780,0.100054,-0.226500,-0.229424,0.298518,-0.255797,0.002290,-0.016597,-0.323651,-0.271917,0.035309,-0.123392,-0.359306,0.357707,-0.407808,-0.078018,-0.107654,-0.492126,-0.074995,-0.044495,0.038805,0.359524,0.083505,0.900973,0.706013,0.173632,1.195781,0.438478,0.273889,1.224459,0.469770,0.278512,-0.887022,0.269375,-0.105768,-0.967441,0.167454,-0.045647,-1.004027,0.213563,-0.051769
0.309217,0.359352,0.117523,-0.164297,-0.182037,0.297897,-0.202338,0.049381,-0.052208,-0.265341,-0.204483,-0.002924,-0.106483,-0.304064,0.374566,-0.395584,-0.029552,-0.109356,-0.542424,0.000085,0.000377,0.032394,0.357232,0.091274,1.069453,0.704096,0.207470,1.459396,0.365393,0.362887,1.484878,0.393631,0.367801,-0.907726,0.306054,-0.083323,-0.999579,0.195597,-0.026098,-1.038134,0.243072,-0.032595
0.268960,0.325241,0.116276,-0.108397,-0.171360,0.258194,-0.159990,0.013637,-0.097327,-0.197271,-0.135687,-0.067718,-0.098788,-0.261724,0.338299,-0.366408,-0.012483,-0.118929,-0.522829,-0.000873,-0.001850,0.014890,0.319353,0.046402,1.056664,0.624644,0.162503,1.443709,0.289677,0.307759,1.467385,0.316162,0.313011,-1.012110,0.271886,-0.133966,-1.110769,0.157525,-0.079263,-1.145124,0.200184,-0.086303
0.160857,0.239293,0.157948,-0.083453,-0.069036,0.247326,-0.148286,0.055781,-0.097504,-0.177362,-0.059372,-0.074345,-0.064476,-0.218435,0.293177,-0.304657,-0.015370,-0.125001,-0.469901,-0.000999,-0.001381,0.010971,0.231290,0.045089,1.153452,0.518192,0.173687,1.515224,0.197048,0.279546,1.544594,0.230573,0.287495,-1.085370,0.179663,-0.139744,-1.194547,0.059042,-0.089452,-1.227375,0.099766,-0.096465
0.038688,0.144722,0.221596,-0.102314,0.073108,0.270497,-0.174297,0.152898,-0.053317,-0.216937,-0.015223,-0.018810,-0.020013,-0.195761,0.260835,-0.238981,-0.037579,-0.126734,-0.407713,-0.000646,-0.001084,0.022593,0.136931,0.087739,1.312012,0.438593,0.226862,1.639618,0.135117,0.277793,1.679112,0.180870,0.290503,-1.090846,0.072969,-0.097564,-1.208758,-0.052925,-0.050355,-1.243522,-0.010354,-0.057379
0.013082,0.099320,0.228602,-0.096589,0.056132,0.266662,-0.167778,0.124951,-0.042815,-0.200799,-0.005120,-0.015492,0.069146,-0.205181,0.204314,-0.138519,-0.032685,-0.167505,-0.349891,-0.001353,-0.009752,0.007946,0.093671,0.128139,1.278677,0.289864,0.286873,1.555013,0.029979,0.307851,1.589981,0.071205,0.321311,-0.995125,-0.076471,-0.062167,-1.095238,-0.180410,-0.027038,-1.118767,-0.137849,-0.027586
0.030272,0.071186,0.172755,-0.083575,-0.025419,0.213714,-0.143869,0.030256,-0.047705,-0.154765,-0.012512,-0.038569,0.152685,-0.191435,0.112089,-0.026893,-0.028298,-0.214106,-0.291981,-0.000853,-0.015844,-0.013015,0.068848,0.144106,1.229424,0.151831,0.330740,1.472915,-0.076222,0.340313,1.502507,-0.040538,0.353667,-0.908208,-0.199242,-0.054930,-1.045267,-0.324203,-0.066843,-1.059632,-0.289173,-0.063213
0.036596,0.028637,0.047742,-0.082576,-0.076016,0.090615,-0.122137,-0.071716,-0.047657,-0.108775,-0.019512,-0.058959,0.179174,-0.099132,-0.026492,0.067723,-0.054342,-0.231597,-0.233742,0.000144,-0.006514,-0.020388,0.030948,0.112527,1.341635,0.099550,0.320494,1.605274,-0.146080,0.321722,1.642247,-0.101683,0.339505,-0.942669,-0.225921,-0.089918,-1.252001,-0.486388,-0.204098,-1.274325,-0.472749,-0.207556
0.033061,0.013777,-0.002193,-0.032065,-0.079750,0.022009,-0.069838,-0.098995,-0.085800,-0.052762,-0.032732,-0.100251,0.180398,-0.050795,-0.080540,0.097573,-0.081208,-0.233336,-0.189728,-0.001245,-0.018954,-0.015329,0.017482,0.085748,1.344367,0.045134,0.304345,1.594019,-0.187313,0.292002,1.633747,-0.139684,0.312851,-0.933725,-0.243652,-0.119726,-1.312641,-0.559214,-0.280128,-1.332879,-0.558823,-0.283564
0.021410,0.034095,0.047887,0.043206,-0.035074,0.042541,-0.012110,-0.038873,-0.143044,-0.014053,-0.046326,-0.141415,0.156750,-0.069968,-0.022823,0.050790,-0.094247,-0.218774,-0.178892,-0.002601,-0.047428,-0.000407,0.035165,0.077190,1.236386,0.017223,0.289147,1.445166,-0.177394,0.264743,1.481661,-0.133588,0.285560,-0.885394,-0.244241,-0.130243,-1.196620,-0.504795,-0.259936,-1.205866,-0.502583,-0.256819
0.020722,-0.010344,0.065918,0.055988,-0.006253,0.054142,0.005581,0.019308,-0.148067,-0.011136,-0.043974,-0.134238,0.120421,-0.046535,0.013077,0.008918,-0.026912,-0.194447,-0.212474,-0.001533,-0.028472,0.013540,-0.010362,0.069032,1.386519,-0.111552,0.330442,1.576815,-0.290253,0.287031,1.618778,-0.240027,0.312510,-1.009245,-0.334498,-0.174408,-1.285480,-0.569710,-0.270353,-1.300585,-0.555359,-0.268615
0.020307,-0.080185,0.065411,0.045127,0.027481,0.054279,-0.006430,0.041581,-0.139239,-0.028223,-0.040106,-0.121357,0.084033,0.007391,0.028987,-0.024901,0.029099,-0.174118,-0.250875,-0.000408,-0.004363,0.026814,-0.080866,0.049517,1.558501,-0.242406,0.364080,1.755278,-0.423779,0.313543,1.799668,-0.370718,0.342888,-1.144403,-0.427138,-0.231099,-1.395374,-0.644603,-0.295248,-1.418752,-0.619241,-0.297520
0.009675,-0.136060,0.059814,0.049885,0.087143,0.040409,-0.037766,-0.005112,-0.154909,-0.049411,-0.048278,-0.145432,0.060904,0.079911,0.026905,-0.047507,-0.017025,-0.171490,-0.253076,-0.001158,-0.017290,0.039984,-0.138042,0.006896,1.518161,-0.280565,0.313411,1.747557,-0.483609,0.288049,1.780516,-0.444266,0.311778,-1.131762,-0.434998,-0.269950,-1.344157,-0.620202,-0.311229,-1.364318,-0.596124,-0.312765
-0.005742,-0.146781,0.036102,0.011715,0.100382,0.023499,-0.070958,-0.028979,-0.109050,-0.072776,-0.035624,-0.107582,0.025282,0.100595,0.013112,-0.054112,-0.041089,-0.128092,-0.202220,-0.001036,-0.017071,0.022401,-0.150614,-0.051299,1.425011,-0.296534,0.250937,1.648654,-0.491245,0.233275,1.673037,-0.462070,0.252657,-1.096449,-0.412108,-0.318491,-1.260446,-0.555383,-0.337751,-1.269007,-0.522654,-0.333345
-0.018223,-0.106988,0.006134,-0.049929,0.060533,0.012164,-0.087721,-0.018567,-0.024713,-0.085069,-0.008919,-0.026859,-0.004649,0.059127,-0.005454,-0.039685,-0.030978,-0.066143,-0.122280,-0.000175,-0.004243,-0.017262,-0.112296,-0.096197,1.325110,-0.281278,0.209498,1.507970,-0.439691,0.177849,1.530579,-0.412544,0.197617,-1.055934,-0.369290,-0.354367,-1.186015,-0.482221,-0.362284,-1.180236,-0.435056,-0.350525
-0.027454,-0.086923,-0.004672,-0.073910,0.049426,0.007181,-0.104236,-0.026088,-0.008272,-0.098284,-0.004446,-0.013128,-0.010095,0.058563,-0.017868,-0.037428,-0.024122,-0.064398,-0.119554,-0.000306,-0.002841,-0.012507,-0.091236,-0.095025,1.099650,-0.332132,0.196747,1.237149,-0.449785,0.190035,1.228424,-0.458943,0.184798,-0.971917,-0.335829,-0.340925,-1.065846,-0.416611,-0.334754,-1.049175,-0.358185,-0.318916
-0.022274,-0.079311,-0.011259,-0.071137,0.053336,0.001491,-0.110983,-0.037164,-0.028396,-0.103950,-0.011657,-0.034175,-0.002974,0.078138,-0.025939,-0.039567,-0.023685,-0.088012,-0.135715,-0.001463,-0.015935,0.015946,-0.082005,-0.080092,0.916155,-0.359271,0.190166,1.017351,-0.445490,0.210394,0.977975,-0.489154,0.177932,-0.881610,-0.299109,-0.312197,-0.949545,-0.356680,-0.294729,-0.926144,-0.290811,-0.277234
0.008486,-0.076883,-0.028611,-0.052374,0.058560,-0.011815,-0.097871,-0.037316,-0.053907,-0.093047,-0.019891,-0.057892,0.004993,0.097123,-0.031234,-0.037615,-0.032816,-0.102131,-0.111753,-0.004284,-0.046563,0.047505,-0.078907,-0.083992,0.943016,-0.276994,0.165096,1.031303,-0.351823,0.174483,0.990714,-0.394041,0.140101,-0.822501,-0.244581,-0.302235,-0.887324,-0.298422,-0.281001,-0.861967,-0.229435,-0.263743
0.026336,-0.087738,-0.039110,-0.046413,0.060413,-0.018406,-0.098147,-0.038375,-0.077150,-0.095123,-0.027523,-0.079651,0.011896,0.114393,-0.036187,-0.040279,-0.026019,-0.122832,-0.093859,-0.008293,-0.082667,0.057306,-0.088650,-0.068996,0.900360,-0.171044,0.134399,0.956840,-0.217983,0.126671,0.907025,-0.250053,0.086764,-0.787083,-0.212237,-0.274677,-0.850634,-0.264142,-0.254809,-0.823046,-0.199766,-0.236379
0.022373,-0.106456,-0.037476,-0.056194,0.057964,-0.015006,-0.111678,-0.039855,-0.086392,-0.109134,-0.030796,-0.088499,0.014280,0.121280,-0.038447,-0.046357,-0.006719,-0.139806,-0.091195,-0.011374,-0.106221,0.040485,-0.106389,-0.042562,0.809113,-0.093883,0.115422,0.830798,-0.110212,0.093121,0.768483,-0.128205,0.046799,-0.792550,-0.217928,-0.245831,-0.857467,-0.270507,-0.231434,-0.828519,-0.215993,-0.211256
0.000166,-0.071147,-0.003961,-0.029956,0.038437,0.003519,-0.082001,-0.023979,-0.097114,-0.084649,-0.033336,-0.094916,0.023812,0.079896,-0.020658,-0.040238,0.035599,-0.132413,-0.037557,-0.048224,-0.134633,0.010806,-0.070178,0.012202,0.660402,-0.053654,0.144173,0.666932,-0.057079,0.123626,0.599142,-0.069794,0.074201,-0.647303,-0.180718,-0.156254,-0.677510,-0.204309,-0.143226,-0.635591,-0.145395,-0.116141
-0.018946,-0.037210,0.029989,-0.005352,0.029596,0.023520,-0.052028,0.005470,-0.104253,-0.063170,-0.033568,-0.095039,0.029985,0.039523,0.000771,-0.036992,0.069573,-0.121209,0.009986,-0.073316,-0.156769,-0.009148,-0.035666,0.057650,0.525010,-0.024232,0.167338,0.518951,-0.017194,0.149159,0.448561,-0.024933,0.098878,-0.472458,-0.140117,-0.068463,-0.462924,-0.131015,-0.055375,-0.406818,-0.063854,-0.020977
-0.013754,-0.060051,0.032835,-0.019790,0.059300,0.031655,-0.064899,0.044745,-0.102015,-0.086371,-0.029903,-0.084289,0.022678,0.049419,0.009724,-0.052680,0.063817,-0.125908,-0.006092,-0.040591,-0.161044,0.003027,-0.058576,0.056077,0.473848,0.017182,0.131411,0.440595,0.048322,0.101246,0.366183,0.054451,0.051717,-0.389034,-0.133468,-0.048044,-0.366200,-0.113387,-0.035019,-0.304918,-0.044586,0.002209
0.001430,-0.057321,0.030056,-0.021917,0.049380,0.035193,-0.071150,0.033215,-0.109738,-0.107545,-0.092543,-0.079675,0.018267,0.036499,0.018245,-0.064688,0.042790,-0.129964,0.015258,-0.093868,-0.190107,0.024169,-0.055528,0.056946,0.390803,0.031714,0.106042,0.346693,0.071695,0.078258,0.270526,0.081341,0.028682,-0.280984,-0.106702,-0.022916,-0.255080,-0.084620,-0.014888,-0.192737,-0.018751,0.023546
0.019024,-0.030385,0.023038,-0.010582,0.004802,0.032344,-0.067465,-0.023286,-0.123597,-0.116144,-0.190031,-0.083544,0.019034,0.007216,0.022094,-0.066764,0.017053,-0.131410,0.063341,-0.206834,-0.228727,0.043705,-0.028042,0.059797,0.317358,0.012578,0.104377,0.284247,0.041532,0.091741,0.209583,0.042694,0.040982,-0.202208,-0.073341,-0.005889,-0.185002,-0.059236,-0.005235,-0.126232,0.000668,0.032013
0.017777,-0.035780,0.027971,-0.010041,-0.002683,0.036719,-0.055394,-0.011681,-0.104254,-0.111040,-0.225477,-0.072808,0.004238,-0.032831,0.035518,-0.070533,0.003562,-0.100980,0.103337,-0.298925,-0.229874,0.027568,-0.034956,0.040358,0.215511,-0.012528,0.072785,0.191248,0.007468,0.072084,0.118613,0.000597,0.020413,-0.151030,-0.057942,-0.005010,-0.126890,-0.038658,-0.008000,-0.065484,0.017661,0.031708
0.031247,-0.060663,0.017910,-0.020682,-0.003288,0.034364,-0.047910,0.020702,-0.086856,-0.107007,-0.240979,-0.073051,-0.022425,-0.011523,0.046808,-0.087706,0.061755,-0.076990,0.107781,-0.303416,-0.219696,0.017850,-0.061138,0.014085,0.126946,-0.043192,0.031390,0.101850,-0.023616,0.038106,0.033649,-0.027827,-0.014910,-0.112868,-0.058134,-0.014216,-0.084686,-0.035749,-0.018436,-0.021241,0.021242,0.022652
0.093008,-0.092209,-0.034128,-0.042760,-0.027271,0.011237,-0.057751,0.026544,-0.106662,-0.119352,-0.278365,-0.110003,-0.057138,0.143217,0.044682,-0.130365,0.251159,-0.097053,0.046926,-0.153870,-0.225007,0.056532,-0.091498,-0.003615,0.093267,-0.078782,0.000103,0.050076,-0.044713,0.008527,-0.009460,-0.025231,-0.046845,-0.073157,-0.071745,-0.027577,-0.062373,-0.063558,-0.031851,-0.004341,0.000262,0.004795
0.113925,-0.109081,-0.033678,-0.041226,-0.021605,0.017933,-0.053653,0.000642,-0.052387,-0.108039,-0.304167,-0.074446,-0.048032,0.166653,0.052835,-0.119775,0.273361,-0.085350,0.062264,-0.158704,-0.215621,0.023712,-0.109757,-0.007328,0.026217,-0.120102,-0.003469,-0.018887,-0.085120,0.009075,-0.064519,-0.049554,-0.034455,-0.213405,-0.148436,-0.070531,-0.251760,-0.182142,-0.088945,-0.208706,-0.129306,-0.058937
0.083628,-0.102768,0.019092,-0.016812,0.010734,0.051405,-0.037926,-0.044019,0.049337,-0.078296,-0.305530,0.016089,-0.001121,0.046976,0.064730,-0.062063,0.117413,-0.050241,0.146858,-0.315355,-0.197535,-0.063895,-0.106712,0.004698,-0.040457,-0.146425,0.022589,-0.070387,-0.124597,0.039611,-0.103919,-0.088632,0.016144,-0.462782,-0.249809,-0.123043,-0.557461,-0.332260,-0.162407,-0.531529,-0.302510,-0.138129
0.054661,-0.092480,0.113661,0.075256,0.090205,0.102916,0.023014,0.007314,0.030685,-0.031018,-0.278361,0.022100,-0.002887,-0.032049,0.145475,-0.098066,0.057254,-0.031879,0.156824,-0.441816,-0.208469,-0.042552,-0.099504,0.009239,-0.100708,-0.151812,0.013329,-0.137840,-0.126169,0.043134,-0.168776,-0.087475,0.028516,-0.479687,-0.337593,-0.153359,-0.580659,-0.426665,-0.201161,-0.553589,-0.396996,-0.175258
0.005744,-0.083308,0.187154,0.142816,0.163203,0.134229,0.060950,0.061316,-0.012334,0.000950,-0.213799,-0.000233,-0.009759,-0.089812,0.196092,-0.132424,0.008823,-0.031792,0.163500,-0.499154,-0.230809,0.014007,-0.090769,0.008302,-0.138670,-0.126877,-0.014291,-0.180488,-0.099740,0.030271,-0.208716,-0.063750,0.019292,-0.277512,-0.326301,-0.122094,-0.328381,-0.374202,-0.162964,-0.283606,-0.328845,-0.128703
-0.084890,-0.080739,0.176627,0.095034,0.174693,0.107430,0.010499,0.022255,0.016564,-0.010965,-0.105574,0.006715,0.021627,-0.145135,0.117710,-0.070629,-0.109515,-0.050052,0.235757,-0.444916,-0.252079,0.031121,-0.084962,0.003393,-0.139671,-0.063664,-0.042280,-0.158607,-0.056688,0.013209,-0.174437,-0.036534,0.006955,0.128192,-0.134122,0.014817,0.189958,-0.087747,0.000641,0.267313,-0.018127,0.049555
-0.113096,-0.113590,0.092375,0.008946,0.132625,0.042320,-0.056964,-0.043178,0.042120,-0.058474,-0.120596,0.008270,0.066941,-0.071539,-0.009737,0.020473,-0.104281,-0.088506,0.360346,-0.356054,-0.309660,0.033245,-0.113824,0.000221,-0.136138,-0.032583,-0.064539,-0.142493,-0.035668,-0.008807,-0.148655,-0.027829,-0.011269,0.409610,0.012428,0.125896,0.548801,0.124499,0.134040,0.644728,0.205492,0.191259
-0.064949,-0.165521,-0.023668,-0.071959,0.057730,-0.027371,-0.107271,-0.102310,0.052739,-0.116810,-0.251565,0.005044,0.102137,0.093396,-0.124762,0.093651,0.020697,-0.130367,0.473583,-0.278645,-0.375248,0.018962,-0.162489,-0.000041,-0.130078,-0.048809,-0.070707,-0.140549,-0.046873,-0.025747,-0.144603,-0.041716,-0.027387,0.426207,0.041045,0.153129,0.569001,0.157340,0.167466,0.660158,0.231411,0.222105
-0.076424,-0.191639,-0.029337,-0.059592,0.092046,-0.043439,-0.073331,-0.046420,0.080411,-0.079720,-0.205869,0.022312,0.067898,0.071612,-0.118388,0.078891,0.034335,-0.093993,0.466995,-0.228376,-0.342883,0.001627,-0.187417,0.025356,-0.124758,-0.083388,-0.037116,-0.155412,-0.063075,-0.005741,-0.163568,-0.052687,-0.009078,0.344814,-0.005637,0.156882,0.430927,0.062322,0.150521,0.502063,0.110966,0.197437
-0.091872,-0.191461,0.001336,-0.011814,0.132114,-0.037597,-0.009839,0.026826,0.094860,-0.008572,-0.112673,0.029050,0.026576,-0.001254,-0.071416,0.042080,0.002824,-0.044542,0.429213,-0.201577,-0.291162,-0.009654,-0.187670,0.042655,-0.117474,-0.122974,-0.003180,-0.156232,-0.095638,0.024694,-0.166175,-0.082987,0.020570,0.238188,-0.051688,0.139191,0.262646,-0.036482,0.110494,0.312891,-0.012879,0.148939
-0.056048,-0.164325,-0.005957,0.014348,0.075191,-0.039375,0.028159,0.021040,0.068541,0.035353,-0.100171,-0.002090,0.040719,0.010157,-0.066241,0.048806,-0.008209,-0.049476,0.447356,-0.196054,-0.301698,-0.006631,-0.162106,0.017138,-0.106129,-0.153586,-0.008962,-0.112762,-0.155044,0.038935,-0.113652,-0.153908,0.038568,0.178749,-0.021115,0.099580,0.191266,-0.014959,0.073588,0.234203,0.002570,0.107678
-0.029464,-0.141745,-0.015454,0.025861,0.037381,-0.041568,0.041049,0.005725,0.043594,0.046129,-0.123234,-0.024961,0.040614,0.038514,-0.060923,0.041727,0.006102,-0.054579,0.449811,-0.179099,-0.311276,0.009290,-0.140212,-0.001490,-0.087418,-0.157559,-0.018953,-0.079752,-0.172037,0.039417,-0.076887,-0.175670,0.040644,0.104910,-0.012318,0.055143,0.098061,-0.021328,0.031735,0.130922,-0.008106,0.059300
-0.025407,-0.135005,-0.022365,0.016966,0.037534,-0.043609,0.022782,-0.011501,0.031900,0.019168,-0.170498,-0.028552,0.026352,0.069545,-0.058356,0.024439,0.038478,-0.057494,0.435565,-0.159525,-0.314828,0.029995,-0.132901,-0.003552,-0.070754,-0.132882,-0.027888,-0.073710,-0.138183,0.025855,-0.074262,-0.137487,0.025611,0.053245,-0.029489,0.028767,0.029298,-0.052115,0.006576,0.054273,-0.039296,0.028823
-0.017947,-0.125416,-0.027026,0.022539,0.045756,-0.047610,0.025383,0.001046,0.013203,0.024262,-0.155449,-0.050994,0.025823,0.057373,-0.057894,0.022709,0.026693,-0.059138,0.430765,-0.124827,-0.313121,0.015941,-0.123859,-0.009561,-0.065358,-0.098826,-0.037467,-0.070887,-0.101369,0.011257,-0.072055,-0.099888,0.010745,0.019630,-0.007034,0.021368,0.004937,-0.021289,0.005209,0.031440,-0.008875,0.028025
-0.018755,0.716036,-0.014803,-0.080178,-0.253830,0.039942,0.364732,0.406563,0.665310,0.409906,0.531192,0.613995,-0.017435,-0.330257,0.017975,0.012745,0.305132,-0.017397,0.160112,1.615317,-0.100107,0.011727,0.450809,-0.007120,-0.180583,0.261701,0.006621,-0.221146,0.417001,-0.854125,-0.165208,0.521963,-0.616421,0.281989,0.402781,0.048334,0.079504,0.513564,1.917722,0.079359,0.524792,1.761942
-0.026118,1.550138,0.000000,-0.190256,-0.561736,0.130680,0.643855,0.813006,1.347772,0.719446,1.208689,1.320019,-0.063162,-0.695363,0.095484,-0.000248,0.606122,0.025069,-0.099993,3.327147,0.126016,0.027805,1.018789,-0.000839,-0.294553,0.595497,0.059686,-0.378731,0.915078,-1.705625,-0.250911,1.124783,-1.233997,0.560821,0.783537,0.064318,0.177923,1.005338,3.816002,0.138741,1.014287,3.480213
-0.026118,1.550138,-0.000000,-0.188536,-0.561897,0.130220,0.592188,0.830810,1.362213,0.657096,1.228640,1.338401,-0.060892,-0.695357,0.096473,0.001254,0.606102,0.024909,-0.087887,3.326894,0.140941,0.027527,1.018749,-0.002640,-0.293019,0.594654,0.061770,-0.384235,0.920008,-1.702136,-0.241123,1.129836,-1.234886,0.561142,0.782728,0.054313,0.197598,1.000675,3.808147,0.150364,1.007746,3.473432
-0.026118,1.550138,0.000000,-0.186756,-0.562066,0.129680,0.539962,0.847220,1.375779,0.594085,1.246863,1.355661,-0.058575,-0.695352,0.097381,0.002800,0.606082,0.024727,-0.074654,3.326585,0.155059,0.027180,1.018709,-0.004424,-0.291516,0.593822,0.063829,-0.389221,0.924536,-1.698732,-0.230853,1.134000,-1.236174,0.561259,0.781901,0.044324,0.214322,0.993056,3.800117,0.159259,0.997718,3.466639
-0.026118,1.550138,0.000000,-0.184919,-0.562243,0.129059,0.487234,0.862217,1.388461,0.530481,1.263341,1.371789,-0.056213,-0.695349,0.098207,0.004389,0.606064,0.024524,-0.060355,3.326221,0.168300,0.026766,1.018667,-0.006189,-0.290045,0.593000,0.065866,-0.393707,0.928645,-1.695422,-0.220143,1.137253,-1.237865,0.561174,0.781055,0.034356,0.228324,0.982304,3.791967,0.165722,0.984028,3.459875
-0.026118,1.550138,0.000000,-0.183026,-0.562428,0.128357,0.434060,0.875785,1.400253,0.466354,1.278059,1.386777,-0.053808,-0.695347,0.098950,0.006020,0.606046,0.024299,-0.045054,3.325804,0.180602,0.026286,1.018625,-0.007932,-0.288606,0.592187,0.067884,-0.397710,0.932318,-1.692215,-0.209039,1.139574,-1.239961,0.560887,0.780193,0.024413,0.239846,0.968262,3.783734,0.170060,0.966527,3.453158
-0.026118,1.550138,-0.000000,-0.181080,-0.562619,0.127572,0.380496,0.887910,1.411148,0.401774,1.291005,1.400619,-0.051362,-0.695347,0.099608,0.007691,0.606030,0.024054,-0.028821,3.325334,0.191904,0.025739,1.018583,-0.009650,-0.287197,0.591383,0.069885,-0.401248,0.935538,-1.689118,-0.197584,1.140944,-1.242464,0.560399,0.779313,0.014500,0.249140,0.950794,3.775437,0.172593,0.945094,3.446488
-0.026118,1.550138,0.000000,-0.179084,-0.562817,0.126704,0.326601,0.898580,1.421144,0.336811,1.302168,1.413311,-0.048879,-0.695348,0.100182,0.009402,0.606015,0.023788,-0.011729,3.324812,0.202152,0.025129,1.018539,-0.011343,-0.285820,0.590590,0.071871,-0.404340,0.938291,-1.686138,-0.185823,1.141344,-1.245372,0.559713,0.778415,0.004623,0.256466,0.929784,3.767078,0.173642,0.919637,3.439842
-0.026118,1.550138,0.000000,-0.177039,-0.563020,0.125752,0.272431,0.907784,1.430237,0.271535,1.311540,1.424849,-0.046360,-0.695350,0.100670,0.011149,0.606001,0.023501,0.006145,3.324241,0.211296,0.024455,1.018495,-0.013006,-0.284474,0.589806,0.073846,-0.407003,0.940562,-1.683281,-0.173801,1.140760,-1.248683,0.558829,0.777501,-0.005214,0.262090,0.905140,3.758639,0.173536,0.890090,3.433180
-0.026118,1.550138,0.000000,-0.174948,-0.563230,0.124715,0.218046,0.915515,1.438427,0.206017,1.319116,1.435236,-0.043809,-0.695354,0.101071,0.012933,0.605989,0.023193,0.024721,3.323621,0.219291,0.023718,1.018450,-0.014638,-0.283157,0.589031,0.075811,-0.409258,0.942334,-1.680553,-0.161563,1.139176,-1.252389,0.557749,0.776570,-0.015005,0.266281,0.876790,3.750089,0.172600,0.856420,3.426443
-0.026118,1.550138,0.000000,-0.172813,-0.563445,0.123593,0.163502,0.921767,1.445715,0.140327,1.324893,1.444470,-0.041227,-0.695359,0.101384,0.014752,0.605979,0.022866,0.043915,3.322956,0.226098,0.022921,1.018405,-0.016236,-0.281870,0.588266,0.077770,-0.411124,0.943596,-1.677956,-0.149155,1.136579,-1.256486,0.556474,0.775623,-0.024747,0.269310,0.844687,3.741378,0.171159,0.818619,3.419553
-0.026118,1.550138,-0.000000,-0.170637,-0.563665,0.122386,0.108860,0.926537,1.452104,0.074536,1.328868,1.452558,-0.038618,-0.695365,0.101610,0.016605,0.605970,0.022518,0.063642,3.322247,0.231685,0.022065,1.018359,-0.017799,-0.280611,0.587510,0.079724,-0.412620,0.944332,-1.675495,-0.136620,1.132959,-1.260963,0.555008,0.774660,-0.034435,0.271446,0.808805,3.732442,0.169533,0.776711,3.412420
-0.026118,1.550138,-0.000000,-0.168422,-0.563890,0.121093,0.054176,0.929823,1.457596,0.008713,1.331044,1.459502,-0.035984,-0.695371,0.101747,0.018489,0.605964,0.022150,0.083815,3.321496,0.236022,0.021150,1.018313,-0.019324,-0.279381,0.586764,0.081676,-0.413767,0.944531,-1.673170,-0.124005,1.128306,-1.265811,0.553351,0.773680,-0.044064,0.272957,0.769144,3.723203,0.168033,0.730748,3.404936
-0.026118,1.550138,0.000000,-0.166171,-0.564119,0.119713,-0.000491,0.931626,1.462199,-0.057072,1.331423,1.465312,-0.033328,-0.695379,0.101795,0.020404,0.605960,0.021763,0.104343,3.320706,0.239088,0.020179,1.018266,-0.020809,-0.278177,0.586026,0.083628,-0.414585,0.944180,-1.670983,-0.111354,1.122613,-1.271015,0.551505,0.772685,-0.053629,0.274104,0.725723,3.713569,0.166959,0.680808,3.396985
-0.026118,1.550138,0.000000,-0.163886,-0.564352,0.118247,-0.055082,0.931949,1.465917,-0.122750,1.330011,1.469995,-0.030652,-0.695388,0.101753,0.022348,0.605959,0.021357,0.125135,3.319881,0.240866,0.019152,1.018218,-0.022252,-0.277000,0.585298,0.085582,-0.415095,0.943268,-1.668934,-0.098711,1.115872,-1.276563,0.549474,0.771675,-0.063126,0.275144,0.678587,3.703439,0.166601,0.626999,3.388437
-0.026118,1.550138,-0.000000,-0.161569,-0.564588,0.116695,-0.109542,0.930799,1.468761,-0.188252,1.326817,1.473563,-0.027960,-0.695398,0.101622,0.024319,0.605960,0.020932,0.146099,3.319022,0.241348,0.018073,1.018170,-0.023651,-0.275847,0.584578,0.087542,-0.415317,0.941784,-1.667022,-0.086119,1.108080,-1.282439,0.547258,0.770650,-0.072551,0.276323,0.627801,3.692701,0.167232,0.569452,3.379157
-0.026118,1.550138,0.000000,-0.159224,-0.564826,0.115055,-0.163812,0.928181,1.470739,-0.253512,1.321849,1.476027,-0.025253,-0.695409,0.101400,0.026317,0.605964,0.020488,0.167143,3.318135,0.240528,0.016942,1.018122,-0.025004,-0.274717,0.583868,0.089508,-0.415272,0.939718,-1.665245,-0.073621,1.099235,-1.288623,0.544862,0.769610,-0.081899,0.277879,0.573453,3.681235,0.169110,0.508326,3.369002
-0.026118,1.550138,0.000000,-0.156853,-0.565067,0.113329,-0.217836,0.924106,1.471863,-0.318462,1.315121,1.477401,-0.022534,-0.695420,0.101089,0.028339,0.605971,0.020027,0.188174,3.317222,0.238410,0.015762,1.018073,-0.026309,-0.273610,0.583166,0.091482,-0.414980,0.937060,-1.663600,-0.061260,1.089334,-1.295098,0.542287,0.768556,-0.091166,0.280039,0.515652,3.668914,0.172475,0.443803,3.357825
-0.026118,1.550138,-0.000000,-0.154458,-0.565310,0.111517,-0.271560,0.918587,1.472144,-0.383035,1.306647,1.477702,-0.019807,-0.695432,0.100687,0.030384,0.605981,0.019548,0.209100,3.316287,0.235002,0.014533,1.018024,-0.027565,-0.272523,0.582474,0.093468,-0.414462,0.933801,-1.662084,-0.049077,1.078380,-1.301842,0.539537,0.767487,-0.100348,0.283015,0.454528,3.655605,0.177546,0.376085,3.345479
-0.026118,1.550138,-0.000000,-0.152041,-0.565555,0.109618,-0.324927,0.911636,1.471598,-0.447169,1.296444,1.476946,-0.017074,-0.695445,0.100195,0.032450,0.605993,0.019052,0.229827,3.315334,0.230317,0.013259,1.017974,-0.028770,-0.271456,0.581789,0.095466,-0.413739,0.929935,-1.660692,-0.037112,1.066375,-1.308834,0.536613,0.766405,-0.109442,0.287008,0.390227,3.641174,0.184525,0.305397,3.331816
-0.026118,1.550138,0.000000,-0.149606,-0.565800,0.107633,-0.377886,0.903270,1.470237,-0.510797,1.284530,1.475151,-0.014337,-0.695458,0.099614,0.034536,0.606009,0.018540,0.250267,3.314368,0.224378,0.011941,1.017924,-0.029922,-0.270406,0.581113,0.097479,-0.412830,0.925453,-1.659418,-0.025404,1.053322,-1.316049,0.533520,0.765310,-0.118443,0.292204,0.322918,3.625485,0.193590,0.231982,3.316690
