body_0_x,body_0_y,body_0_z,body_1_x,body_1_y,body_1_z,body_2_x,body_2_y,body_2_z,body_3_x,body_3_y,body_3_z,body_4_x,body_4_y,body_4_z,body_5_x,body_5_y,body_5_z,body_6_x,body_6_y,body_6_z,body_7_x,body_7_y,body_7_z,body_8_x,body_8_y,body_8_z,body_9_x,body_9_y,body_9_z,body_10_x,body_10_y,body_10_z,body_11_x,body_11_y,body_11_z,body_12_x,body_12_y,body_12_z,body_13_x,body_13_y,body_13_z
0.014889,0.039513,0.804999,0.023088,-0.074884,0.670584,0.092167,-0.062571,0.372597,0.215671,-0.049813,0.080389,0.029282,0.157987,0.674451,0.036246,0.161925,0.368415,0.138860,0.159495,0.067913,0.014894,0.038861,0.859138,-0.045455,-0.098910,1.088216,0.015309,-0.173923,0.930831,-0.066470,-0.253403,0.786304,-0.035548,0.181931,1.087098,0.000253,0.256649,0.922186,-0.018160,0.330767,0.754391
0.016158,0.039631,0.803908,0.020456,-0.075126,0.669719,0.087665,-0.062652,0.371310,0.216067,-0.049808,0.081311,0.026606,0.157781,0.672693,0.023733,0.162340,0.366599,0.137602,0.159580,0.070203,0.017929,0.039134,0.858018,-0.043951,-0.096263,1.087989,0.006013,-0.176508,0.929377,-0.061438,-0.261640,0.781005,-0.030366,0.184452,1.085013,0.000094,0.260376,0.919572,-0.016447,0.336115,0.752296
0.018260,0.039959,0.802233,0.019200,-0.075113,0.668347,0.084508,-0.062562,0.369519,0.216713,-0.049568,0.081340,0.025091,0.157829,0.670525,0.014129,0.162788,0.364619,0.136727,0.159835,0.071754,0.021609,0.039611,0.856268,-0.041542,-0.093720,1.087019,-0.001460,-0.177579,0.927462,-0.056907,-0.266425,0.776595,-0.025719,0.186879,1.082210,0.000027,0.263485,0.916278,-0.014644,0.339927,0.749143
0.021830,0.040782,0.800763,0.020485,-0.074531,0.667164,0.083840,-0.062048,0.367911,0.217734,-0.048839,0.080605,0.025728,0.158440,0.668740,0.010168,0.163311,0.363031,0.136689,0.160469,0.071861,0.026381,0.040580,0.854711,-0.037638,-0.091616,1.085827,-0.005312,-0.176323,0.924956,-0.054112,-0.266132,0.772525,-0.022337,0.189000,1.079609,-0.000065,0.265277,0.913019,-0.012937,0.341014,0.745416
0.025159,0.041002,0.799663,0.021781,-0.074360,0.666213,0.083427,-0.061946,0.366600,0.218394,-0.048526,0.079859,0.026709,0.158623,0.667549,0.008500,0.163508,0.361987,0.136835,0.160766,0.071626,0.030748,0.040873,0.853513,-0.034140,-0.090619,1.084769,-0.007908,-0.175853,0.923063,-0.051932,-0.266080,0.769482,-0.019594,0.190019,1.077582,0.000058,0.266124,0.910581,-0.011238,0.341342,0.742633
0.028358,0.040939,0.798772,0.023073,-0.074376,0.665413,0.083131,-0.062032,0.365474,0.218861,-0.048400,0.079141,0.027854,0.158610,0.666688,0.007973,0.163563,0.361230,0.137073,0.160899,0.071222,0.034901,0.040846,0.852513,-0.030853,-0.090182,1.083786,-0.009877,-0.175774,0.921498,-0.050073,-0.266110,0.766934,-0.017185,0.190480,1.075870,0.000272,0.266497,0.908582,-0.009558,0.341296,0.740358
0.030918,0.040220,0.798704,0.024127,-0.075204,0.665591,0.083847,-0.062683,0.365589,0.219499,-0.048501,0.079283,0.028748,0.157785,0.666538,0.009180,0.163123,0.361067,0.137393,0.160971,0.070664,0.038290,0.040186,0.852337,-0.028271,-0.090501,1.083580,-0.010872,-0.176459,0.921058,-0.048313,-0.266941,0.765889,-0.015199,0.190170,1.075136,0.000957,0.266594,0.907899,-0.007710,0.341592,0.739704
0.033035,0.039387,0.798849,0.024884,-0.076116,0.665969,0.084532,-0.063427,0.365959,0.220174,-0.048731,0.079705,0.029281,0.156876,0.666653,0.010408,0.162624,0.361146,0.137605,0.161021,0.070292,0.041192,0.039406,0.852368,-0.025897,-0.090945,1.083661,-0.011890,-0.177179,0.920953,-0.046987,-0.267639,0.765223,-0.013377,0.189730,1.074684,0.001496,0.266520,0.907493,-0.006219,0.341695,0.739334
0.034268,0.038322,0.799448,0.025043,-0.077200,0.666751,0.085155,-0.064362,0.366839,0.220936,-0.049239,0.080690,0.029099,0.155795,0.667297,0.011683,0.162004,0.361712,0.137605,0.161023,0.070292,0.043125,0.038378,0.852855,-0.023941,-0.091615,1.084371,-0.012954,-0.177973,0.921493,-0.046521,-0.268273,0.765334,-0.011873,0.189056,1.074832,0.001759,0.266129,0.907663,-0.005416,0.341447,0.739548
0.035101,0.037666,0.800060,0.024804,-0.077745,0.667434,0.085138,-0.065072,0.367559,0.221178,-0.049928,0.081539,0.028718,0.155247,0.668076,0.013238,0.161650,0.362392,0.137606,0.161025,0.070292,0.044612,0.037707,0.853353,-0.022256,-0.092216,1.084981,-0.013735,-0.178724,0.922032,-0.046074,-0.268940,0.765564,-0.010670,0.188462,1.075212,0.001899,0.265772,0.908067,-0.004878,0.341210,0.739992
0.035733,0.037209,0.800652,0.024364,-0.078027,0.668050,0.084800,-0.065675,0.368182,0.221162,-0.050714,0.082303,0.028238,0.154959,0.668906,0.014936,0.161426,0.363120,0.137606,0.161023,0.070292,0.045874,0.037207,0.853829,-0.020708,-0.092791,1.085511,-0.014375,-0.179463,0.922547,-0.045637,-0.269617,0.765824,-0.009618,0.187900,1.075684,0.001976,0.265425,0.908565,-0.004474,0.340971,0.740530
0.036403,0.036628,0.801236,0.024001,-0.078409,0.668633,0.084391,-0.066357,0.368743,0.221105,-0.051589,0.083013,0.027961,0.154567,0.669753,0.017132,0.161142,0.363872,0.137683,0.161025,0.070153,0.047125,0.036572,0.854297,-0.019480,-0.093545,1.085920,-0.014585,-0.180438,0.923020,-0.044960,-0.270675,0.766170,-0.008861,0.187161,1.076103,0.002139,0.264782,0.908988,-0.003940,0.340346,0.740950
0.037223,0.035949,0.801702,0.023914,-0.078738,0.668958,0.084150,-0.067013,0.369024,0.221047,-0.052449,0.083359,0.027895,0.154226,0.670628,0.019812,0.160866,0.364664,0.137823,0.161030,0.069904,0.048482,0.035807,0.854650,-0.018256,-0.094398,1.086198,-0.014572,-0.181470,0.923359,-0.044105,-0.271769,0.766384,-0.008154,0.186321,1.076347,0.002295,0.264104,0.909269,-0.003487,0.339756,0.741263
0.038337,0.035071,0.801958,0.024371,-0.078964,0.668781,0.084236,-0.067622,0.368758,0.220985,-0.053290,0.082987,0.028249,0.153980,0.671569,0.023455,0.160601,0.365536,0.138086,0.161032,0.069434,0.050048,0.034777,0.854805,-0.017039,-0.095449,1.086251,-0.014115,-0.182620,0.923446,-0.042891,-0.272982,0.766366,-0.007551,0.185281,1.076264,0.002432,0.263353,0.909291,-0.003202,0.339232,0.741384
0.039426,0.034360,0.802344,0.024949,-0.079261,0.668930,0.084606,-0.068271,0.368853,0.220948,-0.054138,0.082860,0.028451,0.153671,0.672455,0.026660,0.160306,0.366391,0.138258,0.161033,0.069122,0.051575,0.033977,0.855089,-0.015729,-0.096403,1.086397,-0.013450,-0.183639,0.923615,-0.041649,-0.274077,0.766474,-0.007019,0.184348,1.076382,0.002544,0.262650,0.909490,-0.002985,0.338699,0.741659
0.040505,0.033697,0.802768,0.025593,-0.079629,0.669215,0.085124,-0.068970,0.369102,0.220934,-0.055020,0.082832,0.028583,0.153294,0.673291,0.029650,0.159977,0.367226,0.138386,0.161031,0.068889,0.053085,0.033255,0.855410,-0.014370,-0.097346,1.086560,-0.012677,-0.184631,0.923794,-0.040389,-0.275148,0.766612,-0.006520,0.183427,1.076573,0.002646,0.261930,0.909752,-0.002799,0.338122,0.741985
0.041181,0.033197,0.803213,0.026048,-0.079902,0.669562,0.085755,-0.069517,0.369475,0.220970,-0.055536,0.082912,0.028223,0.153014,0.674108,0.031960,0.159698,0.368065,0.138386,0.161035,0.068889,0.054160,0.032716,0.855756,-0.013343,-0.098198,1.086727,-0.012157,-0.185570,0.924001,-0.039618,-0.276252,0.766870,-0.006430,0.182600,1.076849,0.002445,0.261341,0.910123,-0.002938,0.337721,0.742441
0.041946,0.032547,0.803656,0.026571,-0.080418,0.669984,0.086362,-0.070192,0.369908,0.221015,-0.056070,0.083075,0.027987,0.152493,0.674845,0.034192,0.159303,0.368846,0.138390,0.161031,0.068882,0.055312,0.032055,0.856101,-0.012305,-0.099123,1.086900,-0.011553,-0.186555,0.924200,-0.038755,-0.277375,0.767103,-0.006313,0.181694,1.077077,0.002240,0.260718,0.910467,-0.003180,0.337340,0.742898
0.042893,0.031684,0.804160,0.027239,-0.081329,0.670619,0.086917,-0.071049,0.370522,0.221064,-0.056569,0.083458,0.028000,0.151580,0.675474,0.036263,0.158729,0.369532,0.138403,0.161031,0.068859,0.056621,0.031235,0.856512,-0.011243,-0.100105,1.087157,-0.010783,-0.187537,0.924454,-0.037714,-0.278449,0.767364,-0.006132,0.180723,1.077277,0.002034,0.260123,0.910825,-0.003619,0.337090,0.743424
0.043936,0.031068,0.804059,0.028023,-0.081881,0.670554,0.087620,-0.071620,0.370439,0.221173,-0.056812,0.083109,0.028079,0.151021,0.675608,0.038124,0.158341,0.369723,0.138603,0.161027,0.068493,0.058022,0.030622,0.856316,-0.010194,-0.101014,1.086699,-0.009943,-0.188451,0.923997,-0.036597,-0.279464,0.766917,-0.005904,0.179828,1.076941,0.001926,0.259417,0.910561,-0.003929,0.336546,0.743243
0.045022,0.030556,0.803647,0.028860,-0.082274,0.670130,0.088392,-0.072062,0.370001,0.221309,-0.056944,0.082388,0.028188,0.150617,0.675488,0.039877,0.158035,0.369665,0.138895,0.161016,0.067954,0.059465,0.030094,0.855806,-0.009154,-0.101906,1.085871,-0.009070,-0.189351,0.923170,-0.035444,-0.280466,0.766102,-0.005653,0.178949,1.076325,0.001864,0.258635,0.909975,-0.004176,0.335836,0.742698
0.045731,0.031244,0.803254,0.029343,-0.081571,0.669819,0.089024,-0.071162,0.369727,0.221649,-0.055640,0.081999,0.027843,0.151311,0.675301,0.040411,0.158475,0.369506,0.139061,0.161627,0.067677,0.060531,0.030794,0.855313,-0.008545,-0.101467,1.085101,-0.008510,-0.188912,0.922397,-0.034602,-0.280133,0.765343,-0.005652,0.179396,1.075692,0.001600,0.259109,0.909342,-0.004745,0.336334,0.742089
0.046346,0.031860,0.802943,0.029763,-0.080974,0.669620,0.089730,-0.070315,0.369593,0.222146,-0.054340,0.081795,0.027391,0.151899,0.675170,0.040600,0.158869,0.369398,0.139150,0.162237,0.067539,0.061495,0.031434,0.854902,-0.008048,-0.101050,1.084430,-0.008062,-0.188502,0.921728,-0.033864,-0.279823,0.764684,-0.005733,0.179817,1.075117,0.001241,0.259578,0.908777,-0.005452,0.336853,0.741562
0.046785,0.032344,0.802812,0.030070,-0.080576,0.669656,0.090597,-0.069567,0.369754,0.222966,-0.053043,0.081972,0.026734,0.152287,0.675160,0.040103,0.159165,0.369392,0.139086,0.162848,0.067679,0.062268,0.031964,0.854673,-0.007765,-0.100661,1.083979,-0.007827,-0.188134,0.921286,-0.033322,-0.279552,0.764248,-0.005970,0.180206,1.074678,0.000703,0.260057,0.908368,-0.006427,0.337430,0.741217
0.046698,0.032671,0.802703,0.029888,-0.080332,0.669702,0.091012,-0.068909,0.369937,0.223264,-0.051794,0.082141,0.025712,0.152520,0.675152,0.039319,0.159306,0.369393,0.138971,0.163157,0.067903,0.062467,0.032339,0.854478,-0.008012,-0.100340,1.083626,-0.008185,-0.187820,0.920935,-0.033508,-0.279327,0.763921,-0.006661,0.180523,1.074252,-0.000257,0.260500,0.907990,-0.007793,0.338015,0.740924
0.046347,0.032914,0.802602,0.029463,-0.080171,0.669750,0.091202,-0.068297,0.370129,0.223300,-0.050570,0.082303,0.024508,0.152667,0.675144,0.038392,0.159366,0.369396,0.138830,0.163315,0.068168,0.062378,0.032633,0.854297,-0.008522,-0.100059,1.083317,-0.008837,-0.187540,0.920625,-0.034057,-0.279132,0.763644,-0.007579,0.180798,1.073827,-0.001430,0.260920,0.907624,-0.009356,0.338596,0.740651
0.046240,0.033324,0.802353,0.029274,-0.079918,0.669716,0.091752,-0.067595,0.370267,0.223326,-0.049337,0.082236,0.023638,0.152910,0.674908,0.037748,0.159410,0.369166,0.138835,0.163214,0.068155,0.062512,0.033115,0.853973,-0.008958,-0.099579,1.082824,-0.009284,-0.187114,0.920160,-0.034523,-0.278917,0.763304,-0.008481,0.181270,1.073181,-0.002399,0.261358,0.906958,-0.010405,0.339005,0.739977
0.045869,0.033701,0.802008,0.028887,-0.079598,0.669482,0.092040,-0.066881,0.370191,0.223349,-0.048144,0.082074,0.022657,0.153217,0.674637,0.037004,0.159491,0.368902,0.138840,0.163112,0.068143,0.062325,0.033536,0.853571,-0.009393,-0.099179,1.082338,-0.009767,-0.186691,0.919659,-0.034936,-0.278602,0.762856,-0.009371,0.181663,1.072572,-0.003370,0.261751,0.906345,-0.011419,0.339404,0.739371
0.044968,0.034027,0.801481,0.028099,-0.079130,0.668852,0.091803,-0.066143,0.369689,0.223368,-0.047036,0.081721,0.021448,0.153668,0.674298,0.036056,0.159651,0.368570,0.138843,0.163011,0.068134,0.061493,0.033850,0.853020,-0.009832,-0.098923,1.081879,-0.010324,-0.186257,0.919102,-0.035246,-0.278070,0.762202,-0.010239,0.181916,1.072048,-0.004346,0.262073,0.905849,-0.012366,0.339804,0.738912
0.043965,0.034404,0.801114,0.027212,-0.078693,0.668446,0.091400,-0.065478,0.369396,0.223393,-0.046049,0.081655,0.020195,0.154092,0.674029,0.034846,0.159797,0.368297,0.138776,0.162891,0.068255,0.060537,0.034233,0.852637,-0.010449,-0.098581,1.081579,-0.010986,-0.185839,0.918760,-0.035596,-0.277647,0.761807,-0.011219,0.182255,1.071686,-0.005419,0.262406,0.905479,-0.013437,0.340144,0.738548
0.042913,0.034809,0.800823,0.026278,-0.078269,0.668147,0.090915,-0.064847,0.369203,0.223421,-0.045121,0.081729,0.018922,0.154505,0.673791,0.033504,0.159935,0.368050,0.138673,0.162763,0.068441,0.059520,0.034651,0.852335,-0.011154,-0.098195,1.081355,-0.011700,-0.185429,0.918521,-0.035964,-0.277275,0.761536,-0.012255,0.182639,1.071400,-0.006539,0.262746,0.905168,-0.014568,0.340457,0.738227
0.041807,0.035566,0.800589,0.025204,-0.077800,0.668173,0.090002,-0.064299,0.369267,0.223184,-0.044331,0.082115,0.017508,0.154976,0.673337,0.031349,0.160106,0.367557,0.138546,0.162613,0.068669,0.058471,0.035487,0.852085,-0.011859,-0.097486,1.081137,-0.012469,-0.184900,0.918397,-0.036479,-0.276979,0.761510,-0.013170,0.183350,1.071277,-0.007581,0.263298,0.904963,-0.015629,0.340869,0.737960
0.040656,0.036286,0.800384,0.024065,-0.077323,0.668189,0.089001,-0.063716,0.369317,0.222850,-0.043505,0.082485,0.016108,0.155455,0.672944,0.029195,0.160282,0.367126,0.138383,0.162456,0.068962,0.057364,0.036271,0.851867,-0.012695,-0.096810,1.080939,-0.013325,-0.184361,0.918272,-0.037053,-0.276628,0.761452,-0.014159,0.184030,1.071167,-0.008617,0.263824,0.904776,-0.016608,0.341266,0.737714
0.039406,0.036924,0.800257,0.022790,-0.076836,0.668202,0.087819,-0.063069,0.369358,0.222317,-0.042621,0.082838,0.014731,0.155946,0.672689,0.027037,0.160465,0.366834,0.138147,0.162287,0.069382,0.056136,0.036946,0.851733,-0.013801,-0.096204,1.080801,-0.014361,-0.183809,0.918161,-0.037750,-0.276180,0.761351,-0.015304,0.184639,1.071103,-0.009651,0.264294,0.904648,-0.017429,0.341627,0.737528
0.038461,0.037639,0.800027,0.021819,-0.076230,0.668073,0.087000,-0.062392,0.369265,0.221937,-0.041870,0.082952,0.013829,0.156560,0.672344,0.025656,0.160724,0.366465,0.138075,0.162140,0.069507,0.055178,0.037681,0.851508,-0.014821,-0.095527,1.080522,-0.015298,-0.183211,0.917922,-0.038409,-0.275718,0.761152,-0.016302,0.185319,1.070902,-0.010512,0.264793,0.904364,-0.018089,0.341980,0.737170
0.037670,0.038391,0.799747,0.021000,-0.075567,0.667873,0.086364,-0.061703,0.369106,0.221636,-0.041186,0.082947,0.013165,0.157233,0.671955,0.024664,0.161020,0.366059,0.138084,0.162004,0.069485,0.054357,0.038445,0.851239,-0.015797,-0.094817,1.080174,-0.016184,-0.182592,0.917621,-0.039049,-0.275252,0.760904,-0.017224,0.186032,1.070633,-0.011286,0.265306,0.904004,-0.018666,0.342327,0.736728
0.036692,0.039022,0.799599,0.019847,-0.074989,0.667779,0.085014,-0.061269,0.368961,0.220480,-0.040923,0.082879,0.012506,0.157829,0.671711,0.024078,0.161304,0.365813,0.138090,0.161904,0.069468,0.053341,0.039073,0.851104,-0.017143,-0.094093,1.079993,-0.017428,-0.181882,0.917446,-0.040057,-0.274601,0.760729,-0.018232,0.186757,1.070436,-0.012073,0.265874,0.903740,-0.019218,0.342790,0.736408
0.035656,0.039641,0.799384,0.018627,-0.074360,0.667556,0.083413,-0.060845,0.368646,0.219314,-0.040664,0.082756,0.011806,0.158473,0.671455,0.023593,0.161618,0.365562,0.138117,0.161822,0.069417,0.052262,0.039673,0.850903,-0.018561,-0.093387,1.079748,-0.018720,-0.181151,0.917185,-0.041114,-0.273898,0.760452,-0.019322,0.187464,1.070160,-0.012931,0.266438,0.903403,-0.019808,0.343261,0.736020
0.034499,0.040234,0.799037,0.017272,-0.073630,0.667080,0.081306,-0.060439,0.367992,0.218122,-0.040404,0.082529,0.011022,0.159213,0.671179,0.023309,0.161993,0.365303,0.138183,0.161774,0.069297,0.051056,0.040219,0.850571,-0.020124,-0.092713,1.079378,-0.020111,-0.180373,0.916758,-0.042271,-0.273086,0.759971,-0.020579,0.188136,1.069726,-0.013933,0.266996,0.902923,-0.020475,0.343747,0.735497
0.033326,0.040829,0.798697,0.015366,-0.073123,0.666771,0.075246,-0.060821,0.366785,0.207546,-0.041812,0.079129,0.010240,0.159740,0.670712,0.022872,0.162273,0.364847,0.138308,0.161718,0.069066,0.049873,0.040820,0.850234,-0.021492,-0.091970,1.079064,-0.021361,-0.179430,0.916335,-0.043256,-0.271995,0.759423,-0.021626,0.188878,1.069338,-0.014831,0.267549,0.902451,-0.021050,0.344146,0.734946
0.032143,0.041427,0.798360,0.013182,-0.072720,0.666553,0.067183,-0.061564,0.365408,0.192178,-0.044002,0.074409,0.009459,0.160163,0.670148,0.022358,0.162508,0.364292,0.138463,0.161658,0.068781,0.048702,0.041453,0.849893,-0.022763,-0.091188,1.078776,-0.022539,-0.178400,0.915912,-0.044157,-0.270759,0.758841,-0.022568,0.189657,1.068973,-0.015677,0.268102,0.901983,-0.021582,0.344503,0.734380
0.030324,0.042226,0.797873,0.010483,-0.072143,0.666160,0.057508,-0.062578,0.363793,0.174142,-0.046885,0.069226,0.008076,0.160751,0.669377,0.020792,0.162844,0.363511,0.138529,0.161635,0.068659,0.046814,0.042298,0.849429,-0.025079,-0.090220,1.078249,-0.024641,-0.177097,0.915204,-0.045935,-0.269184,0.757929,-0.024616,0.190622,1.068376,-0.017388,0.268681,0.901217,-0.022706,0.344715,0.733433
0.028901,0.042878,0.796324,0.008343,-0.071490,0.664477,0.047494,-0.063346,0.360949,0.154914,-0.049231,0.062762,0.006862,0.161402,0.667762,0.018740,0.163183,0.361861,0.138882,0.161587,0.068008,0.045299,0.042953,0.847910,-0.027088,-0.089380,1.076681,-0.026349,-0.175869,0.913431,-0.047190,-0.267627,0.755902,-0.026423,0.191456,1.066639,-0.018799,0.269204,0.899353,-0.023464,0.344941,0.731419
0.028259,0.043258,0.795210,0.007313,-0.070666,0.662766,0.036832,-0.063690,0.358122,0.133410,-0.050641,0.056073,0.005973,0.162204,0.667017,0.015706,0.163541,0.361038,0.139791,0.161500,0.068896,0.044519,0.043250,0.846837,-0.028492,-0.088774,1.075589,-0.027280,-0.174771,0.912080,-0.047418,-0.266082,0.754201,-0.027754,0.192048,1.065183,-0.019618,0.269639,0.897846,-0.023500,0.345223,0.729828
0.042465,0.044191,0.799390,0.021468,-0.069807,0.666787,0.042936,-0.063301,0.361459,0.132834,-0.050426,0.057270,0.020210,0.163060,0.671029,0.027048,0.164060,0.364970,0.155200,0.161641,0.074648,0.058448,0.044229,0.851103,-0.015717,-0.087633,1.079581,-0.013750,-0.173293,0.915901,-0.032977,-0.264336,0.757754,-0.015098,0.193179,1.068920,-0.006093,0.270445,0.901477,-0.008973,0.345713,0.733299
0.053408,0.044501,0.802636,0.032529,-0.069830,0.670101,0.046734,-0.063451,0.364346,0.132057,-0.050314,0.058801,0.031327,0.163044,0.673842,0.034892,0.163753,0.367728,0.167155,0.160974,0.079310,0.069043,0.044650,0.854456,-0.006537,-0.087125,1.082524,-0.003672,-0.172526,0.918720,-0.021881,-0.263390,0.760350,-0.006136,0.193678,1.071662,0.003919,0.270536,0.904089,0.002151,0.345408,0.735723
0.053748,0.044832,0.804720,0.034103,-0.070050,0.672327,0.044416,-0.063743,0.366414,0.130826,-0.049825,0.061184,0.031915,0.162829,0.675231,0.030094,0.163430,0.369101,0.166332,0.160503,0.082585,0.068760,0.045159,0.856726,-0.009357,-0.086598,1.083959,-0.005085,-0.171797,0.920080,-0.021750,-0.262519,0.761458,-0.009340,0.194195,1.072896,0.002336,0.270723,0.905277,0.002012,0.345296,0.736772
0.054432,0.045104,0.806397,0.035894,-0.070289,0.674144,0.041662,-0.064153,0.368107,0.129645,-0.049429,0.063349,0.032906,0.162591,0.676254,0.025190,0.163038,0.370215,0.165503,0.159880,0.085721,0.068807,0.045594,0.858582,-0.011918,-0.086125,1.084934,-0.006181,-0.171222,0.921045,-0.021201,-0.261878,0.762221,-0.012194,0.194655,1.073668,0.001148,0.270843,0.906016,0.002338,0.345106,0.737381
0.055855,0.045228,0.807325,0.038174,-0.070598,0.675185,0.038098,-0.064779,0.369086,0.128633,-0.049178,0.065113,0.034746,0.162281,0.676596,0.020125,0.162554,0.370809,0.164742,0.159086,0.088530,0.069571,0.045851,0.859687,-0.013921,-0.085776,1.085095,-0.006607,-0.170977,0.921321,-0.019790,-0.261726,0.762388,-0.014298,0.194993,1.073618,0.000803,0.270808,0.905946,0.003646,0.344734,0.737186
0.058932,0.045068,0.807755,0.042261,-0.070939,0.675497,0.035622,-0.065487,0.369461,0.128041,-0.049186,0.066090,0.038844,0.161942,0.676596,0.017115,0.162225,0.371232,0.164835,0.158615,0.090624,0.071769,0.045771,0.860339,-0.015595,-0.085357,1.084580,-0.006410,-0.170688,0.920968,-0.017570,-0.261547,0.761942,-0.015690,0.195381,1.072508,0.001399,0.271010,0.904941,0.005842,0.344829,0.736171
0.062835,0.044725,0.807816,0.047256,-0.071340,0.675352,0.033699,-0.066254,0.369538,0.127668,-0.049323,0.066677,0.044076,0.161546,0.676338,0.015146,0.161959,0.371573,0.165370,0.158318,0.092363,0.074680,0.045482,0.860629,-0.017096,-0.084937,1.083533,-0.005895,-0.170414,0.920121,-0.014943,-0.261392,0.761029,-0.016693,0.195758,1.070680,0.002497,0.271290,0.903296,0.008513,0.345115,0.734578
0.066851,0.044696,0.807033,0.052461,-0.071314,0.674302,0.031715,-0.066755,0.368882,0.127668,-0.049321,0.066678,0.049677,0.161576,0.675360,0.013532,0.161966,0.371366,0.166594,0.158125,0.093774,0.077602,0.045457,0.860079,-0.018907,-0.084596,1.081205,-0.005292,-0.170449,0.918172,-0.012452,-0.261993,0.759309,-0.018105,0.196072,1.067964,0.003093,0.271983,0.900992,0.010390,0.346308,0.732545
0.070964,0.044565,0.806168,0.057812,-0.071304,0.673147,0.029964,-0.067259,0.368285,0.127667,-0.049333,0.066676,0.055295,0.161588,0.674453,0.011062,0.161939,0.371529,0.167444,0.157855,0.095871,0.080607,0.045313,0.859425,-0.020652,-0.084298,1.078694,-0.004631,-0.170491,0.916058,-0.009864,-0.262548,0.757415,-0.019406,0.196337,1.064992,0.003777,0.272455,0.898377,0.012356,0.347108,0.730135
0.075272,0.044334,0.805396,0.063451,-0.071222,0.671984,0.028667,-0.067708,0.367828,0.127667,-0.049355,0.066673,0.060936,0.161669,0.673890,0.006869,0.161903,0.372566,0.167540,0.157476,0.099467,0.083786,0.045033,0.858842,-0.022293,-0.083991,1.076186,-0.003874,-0.170449,0.913943,-0.007091,-0.262909,0.755482,-0.020523,0.196600,1.061882,0.004619,0.272591,0.895492,0.014492,0.347236,0.727318
0.072077,0.049384,0.800740,0.061023,-0.066633,0.667715,0.020115,-0.065626,0.364312,0.127845,-0.051656,0.065981,0.060100,0.166279,0.668766,-0.003778,0.166687,0.369368,0.160051,0.162071,0.098217,0.079359,0.050217,0.854368,-0.032011,-0.078400,1.069310,-0.011079,-0.165643,0.907792,-0.012299,-0.259025,0.749845,-0.029469,0.202161,1.054765,-0.002264,0.277890,0.888578,0.008885,0.352422,0.720433
0.065465,0.057814,0.793600,0.054869,-0.059038,0.661366,0.008144,-0.061332,0.358822,0.127980,-0.055105,0.064994,0.056374,0.173877,0.660901,-0.017248,0.174899,0.363748,0.149179,0.170304,0.094242,0.071463,0.058884,0.847387,-0.045362,-0.069382,1.059643,-0.021878,-0.157697,0.899059,-0.021128,-0.252287,0.741829,-0.041977,0.211152,1.044995,-0.012674,0.286519,0.878999,-0.000275,0.360853,0.710853
0.050788,0.062477,0.787576,0.041145,-0.054950,0.655922,-0.010945,-0.058144,0.354267,0.125442,-0.059751,0.067786,0.044653,0.177943,0.654475,-0.037121,0.179119,0.359460,0.130817,0.174297,0.090998,0.055407,0.063718,0.841498,-0.067021,-0.064499,1.050626,-0.040815,-0.153477,0.890830,-0.038354,-0.249025,0.734197,-0.063129,0.216018,1.036111,-0.031943,0.291392,0.870458,-0.018822,0.365916,0.702449
0.043047,0.066354,0.780415,0.034684,-0.051741,0.649482,-0.024382,-0.055055,0.349114,0.124039,-0.062876,0.068915,0.039471,0.181120,0.646930,-0.048991,0.180262,0.353848,0.121203,0.173632,0.086953,0.046300,0.067803,0.834434,-0.081490,-0.060341,1.040399,-0.052693,-0.150031,0.881448,-0.048534,-0.246554,0.725450,-0.077264,0.220156,1.025886,-0.043786,0.295798,0.860803,-0.029273,0.370743,0.693094
0.047890,0.065804,0.772500,0.041484,-0.053146,0.642563,-0.027572,-0.055397,0.344322,0.125314,-0.063509,0.066716,0.046065,0.179689,0.638506,-0.046208,0.171967,0.346705,0.127761,0.160212,0.082536,0.049804,0.067512,0.826579,-0.082989,-0.060599,1.029407,-0.051831,-0.151033,0.871323,-0.045970,-0.248510,0.715975,-0.078724,0.219879,1.014736,-0.042134,0.296393,0.850716,-0.024888,0.372302,0.683703
0.052065,0.065814,0.766149,0.047096,-0.053658,0.636982,-0.031025,-0.055329,0.340983,0.125840,-0.063860,0.065744,0.051878,0.179147,0.631894,-0.042313,0.168276,0.340807,0.135044,0.154815,0.079074,0.052878,0.067690,0.820251,-0.083902,-0.060435,1.020429,-0.050746,-0.151654,0.863203,-0.043379,-0.250102,0.708533,-0.079752,0.220024,1.005586,-0.041086,0.297444,0.842466,-0.022201,0.374345,0.676087
0.055894,0.066068,0.760461,0.052105,-0.053759,0.631966,-0.034587,-0.055087,0.338361,0.126007,-0.064067,0.065394,0.057284,0.179015,0.626074,-0.037905,0.166857,0.335362,0.142613,0.153368,0.075889,0.055725,0.068068,0.814565,-0.084524,-0.060094,1.012327,-0.049561,-0.152119,0.855963,-0.040795,-0.251546,0.701993,-0.080562,0.220347,0.997296,-0.040343,0.298683,0.834989,-0.020372,0.376582,0.669203
0.062131,0.064444,0.752420,0.059947,-0.056373,0.625255,-0.034308,-0.056007,0.333986,0.127726,-0.065082,0.062096,0.065345,0.176335,0.617393,-0.030391,0.164648,0.326843,0.148493,0.149755,0.066495,0.060836,0.066784,0.806496,-0.083451,-0.060967,1.001661,-0.047724,-0.153827,0.845964,-0.039723,-0.254487,0.692755,-0.079644,0.219404,0.985783,-0.038499,0.298173,0.823914,-0.019142,0.376680,0.658340
0.067317,0.063295,0.744057,0.066697,-0.058200,0.617973,-0.034734,-0.056617,0.329129,0.129337,-0.066118,0.058738,0.071733,0.174467,0.608743,-0.026835,0.163039,0.319132,0.152459,0.147325,0.059309,0.065020,0.065867,0.798090,-0.082727,-0.061697,0.990820,-0.046007,-0.155457,0.835892,-0.038348,-0.257386,0.683508,-0.079165,0.218621,0.974333,-0.037145,0.298368,0.813167,-0.018216,0.378004,0.648081
0.070626,0.062974,0.735435,0.071513,-0.058600,0.609839,-0.036423,-0.056843,0.323361,0.130868,-0.067102,0.055297,0.074981,0.174091,0.600481,-0.030953,0.162424,0.313493,0.152818,0.147070,0.057020,0.067580,0.065563,0.789430,-0.082564,-0.062222,0.980167,-0.044404,-0.157026,0.826224,-0.036252,-0.260332,0.674795,-0.079416,0.218086,0.963556,-0.036613,0.299905,0.803636,-0.017740,0.381725,0.639616
0.074027,0.062650,0.728538,0.075992,-0.057809,0.602357,-0.038400,-0.056475,0.318391,0.131950,-0.067971,0.052596,0.077461,0.175010,0.595926,-0.054984,0.166809,0.320045,0.128344,0.149055,0.063648,0.070074,0.064963,0.782484,-0.083457,-0.062385,0.970820,-0.043797,-0.158373,0.817990,-0.035012,-0.263071,0.667557,-0.079793,0.217878,0.953845,-0.036689,0.301739,0.795063,-0.018204,0.385735,0.632103
0.077405,0.062164,0.722361,0.080261,-0.056578,0.595099,-0.040517,-0.055964,0.313784,0.132823,-0.068710,0.050260,0.079646,0.176378,0.593503,-0.087058,0.173388,0.336753,0.093168,0.151168,0.078763,0.072464,0.064060,0.776235,-0.084942,-0.062478,0.961921,-0.043800,-0.159727,0.810283,-0.034362,-0.265823,0.660871,-0.080226,0.217721,0.944474,-0.037046,0.303587,0.786785,-0.019098,0.389740,0.624896
0.080758,0.061807,0.715739,0.083271,-0.056658,0.588777,-0.045187,-0.055708,0.310888,0.132626,-0.069013,0.050522,0.083035,0.176356,0.589045,-0.106778,0.177448,0.348856,0.073414,0.151772,0.090925,0.075087,0.063669,0.769542,-0.085223,-0.062425,0.953016,-0.042540,-0.162364,0.803565,-0.032525,-0.271291,0.656243,-0.079487,0.217757,0.935699,-0.036327,0.306983,0.779876,-0.018741,0.396651,0.619872
0.084123,0.061513,0.709042,0.086568,-0.056803,0.582549,-0.049179,-0.055532,0.308150,0.132498,-0.069327,0.050620,0.086996,0.176258,0.584380,-0.121210,0.180879,0.359991,0.060859,0.152472,0.103477,0.077632,0.063380,0.762752,-0.085814,-0.062295,0.943717,-0.041542,-0.164891,0.796542,-0.030886,-0.276592,0.651357,-0.079136,0.217866,0.926517,-0.035877,0.310063,0.772457,-0.018734,0.402860,0.614202
0.087538,0.061726,0.702587,0.090443,-0.056707,0.576879,-0.051907,-0.055290,0.305850,0.132498,-0.069666,0.050414,0.091899,0.176377,0.579365,-0.127660,0.183045,0.366128,0.060197,0.153818,0.113798,0.080052,0.063676,0.756166,-0.087003,-0.061663,0.934038,-0.040961,-0.166863,0.789259,-0.029442,-0.281250,0.646248,-0.079554,0.218471,0.916934,-0.035931,0.312925,0.764346,-0.019365,0.408142,0.607475
0.090965,0.061158,0.694553,0.093915,-0.058090,0.570338,-0.054917,-0.055768,0.302822,0.132528,-0.070576,0.049779,0.098201,0.174954,0.571317,-0.123352,0.185163,0.360294,0.067679,0.153547,0.110686,0.082468,0.063412,0.747972,-0.088325,-0.061438,0.922596,-0.040637,-0.169984,0.780848,-0.028635,-0.287752,0.640649,-0.079847,0.218665,0.905625,-0.036260,0.316903,0.755430,-0.021198,0.416100,0.600890
0.094335,0.059886,0.685585,0.097096,-0.060495,0.563236,-0.058082,-0.056673,0.299370,0.132549,-0.071840,0.048905,0.105119,0.172408,0.561639,-0.113823,0.186837,0.348152,0.079090,0.152038,0.100539,0.084823,0.062563,0.738818,-0.089713,-0.061719,0.910097,-0.040545,-0.173951,0.771761,-0.028360,-0.295390,0.634745,-0.080119,0.218346,0.893259,-0.036844,0.321058,0.745990,-0.023829,0.424914,0.594349
0.095418,0.061180,0.676937,0.098722,-0.060115,0.556134,-0.062036,-0.056408,0.295630,0.132556,-0.072444,0.048474,0.107576,0.172706,0.552385,-0.110245,0.187333,0.337769,0.080046,0.153045,0.087915,0.085260,0.064093,0.730040,-0.090019,-0.060839,0.900054,-0.040420,-0.176050,0.764341,-0.028463,-0.300528,0.630060,-0.080844,0.219280,0.883855,-0.038748,0.326161,0.739229,-0.027831,0.434227,0.590393
0.094318,0.060722,0.664995,0.098328,-0.061176,0.545363,-0.066164,-0.056990,0.287207,0.133655,-0.073808,0.044907,0.107990,0.171575,0.540299,-0.109708,0.187348,0.325641,0.081117,0.153438,0.076135,0.083456,0.063783,0.717951,-0.093123,-0.061499,0.886346,-0.043743,-0.179474,0.752944,-0.034167,-0.306846,0.621166,-0.083755,0.218650,0.870941,-0.043107,0.329029,0.728541,-0.035708,0.440683,0.582151
0.088600,0.056999,0.646256,0.093647,-0.064903,0.526997,-0.071010,-0.059167,0.268976,0.136433,-0.076586,0.034812,0.104053,0.167832,0.522321,-0.115507,0.186654,0.309816,0.082083,0.152761,0.065918,0.076916,0.060035,0.699039,-0.102098,-0.064967,0.865078,-0.054193,-0.185321,0.733274,-0.051265,-0.315178,0.603496,-0.091269,0.215159,0.850823,-0.052463,0.327836,0.709714,-0.051281,0.441955,0.565026
0.093100,0.058578,0.642969,0.098675,-0.063689,0.524695,-0.070603,-0.058468,0.269671,0.136299,-0.077505,0.035093,0.109476,0.169007,0.519297,-0.112339,0.188723,0.309228,0.082932,0.153454,0.063591,0.080839,0.061797,0.695609,-0.098484,-0.063062,0.861387,-0.050075,-0.186448,0.732600,-0.047316,-0.319327,0.605933,-0.088193,0.217051,0.846315,-0.050287,0.332548,0.707252,-0.050138,0.449396,0.564760
0.102664,0.062886,0.647296,0.108517,-0.059918,0.530331,-0.067511,-0.056220,0.279892,0.134787,-0.077402,0.040619,0.119541,0.172721,0.523637,-0.104714,0.192270,0.316159,0.083613,0.154954,0.065214,0.089949,0.066388,0.699810,-0.088636,-0.058365,0.866397,-0.038755,-0.185048,0.741424,-0.032938,-0.321217,0.618502,-0.079854,0.221723,0.849494,-0.042471,0.340252,0.712854,-0.040862,0.459940,0.572769
0.104906,0.064351,0.641919,0.112044,-0.058901,0.526370,-0.069976,-0.055313,0.280248,0.134189,-0.077476,0.042566,0.122637,0.173718,0.518648,-0.104260,0.194992,0.314235,0.084115,0.155708,0.063618,0.091372,0.068002,0.694219,-0.089135,-0.056870,0.858676,-0.039824,-0.185329,0.735297,-0.034983,-0.323148,0.614225,-0.080724,0.223190,0.841470,-0.044191,0.343932,0.706541,-0.043752,0.465763,0.568316
0.107132,0.065497,0.636695,0.115708,-0.058263,0.522694,-0.072098,-0.054595,0.280960,0.133556,-0.077554,0.044526,0.125621,0.174335,0.513777,-0.103912,0.197476,0.312534,0.084627,0.156392,0.062336,0.092769,0.069310,0.688760,-0.089418,-0.055702,0.851296,-0.040769,-0.185816,0.729394,-0.037048,-0.325186,0.610099,-0.081528,0.224324,0.833643,-0.045993,0.347155,0.700338,-0.046879,0.470981,0.563908
0.109445,0.065980,0.632006,0.119763,-0.058410,0.519780,-0.073529,-0.054286,0.282418,0.132877,-0.077670,0.046518,0.128493,0.174166,0.509349,-0.103706,0.199443,0.311449,0.085257,0.156962,0.061847,0.094225,0.069989,0.683813,-0.089200,-0.055192,0.844879,-0.041371,-0.186753,0.724209,-0.039029,-0.327526,0.606536,-0.082115,0.224785,0.826488,-0.047823,0.349499,0.694606,-0.050294,0.475073,0.559811
0.111856,0.066621,0.628063,0.123844,-0.058185,0.517364,-0.074438,-0.053792,0.284157,0.132222,-0.077755,0.048362,0.131192,0.174398,0.506017,-0.105215,0.201674,0.313436,0.085626,0.157864,0.065542,0.095849,0.070765,0.679621,-0.088801,-0.054450,0.839326,-0.041876,-0.187030,0.719417,-0.041058,-0.328799,0.602925,-0.082317,0.225467,0.820166,-0.049093,0.351571,0.689333,-0.053043,0.478448,0.555807
0.114279,0.067415,0.624429,0.127898,-0.057694,0.515150,-0.075090,-0.053153,0.286031,0.131569,-0.077812,0.050127,0.133778,0.174904,0.503183,-0.107478,0.204090,0.317002,0.085932,0.158864,0.071410,0.097520,0.071659,0.675740,-0.088346,-0.053525,0.834127,-0.042368,-0.186910,0.714743,-0.043144,-0.329465,0.599215,-0.082353,0.226322,0.814192,-0.050107,0.353573,0.684221,-0.055481,0.481527,0.551786
0.116150,0.067802,0.621924,0.132007,-0.057922,0.514469,-0.074534,-0.053005,0.288555,0.131035,-0.077860,0.051519,0.135456,0.174655,0.501080,-0.110062,0.205203,0.320783,0.086778,0.160147,0.078043,0.098615,0.072207,0.672961,-0.087830,-0.053376,0.830448,-0.042736,-0.186923,0.710907,-0.045179,-0.329818,0.595824,-0.083138,0.226397,0.809501,-0.051630,0.354081,0.679770,-0.058024,0.482350,0.547693
0.117631,0.068454,0.618779,0.135921,-0.057904,0.513307,-0.074170,-0.052710,0.290697,0.130537,-0.077897,0.052781,0.136639,0.174592,0.498163,-0.112293,0.206127,0.322785,0.087706,0.161053,0.082782,0.099319,0.073006,0.669529,-0.087165,-0.053134,0.826624,-0.043131,-0.186800,0.706821,-0.047237,-0.330018,0.592186,-0.084003,0.226561,0.804684,-0.053223,0.354643,0.675166,-0.060359,0.483184,0.543404
0.118373,0.069525,0.614472,0.139501,-0.057524,0.511258,-0.074188,-0.052228,0.292102,0.130132,-0.077898,0.053788,0.136852,0.174786,0.493705,-0.114044,0.206552,0.321191,0.088645,0.161392,0.083588,0.099280,0.074206,0.664921,-0.086174,-0.052777,0.822655,-0.043556,-0.186485,0.702386,-0.049321,-0.329996,0.588191,-0.085008,0.226844,0.799760,-0.054923,0.355259,0.670403,-0.062236,0.484002,0.538867
0.119062,0.071363,0.611375,0.143491,-0.056272,0.510592,-0.073473,-0.051877,0.294658,0.129644,-0.077237,0.055094,0.137199,0.175763,0.490554,-0.115434,0.207267,0.320545,0.089429,0.162142,0.084893,0.099033,0.076119,0.661452,-0.086085,-0.052165,0.818657,-0.044413,-0.185754,0.697925,-0.051498,-0.329452,0.584039,-0.087354,0.227366,0.794928,-0.057547,0.356131,0.665851,-0.064885,0.485013,0.534467
0.119710,0.073684,0.608797,0.147652,-0.054433,0.510578,-0.072396,-0.051470,0.297764,0.129094,-0.076262,0.056549,0.137610,0.177231,0.487974,-0.116624,0.208223,0.320272,0.090157,0.163088,0.086372,0.098674,0.078472,0.658456,-0.086425,-0.051364,0.814552,-0.045461,-0.184764,0.693369,-0.053691,-0.328611,0.579750,-0.090364,0.228049,0.790038,-0.060648,0.357181,0.661302,-0.067961,0.486174,0.530041
0.120581,0.074258,0.606514,0.151648,-0.054182,0.510618,-0.070708,-0.051550,0.300212,0.128843,-0.075860,0.057189,0.138632,0.177103,0.485792,-0.116627,0.207922,0.319620,0.091092,0.163785,0.086384,0.098570,0.079085,0.655744,-0.086037,-0.051561,0.811859,-0.045897,-0.184877,0.690309,-0.055014,-0.328897,0.576976,-0.091906,0.227710,0.786267,-0.062431,0.357606,0.658240,-0.070076,0.487199,0.527607
0.121419,0.075045,0.604387,0.155135,-0.053530,0.510582,-0.069888,-0.051220,0.303028,0.128228,-0.075457,0.058634,0.139774,0.177420,0.484063,-0.117131,0.208011,0.320402,0.091778,0.164578,0.088124,0.098494,0.079868,0.653198,-0.085897,-0.051486,0.809084,-0.046439,-0.184708,0.687207,-0.056236,-0.328847,0.574083,-0.093394,0.227646,0.782558,-0.064015,0.358218,0.655193,-0.071865,0.488361,0.525134
0.122130,0.076082,0.602658,0.157587,-0.052355,0.510395,-0.070848,-0.050312,0.306599,0.126857,-0.075002,0.061649,0.141074,0.178452,0.483318,-0.118715,0.208696,0.324208,0.091874,0.165610,0.093426,0.098404,0.080840,0.651092,-0.086334,-0.051014,0.806235,-0.047258,-0.184095,0.684081,-0.057329,-0.328225,0.570969,-0.094848,0.228014,0.779071,-0.065223,0.359087,0.652274,-0.072970,0.489683,0.522679
0.122318,0.076449,0.600435,0.159691,-0.051820,0.509752,-0.071509,-0.049939,0.309096,0.125875,-0.074610,0.063707,0.142020,0.178817,0.481982,-0.119575,0.208803,0.325807,0.092250,0.166470,0.096046,0.097741,0.081128,0.648450,-0.086899,-0.050945,0.803630,-0.049413,-0.184391,0.681375,-0.061138,-0.328854,0.568849,-0.096048,0.227995,0.775933,-0.066417,0.359474,0.649554,-0.074496,0.490493,0.520421
0.122251,0.076502,0.597941,0.161614,-0.051575,0.508881,-0.072015,-0.049808,0.311059,0.125093,-0.074261,0.065292,0.142787,0.178874,0.480336,-0.120086,0.208644,0.326276,0.092754,0.167236,0.097302,0.096802,0.081089,0.645510,-0.087520,-0.051061,0.801115,-0.052227,-0.185120,0.678876,-0.066286,-0.330076,0.567256,-0.097111,0.227801,0.772944,-0.067591,0.359639,0.646911,-0.076216,0.491069,0.518245
0.121474,0.076871,0.596024,0.162334,-0.050979,0.508200,-0.072731,-0.049191,0.312087,0.124522,-0.074136,0.066407,0.143328,0.179440,0.479530,-0.120854,0.208829,0.327649,0.093163,0.168203,0.099602,0.095177,0.081373,0.643137,-0.088711,-0.050508,0.799568,-0.055701,-0.185159,0.677342,-0.071855,-0.330479,0.566481,-0.098146,0.228324,0.771175,-0.068871,0.360252,0.645174,-0.078074,0.491922,0.516809
0.120598,0.077091,0.594234,0.162887,-0.050508,0.507582,-0.073397,-0.048673,0.312939,0.124018,-0.074045,0.067367,0.143814,0.179903,0.478893,-0.121515,0.208900,0.328948,0.093609,0.169075,0.101765,0.093468,0.081497,0.640882,-0.089883,-0.050123,0.798222,-0.058825,-0.185320,0.676085,-0.076577,-0.330980,0.565916,-0.099129,0.228695,0.769706,-0.069924,0.360600,0.643661,-0.079494,0.492434,0.515507
0.119540,0.076999,0.592756,0.163139,-0.050313,0.507115,-0.073948,-0.048379,0.313451,0.123665,-0.074030,0.068026,0.144220,0.180138,0.478628,-0.121963,0.208713,0.330118,0.094138,0.169734,0.103670,0.091598,0.081290,0.638934,-0.091001,-0.050093,0.797353,-0.061229,-0.185756,0.675411,-0.079598,-0.331723,0.565751,-0.100006,0.228743,0.768908,-0.070534,0.360398,0.642660,-0.080060,0.492237,0.514525
0.118996,0.077648,0.591164,0.163835,-0.049443,0.506601,-0.074060,-0.047717,0.313928,0.123445,-0.073917,0.068442,0.145052,0.181022,0.478136,-0.121896,0.208962,0.330884,0.094821,0.170534,0.104877,0.090289,0.081830,0.636881,-0.091462,-0.049551,0.796236,-0.061701,-0.185143,0.674211,-0.079148,-0.331082,0.564362,-0.100455,0.229325,0.768022,-0.070392,0.360635,0.641553,-0.079596,0.492397,0.513331
0.118716,0.078662,0.589502,0.164752,-0.048240,0.506059,-0.073952,-0.046871,0.314387,0.123293,-0.073754,0.068735,0.146099,0.182227,0.477529,-0.121567,0.209430,0.331446,0.095584,0.171409,0.105732,0.089271,0.082737,0.634756,-0.091577,-0.048764,0.794977,-0.061186,-0.184016,0.672728,-0.076937,-0.329746,0.562347,-0.100683,0.230160,0.767072,-0.069871,0.361076,0.640371,-0.078617,0.492718,0.512011
0.118154,0.078878,0.588179,0.165185,-0.047894,0.505785,-0.074038,-0.046535,0.314762,0.123122,-0.073724,0.069049,0.146957,0.182600,0.477207,-0.121078,0.209723,0.331783,0.096297,0.172584,0.106073,0.088011,0.082901,0.632976,-0.091797,-0.048231,0.794593,-0.061104,-0.183282,0.672194,-0.075695,-0.328881,0.561482,-0.100530,0.230739,0.766793,-0.069111,0.361352,0.639925,-0.077644,0.493038,0.511612
0.117260,0.079041,0.587155,0.165233,-0.047607,0.505752,-0.074249,-0.046257,0.315053,0.122943,-0.073703,0.069374,0.147516,0.182930,0.477190,-0.120681,0.210288,0.332106,0.096884,0.173723,0.106410,0.086436,0.083011,0.631491,-0.092050,-0.047759,0.794780,-0.061123,-0.182518,0.672116,-0.074610,-0.327908,0.560989,-0.100381,0.231270,0.767189,-0.068396,0.361641,0.640208,-0.076620,0.493462,0.512036
0.115690,0.079120,0.586751,0.164511,-0.047415,0.506200,-0.074713,-0.046087,0.315178,0.122751,-0.073697,0.069721,0.147476,0.183191,0.477781,-0.120469,0.211410,0.332396,0.097224,0.174790,0.106737,0.084210,0.083035,0.630627,-0.092391,-0.047384,0.796140,-0.061365,-0.181674,0.672986,-0.073862,-0.326710,0.561282,-0.100263,0.231731,0.768960,-0.067794,0.361975,0.641968,-0.075513,0.494108,0.514115
0.114357,0.079608,0.586048,0.164186,-0.046800,0.506507,-0.074864,-0.045647,0.315265,0.122655,-0.073693,0.069893,0.147656,0.183849,0.478133,-0.120112,0.212806,0.332567,0.097649,0.175914,0.106924,0.082176,0.083466,0.629419,-0.092689,-0.046659,0.796919,-0.061486,-0.180615,0.673444,-0.073119,-0.325458,0.561396,-0.100368,0.232501,0.769869,-0.067396,0.362411,0.642660,-0.074681,0.494610,0.514877
0.113154,0.080294,0.585184,0.164060,-0.045979,0.506743,-0.074857,-0.045076,0.315334,0.122608,-0.073692,0.069977,0.147947,0.184699,0.478367,-0.119680,0.214336,0.332679,0.098117,0.177065,0.107044,0.080257,0.084094,0.628019,-0.092945,-0.045757,0.797384,-0.061529,-0.179448,0.673673,-0.072364,-0.324177,0.561400,-0.100561,0.233428,0.770319,-0.067074,0.362894,0.642789,-0.073958,0.495033,0.514951
0.111710,0.080868,0.583939,0.163777,-0.045247,0.506692,-0.075271,-0.044560,0.315445,0.122426,-0.073590,0.070309,0.147829,0.185421,0.478153,-0.119604,0.215503,0.332199,0.098452,0.178329,0.106708,0.078115,0.084594,0.626235,-0.093201,-0.044984,0.797652,-0.061798,-0.178514,0.673763,-0.072220,-0.323243,0.561450,-0.100793,0.234225,0.770566,-0.066914,0.363331,0.642771,-0.073277,0.495475,0.514944
0.110356,0.081539,0.582800,0.163625,-0.044390,0.506766,-0.075468,-0.044007,0.315574,0.122304,-0.073460,0.070536,0.147811,0.186273,0.478111,-0.119410,0.216605,0.331820,0.098891,0.179509,0.106471,0.076051,0.085177,0.624530,-0.093344,-0.044174,0.797955,-0.061940,-0.177559,0.673907,-0.071938,-0.322301,0.561572,-0.100964,0.235057,0.770870,-0.066732,0.363847,0.642845,-0.072660,0.496030,0.515072
0.109165,0.082419,0.581891,0.163734,-0.043272,0.507091,-0.075230,-0.043377,0.315738,0.122303,-0.073274,0.070552,0.147990,0.187391,0.478407,-0.118986,0.217584,0.331641,0.099534,0.180523,0.106428,0.074119,0.085940,0.623011,-0.093311,-0.043276,0.798377,-0.061879,-0.176548,0.674212,-0.071430,-0.321339,0.561903,-0.101058,0.235979,0.771335,-0.066553,0.364545,0.643155,-0.072225,0.496845,0.515526
0.107854,0.083788,0.580814,0.163800,-0.041631,0.507316,-0.075097,-0.042472,0.315879,0.122277,-0.072943,0.070625,0.147965,0.189015,0.478557,-0.118757,0.219074,0.331303,0.100027,0.181790,0.106303,0.072068,0.087172,0.621304,-0.093317,-0.041949,0.798614,-0.061963,-0.175207,0.674412,-0.071260,-0.320148,0.562273,-0.101192,0.237336,0.771686,-0.066324,0.365689,0.643386,-0.071456,0.498109,0.515897
0.106492,0.085407,0.579635,0.163839,-0.039723,0.507485,-0.075019,-0.041424,0.316006,0.122236,-0.072538,0.070726,0.147835,0.190898,0.478626,-0.118628,0.220825,0.330878,0.100442,0.183186,0.106130,0.069973,0.088642,0.619477,-0.093312,-0.040410,0.798720,-0.062086,-0.173702,0.674520,-0.071219,-0.318837,0.562621,-0.101319,0.238909,0.771945,-0.066044,0.367052,0.643542,-0.070494,0.499587,0.516189
0.106050,0.087284,0.578470,0.164550,-0.037680,0.507708,-0.074461,-0.040311,0.316429,0.122237,-0.072045,0.070759,0.148539,0.192905,0.478568,-0.118032,0.222044,0.330858,0.101177,0.184172,0.106223,0.068873,0.090465,0.617704,-0.093099,-0.038053,0.798475,-0.061820,-0.171447,0.674394,-0.070796,-0.316832,0.562807,-0.101000,0.241239,0.771223,-0.065388,0.369030,0.642559,-0.069623,0.501512,0.515175
0.105941,0.089109,0.577765,0.165259,-0.035729,0.508011,-0.073882,-0.039259,0.316909,0.122223,-0.071553,0.070813,0.149242,0.194829,0.478666,-0.117421,0.223089,0.330953,0.101905,0.185096,0.106389,0.068299,0.092248,0.616557,-0.092952,-0.035926,0.798189,-0.061511,-0.169382,0.674215,-0.070393,-0.314986,0.562906,-0.100745,0.243352,0.770640,-0.064660,0.370968,0.641930,-0.068679,0.503543,0.514666
0.106465,0.090840,0.578022,0.165970,-0.033960,0.508485,-0.073259,-0.038340,0.317510,0.122181,-0.071061,0.070912,0.149938,0.196590,0.479089,-0.116786,0.223779,0.331286,0.102613,0.185893,0.106710,0.068721,0.093963,0.616717,-0.092991,-0.034253,0.797907,-0.061165,-0.167702,0.674023,-0.070073,-0.313472,0.562933,-0.100696,0.245035,0.770406,-0.063881,0.372830,0.642078,-0.067695,0.505789,0.515235
0.106977,0.093524,0.578324,0.166703,-0.031220,0.508953,-0.072613,-0.037131,0.318129,0.122145,-0.070248,0.071011,0.150476,0.199303,0.479459,-0.116303,0.225165,0.331519,0.103268,0.187032,0.107090,0.069167,0.096612,0.616957,-0.092783,-0.031733,0.797846,-0.060773,-0.165237,0.674067,-0.069840,-0.311217,0.563267,-0.100557,0.247562,0.770415,-0.063187,0.375497,0.642384,-0.067016,0.508791,0.515919
0.107468,0.096692,0.578636,0.167433,-0.027986,0.509408,-0.071961,-0.035770,0.318748,0.122108,-0.069274,0.071107,0.150921,0.202501,0.479792,-0.115905,0.226906,0.331692,0.103889,0.188348,0.107494,0.069610,0.099737,0.617225,-0.092465,-0.028781,0.797884,-0.060372,-0.162372,0.674219,-0.069664,-0.308584,0.563743,-0.100387,0.250519,0.770534,-0.062552,0.378575,0.642757,-0.066505,0.512181,0.516653
0.107626,0.100501,0.579325,0.167580,-0.024281,0.510176,-0.071517,-0.033893,0.319226,0.122026,-0.068309,0.071267,0.151109,0.206175,0.480301,-0.115624,0.229480,0.331859,0.104341,0.189738,0.107967,0.069778,0.103595,0.617920,-0.092314,-0.024732,0.798708,-0.060543,-0.158474,0.675121,-0.070297,-0.304885,0.564950,-0.100111,0.254552,0.771170,-0.061990,0.382509,0.643376,-0.066264,0.516254,0.517455
0.107833,0.103999,0.580059,0.167791,-0.020868,0.510997,-0.070994,-0.032197,0.319751,0.121951,-0.067375,0.071401,0.151418,0.209572,0.480942,-0.115254,0.231564,0.332192,0.104876,0.191062,0.108534,0.069970,0.107140,0.618636,-0.092283,-0.020968,0.799445,-0.060769,-0.154842,0.675933,-0.070911,-0.301426,0.566027,-0.099897,0.258300,0.771707,-0.061482,0.386164,0.643906,-0.066048,0.520053,0.518174
0.108156,0.106863,0.580917,0.168149,-0.018051,0.511956,-0.070306,-0.030875,0.320391,0.121894,-0.066502,0.071493,0.151989,0.212402,0.481878,-0.114683,0.232656,0.332884,0.105596,0.192241,0.109301,0.070229,0.110047,0.619426,-0.092473,-0.017787,0.800036,-0.061087,-0.151756,0.676596,-0.071466,-0.298460,0.566871,-0.099787,0.261466,0.772077,-0.061064,0.389251,0.644288,-0.065868,0.523289,0.518751
0.108129,0.110340,0.582053,0.168105,-0.014700,0.513229,-0.069603,-0.029144,0.320852,0.121875,-0.065738,0.071511,0.152428,0.215780,0.483097,-0.113993,0.234205,0.333418,0.106381,0.193422,0.109946,0.070105,0.113599,0.620461,-0.093235,-0.013920,0.800724,-0.061860,-0.148024,0.677424,-0.072218,-0.294832,0.567838,-0.100131,0.265320,0.772570,-0.061088,0.392998,0.644768,-0.065979,0.527147,0.519385
0.107919,0.114138,0.583308,0.167853,-0.011066,0.514640,-0.068895,-0.027196,0.321214,0.121875,-0.065032,0.071491,0.152793,0.219447,0.484439,-0.113242,0.235995,0.333861,0.107202,0.194605,0.110522,0.069786,0.117491,0.621599,-0.094286,-0.009695,0.801438,-0.062865,-0.143951,0.678315,-0.073074,-0.290857,0.568846,-0.100708,0.269536,0.773104,-0.061338,0.397090,0.645277,-0.066240,0.531332,0.520026
0.119258,0.128324,0.583228,0.178572,0.002850,0.514862,-0.059434,-0.018912,0.323532,0.123316,-0.063234,0.068842,0.164967,0.233413,0.484412,-0.100418,0.248742,0.332565,0.120029,0.205801,0.109525,0.081048,0.131826,0.621429,-0.083718,0.004927,0.800825,-0.052134,-0.129372,0.677790,-0.062290,-0.276327,0.568382,-0.089413,0.284191,0.772655,-0.049699,0.411837,0.645022,-0.054608,0.546459,0.520226
0.126536,0.139122,0.583595,0.185459,0.013406,0.515531,-0.052754,-0.012556,0.324974,0.124209,-0.062055,0.067103,0.173189,0.244020,0.484935,-0.091333,0.258270,0.331489,0.128946,0.213709,0.108606,0.088185,0.142769,0.621640,-0.077592,0.016264,0.800369,-0.045437,-0.117985,0.677426,-0.055177,-0.264944,0.567985,-0.082480,0.295547,0.772226,-0.042054,0.422995,0.644615,-0.046629,0.557751,0.519998
0.125707,0.143072,0.585851,0.184701,0.017161,0.518094,-0.051713,-0.010189,0.325497,0.124120,-0.061968,0.067263,0.173526,0.247839,0.487557,-0.089710,0.261295,0.331846,0.130059,0.214999,0.108821,0.087089,0.146853,0.623611,-0.080327,0.020957,0.801213,-0.046783,-0.113059,0.678383,-0.055377,-0.259934,0.568734,-0.084242,0.300234,0.772828,-0.042371,0.426900,0.644904,-0.045938,0.561294,0.519909
0.125307,0.146585,0.588953,0.184340,0.020525,0.521278,-0.049930,-0.008248,0.326280,0.124148,-0.061935,0.067207,0.174268,0.251289,0.491007,-0.087341,0.263837,0.332505,0.131255,0.216273,0.108585,0.086456,0.150483,0.626462,-0.082458,0.025186,0.803034,-0.047407,-0.108440,0.680198,-0.054572,-0.255084,0.570138,-0.085364,0.304466,0.774502,-0.041909,0.429973,0.645963,-0.044006,0.563646,0.520217
0.125105,0.149903,0.592440,0.184164,0.023717,0.524737,-0.047769,-0.006500,0.327175,0.124235,-0.061942,0.067045,0.175197,0.254575,0.494839,-0.084589,0.266155,0.333294,0.132495,0.217528,0.108114,0.086040,0.153910,0.629715,-0.084298,0.029211,0.805304,-0.047678,-0.103950,0.682420,-0.053266,-0.250291,0.571865,-0.086177,0.308496,0.776673,-0.041071,0.432643,0.647383,-0.041470,0.565401,0.520710
0.125638,0.155287,0.595768,0.184912,0.029053,0.528041,-0.044361,-0.003621,0.327777,0.124639,-0.061925,0.066275,0.176922,0.259993,0.498521,-0.080362,0.269489,0.332890,0.133743,0.218874,0.105332,0.086320,0.159315,0.632773,-0.085320,0.034493,0.806971,-0.047005,-0.098081,0.683966,-0.050901,-0.244046,0.572843,-0.086757,0.313830,0.778802,-0.039945,0.436471,0.648682,-0.038501,0.568109,0.520860
0.126137,0.160508,0.599191,0.185764,0.034277,0.531433,-0.040738,-0.000901,0.328449,0.125053,-0.061893,0.065475,0.178423,0.265276,0.502224,-0.076268,0.272655,0.332525,0.134978,0.220168,0.102759,0.086586,0.164523,0.635949,-0.086191,0.039484,0.808834,-0.046157,-0.092407,0.685640,-0.048257,-0.237914,0.573871,-0.087329,0.318876,0.781161,-0.038863,0.440021,0.650248,-0.035669,0.570538,0.521317
0.126595,0.165362,0.602921,0.186851,0.039237,0.535112,-0.036696,0.001469,0.329328,0.125492,-0.061777,0.064604,0.179505,0.270255,0.506066,-0.072482,0.275458,0.332297,0.136188,0.221470,0.100573,0.086851,0.169293,0.639479,-0.086742,0.043838,0.811213,-0.044942,-0.087171,0.687664,-0.045044,-0.232052,0.575065,-0.087868,0.323291,0.784107,-0.037846,0.442987,0.652447,-0.033090,0.572411,0.522467
0.127243,0.170979,0.605708,0.188344,0.044923,0.538168,-0.032521,0.003715,0.330157,0.125988,-0.061098,0.063551,0.180425,0.275856,0.508622,-0.068900,0.278726,0.331001,0.137301,0.222847,0.097562,0.087336,0.174830,0.642095,-0.086881,0.049038,0.812932,-0.043648,-0.081238,0.689100,-0.042290,-0.225677,0.575941,-0.088120,0.328527,0.786142,-0.036547,0.447025,0.653997,-0.030178,0.575552,0.523198
0.127958,0.177045,0.607938,0.190010,0.051043,0.540833,-0.028278,0.005976,0.330908,0.126501,-0.060140,0.062399,0.181239,0.281834,0.510451,-0.065416,0.282293,0.329116,0.138363,0.224322,0.094108,0.087902,0.180815,0.644170,-0.086840,0.054723,0.814235,-0.042339,-0.074892,0.690157,-0.039791,-0.218979,0.576572,-0.088258,0.334235,0.787640,-0.035134,0.451663,0.655153,-0.027123,0.579391,0.523663
0.127686,0.181966,0.608559,0.190465,0.055960,0.541937,-0.026567,0.008026,0.331344,0.126569,-0.059212,0.062141,0.180696,0.286546,0.510352,-0.063829,0.285074,0.326157,0.138618,0.225714,0.090400,0.087599,0.185669,0.644764,-0.086946,0.059187,0.814728,-0.041478,-0.069896,0.690444,-0.038001,-0.213787,0.576636,-0.088918,0.338708,0.788171,-0.034452,0.455276,0.655468,-0.024908,0.582348,0.523447
0.116597,0.190347,0.609568,0.180223,0.064199,0.543418,-0.033661,0.012088,0.330602,0.124955,-0.057274,0.065104,0.169380,0.294555,0.510522,-0.073093,0.291356,0.323655,0.128490,0.230529,0.087579,0.076480,0.194034,0.645741,-0.097890,0.067272,0.815666,-0.051595,-0.061391,0.691251,-0.047357,-0.205174,0.577331,-0.100362,0.346789,0.789024,-0.044654,0.462605,0.656177,-0.033792,0.589128,0.523730
0.083761,0.205245,0.609913,0.148492,0.078675,0.544227,-0.058339,0.019760,0.326258,0.119468,-0.053158,0.074176,0.136404,0.308756,0.509791,-0.104225,0.304222,0.320582,0.097440,0.241782,0.085027,0.043619,0.209022,0.646047,-0.130626,0.082198,0.816049,-0.083779,-0.046280,0.691648,-0.079115,-0.190134,0.577835,-0.133486,0.361685,0.789076,-0.076745,0.476969,0.656202,-0.065001,0.603158,0.523512
0.040112,0.213562,0.607616,0.105720,0.086373,0.542481,-0.094177,0.024522,0.318910,0.110944,-0.049844,0.089003,0.092739,0.316108,0.506039,-0.145108,0.310086,0.313387,0.056108,0.247338,0.077523,0.000004,0.217522,0.643768,-0.173969,0.090913,0.814198,-0.126765,-0.037571,0.689936,-0.121694,-0.181571,0.576325,-0.176986,0.370358,0.786729,-0.119265,0.484925,0.653657,-0.106672,0.610617,0.520573
0.037614,0.216200,0.613825,0.103997,0.088299,0.549302,-0.088947,0.025388,0.319973,0.144878,-0.048861,0.119367,0.090291,0.317635,0.510616,-0.144258,0.310000,0.314020,0.056242,0.247627,0.077424,-0.002429,0.220392,0.650020,-0.176061,0.094140,0.821047,-0.128597,-0.034445,0.696989,-0.123127,-0.178629,0.583630,-0.179117,0.373535,0.793002,-0.120439,0.487289,0.659649,-0.107008,0.612398,0.526100
0.036050,0.217941,0.618457,0.102662,0.089308,0.554411,-0.085021,0.026957,0.320596,0.169585,-0.045935,0.146599,0.089062,0.318370,0.514040,-0.143071,0.310017,0.314628,0.056429,0.247620,0.077181,-0.003933,0.222448,0.654678,-0.177678,0.097209,0.826314,-0.129963,-0.031439,0.702415,-0.123872,-0.175624,0.589089,-0.179936,0.376537,0.797470,-0.120434,0.489696,0.663975,-0.106229,0.614485,0.530206
0.034223,0.219395,0.622335,0.101156,0.090042,0.558650,-0.080011,0.027832,0.319701,0.192463,-0.043514,0.174570,0.087598,0.318880,0.516922,-0.142736,0.310248,0.315448,0.056177,0.247648,0.077513,-0.005719,0.224223,0.658559,-0.179764,0.100164,0.830728,-0.131788,-0.028564,0.707011,-0.125110,-0.172748,0.593718,-0.181033,0.379412,0.800993,-0.120728,0.492014,0.667385,-0.105815,0.616533,0.533443
0.031891,0.220180,0.624778,0.099329,0.090130,0.561215,-0.072859,0.027292,0.315859,0.214320,-0.042582,0.201733,0.085684,0.318866,0.518773,-0.144131,0.310911,0.316681,0.055019,0.247716,0.078988,-0.008048,0.225343,0.660959,-0.182762,0.102798,0.833517,-0.134510,-0.026045,0.710028,-0.127314,-0.170227,0.596763,-0.182658,0.381939,0.802709,-0.121599,0.494066,0.669044,-0.106115,0.618424,0.535016
0.029805,0.220988,0.624833,0.097825,0.090312,0.561242,-0.064432,0.026850,0.309343,0.233184,-0.042049,0.225211,0.084067,0.319038,0.518531,-0.145872,0.311550,0.316563,0.054321,0.247793,0.079864,-0.010157,0.226450,0.660945,-0.185602,0.105264,0.833697,-0.136837,-0.023678,0.710512,-0.128846,-0.167845,0.597281,-0.184228,0.384302,0.801959,-0.122361,0.495693,0.668050,-0.106332,0.619663,0.533727
0.027859,0.221793,0.623690,0.096514,0.090526,0.560022,-0.055199,0.026436,0.301767,0.249501,-0.041599,0.247272,0.082615,0.319287,0.517238,-0.147771,0.312172,0.315766,0.053858,0.247872,0.080442,-0.012139,0.227535,0.659718,-0.188343,0.107630,0.832566,-0.138947,-0.021403,0.709728,-0.130019,-0.165551,0.596542,-0.185751,0.386566,0.799971,-0.123050,0.497087,0.665729,-0.106491,0.620556,0.531009
0.035494,0.210187,0.625595,0.105300,0.079213,0.560831,-0.037921,0.014403,0.297898,0.269189,-0.056267,0.263722,0.089406,0.308148,0.519355,-0.143447,0.298276,0.320850,0.055239,0.249806,0.079189,-0.004390,0.215870,0.661764,-0.180493,0.097017,0.835412,-0.131012,-0.032265,0.712869,-0.121328,-0.176453,0.599798,-0.176999,0.375870,0.802150,-0.113704,0.484990,0.667043,-0.096320,0.607374,0.531439
0.040866,0.203069,0.626588,0.111398,0.072176,0.560862,-0.023782,0.007188,0.293708,0.284058,-0.066229,0.274871,0.094393,0.301306,0.520568,-0.140396,0.289201,0.324466,0.055804,0.251336,0.078799,0.001082,0.208780,0.662866,-0.175039,0.090956,0.837174,-0.125549,-0.038580,0.714902,-0.115280,-0.182817,0.601944,-0.170584,0.369730,0.803329,-0.107004,0.477622,0.667372,-0.089152,0.599064,0.530986
0.039927,0.205034,0.626710,0.110321,0.073776,0.560253,-0.017802,0.009387,0.289486,0.289569,-0.067238,0.275934,0.093987,0.303173,0.520915,-0.141596,0.289890,0.325842,0.054783,0.252107,0.080205,0.000214,0.210947,0.663033,-0.176168,0.094105,0.837720,-0.126827,-0.035690,0.715662,-0.116319,-0.179990,0.602807,-0.170629,0.372809,0.803475,-0.107363,0.479844,0.666696,-0.089738,0.600665,0.529729
0.039465,0.206513,0.626949,0.109724,0.074894,0.559964,-0.011668,0.010025,0.286218,0.295311,-0.068834,0.276105,0.094364,0.304559,0.521531,-0.141407,0.290625,0.326732,0.054438,0.252437,0.080683,-0.000263,0.212639,0.663220,-0.177388,0.096885,0.837863,-0.128029,-0.033329,0.716258,-0.117039,-0.177772,0.603632,-0.170547,0.375507,0.803205,-0.107431,0.481858,0.665825,-0.090105,0.602292,0.528479
0.039257,0.207765,0.627248,0.109383,0.075788,0.559838,-0.005425,0.009873,0.283510,0.301205,-0.070770,0.275936,0.095145,0.305715,0.522285,-0.140515,0.291393,0.327380,0.054439,0.252547,0.080702,-0.000528,0.214111,0.663419,-0.178634,0.099503,0.837805,-0.129180,-0.031210,0.716774,-0.117590,-0.175840,0.604449,-0.170378,0.378032,0.802731,-0.107330,0.483788,0.664859,-0.090335,0.603955,0.527239
0.040334,0.208798,0.627026,0.110100,0.076391,0.559178,0.000865,0.009564,0.280820,0.307406,-0.071780,0.275812,0.096948,0.306543,0.522332,-0.139353,0.292138,0.328212,0.054437,0.252551,0.080705,0.000582,0.215386,0.663190,-0.178089,0.101896,0.837709,-0.128776,-0.029411,0.717264,-0.116936,-0.174352,0.605366,-0.168459,0.380338,0.802293,-0.105572,0.485586,0.663959,-0.088623,0.605497,0.526111
0.041109,0.209519,0.626511,0.110490,0.076655,0.558309,0.006519,0.008870,0.278177,0.313114,-0.072556,0.277135,0.098406,0.306999,0.522014,-0.138595,0.292625,0.328746,0.054437,0.252554,0.080706,0.001399,0.216361,0.662674,-0.177782,0.104008,0.837386,-0.128660,-0.027916,0.717538,-0.116653,-0.173204,0.606108,-0.166808,0.382350,0.801575,-0.104087,0.487033,0.662738,-0.087265,0.606662,0.524629
0.041264,0.209627,0.625422,0.110206,0.076248,0.557026,0.010840,0.007465,0.275477,0.317736,-0.072738,0.281179,0.099156,0.306727,0.520982,-0.138661,0.292605,0.328697,0.054437,0.252554,0.080706,0.001612,0.216742,0.661596,-0.177979,0.105565,0.836621,-0.129140,-0.027023,0.717391,-0.117124,-0.172723,0.606502,-0.165722,0.383787,0.800307,-0.103165,0.487789,0.660884,-0.086630,0.607078,0.522447
0.041461,0.209374,0.624298,0.109937,0.075426,0.555832,0.014924,0.005248,0.273131,0.321875,-0.073949,0.286371,0.099945,0.306008,0.519855,-0.138754,0.292522,0.328618,0.054416,0.252382,0.080700,0.001867,0.216773,0.660478,-0.178190,0.106700,0.835704,-0.129653,-0.026573,0.717113,-0.117832,-0.172750,0.606833,-0.164557,0.384820,0.799094,-0.102156,0.488484,0.659349,-0.086038,0.607808,0.520893
0.041675,0.208928,0.623154,0.109670,0.074386,0.554685,0.018882,0.002590,0.271007,0.325653,-0.075667,0.292169,0.100748,0.305053,0.518681,-0.138862,0.292400,0.328525,0.054384,0.252121,0.080692,0.002139,0.216617,0.659336,-0.178409,0.107613,0.834706,-0.130188,-0.026354,0.716769,-0.118669,-0.173038,0.607132,-0.163352,0.385636,0.797906,-0.101100,0.489135,0.657973,-0.085458,0.608686,0.519658
0.042665,0.207952,0.620822,0.109474,0.072873,0.551884,0.019960,0.000850,0.267868,0.326523,-0.076729,0.293411,0.102306,0.303733,0.516518,-0.138976,0.293050,0.328366,0.054238,0.251410,0.080736,0.003286,0.215926,0.657113,-0.177393,0.107917,0.832942,-0.129864,-0.026619,0.715370,-0.118823,-0.173615,0.606103,-0.160800,0.385866,0.796249,-0.098949,0.489076,0.655923,-0.083821,0.608754,0.517661
0.043434,0.206614,0.618190,0.109091,0.071041,0.548744,0.021009,-0.001293,0.264369,0.327357,-0.077849,0.294521,0.103640,0.302094,0.514111,-0.139319,0.293518,0.328021,0.054093,0.250652,0.080763,0.004208,0.214856,0.654585,-0.176584,0.107796,0.830860,-0.129710,-0.027293,0.713659,-0.119191,-0.174623,0.604791,-0.158530,0.385667,0.794259,-0.097115,0.488673,0.653592,-0.082524,0.608539,0.515435
0.043772,0.204581,0.614965,0.108351,0.068591,0.544928,0.022028,-0.004195,0.260142,0.328189,-0.079049,0.295366,0.104540,0.299855,0.511223,-0.140132,0.293640,0.327297,0.053950,0.249800,0.080760,0.004687,0.213062,0.651457,-0.176189,0.106866,0.828147,-0.129886,-0.028755,0.711333,-0.119977,-0.176461,0.602918,-0.156824,0.384657,0.791615,-0.095904,0.487619,0.650699,-0.081897,0.607784,0.512741
0.044478,0.202095,0.610424,0.107715,0.065762,0.539374,0.022920,-0.007408,0.254243,0.329118,-0.080239,0.292786,0.105641,0.297294,0.507064,-0.141336,0.293515,0.326178,0.053843,0.248873,0.080689,0.005638,0.210824,0.647118,-0.175123,0.105863,0.824638,-0.129809,-0.030454,0.708246,-0.120880,-0.178612,0.600362,-0.153888,0.383532,0.788200,-0.093655,0.486669,0.647116,-0.080236,0.607371,0.509569
0.045326,0.199378,0.605185,0.107084,0.062751,0.532918,0.023682,-0.010785,0.247488,0.330029,-0.081453,0.288467,0.106804,0.294564,0.502231,-0.142729,0.293263,0.324853,0.053751,0.247910,0.080580,0.006786,0.208355,0.642135,-0.173740,0.104807,0.820693,-0.129627,-0.032282,0.704745,-0.121867,-0.180922,0.597436,-0.150365,0.382320,0.784355,-0.090910,0.485754,0.643157,-0.078074,0.607117,0.506138
0.046479,0.196709,0.599980,0.106726,0.059688,0.526760,0.024712,-0.013383,0.240828,0.331026,-0.082505,0.284287,0.108426,0.291726,0.497445,-0.143733,0.293020,0.323819,0.053663,0.246951,0.080456,0.008196,0.205953,0.637131,-0.172175,0.103521,0.816461,-0.129019,-0.034252,0.700963,-0.122298,-0.183354,0.594227,-0.146955,0.380904,0.780365,-0.088406,0.484457,0.638875,-0.076265,0.606272,0.502194
0.047777,0.193740,0.594618,0.106465,0.056356,0.520372,0.025657,-0.016462,0.234050,0.332004,-0.083635,0.279946,0.110056,0.288597,0.492413,-0.144762,0.292544,0.322755,0.053584,0.245963,0.080302,0.009800,0.203244,0.632016,-0.170270,0.102011,0.812299,-0.128213,-0.036427,0.697190,-0.122615,-0.185944,0.590971,-0.143050,0.379241,0.776467,-0.085386,0.482950,0.634726,-0.073988,0.605323,0.498480
0.049427,0.190211,0.588979,0.106462,0.052512,0.513559,0.026511,-0.020435,0.227048,0.333045,-0.084835,0.275287,0.111760,0.284934,0.486930,-0.145850,0.291629,0.321630,0.053528,0.244918,0.080091,0.011850,0.199969,0.626715,-0.167633,0.100105,0.808311,-0.126953,-0.038966,0.693469,-0.122632,-0.188816,0.587660,-0.138103,0.377140,0.772778,-0.081275,0.481060,0.630853,-0.070713,0.604189,0.495221
0.050257,0.186863,0.583754,0.105820,0.048805,0.507346,0.027620,-0.024507,0.220462,0.334096,-0.086033,0.272255,0.112716,0.281366,0.481785,-0.147197,0.290730,0.320260,0.053471,0.243880,0.079871,0.013043,0.196859,0.621787,-0.165845,0.098049,0.804527,-0.126937,-0.041717,0.689912,-0.124700,-0.192021,0.584685,-0.134440,0.374916,0.769307,-0.078691,0.479079,0.627131,-0.069352,0.602945,0.492082
0.050654,0.183612,0.578715,0.104831,0.045180,0.501419,0.028819,-0.028646,0.214094,0.335058,-0.087244,0.270029,0.113275,0.277854,0.476786,-0.148672,0.289853,0.318757,0.053407,0.242842,0.079643,0.013788,0.193840,0.617023,-0.164500,0.095919,0.800820,-0.127565,-0.044557,0.686419,-0.127812,-0.195356,0.581878,-0.131436,0.372630,0.765921,-0.076889,0.477060,0.623475,-0.068957,0.601666,0.489018
0.051427,0.179945,0.572704,0.104414,0.041281,0.494434,0.030609,-0.033025,0.206671,0.336272,-0.088440,0.268110,0.113990,0.274096,0.470902,-0.150282,0.288692,0.317015,0.053387,0.241700,0.079316,0.014911,0.190333,0.611302,-0.162607,0.093119,0.796206,-0.127502,-0.048115,0.682162,-0.129130,-0.199280,0.578164,-0.128115,0.369698,0.761645,-0.074333,0.474181,0.618945,-0.067055,0.599243,0.484875
0.052277,0.176321,0.566839,0.104137,0.037493,0.487592,0.032390,-0.037273,0.199438,0.337325,-0.089645,0.266331,0.114820,0.270450,0.465262,-0.151649,0.287665,0.315487,0.053347,0.240596,0.079007,0.016082,0.186835,0.605706,-0.160639,0.090116,0.791623,-0.127275,-0.051805,0.677909,-0.130344,-0.203336,0.574476,-0.125017,0.366594,0.757400,-0.071957,0.471337,0.614619,-0.065302,0.596988,0.481069
0.053367,0.172773,0.561351,0.104236,0.033906,0.481106,0.034277,-0.041235,0.192618,0.338320,-0.090845,0.264896,0.115963,0.267012,0.460193,-0.152535,0.286876,0.314423,0.053280,0.239577,0.078746,0.017435,0.183348,0.600443,-0.158455,0.086713,0.787191,-0.126645,-0.055775,0.673739,-0.131275,-0.207679,0.570914,-0.122301,0.363165,0.753324,-0.069867,0.468570,0.610797,-0.063781,0.595062,0.478016
0.053693,0.169164,0.556240,0.103802,0.030213,0.475183,0.036157,-0.045081,0.186190,0.338877,-0.092087,0.264960,0.116146,0.263435,0.455220,-0.153938,0.285736,0.312769,0.053254,0.238428,0.078371,0.018033,0.179788,0.595567,-0.156894,0.083147,0.783213,-0.126474,-0.059790,0.669944,-0.132599,-0.212015,0.567674,-0.120382,0.359591,0.749660,-0.068629,0.465508,0.607263,-0.063079,0.592656,0.475086
0.053627,0.165557,0.551290,0.103092,0.026498,0.469519,0.038030,-0.048844,0.179950,0.339095,-0.093322,0.265741,0.115842,0.259824,0.450268,-0.155595,0.284456,0.310799,0.053245,0.237214,0.077934,0.018246,0.176224,0.590854,-0.155649,0.079529,0.779428,-0.126535,-0.063796,0.666306,-0.134121,-0.216313,0.564570,-0.118865,0.355973,0.746169,-0.067819,0.462330,0.603843,-0.062785,0.590041,0.472189
0.055858,0.162266,0.547361,0.104235,0.023074,0.464817,0.040380,-0.051898,0.174888,0.339416,-0.094568,0.267928,0.118089,0.256479,0.446551,-0.155092,0.283591,0.311002,0.053218,0.236062,0.077722,0.020758,0.173008,0.587155,-0.152138,0.076138,0.776563,-0.124640,-0.067491,0.663421,-0.134032,-0.220203,0.562128,-0.115113,0.352599,0.743742,-0.065001,0.459409,0.601422,-0.060794,0.587720,0.470323
0.060871,0.160941,0.543554,0.108417,0.021410,0.460615,0.046634,-0.053466,0.170216,0.343562,-0.094094,0.270230,0.122591,0.254897,0.442526,-0.152667,0.285479,0.312017,0.053387,0.234715,0.077382,0.026125,0.171771,0.583629,-0.145315,0.074530,0.774175,-0.119400,-0.069239,0.660837,-0.130465,-0.222036,0.559844,-0.108384,0.351049,0.741738,-0.059125,0.458274,0.599429,-0.055555,0.587086,0.468804
0.071515,0.163729,0.540245,0.118753,0.023434,0.457669,0.060799,-0.051848,0.166590,0.355675,-0.089914,0.273081,0.131661,0.257019,0.438160,-0.146246,0.293101,0.314890,0.053860,0.233147,0.077193,0.037264,0.174684,0.580704,-0.131810,0.076708,0.772988,-0.107431,-0.066894,0.659097,-0.119923,-0.219580,0.558103,-0.095621,0.353362,0.740814,-0.047041,0.460907,0.598513,-0.043726,0.590015,0.468174
0.056974,0.185235,0.530538,0.103712,0.044400,0.448121,0.048190,-0.030863,0.156569,0.341285,-0.066508,0.268389,0.116381,0.278019,0.427841,-0.163367,0.315130,0.309165,0.047409,0.237422,0.086103,0.023051,0.196278,0.571242,-0.144412,0.097394,0.764480,-0.121268,-0.046034,0.650114,-0.134863,-0.198582,0.549054,-0.108953,0.374210,0.732886,-0.060979,0.481994,0.590557,-0.058110,0.611388,0.460491
0.031475,0.215119,0.513179,0.077614,0.073855,0.430817,0.023821,-0.001192,0.138892,0.315240,-0.034510,0.255466,0.090560,0.307479,0.410085,-0.190821,0.343440,0.294959,0.037154,0.246150,0.097775,-0.002203,0.226230,0.554060,-0.168433,0.126346,0.747861,-0.146372,-0.016903,0.633057,-0.160904,-0.169299,0.531896,-0.133699,0.403335,0.717010,-0.086296,0.511320,0.574640,-0.083974,0.640998,0.444846
0.011604,0.231585,0.494216,0.057254,0.090101,0.411422,0.006919,0.014759,0.118957,0.295314,-0.017255,0.242783,0.070330,0.323880,0.391258,-0.213188,0.361498,0.282012,0.027381,0.253731,0.106123,-0.021817,0.242653,0.535310,-0.186674,0.141248,0.729508,-0.165792,-0.001698,0.614106,-0.181604,-0.153868,0.512798,-0.152786,0.418492,0.700024,-0.105496,0.526327,0.557502,-0.103041,0.655939,0.427645
-0.004485,0.247518,0.475512,0.040827,0.105745,0.392469,-0.005836,0.030029,0.099492,0.279744,-0.000247,0.229760,0.053669,0.339654,0.372412,-0.231759,0.378548,0.268652,0.018255,0.261953,0.112407,-0.037620,0.258557,0.516835,-0.200912,0.155735,0.711625,-0.181209,0.013100,0.595633,-0.198231,-0.138851,0.494191,-0.167977,0.433212,0.683259,-0.120803,0.540847,0.540546,-0.118279,0.670362,0.410593
-0.013814,0.263348,0.460090,0.031468,0.121145,0.377152,-0.011091,0.044947,0.083680,0.272331,0.017247,0.218875,0.043324,0.355135,0.356290,-0.243674,0.394515,0.257036,0.011404,0.269923,0.115612,-0.046608,0.274390,0.501673,-0.207943,0.170368,0.697470,-0.189427,0.028052,0.580892,-0.207527,-0.123696,0.479333,-0.176192,0.448046,0.669704,-0.129143,0.555375,0.526717,-0.126680,0.684725,0.396599
-0.017809,0.259608,0.457660,0.027833,0.117476,0.374370,-0.011539,0.040900,0.080548,0.269290,0.014429,0.221038,0.038492,0.351631,0.353809,-0.249131,0.393657,0.257527,0.007788,0.270743,0.117803,-0.050418,0.270495,0.499425,-0.210465,0.165290,0.695662,-0.192676,0.023402,0.578452,-0.211333,-0.128024,0.476514,-0.179667,0.443159,0.668701,-0.132351,0.550391,0.525728,-0.129672,0.679816,0.395688
-0.019177,0.246197,0.461842,0.027018,0.104389,0.377970,-0.009629,0.027506,0.083869,0.268332,0.001568,0.229806,0.036381,0.338745,0.358264,-0.251393,0.384486,0.264243,0.005823,0.267676,0.119774,-0.051676,0.256848,0.503752,-0.210768,0.150471,0.700146,-0.193479,0.009064,0.582281,-0.212433,-0.141979,0.479832,-0.180814,0.428521,0.674088,-0.133035,0.535764,0.531275,-0.130001,0.665382,0.401436
-0.019995,0.234552,0.466724,0.027209,0.092875,0.382989,-0.007554,0.015430,0.088805,0.268837,-0.008086,0.237839,0.034482,0.327316,0.362888,-0.253255,0.375377,0.269993,0.004353,0.264829,0.121267,-0.052445,0.245017,0.508717,-0.210713,0.137625,0.705246,-0.193916,-0.003463,0.586930,-0.213575,-0.154347,0.484378,-0.181862,0.415838,0.679665,-0.133539,0.523288,0.537188,-0.130308,0.653303,0.407752
-0.021517,0.225309,0.469847,0.025451,0.083602,0.385887,-0.008805,0.007119,0.091377,0.264938,-0.020471,0.244796,0.032676,0.318082,0.365918,-0.255094,0.367931,0.274111,0.003024,0.262560,0.122475,-0.053824,0.235724,0.511959,-0.211184,0.127545,0.708792,-0.194905,-0.013341,0.590164,-0.215005,-0.164074,0.487476,-0.182946,0.405875,0.683774,-0.134402,0.513626,0.541598,-0.131128,0.644147,0.412672
-0.024589,0.221236,0.470057,0.019647,0.079195,0.385153,-0.016893,0.006728,0.089856,0.251412,-0.037690,0.249965,0.030913,0.313601,0.366351,-0.257014,0.364130,0.275423,0.001950,0.261589,0.123258,-0.056560,0.231867,0.512357,-0.212848,0.123325,0.709827,-0.197129,-0.017573,0.591137,-0.217143,-0.168157,0.488214,-0.184245,0.401689,0.685559,-0.136132,0.509933,0.543609,-0.133120,0.641178,0.415415
-0.025787,0.217417,0.470766,0.017676,0.075779,0.384957,-0.020742,0.009170,0.088513,0.245514,-0.040419,0.251343,0.030029,0.310208,0.367550,-0.257803,0.361274,0.276627,0.001455,0.260608,0.123699,-0.057681,0.227928,0.513154,-0.213517,0.118841,0.710678,-0.197867,-0.021882,0.591771,-0.217483,-0.172247,0.488452,-0.185065,0.397278,0.687025,-0.136732,0.506041,0.545544,-0.133757,0.638147,0.418236
-0.026042,0.213704,0.471717,0.017626,0.072828,0.385028,-0.022472,0.012981,0.087381,0.243682,-0.036180,0.251168,0.029589,0.307343,0.369133,-0.258025,0.358883,0.277786,0.001255,0.259627,0.123965,-0.057990,0.223929,0.514142,-0.213692,0.114219,0.711428,-0.197863,-0.026240,0.592234,-0.216920,-0.176354,0.488447,-0.185650,0.392746,0.688314,-0.136772,0.502032,0.547421,-0.133720,0.635062,0.421081
-0.026247,0.210441,0.472163,0.017831,0.070204,0.384906,-0.023739,0.015722,0.086450,0.244145,-0.032099,0.248213,0.029155,0.304786,0.370096,-0.258232,0.356810,0.278311,0.001254,0.258712,0.124101,-0.058287,0.220418,0.514584,-0.213904,0.110159,0.711629,-0.197447,-0.030117,0.592304,-0.215678,-0.180131,0.488224,-0.186523,0.388776,0.688764,-0.137249,0.498524,0.548366,-0.133700,0.632073,0.422587
-0.026112,0.207738,0.472224,0.018357,0.068023,0.384579,-0.024873,0.017651,0.085648,0.244513,-0.029480,0.245414,0.029037,0.302658,0.370597,-0.258249,0.355306,0.278854,0.001260,0.257973,0.124203,-0.058241,0.217488,0.514633,-0.213688,0.106491,0.711398,-0.196668,-0.033590,0.591922,-0.214159,-0.183509,0.487579,-0.187192,0.385223,0.688874,-0.137618,0.495327,0.548858,-0.133721,0.629293,0.423534
-0.025310,0.206179,0.471546,0.019516,0.066749,0.383865,-0.025690,0.017959,0.084962,0.244875,-0.029822,0.242679,0.029545,0.301418,0.370202,-0.257891,0.354958,0.279451,0.001278,0.257588,0.124246,-0.057522,0.215746,0.513932,-0.212624,0.103630,0.710343,-0.195174,-0.036234,0.590677,-0.212099,-0.186071,0.486123,-0.187461,0.382528,0.688345,-0.137777,0.492774,0.548477,-0.133827,0.626959,0.423389
-0.025420,0.203930,0.471276,0.019720,0.064783,0.383468,-0.026649,0.017951,0.084432,0.244817,-0.030427,0.240534,0.029225,0.299487,0.370211,-0.258169,0.354097,0.279969,0.000955,0.257007,0.124502,-0.057699,0.213343,0.513645,-0.212587,0.100484,0.709802,-0.194690,-0.039200,0.589991,-0.210760,-0.188895,0.485099,-0.188342,0.379489,0.688136,-0.138595,0.489861,0.548386,-0.134715,0.624328,0.423600
-0.025988,0.201335,0.471199,0.019444,0.062472,0.383219,-0.027684,0.017790,0.083975,0.244542,-0.031154,0.238679,0.028488,0.297211,0.370410,-0.258768,0.352978,0.280441,0.000459,0.256327,0.124862,-0.058327,0.210610,0.513553,-0.213068,0.097194,0.709507,-0.194715,-0.042326,0.589573,-0.209785,-0.191844,0.484281,-0.189531,0.376278,0.688075,-0.139745,0.486767,0.548429,-0.135995,0.621549,0.423979
-0.026976,0.198854,0.471790,0.018469,0.060125,0.383657,-0.029022,0.017693,0.084146,0.243756,-0.031958,0.237744,0.027372,0.294876,0.371083,-0.259592,0.352223,0.281179,-0.000423,0.255653,0.125422,-0.059299,0.208070,0.514170,-0.213622,0.094379,0.710290,-0.194812,-0.044878,0.590121,-0.208985,-0.194168,0.484382,-0.190717,0.373508,0.688752,-0.141375,0.484074,0.549009,-0.138187,0.619106,0.424813
-0.028025,0.196282,0.472145,0.017435,0.057719,0.383806,-0.030428,0.017092,0.084107,0.242944,-0.032876,0.236635,0.026218,0.292491,0.371586,-0.260522,0.351307,0.281914,-0.001340,0.254997,0.125987,-0.060336,0.205431,0.514549,-0.214300,0.091499,0.710807,-0.195046,-0.047541,0.590458,-0.208371,-0.196638,0.484336,-0.191938,0.370666,0.689188,-0.142994,0.481258,0.549322,-0.140343,0.616522,0.425367
-0.029173,0.193525,0.472044,0.016303,0.055193,0.383394,-0.031950,0.015478,0.083639,0.242103,-0.034038,0.235173,0.025006,0.289999,0.371762,-0.261651,0.350065,0.282659,-0.002321,0.254376,0.126569,-0.061482,0.202594,0.514469,-0.215207,0.088487,0.710807,-0.195534,-0.050434,0.590388,-0.208105,-0.199415,0.484013,-0.193212,0.367681,0.689156,-0.144573,0.478193,0.549119,-0.142414,0.613659,0.425374
-0.030324,0.190947,0.472030,0.015281,0.052924,0.382993,-0.033427,0.013750,0.083242,0.241237,-0.035264,0.233910,0.023628,0.287772,0.371982,-0.262957,0.348765,0.283279,-0.003348,0.253855,0.127150,-0.062614,0.199889,0.514498,-0.215954,0.085429,0.710929,-0.196049,-0.053377,0.590415,-0.208147,-0.202266,0.483856,-0.194456,0.364670,0.689394,-0.146157,0.475056,0.549137,-0.144372,0.610602,0.425475
-0.031474,0.188458,0.472048,0.014316,0.050784,0.382587,-0.034879,0.011962,0.082871,0.240359,-0.036520,0.232736,0.022169,0.285675,0.372215,-0.264350,0.347434,0.283830,-0.004400,0.253382,0.127726,-0.063736,0.197249,0.514571,-0.216618,0.082347,0.711100,-0.196574,-0.056346,0.590478,-0.208339,-0.205154,0.483770,-0.195682,0.361645,0.689754,-0.147741,0.471879,0.549254,-0.146271,0.607446,0.425611
-0.032377,0.185652,0.472006,0.013518,0.048196,0.382248,-0.035554,0.011787,0.082210,0.239544,-0.037399,0.232150,0.020977,0.283124,0.372295,-0.265402,0.346300,0.284459,-0.005339,0.252694,0.128254,-0.064592,0.194356,0.514586,-0.217041,0.079301,0.711357,-0.196790,-0.059249,0.590606,-0.208211,-0.207961,0.483726,-0.196460,0.358621,0.689953,-0.148940,0.468824,0.549284,-0.147942,0.604569,0.425831
-0.033384,0.182992,0.471937,0.012667,0.045767,0.381880,-0.036243,0.011382,0.081578,0.238699,-0.038321,0.231679,0.019634,0.280732,0.372323,-0.266637,0.345062,0.284975,-0.006326,0.252085,0.128786,-0.065549,0.191595,0.514576,-0.217515,0.076305,0.711581,-0.197087,-0.062096,0.590689,-0.208231,-0.210720,0.483657,-0.197378,0.355656,0.690169,-0.150341,0.465879,0.549350,-0.149866,0.601824,0.426114
-0.034582,0.180610,0.471836,0.011729,0.043637,0.381480,-0.036944,0.010498,0.081000,0.237811,-0.039343,0.231440,0.018007,0.278641,0.372272,-0.268230,0.343604,0.285280,-0.007406,0.251629,0.129336,-0.066693,0.189086,0.514543,-0.218071,0.073392,0.711762,-0.197528,-0.064850,0.590709,-0.208532,-0.213406,0.483567,-0.198557,0.352794,0.690444,-0.152129,0.463137,0.549515,-0.152280,0.599326,0.426549
-0.035197,0.178583,0.472060,0.011517,0.041831,0.381631,-0.037573,0.010752,0.080996,0.237210,-0.040315,0.231034,0.016951,0.276853,0.372511,-0.269167,0.342499,0.285638,-0.008108,0.251158,0.129701,-0.067313,0.186923,0.514790,-0.218269,0.070638,0.711991,-0.197501,-0.067287,0.590614,-0.208289,-0.215658,0.483195,-0.199593,0.350109,0.690868,-0.153628,0.460369,0.549720,-0.154237,0.596564,0.426763
-0.035523,0.176735,0.472447,0.011666,0.040188,0.382058,-0.038181,0.011574,0.081299,0.236740,-0.041263,0.230541,0.016177,0.275217,0.372896,-0.269777,0.341571,0.286023,-0.008623,0.250682,0.129974,-0.067674,0.184934,0.515179,-0.218288,0.067965,0.712244,-0.197243,-0.069561,0.590464,-0.207777,-0.217689,0.482684,-0.200558,0.347513,0.691367,-0.154981,0.457586,0.549947,-0.155965,0.593669,0.426867
-0.036427,0.174569,0.472195,0.011170,0.038175,0.381815,-0.038787,0.011995,0.080853,0.235923,-0.042172,0.230050,0.014813,0.273215,0.372581,-0.270974,0.340445,0.285831,-0.009301,0.250115,0.130323,-0.068574,0.182663,0.514950,-0.218797,0.065264,0.712067,-0.197656,-0.071854,0.589844,-0.208230,-0.219740,0.481737,-0.201782,0.344858,0.691254,-0.156607,0.454687,0.549514,-0.158075,0.590684,0.426344
-0.037171,0.172285,0.471869,0.010736,0.036042,0.381450,-0.039396,0.012299,0.080314,0.235124,-0.043090,0.229457,0.013660,0.271089,0.372210,-0.271944,0.339285,0.285607,-0.009804,0.249457,0.130593,-0.069302,0.180282,0.514655,-0.219130,0.062487,0.711843,-0.197943,-0.074233,0.589183,-0.208572,-0.221870,0.480742,-0.202736,0.342122,0.691117,-0.157939,0.451735,0.549089,-0.159818,0.587661,0.425847
-0.037592,0.169754,0.471410,0.010427,0.033655,0.380856,-0.039989,0.012356,0.079585,0.234374,-0.044034,0.228684,0.012929,0.268708,0.371741,-0.272459,0.338049,0.285331,-0.009954,0.248618,0.130713,-0.069684,0.177670,0.514240,-0.219113,0.059548,0.711541,-0.197975,-0.076797,0.588456,-0.208685,-0.224169,0.479663,-0.203154,0.339216,0.690948,-0.158689,0.448669,0.548691,-0.160831,0.584559,0.425413
-0.038086,0.167184,0.471022,0.009862,0.031232,0.380230,-0.040834,0.012176,0.078858,0.233655,-0.045032,0.227463,0.012300,0.266292,0.371411,-0.272771,0.336913,0.284985,-0.009963,0.247692,0.130770,-0.070132,0.175049,0.513897,-0.219314,0.056838,0.711334,-0.198209,-0.079118,0.587814,-0.208913,-0.226165,0.478582,-0.203446,0.336514,0.690803,-0.159286,0.445744,0.548278,-0.161657,0.581592,0.424958
-0.038621,0.164597,0.470663,0.009165,0.028794,0.379582,-0.041807,0.011881,0.078131,0.232947,-0.046048,0.226018,0.011716,0.263859,0.371142,-0.272982,0.335828,0.284600,-0.009903,0.246722,0.130792,-0.070619,0.172424,0.513582,-0.219628,0.054244,0.711167,-0.198550,-0.081315,0.587208,-0.209202,-0.228006,0.477492,-0.203682,0.333915,0.690660,-0.159813,0.442890,0.547850,-0.162396,0.578693,0.424485
-0.039400,0.162553,0.470443,0.008335,0.026819,0.379192,-0.042567,0.010723,0.077687,0.232199,-0.047273,0.225563,0.010731,0.261885,0.370824,-0.273590,0.335028,0.284023,-0.010096,0.245967,0.130909,-0.071328,0.170333,0.513423,-0.219981,0.051882,0.711117,-0.199045,-0.083333,0.586758,-0.209841,-0.229747,0.476688,-0.204154,0.331580,0.690906,-0.160670,0.440502,0.547936,-0.163552,0.576378,0.424658
-0.040141,0.160325,0.470117,0.007473,0.024700,0.378592,-0.043424,0.009489,0.077042,0.231429,-0.048467,0.224810,0.009790,0.259773,0.370448,-0.274196,0.334075,0.283530,-0.010298,0.245175,0.131028,-0.071980,0.168048,0.513173,-0.220225,0.049340,0.711018,-0.199464,-0.085573,0.586303,-0.210377,-0.231727,0.475899,-0.204466,0.329063,0.691127,-0.161485,0.437915,0.547951,-0.164687,0.573779,0.424668
-0.040795,0.157721,0.469586,0.006552,0.022292,0.377579,-0.044464,0.008095,0.076002,0.230621,-0.049602,0.223473,0.008945,0.257381,0.369963,-0.274797,0.332811,0.283214,-0.010516,0.244310,0.131150,-0.072512,0.165370,0.512746,-0.220246,0.046430,0.710829,-0.199720,-0.088268,0.585842,-0.210698,-0.234196,0.475146,-0.204449,0.326175,0.691308,-0.162212,0.434926,0.547835,-0.165781,0.570607,0.424360
-0.041269,0.155144,0.469062,0.005896,0.019886,0.376671,-0.045336,0.006637,0.075090,0.229795,-0.050725,0.222633,0.008221,0.254986,0.369442,-0.275381,0.331232,0.282945,-0.010656,0.243474,0.131231,-0.072874,0.162708,0.512319,-0.220089,0.043370,0.710549,-0.199838,-0.091085,0.585256,-0.211028,-0.236797,0.474296,-0.204379,0.323154,0.691529,-0.162712,0.432055,0.548002,-0.166529,0.567771,0.424574
-0.041649,0.152583,0.468534,0.005376,0.017482,0.375807,-0.046123,0.005149,0.074235,0.228959,-0.051845,0.222036,0.007562,0.252592,0.368896,-0.275953,0.329499,0.282692,-0.010755,0.242652,0.131289,-0.073149,0.160057,0.511883,-0.219839,0.040239,0.710213,-0.199886,-0.093959,0.584597,-0.211361,-0.239460,0.473390,-0.204277,0.320068,0.691759,-0.163094,0.429242,0.548300,-0.167097,0.565104,0.425037
-0.042742,0.149495,0.467960,0.004079,0.014670,0.374670,-0.047375,0.003715,0.073040,0.228151,-0.052869,0.220207,0.006279,0.249794,0.368419,-0.277046,0.327310,0.282132,-0.011056,0.241693,0.131430,-0.074130,0.156862,0.511409,-0.220348,0.036732,0.709887,-0.200272,-0.097187,0.583992,-0.211451,-0.242405,0.472386,-0.204667,0.316593,0.691954,-0.163380,0.425817,0.548563,-0.167104,0.561761,0.425382
-0.043498,0.146292,0.467333,0.003181,0.011747,0.373541,-0.048461,0.002148,0.071901,0.227366,-0.053883,0.218744,0.005312,0.246884,0.367921,-0.277908,0.324989,0.281808,-0.011262,0.240703,0.131523,-0.074794,0.153542,0.510869,-0.220575,0.033002,0.709412,-0.200424,-0.100587,0.583180,-0.211418,-0.245502,0.471163,-0.204894,0.312903,0.692050,-0.163552,0.422241,0.548760,-0.167079,0.558305,0.425706
-0.043586,0.142855,0.466628,0.003076,0.008592,0.372456,-0.049220,0.000303,0.070893,0.226629,-0.054906,0.218027,0.004970,0.243741,0.367403,-0.278311,0.322389,0.281978,-0.011278,0.239657,0.131525,-0.074830,0.149968,0.510224,-0.220244,0.028825,0.708669,-0.200114,-0.104338,0.581984,-0.211147,-0.248909,0.469526,-0.204798,0.308781,0.691975,-0.163499,0.418359,0.548857,-0.166995,0.554620,0.426021
-0.043735,0.139622,0.465994,0.002839,0.005634,0.371391,-0.049931,-0.000698,0.069866,0.226026,-0.055829,0.216845,0.004529,0.240791,0.366887,-0.278662,0.320258,0.281910,-0.011272,0.238610,0.131510,-0.074891,0.146616,0.509674,-0.219772,0.025053,0.708251,-0.199762,-0.107781,0.581203,-0.210971,-0.252110,0.468453,-0.204566,0.305047,0.691962,-0.163505,0.414941,0.549018,-0.167189,0.551472,0.426487
-0.043919,0.136495,0.465385,0.002532,0.002780,0.370327,-0.050623,-0.001273,0.068833,0.225487,-0.056697,0.215434,0.004035,0.237943,0.366362,-0.278988,0.318366,0.281718,-0.011256,0.237564,0.131482,-0.074968,0.143379,0.509160,-0.219232,0.021488,0.707984,-0.199392,-0.111066,0.580618,-0.210846,-0.255206,0.467651,-0.204268,0.301512,0.691970,-0.163543,0.411759,0.549200,-0.167526,0.548595,0.427019
-0.044039,0.133145,0.465554,0.002348,-0.000123,0.369796,-0.051257,-0.002553,0.068366,0.224777,-0.057660,0.215247,0.003429,0.235041,0.366606,-0.279350,0.316063,0.281709,-0.011260,0.236507,0.131455,-0.074941,0.139811,0.509466,-0.218166,0.016931,0.708440,-0.198908,-0.115476,0.580832,-0.210979,-0.259552,0.467847,-0.203941,0.297039,0.693260,-0.163631,0.407236,0.550334,-0.167660,0.543826,0.427879
-0.044163,0.129630,0.465403,0.002219,-0.003165,0.368963,-0.051954,-0.004218,0.067629,0.224066,-0.058673,0.214794,0.002828,0.232000,0.366599,-0.279826,0.313447,0.281686,-0.011287,0.235445,0.131428,-0.074941,0.136069,0.509437,-0.217236,0.012216,0.708482,-0.198516,-0.120072,0.580670,-0.211110,-0.264087,0.467665,-0.203717,0.292403,0.694143,-0.163727,0.402584,0.551115,-0.167826,0.539022,0.428494
-0.044288,0.125798,0.464637,0.002209,-0.006472,0.367547,-0.052760,-0.006643,0.066357,0.223369,-0.059757,0.213818,0.002245,0.228693,0.366112,-0.280526,0.310208,0.281640,-0.011358,0.234371,0.131411,-0.074986,0.131996,0.508762,-0.216574,0.007200,0.707731,-0.198306,-0.125022,0.579785,-0.211242,-0.268980,0.466746,-0.203694,0.287459,0.694244,-0.163839,0.397692,0.551218,-0.168052,0.534167,0.428642
-0.044338,0.121896,0.464244,0.002206,-0.009733,0.366340,-0.053667,-0.008254,0.065322,0.222641,-0.060724,0.212694,0.001829,0.225425,0.366152,-0.280976,0.307214,0.282050,-0.011499,0.233295,0.131415,-0.074966,0.127821,0.508457,-0.215929,0.002034,0.707248,-0.198030,-0.130253,0.579318,-0.211194,-0.274247,0.466350,-0.203595,0.282363,0.694757,-0.163884,0.392486,0.551606,-0.168263,0.528904,0.428973
-0.044351,0.117952,0.464020,0.002204,-0.012974,0.365224,-0.054631,-0.009465,0.064405,0.221892,-0.061640,0.211497,0.001497,0.222166,0.366442,-0.281299,0.304335,0.282676,-0.011676,0.232218,0.131426,-0.074912,0.123588,0.508319,-0.215293,-0.003213,0.706879,-0.197720,-0.135631,0.579039,-0.211050,-0.279706,0.466195,-0.203458,0.277184,0.695457,-0.163896,0.387113,0.552116,-0.168468,0.523427,0.429374
-0.045064,0.113621,0.463142,0.001549,-0.016311,0.363002,-0.055151,-0.011570,0.062176,0.220825,-0.062588,0.210684,0.000508,0.218807,0.366411,-0.282294,0.301551,0.283230,-0.012392,0.231140,0.131656,-0.075544,0.118908,0.507545,-0.215392,-0.008659,0.705992,-0.198370,-0.141330,0.578340,-0.211906,-0.285508,0.465651,-0.203789,0.271782,0.695482,-0.164671,0.381802,0.552089,-0.169446,0.518152,0.429394
-0.045414,0.109291,0.462522,0.001221,-0.019661,0.361100,-0.055635,-0.013561,0.060329,0.219844,-0.063559,0.210093,-0.000071,0.215413,0.366647,-0.282919,0.298600,0.284065,-0.012920,0.230053,0.131793,-0.075826,0.114237,0.507015,-0.215216,-0.014139,0.705264,-0.198723,-0.147064,0.577806,-0.212430,-0.291337,0.465260,-0.203835,0.266344,0.695739,-0.165157,0.376414,0.552265,-0.170148,0.512779,0.429594
-0.045036,0.104956,0.462464,0.001553,-0.023062,0.359874,-0.056050,-0.015356,0.059284,0.219067,-0.064574,0.209969,0.000172,0.211946,0.367454,-0.282804,0.295308,0.285485,-0.013069,0.228958,0.131762,-0.075406,0.109571,0.507025,-0.214488,-0.019698,0.704911,-0.198489,-0.152878,0.577656,-0.212306,-0.297230,0.465226,-0.203305,0.260826,0.696515,-0.165057,0.370869,0.552904,-0.170292,0.507207,0.430214
-0.044682,0.100735,0.462776,0.001672,-0.026477,0.359146,-0.056981,-0.017333,0.058802,0.218139,-0.065618,0.209782,0.000583,0.208451,0.368576,-0.282458,0.292037,0.287057,-0.013133,0.227857,0.131686,-0.075023,0.105083,0.507386,-0.213977,-0.024911,0.704885,-0.198362,-0.158307,0.577810,-0.212237,-0.302706,0.465446,-0.202756,0.255640,0.697551,-0.164762,0.365558,0.553776,-0.170095,0.501847,0.431037
-0.044341,0.096562,0.463252,0.001686,-0.029906,0.358650,-0.058170,-0.019407,0.058591,0.217133,-0.066679,0.209555,0.001078,0.204929,0.369836,-0.281996,0.288764,0.288686,-0.013157,0.226756,0.131584,-0.074659,0.100673,0.507902,-0.213577,-0.029961,0.705001,-0.198292,-0.163554,0.578093,-0.212199,-0.307982,0.465771,-0.202199,0.250608,0.698695,-0.164371,0.360353,0.554745,-0.169731,0.496581,0.431939
-0.044420,0.092777,0.463564,0.001217,-0.033123,0.358203,-0.059573,-0.021077,0.058394,0.216015,-0.067667,0.209049,0.001414,0.201620,0.370899,-0.281515,0.286167,0.289974,-0.013156,0.225657,0.131462,-0.074764,0.096730,0.508213,-0.213934,-0.034358,0.704833,-0.198994,-0.168104,0.578045,-0.213017,-0.312526,0.465729,-0.202303,0.246215,0.699368,-0.164596,0.355886,0.555329,-0.169899,0.492096,0.432500
-0.044434,0.088616,0.464325,0.000823,-0.036552,0.357998,-0.060889,-0.023255,0.058432,0.215007,-0.068726,0.208866,0.001710,0.198069,0.372452,-0.281094,0.282917,0.291404,-0.013177,0.224544,0.131339,-0.074771,0.092363,0.508997,-0.214258,-0.039124,0.705137,-0.200151,-0.172690,0.578063,-0.214771,-0.316765,0.465378,-0.201988,0.241434,0.700705,-0.164535,0.350976,0.556502,-0.169834,0.487157,0.433640
-0.044317,0.083706,0.465998,0.000576,-0.040398,0.358296,-0.062028,-0.026454,0.058947,0.214218,-0.069930,0.209327,0.001933,0.194042,0.375009,-0.280778,0.278387,0.293119,-0.013238,0.223401,0.131218,-0.074582,0.087152,0.510749,-0.214504,-0.044625,0.706409,-0.202207,-0.177330,0.578250,-0.218388,-0.320365,0.464460,-0.200825,0.235874,0.703394,-0.163903,0.345185,0.558878,-0.169315,0.481315,0.435965
-0.044682,0.079065,0.467580,-0.000272,-0.044060,0.358589,-0.063411,-0.029250,0.059397,0.213347,-0.071108,0.209298,0.002056,0.190172,0.377579,-0.280374,0.274438,0.294645,-0.013277,0.222262,0.131079,-0.074934,0.082270,0.512361,-0.215439,-0.049690,0.707495,-0.204220,-0.181581,0.578401,-0.221215,-0.323649,0.463522,-0.200541,0.230748,0.705631,-0.164018,0.340038,0.560998,-0.169568,0.476320,0.438260
-0.045308,0.074563,0.469098,-0.001437,-0.047619,0.358865,-0.064935,-0.031832,0.059800,0.212413,-0.072247,0.209011,0.002111,0.186376,0.380140,-0.279934,0.270786,0.296053,-0.013308,0.221132,0.130928,-0.075578,0.077556,0.513883,-0.216740,-0.054531,0.708465,-0.206232,-0.185632,0.578510,-0.223661,-0.326766,0.462551,-0.200721,0.225842,0.707623,-0.164526,0.335218,0.562972,-0.170221,0.471755,0.440524
-0.045814,0.070106,0.470450,-0.002644,-0.051165,0.358971,-0.066218,-0.034282,0.059984,0.211477,-0.073436,0.208886,0.002571,0.182545,0.382686,-0.279118,0.267415,0.297875,-0.013319,0.219995,0.130758,-0.076131,0.072917,0.515217,-0.218043,-0.059378,0.709103,-0.207593,-0.189833,0.578495,-0.224868,-0.330200,0.461586,-0.200926,0.220928,0.709410,-0.164862,0.330503,0.564877,-0.170663,0.467468,0.442914
-0.051860,0.058334,0.471234,-0.009557,-0.061808,0.358248,-0.073088,-0.044560,0.059274,0.204608,-0.081028,0.208848,-0.002001,0.171483,0.384833,-0.281373,0.260952,0.297101,-0.014681,0.216214,0.130665,-0.082278,0.061005,0.515945,-0.225497,-0.070685,0.709267,-0.214959,-0.200490,0.578021,-0.231993,-0.340036,0.460097,-0.206557,0.209498,0.710129,-0.170682,0.319499,0.565872,-0.176564,0.457108,0.444639
-0.069714,0.032199,0.469619,-0.028597,-0.086366,0.354603,-0.091896,-0.070210,0.055517,0.185074,-0.101170,0.207633,-0.017351,0.146216,0.384931,-0.290047,0.248555,0.290397,-0.018937,0.207263,0.130342,-0.100335,0.034823,0.514196,-0.245956,-0.094622,0.707216,-0.235037,-0.223783,0.575368,-0.251648,-0.362413,0.456309,-0.223728,0.185316,0.707451,-0.188131,0.296198,0.563801,-0.194018,0.434886,0.443804
-0.084025,0.018047,0.466645,-0.043991,-0.099366,0.350025,-0.106419,-0.082132,0.050814,0.170342,-0.111776,0.203563,-0.029971,0.132635,0.382990,-0.297959,0.242512,0.283503,-0.022740,0.202300,0.130346,-0.114673,0.020625,0.511207,-0.261434,-0.107435,0.704259,-0.249998,-0.235801,0.571681,-0.266179,-0.373544,0.451538,-0.236918,0.172311,0.704292,-0.201804,0.283959,0.561117,-0.207554,0.423357,0.441939
-0.096236,0.009977,0.463333,-0.057239,-0.106496,0.345323,-0.118443,-0.087118,0.045989,0.158390,-0.117530,0.198459,-0.040894,0.124994,0.380365,-0.305241,0.239772,0.276714,-0.026264,0.199306,0.130600,-0.126821,0.012507,0.507940,-0.274091,-0.114613,0.701196,-0.262060,-0.242106,0.567830,-0.277802,-0.378974,0.446634,-0.247801,0.164972,0.701235,-0.213276,0.277332,0.558472,-0.218827,0.417253,0.439900
-0.121852,0.004426,0.454632,-0.083657,-0.110996,0.335258,-0.143484,-0.089899,0.035758,0.133867,-0.120247,0.187306,-0.064886,0.119919,0.372139,-0.323645,0.239490,0.260075,-0.036030,0.196803,0.132513,-0.152473,0.006813,0.499222,-0.300246,-0.120375,0.692018,-0.287182,-0.247283,0.558194,-0.302171,-0.383635,0.436321,-0.273100,0.159130,0.692871,-0.238728,0.271857,0.550361,-0.243483,0.411758,0.431729
-0.148563,-0.000910,0.443067,-0.111184,-0.114950,0.322001,-0.169593,-0.091452,0.022399,0.107946,-0.123127,0.173336,-0.090188,0.115293,0.361144,-0.342916,0.239803,0.240916,-0.047437,0.194351,0.133918,-0.179135,0.001249,0.487700,-0.326946,-0.125969,0.680416,-0.313009,-0.252514,0.546335,-0.327470,-0.388587,0.424088,-0.299067,0.153465,0.681880,-0.265279,0.266803,0.539714,-0.269599,0.406839,0.421225
-0.177718,-0.006336,0.426641,-0.141201,-0.118335,0.303238,-0.198087,-0.091055,0.003665,0.078957,-0.126892,0.154575,-0.118393,0.111079,0.345468,-0.364573,0.240851,0.217386,-0.061973,0.191915,0.134478,-0.208074,-0.004573,0.471435,-0.354986,-0.131768,0.664814,-0.340493,-0.258384,0.530859,-0.354872,-0.394650,0.408819,-0.326641,0.147622,0.666487,-0.294294,0.262060,0.524868,-0.298888,0.402550,0.406928
-0.208196,-0.011494,0.424918,-0.172081,-0.121386,0.299424,-0.227840,-0.090404,-0.000000,0.048715,-0.130332,0.150777,-0.147869,0.107165,0.344886,-0.388080,0.241848,0.210548,-0.079502,0.189102,0.157232,-0.238493,-0.010113,0.469757,-0.385165,-0.136865,0.663574,-0.369384,-0.263258,0.529554,-0.382938,-0.399462,0.407351,-0.356343,0.142484,0.664950,-0.324876,0.257914,0.523938,-0.328778,0.398493,0.406080
-0.208964,-0.017313,0.426637,-0.173013,-0.125049,0.299192,-0.227840,-0.090404,-0.000000,0.048220,-0.134380,0.150555,-0.147600,0.102593,0.347963,-0.382119,0.242043,0.208349,-0.070604,0.184064,0.187228,-0.239282,-0.016303,0.471460,-0.386064,-0.142392,0.665592,-0.368614,-0.268418,0.531434,-0.380956,-0.404436,0.408895,-0.356749,0.136912,0.666417,-0.325865,0.253277,0.526043,-0.328586,0.393750,0.408026
-0.209270,-0.020595,0.426944,-0.173474,-0.127728,0.298955,-0.227840,-0.090404,0.000000,0.047558,-0.136122,0.151240,-0.145931,0.099621,0.346695,-0.364453,0.242632,0.186143,-0.052943,0.182225,0.198709,-0.239630,-0.019696,0.471739,-0.386482,-0.146018,0.665643,-0.367634,-0.271838,0.531481,-0.379098,-0.407844,0.408843,-0.357346,0.133304,0.666743,-0.327410,0.250416,0.526786,-0.330382,0.391148,0.409083
-0.210356,-0.023822,0.427409,-0.174539,-0.130291,0.298815,-0.227840,-0.090404,0.000000,0.046918,-0.137907,0.151845,-0.144994,0.096783,0.345445,-0.344315,0.242413,0.163541,-0.035969,0.181640,0.208946,-0.240705,-0.023077,0.472212,-0.387370,-0.149573,0.666118,-0.367299,-0.275228,0.531980,-0.377619,-0.411144,0.409140,-0.358395,0.129765,0.667375,-0.329343,0.247595,0.527833,-0.332411,0.388527,0.410373
-0.212978,-0.026958,0.428201,-0.176793,-0.132640,0.298885,-0.227840,-0.090404,0.000000,0.046336,-0.139770,0.152289,-0.145644,0.094240,0.344186,-0.320600,0.240983,0.139426,-0.017741,0.184149,0.215992,-0.243203,-0.026448,0.473084,-0.389167,-0.153006,0.667456,-0.368221,-0.278582,0.533378,-0.376862,-0.414247,0.410132,-0.360320,0.126351,0.668634,-0.332027,0.244841,0.529494,-0.334885,0.385861,0.412134
-0.217024,-0.030041,0.429014,-0.180236,-0.135160,0.299085,-0.227840,-0.090404,-0.000000,0.045283,-0.142533,0.153239,-0.149050,0.091842,0.342943,-0.304287,0.236418,0.121373,-0.007122,0.185332,0.220770,-0.246914,-0.029820,0.474115,-0.391124,-0.156669,0.669568,-0.368829,-0.281786,0.535278,-0.375617,-0.417032,0.411456,-0.362574,0.122731,0.670712,-0.335106,0.241821,0.531918,-0.337762,0.382868,0.414586
-0.221748,-0.033186,0.429767,-0.184244,-0.137844,0.299280,-0.227840,-0.090404,-0.000000,0.044001,-0.145750,0.154361,-0.153814,0.089429,0.341681,-0.291553,0.230338,0.106565,-0.000166,0.185880,0.224433,-0.251192,-0.033276,0.475155,-0.393096,-0.160512,0.671996,-0.369225,-0.284977,0.537372,-0.374080,-0.419713,0.412906,-0.364926,0.118943,0.673108,-0.338323,0.238589,0.534623,-0.340790,0.379617,0.417263
-0.224734,-0.034398,0.430149,-0.186531,-0.138930,0.299429,-0.227840,-0.090404,0.000000,0.042724,-0.149356,0.155245,-0.157538,0.088824,0.339740,-0.280059,0.222062,0.092095,0.007157,0.186444,0.222448,-0.253658,-0.034916,0.475872,-0.391393,-0.164961,0.673839,-0.367310,-0.288735,0.538616,-0.372441,-0.423458,0.414147,-0.367330,0.114889,0.675628,-0.341634,0.235058,0.537423,-0.344093,0.375667,0.419562
-0.227839,-0.036040,0.430582,-0.188955,-0.140332,0.299525,-0.227840,-0.090404,0.000000,0.041472,-0.153681,0.155702,-0.161522,0.087845,0.338124,-0.268952,0.214425,0.080227,0.014137,0.186440,0.220981,-0.256212,-0.037005,0.476647,-0.389550,-0.169873,0.675747,-0.365213,-0.292844,0.539839,-0.370515,-0.427485,0.415290,-0.369705,0.110318,0.678272,-0.344795,0.231214,0.540555,-0.347000,0.371509,0.422316
-0.231221,-0.038435,0.431140,-0.191694,-0.142276,0.299544,-0.227840,-0.090404,0.000000,0.040247,-0.159440,0.155358,-0.166127,0.086265,0.336997,-0.260007,0.208325,0.071780,0.020001,0.185583,0.219430,-0.258987,-0.039895,0.477564,-0.387534,-0.175677,0.677848,-0.362831,-0.297614,0.541078,-0.368090,-0.432018,0.416270,-0.372147,0.104805,0.681187,-0.347789,0.226829,0.544367,-0.349269,0.367014,0.425985
-0.234547,-0.040898,0.431449,-0.194018,-0.144284,0.299473,-0.227840,-0.090404,0.000000,0.038616,-0.165586,0.155295,-0.171021,0.084676,0.335832,-0.253318,0.201016,0.064327,0.024266,0.183734,0.217142,-0.261764,-0.042832,0.478182,-0.386096,-0.181005,0.679487,-0.361002,-0.301917,0.541881,-0.366022,-0.435990,0.416707,-0.374403,0.099663,0.683571,-0.350183,0.222387,0.547351,-0.350786,0.362353,0.428704
-0.237749,-0.043491,0.431607,-0.196043,-0.146400,0.299325,-0.227840,-0.090404,0.000000,0.036781,-0.171915,0.155217,-0.175972,0.082973,0.334653,-0.247482,0.193148,0.057636,0.027954,0.181175,0.214716,-0.264438,-0.045882,0.478623,-0.384829,-0.186156,0.680865,-0.359354,-0.306051,0.542442,-0.364051,-0.439745,0.416851,-0.376440,0.094636,0.685653,-0.352146,0.217845,0.549883,-0.351788,0.357540,0.430915
-0.239845,-0.038333,0.432903,-0.194637,-0.139566,0.300366,-0.227840,-0.090404,0.000000,0.040584,-0.155664,0.156378,-0.182089,0.090359,0.335476,-0.246848,0.194156,0.054460,0.027431,0.187131,0.213777,-0.266211,-0.041815,0.480033,-0.382203,-0.186927,0.681457,-0.356493,-0.305647,0.542067,-0.361888,-0.439459,0.416611,-0.380207,0.093927,0.689096,-0.356440,0.217842,0.553875,-0.355931,0.357223,0.434540
-0.242158,-0.034880,0.433681,-0.194348,-0.134974,0.301052,-0.227840,-0.090404,0.000000,0.042081,-0.146454,0.157369,-0.187699,0.095285,0.335513,-0.246044,0.194686,0.051579,0.026858,0.191519,0.213282,-0.268153,-0.039138,0.480955,-0.379980,-0.187848,0.682133,-0.354253,-0.305598,0.541925,-0.360295,-0.439584,0.416671,-0.383470,0.092937,0.691606,-0.361232,0.217603,0.556815,-0.361839,0.356971,0.437463
-0.244142,-0.034654,0.433577,-0.195417,-0.134901,0.301202,-0.227840,-0.090404,0.000000,0.040448,-0.151571,0.158228,-0.191417,0.095650,0.334053,-0.244696,0.193736,0.048681,0.026616,0.193199,0.212961,-0.269738,-0.039076,0.481057,-0.378139,-0.189101,0.683149,-0.352760,-0.306235,0.542362,-0.359379,-0.440380,0.417305,-0.385344,0.091612,0.692425,-0.366619,0.217040,0.557807,-0.370926,0.356874,0.439074
-0.246849,-0.033784,0.433709,-0.197407,-0.134264,0.301524,-0.227840,-0.090404,-0.000000,0.039701,-0.155084,0.158094,-0.195855,0.096538,0.332762,-0.244676,0.193753,0.046307,0.025694,0.195661,0.212006,-0.271979,-0.038293,0.481431,-0.377089,-0.189078,0.684708,-0.352817,-0.307156,0.544516,-0.360980,-0.442813,0.421186,-0.387001,0.091563,0.693622,-0.370598,0.217833,0.559487,-0.377006,0.358111,0.441376
-0.249921,-0.032644,0.433932,-0.199859,-0.133394,0.301909,-0.227840,-0.090404,-0.000000,0.039402,-0.157833,0.157460,-0.200664,0.097621,0.331544,-0.245344,0.194228,0.044218,0.024405,0.198499,0.210753,-0.274552,-0.037198,0.481912,-0.376437,-0.188446,0.686495,-0.353598,-0.308251,0.547530,-0.363714,-0.446074,0.426768,-0.388547,0.092123,0.694965,-0.373872,0.219279,0.561467,-0.381580,0.360002,0.443968
-0.251065,-0.031547,0.432831,-0.200239,-0.133520,0.301951,-0.227840,-0.090404,0.000000,0.038166,-0.162236,0.157596,-0.203127,0.097846,0.328569,-0.247048,0.193427,0.040779,0.022165,0.200581,0.207949,-0.275489,-0.035863,0.480943,-0.375573,-0.187042,0.686483,-0.353553,-0.307751,0.548169,-0.364295,-0.446619,0.428673,-0.389402,0.093478,0.693999,-0.374568,0.220904,0.560774,-0.381618,0.361529,0.443118
-0.251931,-0.029784,0.431463,-0.200318,-0.133259,0.302018,-0.227840,-0.090404,0.000000,0.037153,-0.165589,0.157730,-0.205130,0.098448,0.325160,-0.248371,0.193403,0.037063,0.020360,0.201394,0.204905,-0.276217,-0.033762,0.479679,-0.374813,-0.184590,0.686212,-0.353394,-0.306081,0.548489,-0.364602,-0.445893,0.430150,-0.390275,0.095878,0.692449,-0.375216,0.223526,0.559460,-0.381705,0.364096,0.441705
-0.252318,-0.026638,0.429565,-0.199887,-0.132182,0.302143,-0.227840,-0.090404,-0.000000,0.036632,-0.166918,0.157961,-0.206283,0.099884,0.320880,-0.248984,0.194977,0.032770,0.019385,0.199684,0.201386,-0.276598,-0.030083,0.477830,-0.374338,-0.180023,0.685432,-0.353106,-0.302036,0.548141,-0.364487,-0.442592,0.430710,-0.391272,0.100398,0.689731,-0.375853,0.228165,0.556896,-0.381980,0.368760,0.439152
-0.253252,-0.023903,0.428090,-0.200518,-0.131377,0.302328,-0.227840,-0.090404,0.000000,0.035789,-0.169412,0.158134,-0.208136,0.100939,0.317120,-0.251986,0.188808,0.026938,0.014656,0.190943,0.198206,-0.277358,-0.026876,0.476479,-0.373390,-0.176545,0.685081,-0.352266,-0.298172,0.547430,-0.363321,-0.438576,0.429798,-0.391878,0.103797,0.688318,-0.376002,0.231436,0.555414,-0.381557,0.371819,0.437389
-0.254463,-0.021387,0.426811,-0.201675,-0.130716,0.302537,-0.227840,-0.090404,-0.000000,0.034765,-0.172450,0.158280,-0.210350,0.101772,0.313617,-0.256188,0.178626,0.020678,0.007773,0.179028,0.195838,-0.278308,-0.023916,0.475356,-0.372203,-0.173612,0.684916,-0.351180,-0.294393,0.546507,-0.361697,-0.434184,0.428114,-0.392270,0.106634,0.687543,-0.375876,0.234028,0.554464,-0.380742,0.374088,0.436025
-0.252751,-0.018014,0.424961,-0.199941,-0.129313,0.302571,-0.227840,-0.090404,0.000000,0.034293,-0.173203,0.158640,-0.208610,0.103322,0.309961,-0.256007,0.178727,0.016893,0.007126,0.178277,0.193265,-0.276686,-0.019980,0.473489,-0.370426,-0.168798,0.683738,-0.348198,-0.288012,0.544162,-0.357549,-0.426796,0.424492,-0.391270,0.111404,0.684818,-0.374574,0.238454,0.551446,-0.378900,0.378038,0.432427
-0.251865,-0.014564,0.423415,-0.199117,-0.127639,0.302709,-0.227840,-0.090404,0.000000,0.033946,-0.173822,0.158862,-0.207601,0.105084,0.306876,-0.257040,0.176947,0.013268,0.005298,0.174772,0.190716,-0.275887,-0.016027,0.471917,-0.369532,-0.164250,0.682620,-0.346135,-0.282294,0.542242,-0.354383,-0.420400,0.421710,-0.391002,0.115912,0.682603,-0.373943,0.242701,0.549029,-0.377723,0.381934,0.429581
-0.252603,-0.010904,0.422532,-0.200084,-0.125407,0.303066,-0.227840,-0.090404,-0.000000,0.033888,-0.174138,0.158770,-0.208034,0.107370,0.304954,-0.260588,0.171478,0.010130,0.000912,0.166073,0.188509,-0.276706,-0.011985,0.471001,-0.370377,-0.160181,0.681698,-0.345861,-0.277883,0.541222,-0.353119,-0.415995,0.420634,-0.392169,0.119961,0.681488,-0.374618,0.246654,0.547886,-0.377840,0.385789,0.428307
-0.252033,-0.007099,0.421261,-0.199656,-0.123113,0.303281,-0.227840,-0.090404,-0.000000,0.033775,-0.173551,0.159231,-0.207048,0.109691,0.302582,-0.262081,0.169246,0.007264,-0.001102,0.163803,0.186309,-0.276294,-0.007701,0.469657,-0.370848,-0.154900,0.680636,-0.344786,-0.272307,0.540189,-0.350316,-0.410180,0.419235,-0.392000,0.125294,0.679345,-0.373616,0.251784,0.545662,-0.376415,0.391042,0.426209
-0.250806,-0.003248,0.419772,-0.198535,-0.120802,0.303410,-0.227840,-0.090404,0.000000,0.033633,-0.172522,0.159958,-0.205347,0.111997,0.299973,-0.262510,0.168621,0.004478,-0.001819,0.164610,0.183964,-0.275261,-0.003323,0.468071,-0.371132,-0.149037,0.679460,-0.343291,-0.266177,0.539129,-0.346696,-0.403690,0.417688,-0.391163,0.131236,0.676649,-0.371770,0.257465,0.542862,-0.374211,0.396957,0.423666
-0.249016,-0.000107,0.418864,-0.197412,-0.118802,0.303488,-0.227840,-0.090404,-0.000000,0.033619,-0.172117,0.160157,-0.202867,0.114008,0.298502,-0.263143,0.168235,0.003169,-0.002526,0.164875,0.182786,-0.273612,0.000250,0.467089,-0.370816,-0.144103,0.678779,-0.341598,-0.260996,0.538520,-0.343337,-0.398154,0.416645,-0.389328,0.136265,0.674828,-0.369313,0.262233,0.540886,-0.371305,0.401719,0.421677
-0.246979,0.002838,0.417891,-0.195824,-0.116856,0.303497,-0.227840,-0.090404,-0.000000,0.033882,-0.171682,0.159927,-0.200332,0.115939,0.297006,-0.263528,0.167478,0.001796,-0.002978,0.165138,0.181537,-0.271724,0.003568,0.466035,-0.370248,-0.139596,0.677902,-0.339795,-0.256323,0.537766,-0.340010,-0.393206,0.415568,-0.387364,0.140850,0.672985,-0.366575,0.266406,0.538774,-0.368075,0.405806,0.419458
-0.244486,0.005442,0.416809,-0.193330,-0.114984,0.303383,-0.227840,-0.090404,0.000000,0.034683,-0.171179,0.158861,-0.197718,0.117768,0.295459,-0.263419,0.165947,0.000228,-0.002942,0.165407,0.180094,-0.269401,0.006429,0.464859,-0.369230,-0.135904,0.676662,-0.337841,-0.252616,0.536716,-0.336849,-0.389366,0.414375,-0.385196,0.144600,0.671130,-0.363336,0.269441,0.536424,-0.364262,0.408600,0.416811
-0.242657,0.008431,0.416972,-0.192027,-0.112873,0.304337,-0.227840,-0.090404,0.000943,0.034920,-0.170621,0.159668,-0.195707,0.119842,0.295025,-0.264012,0.165614,0.000000,-0.003398,0.165851,0.179666,-0.267596,0.009750,0.465000,-0.368274,-0.131474,0.677127,-0.336212,-0.248261,0.537394,-0.334361,-0.385000,0.415050,-0.382731,0.149100,0.670851,-0.360326,0.273557,0.535879,-0.361019,0.412706,0.416250
-0.240204,0.011323,0.417295,-0.190365,-0.110929,0.305366,-0.226897,-0.090686,0.001904,0.035826,-0.170310,0.160948,-0.193045,0.121745,0.294690,-0.264012,0.165614,0.000000,-0.003152,0.166106,0.179302,-0.265091,0.013013,0.465337,-0.366389,-0.126961,0.677979,-0.333781,-0.243873,0.538476,-0.331242,-0.380668,0.416206,-0.379156,0.153680,0.670891,-0.356464,0.277920,0.535767,-0.357087,0.417177,0.416262
-0.238532,0.014155,0.417450,-0.189057,-0.108829,0.306243,-0.226224,-0.091162,0.002701,0.036733,-0.169536,0.161944,-0.190964,0.123802,0.294482,-0.264012,0.165614,-0.000000,-0.003018,0.166671,0.179105,-0.263518,0.016155,0.465429,-0.365811,-0.122604,0.678382,-0.332573,-0.239552,0.539056,-0.329248,-0.376318,0.416772,-0.377460,0.158057,0.670203,-0.354323,0.282174,0.535042,-0.354807,0.421581,0.415707
-0.236657,0.016869,0.417464,-0.187621,-0.106791,0.306899,-0.225618,-0.091540,0.003331,0.037445,-0.168910,0.162848,-0.188697,0.125798,0.294190,-0.264012,0.165614,0.000000,-0.003075,0.167096,0.179197,-0.261725,0.019166,0.465385,-0.364912,-0.118414,0.678664,-0.331136,-0.235412,0.539508,-0.327144,-0.372178,0.417244,-0.375511,0.162257,0.669419,-0.351954,0.286350,0.534309,-0.352310,0.425984,0.415237
-0.234383,0.019366,0.417229,-0.185928,-0.104864,0.307144,-0.225137,-0.091716,0.003633,0.037774,-0.168557,0.163608,-0.186067,0.127692,0.293756,-0.264012,0.165614,0.000000,-0.003519,0.167258,0.179878,-0.259504,0.021928,0.465110,-0.363382,-0.114548,0.678756,-0.329262,-0.231618,0.539743,-0.324846,-0.368440,0.417557,-0.373070,0.166122,0.668488,-0.349145,0.290389,0.533602,-0.349401,0.430406,0.414980
-0.231748,0.021510,0.417007,-0.183792,-0.103492,0.307774,-0.225484,-0.092453,0.004515,0.038154,-0.168010,0.163881,-0.183154,0.128989,0.293138,-0.264012,0.165614,0.000000,-0.003922,0.167391,0.180488,-0.256966,0.024373,0.464818,-0.361183,-0.111257,0.678813,-0.324663,-0.227974,0.540112,-0.318087,-0.364853,0.418087,-0.370859,0.169378,0.667431,-0.346564,0.293785,0.532739,-0.346702,0.434047,0.414409
-0.228947,0.023459,0.416766,-0.181449,-0.102407,0.308578,-0.226260,-0.093462,0.005702,0.038538,-0.167388,0.163899,-0.180111,0.129970,0.292410,-0.264012,0.165614,0.000000,-0.004306,0.167476,0.181065,-0.254282,0.026640,0.464491,-0.358660,-0.108270,0.678832,-0.318716,-0.224398,0.540578,-0.309104,-0.361321,0.418804,-0.368773,0.172310,0.666283,-0.344114,0.296839,0.531771,-0.344134,0.437278,0.413650
-0.226515,0.024582,0.416385,-0.179448,-0.101946,0.308917,-0.225902,-0.095305,0.006233,0.039384,-0.167962,0.164170,-0.177479,0.130352,0.291690,-0.264012,0.165614,0.000000,-0.004243,0.166567,0.180991,-0.251915,0.028029,0.464055,-0.356582,-0.106074,0.678735,-0.314012,-0.222327,0.541370,-0.301738,-0.359549,0.420174,-0.366490,0.174476,0.665233,-0.341428,0.299056,0.530842,-0.341226,0.439642,0.412899
-0.224195,0.025552,0.415958,-0.177639,-0.101650,0.309175,-0.225403,-0.097619,0.006655,0.040294,-0.168334,0.164737,-0.174892,0.130567,0.290940,-0.264012,0.165614,-0.000000,-0.004117,0.165770,0.180815,-0.249648,0.029279,0.463577,-0.354859,-0.103913,0.678542,-0.310803,-0.220598,0.542012,-0.297164,-0.358357,0.421570,-0.364082,0.176621,0.664182,-0.338705,0.301144,0.529797,-0.338404,0.441853,0.412002
-0.222087,0.026236,0.415473,-0.176202,-0.101665,0.309302,-0.224614,-0.100873,0.006871,0.041340,-0.168284,0.165891,-0.172386,0.130468,0.290158,-0.264012,0.165614,0.000000,-0.003853,0.165200,0.180425,-0.247572,0.030271,0.463049,-0.353833,-0.101803,0.678189,-0.310563,-0.219542,0.542313,-0.298157,-0.358318,0.422901,-0.361416,0.178744,0.663164,-0.335893,0.302997,0.528559,-0.335732,0.443786,0.410853
-0.219875,0.027260,0.414895,-0.174549,-0.101202,0.309249,-0.223921,-0.103385,0.006989,0.042453,-0.168012,0.166402,-0.169837,0.130859,0.289394,-0.264012,0.165614,0.000000,-0.003522,0.164929,0.179931,-0.245410,0.031554,0.462420,-0.352664,-0.099513,0.677688,-0.310363,-0.218149,0.542287,-0.299190,-0.357710,0.423666,-0.358926,0.181024,0.661996,-0.333913,0.305178,0.527203,-0.334706,0.446230,0.409807
-0.217610,0.028440,0.414252,-0.172789,-0.100512,0.309088,-0.223281,-0.105529,0.007055,0.043599,-0.167636,0.166572,-0.167265,0.131482,0.288624,-0.264012,0.165614,0.000000,-0.003155,0.164805,0.179381,-0.243203,0.032968,0.461723,-0.351421,-0.097146,0.677094,-0.310179,-0.216594,0.542080,-0.300240,-0.356819,0.424130,-0.356519,0.183370,0.660734,-0.332342,0.307513,0.525779,-0.334488,0.448922,0.408820
-0.214951,0.029808,0.413568,-0.170664,-0.099511,0.308738,-0.222832,-0.107050,0.007047,0.044349,-0.166999,0.166832,-0.164540,0.132429,0.287811,-0.264012,0.165614,0.000000,-0.003174,0.164962,0.179414,-0.240542,0.034517,0.461023,-0.349293,-0.094852,0.676581,-0.309085,-0.214776,0.541676,-0.300236,-0.355367,0.424075,-0.353518,0.185641,0.659699,-0.330180,0.309502,0.524340,-0.333340,0.450832,0.407307
-0.212498,0.031186,0.412768,-0.168746,-0.098321,0.307991,-0.221811,-0.108350,0.006531,0.045182,-0.166484,0.167230,-0.161988,0.133605,0.287051,-0.264012,0.165614,0.000000,-0.003137,0.165124,0.179362,-0.238064,0.036020,0.460224,-0.347254,-0.092680,0.675967,-0.308081,-0.213123,0.541219,-0.300281,-0.354090,0.423996,-0.350593,0.187793,0.658679,-0.328045,0.311291,0.522855,-0.332081,0.452437,0.405629
-0.210451,0.032617,0.411773,-0.167232,-0.096723,0.306485,-0.219627,-0.109205,0.004997,0.046179,-0.166214,0.167955,-0.159776,0.135267,0.286431,-0.264012,0.165614,0.000000,-0.002988,0.165321,0.179144,-0.235951,0.037465,0.459266,-0.345387,-0.090724,0.675192,-0.307251,-0.211776,0.540692,-0.300419,-0.353150,0.423906,-0.347815,0.189742,0.657729,-0.325963,0.312709,0.521311,-0.330612,0.453454,0.403636
-0.208446,0.034132,0.410685,-0.165531,-0.094963,0.304972,-0.218053,-0.109975,0.003619,0.047348,-0.165549,0.167662,-0.157601,0.137092,0.285813,-0.264012,0.165614,-0.000000,-0.002580,0.165874,0.178529,-0.233960,0.038953,0.458176,-0.343870,-0.088894,0.674070,-0.306632,-0.210526,0.539840,-0.300710,-0.352332,0.423534,-0.345632,0.191565,0.656510,-0.324436,0.314113,0.519614,-0.329640,0.454493,0.401535
-0.206468,0.035690,0.409535,-0.163741,-0.093120,0.303441,-0.216783,-0.110695,0.002316,0.048608,-0.164679,0.166852,-0.155450,0.139000,0.285181,-0.264012,0.165614,0.000000,-0.002048,0.166616,0.177715,-0.232037,0.040465,0.457003,-0.342536,-0.087123,0.672757,-0.306125,-0.209318,0.538811,-0.301087,-0.351565,0.423009,-0.343750,0.193329,0.655141,-0.323190,0.315516,0.517826,-0.328922,0.455546,0.399367
-0.205141,0.036512,0.409163,-0.162577,-0.092488,0.303345,-0.217197,-0.112753,0.002675,0.049108,-0.164164,0.166543,-0.154128,0.139598,0.284729,-0.264012,0.165614,0.000000,-0.002259,0.166719,0.178040,-0.230742,0.041389,0.456604,-0.341720,-0.085638,0.672450,-0.306115,-0.208182,0.538607,-0.301826,-0.350654,0.423052,-0.342414,0.194780,0.654377,-0.322535,0.316813,0.516826,-0.328924,0.456733,0.398278
-0.203618,0.037297,0.408707,-0.161176,-0.091859,0.303136,-0.217305,-0.114685,0.002930,0.049744,-0.163744,0.166298,-0.152665,0.140200,0.284214,-0.264012,0.165614,-0.000000,-0.002365,0.166776,0.178204,-0.229250,0.042254,0.456124,-0.340681,-0.084355,0.671992,-0.305934,-0.207257,0.538252,-0.302464,-0.349975,0.422974,-0.340890,0.196039,0.653626,-0.321625,0.317917,0.515851,-0.328590,0.457713,0.397198
-0.201706,0.038015,0.408088,-0.159297,-0.091231,0.302706,-0.216801,-0.116372,0.002945,0.050660,-0.163513,0.166201,-0.150921,0.140818,0.283577,-0.264012,0.165614,-0.000000,-0.002259,0.166742,0.178045,-0.227364,0.043004,0.455487,-0.339193,-0.083468,0.671238,-0.305414,-0.206753,0.537600,-0.302899,-0.349763,0.422661,-0.338990,0.196921,0.652909,-0.320209,0.318640,0.514927,-0.327591,0.458284,0.396127
-0.200275,0.039105,0.407661,-0.157702,-0.090016,0.302274,-0.216495,-0.117246,0.002940,0.051605,-0.163299,0.165486,-0.149798,0.142055,0.283223,-0.264012,0.165614,0.000000,-0.002091,0.166962,0.177790,-0.225951,0.044040,0.455056,-0.337885,-0.082534,0.670700,-0.304682,-0.206111,0.537187,-0.302694,-0.349382,0.422564,-0.337687,0.197860,0.652500,-0.319115,0.319118,0.514084,-0.326605,0.458295,0.394746
-0.199090,0.040388,0.407328,-0.156253,-0.088502,0.301838,-0.216283,-0.117712,0.002929,0.052560,-0.163092,0.164478,-0.148989,0.143607,0.283009,-0.264012,0.165614,-0.000000,-0.001896,0.167317,0.177492,-0.224778,0.045224,0.454728,-0.336671,-0.081570,0.670269,-0.303847,-0.205396,0.536893,-0.302171,-0.348914,0.422574,-0.336686,0.198833,0.652242,-0.318184,0.319477,0.513282,-0.325630,0.458025,0.393211
-0.198479,0.041374,0.407159,-0.155417,-0.087218,0.301417,-0.216074,-0.118569,0.002844,0.052988,-0.162936,0.164321,-0.148719,0.144940,0.282989,-0.264012,0.165614,-0.000000,-0.002193,0.167585,0.177949,-0.224148,0.046075,0.454584,-0.335791,-0.081164,0.670002,-0.303678,-0.205103,0.536557,-0.302797,-0.348842,0.422507,-0.336233,0.199256,0.652348,-0.318617,0.319434,0.512870,-0.327045,0.457581,0.392403
-0.197920,0.042207,0.407015,-0.154668,-0.086070,0.300968,-0.215766,-0.119641,0.002718,0.053535,-0.162874,0.164112,-0.148526,0.146137,0.282985,-0.264012,0.165614,0.000000,-0.002367,0.167764,0.178217,-0.223546,0.046785,0.454477,-0.334810,-0.080742,0.669929,-0.303343,-0.204802,0.536442,-0.303051,-0.348704,0.422595,-0.335691,0.199682,0.652437,-0.318746,0.319112,0.512237,-0.327924,0.456616,0.391090
-0.197454,0.042733,0.406925,-0.154087,-0.085200,0.300465,-0.215269,-0.121140,0.002502,0.054321,-0.163011,0.163782,-0.148478,0.147061,0.283018,-0.264012,0.165614,0.000000,-0.002288,0.167750,0.178100,-0.222988,0.047206,0.454448,-0.333619,-0.080293,0.670248,-0.302669,-0.204491,0.536768,-0.302563,-0.348440,0.422979,-0.334968,0.200110,0.652497,-0.318260,0.318228,0.511161,-0.327713,0.454602,0.388766
-0.197280,0.043324,0.407006,-0.154056,-0.084173,0.299843,-0.214834,-0.122408,0.002076,0.055050,-0.163269,0.163142,-0.148798,0.148156,0.283206,-0.264012,0.165614,0.000000,-0.002073,0.167698,0.177777,-0.222609,0.047631,0.454655,-0.332084,-0.080340,0.670769,-0.301853,-0.204119,0.536736,-0.302024,-0.347617,0.422380,-0.333973,0.200081,0.653406,-0.317919,0.316667,0.510729,-0.327796,0.451572,0.386749
-0.197257,0.043944,0.407166,-0.154308,-0.083070,0.299159,-0.214433,-0.123558,0.001549,0.055741,-0.163605,0.162360,-0.149305,0.149331,0.283471,-0.264012,0.165614,-0.000000,-0.001796,0.167606,0.177357,-0.222323,0.048053,0.454972,-0.330380,-0.080642,0.671376,-0.300975,-0.203720,0.536515,-0.301478,-0.346513,0.421281,-0.332843,0.199815,0.654726,-0.317671,0.314749,0.510621,-0.328065,0.447998,0.384905
-0.198123,0.045081,0.407803,-0.155234,-0.081476,0.299021,-0.213781,-0.124186,0.001398,0.056235,-0.163606,0.162655,-0.150717,0.150987,0.284116,-0.264012,0.165614,0.000000,-0.001714,0.167906,0.177232,-0.222930,0.048982,0.455762,-0.329631,-0.080545,0.672346,-0.300934,-0.202715,0.536511,-0.301713,-0.344636,0.420206,-0.332532,0.199961,0.656606,-0.317407,0.313001,0.511006,-0.327549,0.444429,0.383366
-0.198965,0.046228,0.408360,-0.156287,-0.079839,0.298707,-0.213264,-0.124765,0.001097,0.056784,-0.163538,0.162497,-0.152070,0.152687,0.284723,-0.264012,0.165614,-0.000000,-0.001559,0.168239,0.176990,-0.223484,0.049926,0.456483,-0.328793,-0.080330,0.673317,-0.301058,-0.201186,0.536113,-0.302125,-0.341738,0.418160,-0.331987,0.200218,0.658433,-0.317122,0.311116,0.511170,-0.327262,0.440538,0.381498
-0.199741,0.047414,0.408773,-0.157575,-0.078098,0.298056,-0.213023,-0.125247,0.000496,0.057457,-0.163305,0.161410,-0.153287,0.154495,0.285266,-0.264012,0.165614,0.000000,-0.001246,0.168677,0.176501,-0.223915,0.050917,0.457085,-0.327768,-0.079867,0.674318,-0.301510,-0.198580,0.534970,-0.302904,-0.336742,0.414229,-0.330967,0.200714,0.660182,-0.316799,0.308986,0.510910,-0.327444,0.436057,0.378972
-0.201118,0.048936,0.409521,-0.159242,-0.076008,0.297820,-0.212979,-0.125428,0.000307,0.057513,-0.162577,0.161467,-0.155208,0.156644,0.286070,-0.264012,0.165614,0.000000,-0.001425,0.169424,0.176742,-0.224955,0.052244,0.458017,-0.327269,-0.078912,0.675770,-0.302610,-0.195482,0.534337,-0.304617,-0.331319,0.410995,-0.330686,0.201683,0.662067,-0.317011,0.307224,0.510808,-0.327917,0.431782,0.376516
-0.202817,0.050607,0.410413,-0.161125,-0.073760,0.297769,-0.213046,-0.125461,0.000313,0.057236,-0.161621,0.162093,-0.157503,0.158944,0.286986,-0.264012,0.165614,0.000000,-0.001858,0.170287,0.177357,-0.226320,0.053722,0.459085,-0.327051,-0.077729,0.677417,-0.304080,-0.192146,0.533957,-0.306877,-0.325671,0.408130,-0.330797,0.202871,0.663988,-0.317520,0.305610,0.510778,-0.328574,0.427546,0.374113
-0.203886,0.052073,0.411166,-0.162390,-0.071481,0.297360,-0.213010,-0.125057,0.000000,0.057420,-0.160681,0.161697,-0.159333,0.161288,0.287958,-0.264012,0.165614,0.000264,-0.001956,0.171186,0.177748,-0.227034,0.054925,0.460026,-0.325978,-0.076901,0.678970,-0.304643,-0.188089,0.532747,-0.307427,-0.317893,0.403084,-0.330313,0.203696,0.665810,-0.317905,0.303707,0.510734,-0.329516,0.422988,0.371791
-0.204949,0.052941,0.412156,-0.163630,-0.069855,0.297282,-0.213010,-0.125057,-0.000000,0.057469,-0.160424,0.161707,-0.161130,0.162968,0.289152,-0.264116,0.165084,0.000830,-0.002126,0.171424,0.178393,-0.227764,0.055553,0.461187,-0.325098,-0.076537,0.680714,-0.305370,-0.184483,0.531860,-0.308178,-0.310475,0.398491,-0.329860,0.204057,0.667756,-0.318201,0.301082,0.510738,-0.330231,0.417461,0.369390
-0.205914,0.053453,0.413016,-0.164721,-0.068700,0.297256,-0.213010,-0.125057,0.000000,0.057344,-0.160666,0.161876,-0.162776,0.164161,0.290171,-0.264387,0.164302,0.001361,-0.002378,0.171238,0.178874,-0.228439,0.055876,0.462192,-0.324524,-0.076255,0.682262,-0.306249,-0.180987,0.530948,-0.309022,-0.303121,0.394036,-0.329377,0.204334,0.669366,-0.318213,0.297880,0.510216,-0.330361,0.410901,0.366179
-0.206099,0.054410,0.413133,-0.164732,-0.067398,0.297020,-0.213010,-0.125057,-0.000000,0.057672,-0.160485,0.161391,-0.163618,0.165474,0.290235,-0.264018,0.164151,0.001011,-0.002088,0.171356,0.178636,-0.228461,0.056701,0.462390,-0.323706,-0.075649,0.682714,-0.306449,-0.176437,0.528628,-0.308982,-0.294145,0.387888,-0.328930,0.204933,0.669956,-0.317933,0.294946,0.508770,-0.329897,0.404477,0.362047
-0.205903,0.055594,0.412876,-0.164209,-0.066017,0.296675,-0.213010,-0.125057,0.000000,0.058223,-0.160083,0.160580,-0.164066,0.166851,0.289819,-0.263340,0.164328,0.000219,-0.001537,0.171639,0.178037,-0.228165,0.057784,0.462184,-0.322775,-0.074872,0.682618,-0.306357,-0.171306,0.525682,-0.308594,-0.284222,0.381065,-0.328506,0.205701,0.670039,-0.317506,0.292132,0.506905,-0.329127,0.398074,0.357543
-0.206514,0.056535,0.413170,-0.164439,-0.064832,0.296820,-0.213010,-0.125057,0.000334,0.058390,-0.159849,0.160694,-0.165190,0.168034,0.290046,-0.263141,0.165380,-0.000000,-0.001374,0.171816,0.177909,-0.228702,0.058623,0.462516,-0.322577,-0.074278,0.683125,-0.306087,-0.166810,0.523866,-0.307400,-0.275557,0.376077,-0.329108,0.206278,0.670512,-0.317427,0.289748,0.505892,-0.328208,0.392767,0.354432
-0.207158,0.056047,0.413506,-0.164836,-0.065136,0.297021,-0.213038,-0.126344,0.000667,0.058315,-0.160956,0.161148,-0.166145,0.167730,0.290366,-0.263141,0.165380,0.000000,-0.001469,0.170645,0.178095,-0.229296,0.058062,0.462878,-0.322602,-0.075019,0.683628,-0.305981,-0.163355,0.522017,-0.306295,-0.267568,0.370992,-0.329814,0.205518,0.670950,-0.317343,0.285923,0.504869,-0.326747,0.385566,0.351075
-0.207479,0.054827,0.413502,-0.165176,-0.066292,0.296907,-0.212745,-0.128089,0.000571,0.058140,-0.162623,0.161841,-0.166368,0.166581,0.290446,-0.263141,0.165380,0.000000,-0.001685,0.168914,0.178469,-0.229614,0.056829,0.462875,-0.322680,-0.076310,0.683698,-0.305760,-0.159901,0.519614,-0.304856,-0.258932,0.365143,-0.330335,0.204210,0.670892,-0.316876,0.281362,0.503351,-0.323845,0.376726,0.346745
-0.207770,0.054027,0.413611,-0.165407,-0.067008,0.296924,-0.212707,-0.128978,0.000575,0.057902,-0.164083,0.162179,-0.166745,0.165867,0.290573,-0.263141,0.165380,-0.000000,-0.001970,0.167508,0.178925,-0.229879,0.055996,0.462996,-0.322611,-0.077268,0.683886,-0.305327,-0.156533,0.517708,-0.303332,-0.250889,0.360348,-0.330662,0.203243,0.671066,-0.316192,0.277326,0.502229,-0.321009,0.368818,0.343251
-0.208042,0.053434,0.413775,-0.165583,-0.067505,0.297006,-0.212796,-0.129437,0.000626,0.057635,-0.165439,0.162337,-0.167197,0.165369,0.290721,-0.263141,0.165380,0.000000,-0.002290,0.166264,0.179420,-0.230114,0.055361,0.463179,-0.322466,-0.078060,0.684133,-0.304797,-0.153192,0.516086,-0.301785,-0.243100,0.356159,-0.330890,0.202445,0.671355,-0.315397,0.273543,0.501329,-0.318200,0.361348,0.340239
-0.208120,0.053207,0.413695,-0.165397,-0.067619,0.296928,-0.212663,-0.129625,0.000564,0.057846,-0.166354,0.161995,-0.167302,0.165256,0.290754,-0.263141,0.165380,0.000000,-0.002142,0.165415,0.179198,-0.230255,0.055081,0.463073,-0.322673,-0.078559,0.683859,-0.303705,-0.148206,0.513608,-0.298830,-0.232405,0.350647,-0.331408,0.201949,0.671203,-0.314175,0.269045,0.499725,-0.314367,0.352272,0.336198
-0.207966,0.053081,0.413492,-0.164947,-0.067649,0.296781,-0.212522,-0.129726,0.000473,0.057957,-0.167176,0.161800,-0.167124,0.165225,0.290694,-0.263141,0.165380,0.000000,-0.002099,0.164627,0.179130,-0.230201,0.054909,0.462826,-0.322930,-0.078935,0.683351,-0.302653,-0.143130,0.511119,-0.295832,-0.221524,0.345357,-0.331815,0.201581,0.670856,-0.312791,0.264656,0.498047,-0.310402,0.343337,0.332302
-0.207349,0.053161,0.413039,-0.163972,-0.067512,0.296499,-0.212366,-0.129656,0.000328,0.057869,-0.167807,0.161901,-0.166383,0.165361,0.290447,-0.263141,0.165380,0.000000,-0.002263,0.163969,0.179373,-0.229757,0.054953,0.462297,-0.323292,-0.079066,0.682367,-0.301630,-0.137962,0.508420,-0.292646,-0.210487,0.340109,-0.332000,0.201470,0.670119,-0.311102,0.260521,0.496109,-0.306213,0.334810,0.328403
-0.207074,0.053309,0.412793,-0.163494,-0.067381,0.296409,-0.212347,-0.129851,0.000378,0.057777,-0.168022,0.162132,-0.165961,0.165490,0.290306,-0.263141,0.165380,0.000000,-0.002380,0.163675,0.179547,-0.229601,0.055115,0.461996,-0.323866,-0.078735,0.681850,-0.300976,-0.132767,0.506487,-0.290175,-0.199981,0.336091,-0.332083,0.201819,0.669559,-0.309463,0.256980,0.494491,-0.302376,0.327163,0.325098
-0.206969,0.053490,0.412651,-0.163265,-0.067254,0.296416,-0.212396,-0.130179,0.000526,0.057684,-0.168031,0.162426,-0.165698,0.165615,0.290217,-0.263141,0.165380,0.000000,-0.002474,0.163563,0.179687,-0.229589,0.055334,0.461810,-0.324547,-0.078172,0.681565,-0.300503,-0.127548,0.504989,-0.288049,-0.189715,0.332799,-0.332113,0.202397,0.669089,-0.307867,0.253718,0.493074,-0.298750,0.319919,0.322173
-0.206673,0.053665,0.412488,-0.162875,-0.067158,0.296413,-0.212324,-0.130615,0.000688,0.057623,-0.168204,0.162866,-0.165282,0.165708,0.290077,-0.263141,0.165380,0.000000,-0.002546,0.163273,0.179792,-0.229372,0.055538,0.461609,-0.324825,-0.077844,0.681208,-0.299226,-0.123907,0.503957,-0.284853,-0.182522,0.330674,-0.331966,0.202744,0.668743,-0.306297,0.250721,0.491988,-0.295546,0.313575,0.319912
-0.206320,0.053773,0.412252,-0.162461,-0.067091,0.296287,-0.212265,-0.131012,0.000719,0.057536,-0.168456,0.163170,-0.164793,0.165775,0.289911,-0.263141,0.165380,0.000000,-0.002641,0.162930,0.179929,-0.229095,0.055659,0.461337,-0.325055,-0.077685,0.680724,-0.298119,-0.120365,0.502825,-0.282075,-0.175375,0.328510,-0.331752,0.202925,0.668390,-0.304811,0.247678,0.490980,-0.292586,0.307302,0.317845
-0.205851,0.053746,0.411871,-0.161996,-0.067085,0.295915,-0.212227,-0.131331,0.000486,0.057400,-0.168869,0.163202,-0.164156,0.165788,0.289694,-0.263141,0.165380,-0.000000,-0.002778,0.162480,0.180126,-0.228699,0.055613,0.460924,-0.325192,-0.077866,0.679987,-0.297348,-0.117033,0.501422,-0.280130,-0.168363,0.326098,-0.331403,0.202775,0.668024,-0.303476,0.244574,0.490047,-0.290081,0.301236,0.315996
-0.205366,0.053741,0.411454,-0.161465,-0.067067,0.295543,-0.212106,-0.131745,0.000275,0.057332,-0.169384,0.163280,-0.163467,0.165811,0.289457,-0.263141,0.165380,0.000000,-0.002833,0.161941,0.180198,-0.228310,0.055595,0.460462,-0.325381,-0.077986,0.679208,-0.297024,-0.114077,0.500076,-0.279204,-0.162327,0.323935,-0.331267,0.202673,0.667494,-0.302372,0.241501,0.489000,-0.287817,0.295154,0.314080
-0.204871,0.053746,0.411017,-0.160900,-0.067044,0.295170,-0.211942,-0.132207,0.000074,0.057297,-0.169949,0.163381,-0.162751,0.165840,0.289209,-0.263141,0.165380,-0.000000,-0.002849,0.161358,0.180206,-0.227925,0.055590,0.459974,-0.325595,-0.078076,0.678404,-0.296924,-0.111305,0.498769,-0.278790,-0.156772,0.321915,-0.331237,0.202594,0.666880,-0.301387,0.238438,0.487919,-0.285681,0.289049,0.312184
-0.204629,0.053788,0.410951,-0.160549,-0.067023,0.295185,-0.211743,-0.132409,0.000158,0.057389,-0.170558,0.163552,-0.162541,0.165857,0.289136,-0.263141,0.165380,0.000000,-0.002645,0.160852,0.179868,-0.227712,0.055634,0.459894,-0.325350,-0.078089,0.678305,-0.296430,-0.109263,0.498342,-0.278036,-0.152772,0.321015,-0.331291,0.202573,0.666708,-0.300882,0.236577,0.487483,-0.284689,0.285488,0.311296
-0.204368,0.053877,0.410847,-0.160160,-0.066946,0.295170,-0.211617,-0.132621,0.000247,0.057491,-0.171138,0.163602,-0.162292,0.165932,0.289048,-0.263141,0.165380,0.000000,-0.002450,0.160365,0.179546,-0.227496,0.055718,0.459769,-0.325184,-0.078094,0.678106,-0.296137,-0.107344,0.497841,-0.277678,-0.149092,0.320090,-0.331407,0.202562,0.666481,-0.300464,0.234931,0.487045,-0.283841,0.282371,0.310483
-0.204072,0.054060,0.410665,-0.159699,-0.066754,0.295095,-0.211639,-0.132851,0.000345,0.057613,-0.171658,0.163408,-0.161966,0.166120,0.288934,-0.263141,0.165380,0.000000,-0.002270,0.159920,0.179256,-0.227274,0.055884,0.459553,-0.325174,-0.078083,0.677707,-0.296232,-0.105680,0.497164,-0.278087,-0.146067,0.319056,-0.331645,0.202568,0.666146,-0.300218,0.233718,0.486578,-0.283280,0.280153,0.309763
-0.203977,0.054211,0.410555,-0.159487,-0.066549,0.294993,-0.211575,-0.133003,0.000342,0.057554,-0.172209,0.163536,-0.161864,0.166326,0.288897,-0.263141,0.165380,0.000000,-0.002246,0.159477,0.179170,-0.227219,0.055998,0.459425,-0.325141,-0.078246,0.677403,-0.296212,-0.104545,0.496665,-0.278219,-0.143855,0.318291,-0.331909,0.202406,0.666051,-0.300171,0.232728,0.486396,-0.283043,0.278487,0.309409
-0.203983,0.054348,0.410480,-0.159400,-0.066337,0.294878,-0.211468,-0.133114,0.000289,0.057404,-0.172773,0.163823,-0.161875,0.166541,0.288900,-0.263141,0.165380,0.000000,-0.002301,0.159034,0.179185,-0.227246,0.056086,0.459342,-0.325095,-0.078496,0.677146,-0.296136,-0.103676,0.496253,-0.278214,-0.142050,0.317660,-0.332185,0.202159,0.666076,-0.300222,0.231851,0.486356,-0.282966,0.277096,0.309236
-0.204396,0.054660,0.410542,-0.159644,-0.065968,0.294964,-0.211742,-0.133045,0.000443,0.057103,-0.172963,0.163992,-0.162238,0.166908,0.289025,-0.263141,0.165380,0.000000,-0.002411,0.158937,0.179271,-0.227709,0.056375,0.459380,-0.325734,-0.078267,0.677069,-0.296638,-0.102925,0.496127,-0.278645,-0.140890,0.317446,-0.332920,0.202386,0.666021,-0.300756,0.231621,0.486262,-0.283450,0.276599,0.309065
-0.204271,0.055051,0.410258,-0.159388,-0.065456,0.294625,-0.211439,-0.132893,0.000172,0.057378,-0.173117,0.163730,-0.162004,0.167427,0.288940,-0.263141,0.165380,0.000000,-0.002079,0.158872,0.178708,-0.227654,0.056722,0.459065,-0.325972,-0.078069,0.676530,-0.296663,-0.102299,0.495564,-0.278571,-0.139991,0.316828,-0.333189,0.202588,0.665644,-0.300785,0.231455,0.485868,-0.283356,0.276215,0.308615
-0.203071,0.055600,0.410231,-0.158132,-0.064658,0.294383,-0.209981,-0.132575,-0.000000,0.058806,-0.173198,0.163549,-0.160578,0.168247,0.289382,-0.263141,0.165380,0.000952,-0.000872,0.158871,0.177791,-0.226562,0.057185,0.458988,-0.325410,-0.077933,0.676011,-0.295735,-0.101924,0.495072,-0.277486,-0.139615,0.316340,-0.332526,0.202743,0.665568,-0.299810,0.231418,0.485818,-0.282110,0.276058,0.308547
-0.203295,0.055616,0.410306,-0.158171,-0.064422,0.294337,-0.209981,-0.132575,0.000000,0.058697,-0.172945,0.163824,-0.160661,0.168493,0.289796,-0.263726,0.165189,0.001550,-0.000987,0.158649,0.177595,-0.226890,0.057157,0.459015,-0.326194,-0.077813,0.675920,-0.296009,-0.101866,0.495074,-0.277377,-0.139772,0.316418,-0.333279,0.202858,0.665271,-0.299725,0.230100,0.485452,-0.280936,0.273110,0.307883
-0.203504,0.055526,0.410346,-0.158130,-0.064307,0.294303,-0.209981,-0.132575,0.000000,0.058546,-0.172365,0.164240,-0.160771,0.168613,0.290110,-0.263876,0.165060,0.001881,-0.001031,0.158476,0.177671,-0.227199,0.057043,0.459007,-0.326925,-0.077541,0.675955,-0.296158,-0.101806,0.495236,-0.277029,-0.140036,0.316694,-0.334011,0.203113,0.664775,-0.299359,0.228298,0.484865,-0.279074,0.268916,0.306893
-0.203173,0.054759,0.410309,-0.157295,-0.064815,0.294281,-0.209981,-0.132575,0.000000,0.058737,-0.172704,0.163883,-0.160676,0.168094,0.290229,-0.263363,0.163530,0.001865,-0.000508,0.157362,0.177526,-0.226956,0.056182,0.458930,-0.327042,-0.078457,0.675675,-0.295730,-0.103236,0.495118,-0.276204,-0.142154,0.316760,-0.334108,0.202203,0.664542,-0.297965,0.225789,0.484709,-0.275866,0.264568,0.306535
-0.202759,0.054267,0.410083,-0.156403,-0.065193,0.294214,-0.209981,-0.132575,0.000000,0.058870,-0.172838,0.163658,-0.160467,0.167699,0.290012,-0.262522,0.162422,0.001435,0.000097,0.156456,0.177355,-0.226628,0.055632,0.458664,-0.327074,-0.079107,0.675179,-0.295380,-0.104413,0.494762,-0.275559,-0.143962,0.316569,-0.334121,0.201561,0.664155,-0.296993,0.224585,0.484449,-0.273869,0.262820,0.306275
-0.202187,0.054316,0.409486,-0.155401,-0.065320,0.294064,-0.209981,-0.132575,0.000000,0.058884,-0.172570,0.163704,-0.160032,0.167542,0.289132,-0.261037,0.162150,0.000187,0.000855,0.155968,0.177133,-0.226136,0.055694,0.458027,-0.326949,-0.079229,0.674259,-0.295193,-0.105092,0.493932,-0.275279,-0.145162,0.315864,-0.333976,0.201446,0.663463,-0.296869,0.225988,0.483953,-0.274284,0.266275,0.306143
-0.201939,0.054731,0.409248,-0.154915,-0.065078,0.294184,-0.209981,-0.132575,0.000267,0.058640,-0.171996,0.164521,-0.159570,0.167775,0.288875,-0.260808,0.163021,-0.000000,0.000919,0.155991,0.177095,-0.226032,0.056143,0.457717,-0.327504,-0.078881,0.673584,-0.295616,-0.105275,0.493356,-0.275571,-0.145860,0.315419,-0.334511,0.201795,0.662896,-0.297582,0.227958,0.483578,-0.275727,0.270401,0.306161
-0.201459,0.053881,0.408845,-0.154293,-0.066098,0.294091,-0.209587,-0.134017,0.000318,0.058660,-0.172711,0.165371,-0.158701,0.166757,0.288583,-0.260808,0.163021,0.000000,0.001033,0.154822,0.176806,-0.225726,0.055340,0.457225,-0.328003,-0.079744,0.672682,-0.295948,-0.106655,0.492560,-0.275753,-0.147754,0.314756,-0.334989,0.200930,0.662041,-0.298324,0.228764,0.482921,-0.277297,0.273407,0.305927
-0.201844,0.053795,0.408879,-0.154422,-0.066416,0.294602,-0.210600,-0.134250,0.000982,0.057809,-0.172297,0.165936,-0.158727,0.166426,0.288596,-0.260808,0.163021,-0.000000,0.000996,0.154461,0.176799,-0.226304,0.055312,0.457160,-0.329311,-0.079830,0.672237,-0.296843,-0.107185,0.492256,-0.276377,-0.148895,0.314623,-0.336549,0.200831,0.661507,-0.299739,0.229709,0.482581,-0.278705,0.275463,0.305864
-0.202160,0.053622,0.408861,-0.154503,-0.066771,0.294981,-0.211347,-0.134426,0.001452,0.057197,-0.172011,0.166305,-0.158709,0.166061,0.288594,-0.260808,0.163021,-0.000000,0.000935,0.154066,0.176827,-0.226795,0.055186,0.457051,-0.330492,-0.079989,0.671779,-0.297538,-0.107765,0.491950,-0.276645,-0.149973,0.314482,-0.337903,0.200662,0.660967,-0.301011,0.230420,0.482203,-0.279998,0.277099,0.305717
-0.202335,0.053274,0.408739,-0.154482,-0.067202,0.295095,-0.211557,-0.134494,0.001533,0.057073,-0.171969,0.166278,-0.158603,0.165628,0.288561,-0.260808,0.163021,-0.000000,0.000828,0.153605,0.176925,-0.227110,0.054863,0.456856,-0.331421,-0.080293,0.671296,-0.297836,-0.108442,0.491642,-0.276206,-0.150922,0.314329,-0.338844,0.200354,0.660426,-0.301988,0.230669,0.481748,-0.281042,0.277907,0.305397
-0.202252,0.053050,0.408519,-0.154241,-0.067504,0.295090,-0.211561,-0.134529,0.001517,0.057063,-0.171892,0.166311,-0.158259,0.165324,0.288441,-0.260808,0.163021,0.000000,0.000867,0.153206,0.176805,-0.227158,0.054655,0.456568,-0.332054,-0.080594,0.670663,-0.297964,-0.109045,0.491151,-0.275777,-0.151779,0.313968,-0.339463,0.200056,0.659894,-0.302541,0.230653,0.481277,-0.281481,0.278106,0.304993
-0.202040,0.052889,0.408248,-0.153890,-0.067743,0.295024,-0.211461,-0.134546,0.001453,0.057110,-0.171798,0.166372,-0.157795,0.165085,0.288278,-0.260808,0.163021,0.000000,0.000979,0.152838,0.176574,-0.227072,0.054503,0.456231,-0.332539,-0.080894,0.669952,-0.298006,-0.109611,0.490567,-0.275354,-0.152591,0.313502,-0.339921,0.199762,0.659364,-0.302883,0.230505,0.480796,-0.281618,0.278000,0.304544
-0.202097,0.052653,0.408068,-0.153855,-0.068033,0.295004,-0.211791,-0.134533,0.001438,0.056829,-0.171893,0.166265,-0.157592,0.164796,0.288207,-0.260808,0.163021,0.000000,0.000961,0.152433,0.176560,-0.227242,0.054290,0.455991,-0.333262,-0.081055,0.669474,-0.298482,-0.110046,0.490181,-0.275561,-0.153274,0.313211,-0.340560,0.199599,0.658834,-0.303609,0.230372,0.480253,-0.282447,0.277911,0.303996
-0.202097,0.052653,0.408068,-0.156115,-0.068105,0.293384,-0.209870,-0.133548,-0.001143,0.062339,-0.165876,0.158745,-0.160044,0.164712,0.286354,-0.259240,0.162322,-0.003257,0.005441,0.151805,0.169586,-0.225744,0.054303,0.456747,-0.327272,-0.081164,0.672299,-0.294986,-0.110838,0.492662,-0.276853,-0.155984,0.315621,-0.334828,0.199505,0.661957,-0.301559,0.231562,0.482903,-0.287633,0.280911,0.306437
-0.202097,0.052653,0.408068,-0.158423,-0.068177,0.291849,-0.208059,-0.132518,-0.003579,0.067584,-0.159407,0.151312,-0.162547,0.164628,0.284596,-0.257702,0.161641,-0.006362,0.009808,0.151191,0.162679,-0.224223,0.054317,0.457456,-0.321223,-0.081269,0.674984,-0.291419,-0.111611,0.495042,-0.278150,-0.158529,0.318035,-0.329021,0.199415,0.664945,-0.299377,0.232690,0.485503,-0.292783,0.283367,0.309002
-0.202097,0.052653,0.408068,-0.160774,-0.068248,0.290401,-0.206358,-0.131446,-0.005868,0.072540,-0.152505,0.143967,-0.165096,0.164545,0.282934,-0.256192,0.160978,-0.009314,0.014062,0.150592,0.155842,-0.222682,0.054331,0.458118,-0.315118,-0.081370,0.677528,-0.287785,-0.112366,0.497319,-0.279448,-0.160904,0.320453,-0.323141,0.199329,0.667795,-0.297060,0.233761,0.488048,-0.297841,0.285270,0.311680
-0.202097,0.052653,0.408068,-0.163167,-0.068317,0.289041,-0.204766,-0.130334,-0.008013,0.077185,-0.145188,0.136713,-0.167690,0.164464,0.281370,-0.254707,0.160335,-0.012111,0.018200,0.150010,0.149081,-0.221120,0.054345,0.458731,-0.308960,-0.081467,0.679931,-0.284085,-0.113104,0.499489,-0.280739,-0.163107,0.322872,-0.317193,0.199247,0.670506,-0.294605,0.234780,0.490531,-0.302754,0.286616,0.314460
-0.202097,0.052653,0.408068,-0.165598,-0.068386,0.287770,-0.203283,-0.129183,-0.010014,0.081499,-0.137476,0.129547,-0.170326,0.164383,0.279906,-0.253246,0.159713,-0.014751,0.022219,0.149444,0.142403,-0.219541,0.054360,0.459296,-0.302754,-0.081560,0.682190,-0.280323,-0.113825,0.501552,-0.282017,-0.165134,0.325292,-0.311179,0.199169,0.673076,-0.292010,0.235750,0.492947,-0.307466,0.287404,0.317328
-0.202097,0.052653,0.408068,-0.168066,-0.068453,0.286589,-0.201907,-0.127997,-0.011872,0.085461,-0.129392,0.122470,-0.173000,0.164304,0.278542,-0.251806,0.159112,-0.017233,0.026119,0.148897,0.135812,-0.217944,0.054375,0.459812,-0.296501,-0.081648,0.684305,-0.276501,-0.114529,0.503507,-0.283276,-0.166983,0.327712,-0.305104,0.199094,0.675503,-0.289274,0.236679,0.495290,-0.311922,0.287640,0.320265
-0.202097,0.052653,0.408068,-0.170567,-0.068518,0.285500,-0.200637,-0.126778,-0.013587,0.089053,-0.120959,0.115480,-0.175709,0.164226,0.277280,-0.250385,0.158533,-0.019555,0.029897,0.148368,0.129314,-0.216332,0.054390,0.460277,-0.290207,-0.081733,0.686276,-0.272622,-0.115216,0.505351,-0.284509,-0.168650,0.330129,-0.298971,0.199023,0.677786,-0.286396,0.237570,0.497555,-0.316070,0.287336,0.323253
-0.202097,0.052653,0.408068,-0.173100,-0.068583,0.284504,-0.199472,-0.125527,-0.015162,0.092258,-0.112201,0.108575,-0.178452,0.164150,0.276122,-0.248983,0.157977,-0.021717,0.033554,0.147860,0.122917,-0.214707,0.054406,0.460693,-0.283874,-0.081813,0.688101,-0.268687,-0.115889,0.507084,-0.285708,-0.170133,0.332541,-0.292783,0.198956,0.679923,-0.283375,0.238430,0.499736,-0.319858,0.286506,0.326270
-0.202097,0.052653,0.408068,-0.175660,-0.068645,0.283601,-0.198410,-0.124248,-0.016596,0.095059,-0.103146,0.101753,-0.181225,0.164076,0.275067,-0.247595,0.157444,-0.023716,0.037088,0.147372,0.116624,-0.213070,0.054421,0.461058,-0.277505,-0.081889,0.689779,-0.264701,-0.116546,0.508703,-0.286869,-0.171431,0.334946,-0.286544,0.198893,0.681912,-0.280213,0.239265,0.501829,-0.323236,0.285172,0.329292
-0.202097,0.052653,0.408068,-0.178246,-0.068706,0.282792,-0.197450,-0.122943,-0.017892,0.097442,-0.093820,0.095010,-0.184024,0.164003,0.274117,-0.246221,0.156936,-0.025553,0.040500,0.146906,0.110444,-0.211422,0.054437,0.461372,-0.271104,-0.081961,0.691311,-0.260666,-0.117188,0.510208,-0.287983,-0.172542,0.337341,-0.280258,0.198833,0.683753,-0.276909,0.240081,0.503827,-0.326159,0.283358,0.332295
-0.202097,0.052653,0.408068,-0.180854,-0.068765,0.282078,-0.196590,-0.121614,-0.019051,0.099396,-0.084251,0.088343,-0.186848,0.163932,0.273274,-0.244857,0.156453,-0.027225,0.043788,0.146462,0.104381,-0.209765,0.054453,0.461635,-0.264676,-0.082029,0.692694,-0.256584,-0.117817,0.511597,-0.289044,-0.173464,0.339722,-0.273928,0.198777,0.685445,-0.273466,0.240882,0.505726,-0.328582,0.281095,0.335252
-0.202097,0.052653,0.408068,-0.183483,-0.068822,0.281460,-0.195827,-0.120264,-0.020073,0.100908,-0.074469,0.081747,-0.189692,0.163863,0.272537,-0.243502,0.155995,-0.028733,0.046953,0.146041,0.098443,-0.208101,0.054469,0.461846,-0.258222,-0.082093,0.693930,-0.252459,-0.118432,0.512869,-0.290046,-0.174198,0.342088,-0.267559,0.198725,0.686985,-0.269886,0.241677,0.507522,-0.330464,0.278418,0.338138
-0.202097,0.052653,0.408068,-0.186128,-0.068878,0.280938,-0.195160,-0.118896,-0.020961,0.101970,-0.064505,0.075219,-0.192554,0.163796,0.271907,-0.242155,0.155563,-0.030075,0.049997,0.145645,0.092634,-0.206431,0.054485,0.462006,-0.251747,-0.082153,0.695018,-0.248293,-0.119034,0.514023,-0.290981,-0.174743,0.344433,-0.261154,0.198676,0.688374,-0.266171,0.242469,0.509210,-0.331770,0.275364,0.340926
-0.202097,0.052653,0.408068,-0.188788,-0.068931,0.280514,-0.194585,-0.117513,-0.021716,0.102574,-0.054389,0.068754,-0.195431,0.163732,0.271385,-0.240811,0.155157,-0.031250,0.052920,0.145272,0.086962,-0.204756,0.054502,0.462113,-0.245253,-0.082209,0.695957,-0.244090,-0.119623,0.515059,-0.291843,-0.175099,0.346753,-0.254716,0.198631,0.689610,-0.262325,0.243266,0.510786,-0.332467,0.271975,0.343589
-0.202097,0.052653,0.408068,-0.191459,-0.068983,0.280186,-0.194101,-0.116117,-0.022340,0.102715,-0.044153,0.062347,-0.198320,0.163669,0.270971,-0.239470,0.154778,-0.032259,0.055723,0.144925,0.081432,-0.203080,0.054518,0.462169,-0.238746,-0.082261,0.696747,-0.239851,-0.120201,0.515975,-0.292625,-0.175266,0.349046,-0.248250,0.198589,0.690692,-0.258352,0.244072,0.512246,-0.332527,0.268298,0.346102
-0.202097,0.052653,0.408068,-0.194138,-0.069032,0.279956,-0.193704,-0.114711,-0.022834,0.102390,-0.033829,0.055993,-0.201217,0.163609,0.270666,-0.238129,0.154426,-0.033101,0.058408,0.144604,0.076051,-0.201402,0.054534,0.462173,-0.232227,-0.082309,0.697388,-0.235580,-0.120768,0.516770,-0.293322,-0.175245,0.351306,-0.241760,0.198551,0.691621,-0.254256,0.244895,0.513588,-0.331926,0.264380,0.348438
-0.202097,0.052653,0.408068,-0.196823,-0.069079,0.279823,-0.193392,-0.113297,-0.023200,0.101597,-0.023450,0.049686,-0.204119,0.163551,0.270469,-0.236785,0.154102,-0.033775,0.060978,0.144308,0.070823,-0.199725,0.054551,0.462125,-0.225701,-0.082354,0.697880,-0.231281,-0.121324,0.517444,-0.293927,-0.175037,0.353529,-0.235248,0.198517,0.692394,-0.250041,0.245738,0.514809,-0.330646,0.260272,0.350576
-0.202097,0.052653,0.408068,-0.199511,-0.069124,0.279789,-0.193161,-0.111880,-0.023440,0.100337,-0.013050,0.043423,-0.207025,0.163496,0.270382,-0.235437,0.153805,-0.034282,0.063434,0.144040,0.065756,-0.198051,0.054567,0.462024,-0.219171,-0.082394,0.698223,-0.226955,-0.121870,0.517996,-0.294434,-0.174645,0.355709,-0.228720,0.198485,0.693012,-0.245712,0.246608,0.515905,-0.328672,0.256028,0.352492
-0.202097,0.052653,0.408068,-0.202199,-0.069167,0.279852,-0.193009,-0.110460,-0.023555,0.098611,-0.002660,0.037197,-0.209929,0.163443,0.270404,-0.234083,0.153536,-0.034620,0.065780,0.143799,0.060854,-0.196380,0.054583,0.461872,-0.212641,-0.082431,0.698417,-0.222607,-0.122407,0.518425,-0.294838,-0.174070,0.357842,-0.222179,0.198458,0.693475,-0.241276,0.247509,0.516876,-0.325994,0.251703,0.354168
-0.202097,0.052653,0.408068,-0.204884,-0.069207,0.280013,-0.192932,-0.109042,-0.023548,0.096424,0.007684,0.031003,-0.212830,0.163393,0.270534,-0.232720,0.153295,-0.034791,0.068018,0.143585,0.056123,-0.194715,0.054600,0.461669,-0.206113,-0.082464,0.698462,-0.218238,-0.122935,0.518732,-0.295132,-0.173314,0.359923,-0.215629,0.198434,0.693781,-0.236739,0.248447,0.517719,-0.322610,0.247351,0.355585
