body_0_w,body_0_x,body_0_y,body_0_z,body_1_w,body_1_x,body_1_y,body_1_z,body_2_w,body_2_x,body_2_y,body_2_z,body_3_w,body_3_x,body_3_y,body_3_z,body_4_w,body_4_x,body_4_y,body_4_z,body_5_w,body_5_x,body_5_y,body_5_z,body_6_w,body_6_x,body_6_y,body_6_z,body_7_w,body_7_x,body_7_y,body_7_z,body_8_w,body_8_x,body_8_y,body_8_z,body_9_w,body_9_x,body_9_y,body_9_z,body_10_w,body_10_x,body_10_y,body_10_z,body_11_w,body_11_x,body_11_y,body_11_z,body_12_w,body_12_x,body_12_y,body_12_z,body_13_w,body_13_x,body_13_y,body_13_z
0.026781,-0.036473,-0.008967,0.998935,0.026307,-0.025717,-0.023842,0.999039,0.008750,-0.200874,-0.022090,0.979329,0.008575,-0.154026,-0.016798,0.987887,0.025002,0.076221,-0.004047,0.996769,0.020190,-0.165160,0.000402,0.986060,0.020173,-0.141117,-0.000237,0.989787,0.021432,-0.114453,0.002933,0.993193,0.028724,-0.220862,0.178383,0.958423,-0.145877,-0.459542,0.170249,0.859393,-0.173958,-0.540312,0.177324,0.803964,0.001343,-0.143259,-0.186439,0.971965,0.146772,-0.629265,-0.136443,0.750911,0.159520,-0.643793,-0.142484,0.734699
0.028190,-0.020256,-0.007372,0.999370,0.027848,-0.022533,-0.023270,0.999087,0.006474,-0.210313,-0.021859,0.977368,0.006557,-0.143179,-0.011278,0.989611,0.026614,0.092264,-0.004337,0.995369,0.020177,-0.184302,0.000564,0.982662,0.020335,-0.150128,0.000854,0.988457,0.027135,-0.112794,0.007201,0.993222,0.038309,-0.193149,0.191923,0.961453,-0.163217,-0.487552,0.170482,0.840588,-0.194843,-0.583530,0.176309,0.768404,0.004991,-0.127450,-0.189467,0.973568,0.158474,-0.629115,-0.131128,0.749604,0.173349,-0.648142,-0.137367,0.728692
0.028832,-0.005749,-0.005937,0.999550,0.028583,-0.019334,-0.022540,0.999150,0.003910,-0.217804,-0.021623,0.975745,0.004191,-0.133190,-0.005874,0.991064,0.027483,0.105429,-0.004277,0.994038,0.019504,-0.199348,0.000719,0.979734,0.019841,-0.156266,0.001915,0.987514,0.030217,-0.112185,0.011108,0.993166,0.044705,-0.167302,0.201849,0.963986,-0.178959,-0.509236,0.166450,0.825195,-0.212133,-0.616715,0.170585,0.738622,0.006563,-0.113866,-0.190916,0.974958,0.166636,-0.629834,-0.125834,0.748136,0.183432,-0.652905,-0.132394,0.722869
0.027950,0.005329,-0.004829,0.999583,0.027771,-0.016100,-0.021567,0.999252,0.000842,-0.221432,-0.021333,0.974942,0.001332,-0.124918,-0.000806,0.992166,0.026784,0.112882,-0.003531,0.993241,0.017378,-0.206294,0.000855,0.978335,0.017868,-0.156672,0.002939,0.987485,0.028342,-0.113710,0.013729,0.993015,0.045606,-0.145597,0.204540,0.966895,-0.189785,-0.520213,0.157470,0.817657,-0.221611,-0.633595,0.160254,0.723716,0.003698,-0.104782,-0.189460,0.976275,0.167972,-0.632406,-0.121792,0.746334,0.186442,-0.658605,-0.129144,0.717496
0.027439,0.014931,-0.004469,0.999502,0.027331,-0.013270,-0.020687,0.999324,-0.001872,-0.223734,-0.021094,0.974420,-0.001054,-0.120095,0.004235,0.992753,0.026370,0.117177,-0.003286,0.992755,0.016468,-0.209581,0.000833,0.977652,0.017115,-0.155723,0.003902,0.987645,0.026226,-0.115628,0.015464,0.992826,0.045961,-0.128483,0.206320,0.968923,-0.198357,-0.528328,0.149330,0.811926,-0.228235,-0.643512,0.151933,0.714645,0.000709,-0.098133,-0.188588,0.977141,0.168786,-0.634819,-0.119075,0.744538,0.188836,-0.663428,-0.127516,0.712702
0.027112,0.023794,-0.004484,0.999339,0.027079,-0.010643,-0.019851,0.999380,-0.004407,-0.225372,-0.020887,0.974039,-0.003201,-0.117006,0.009250,0.993083,0.026098,0.119893,-0.003292,0.992438,0.016165,-0.211043,0.000753,0.977343,0.016967,-0.154096,0.004851,0.987898,0.023983,-0.117745,0.016711,0.992614,0.046024,-0.113669,0.207619,0.970492,-0.205715,-0.535024,0.141516,0.807096,-0.233384,-0.650034,0.144588,0.708578,-0.002353,-0.092703,-0.188033,0.977775,0.169348,-0.637147,-0.117047,0.742742,0.190926,-0.667800,-0.126735,0.708187
0.026627,0.031496,-0.003967,0.999141,0.026605,-0.010100,-0.019309,0.999408,-0.007715,-0.225577,-0.021055,0.973967,-0.006354,-0.112965,0.012713,0.993497,0.025881,0.119398,-0.003857,0.992502,0.015909,-0.209577,0.000008,0.977663,0.016835,-0.151874,0.005279,0.988242,0.022409,-0.119648,0.017613,0.992407,0.046184,-0.103635,0.208812,0.971352,-0.211509,-0.539555,0.135804,0.803555,-0.237324,-0.654550,0.139614,0.704094,-0.004682,-0.089635,-0.188990,0.977868,0.170794,-0.638790,-0.116624,0.741064,0.192475,-0.670968,-0.126529,0.704802
0.025988,0.038809,-0.003579,0.998902,0.025969,-0.010007,-0.018864,0.999435,-0.010687,-0.225850,-0.021239,0.973872,-0.009193,-0.109789,0.015755,0.993787,0.025488,0.118283,-0.004524,0.992642,0.015703,-0.207836,-0.000805,0.978037,0.016738,-0.150393,0.005567,0.988469,0.020947,-0.120945,0.018502,0.992266,0.046196,-0.094075,0.209763,0.972119,-0.216679,-0.543263,0.130148,0.800610,-0.240703,-0.658334,0.134725,0.700362,-0.006717,-0.086547,-0.189858,0.977966,0.172249,-0.640017,-0.116087,0.739752,0.193923,-0.673619,-0.126158,0.701937
0.025044,0.045344,-0.003451,0.998651,0.025022,-0.010811,-0.018613,0.999455,-0.012974,-0.226266,-0.021430,0.973743,-0.011358,-0.108320,0.017931,0.993889,0.024758,0.115929,-0.005393,0.992934,0.015611,-0.205546,-0.001752,0.978521,0.016737,-0.150393,0.005576,0.988469,0.019728,-0.121028,0.019423,0.992263,0.045946,-0.085473,0.210284,0.972812,-0.220832,-0.545352,0.124959,0.798880,-0.243263,-0.660655,0.130336,0.698120,-0.008171,-0.083436,-0.190522,0.978097,0.173711,-0.640438,-0.115332,0.739164,0.195165,-0.675280,-0.125477,0.700116
0.024350,0.051470,-0.003809,0.998370,0.024367,-0.011213,-0.018045,0.999477,-0.014418,-0.226769,-0.021144,0.973612,-0.012521,-0.108404,0.020636,0.993814,0.024134,0.112786,-0.005867,0.993309,0.015552,-0.202768,-0.002272,0.979101,0.016730,-0.150393,0.005579,0.988469,0.018590,-0.120823,0.019737,0.992304,0.045564,-0.078398,0.210833,0.973307,-0.224676,-0.546804,0.120447,0.797508,-0.245634,-0.662386,0.126664,0.696323,-0.009403,-0.080766,-0.191076,0.978202,0.174984,-0.640655,-0.114647,0.738782,0.196193,-0.676574,-0.124921,0.698678
0.023781,0.057390,-0.004410,0.998059,0.023864,-0.011414,-0.017320,0.999500,-0.015433,-0.227317,-0.020620,0.973480,-0.013172,-0.109266,0.023600,0.993645,0.023575,0.109247,-0.006147,0.993716,0.015523,-0.199747,-0.002580,0.979721,0.016734,-0.150393,0.005577,0.988469,0.017496,-0.120475,0.019739,0.992366,0.045104,-0.072087,0.211391,0.973695,-0.228349,-0.547934,0.116233,0.796313,-0.247888,-0.663825,0.123312,0.694753,-0.010526,-0.078320,-0.191584,0.978290,0.176164,-0.640770,-0.113998,0.738502,0.197114,-0.677684,-0.124430,0.697429
0.023372,0.062858,-0.005105,0.997736,0.023536,-0.011361,-0.016682,0.999519,-0.016163,-0.227863,-0.020140,0.973351,-0.013517,-0.110922,0.026243,0.993391,0.023173,0.105228,-0.006470,0.994157,0.015475,-0.196017,-0.002975,0.980474,0.016729,-0.149845,0.005599,0.988552,0.016503,-0.120828,0.019628,0.992342,0.044728,-0.067918,0.212039,0.973872,-0.231592,-0.548755,0.113127,0.795258,-0.249891,-0.664943,0.121112,0.693352,-0.011653,-0.076927,-0.191758,0.978353,0.176898,-0.641149,-0.113424,0.738085,0.197548,-0.678864,-0.124105,0.696215
0.022701,0.067929,-0.006376,0.997412,0.023007,-0.011131,-0.015998,0.999545,-0.016941,-0.228093,-0.019632,0.973294,-0.013877,-0.112795,0.028937,0.993100,0.022446,0.100762,-0.006792,0.994634,0.015420,-0.191579,-0.003348,0.981350,0.016715,-0.148859,0.005639,0.988701,0.015432,-0.121477,0.019591,0.992281,0.044284,-0.064356,0.212531,0.974027,-0.234691,-0.549510,0.110099,0.794252,-0.251756,-0.666010,0.119024,0.692014,-0.012942,-0.075702,-0.192128,0.978360,0.177574,-0.641406,-0.113175,0.737738,0.197929,-0.679854,-0.124126,0.695137
0.021509,0.072208,-0.008798,0.997119,0.022076,-0.010553,-0.015223,0.999585,-0.017816,-0.227693,-0.019065,0.973383,-0.014274,-0.115102,0.031735,0.992744,0.021090,0.095401,-0.007116,0.995190,0.015380,-0.185726,-0.003681,0.982474,0.016710,-0.146996,0.005710,0.988979,0.014196,-0.122719,0.019717,0.992144,0.043712,-0.062010,0.212724,0.974163,-0.237559,-0.550141,0.107316,0.793343,-0.253420,-0.666967,0.117237,0.690789,-0.014560,-0.074807,-0.192876,0.978259,0.178128,-0.641417,-0.113575,0.737533,0.198200,-0.680464,-0.124843,0.694334
0.019873,0.076361,-0.010353,0.996828,0.020633,-0.010248,-0.014566,0.999628,-0.018597,-0.226888,-0.018577,0.973566,-0.014638,-0.116402,0.034475,0.992496,0.019441,0.090504,-0.007515,0.995678,0.015335,-0.180466,-0.004067,0.983453,0.016712,-0.145764,0.005767,0.989161,0.012693,-0.123859,0.019614,0.992025,0.042821,-0.059892,0.212800,0.974318,-0.240453,-0.550318,0.104520,0.792722,-0.255133,-0.667527,0.115423,0.689922,-0.016385,-0.074089,-0.193468,0.978168,0.178316,-0.641452,-0.114090,0.737378,0.198110,-0.681053,-0.125704,0.693626
0.018014,0.080450,-0.011473,0.996530,0.018935,-0.010084,-0.013976,0.999672,-0.019325,-0.225884,-0.018135,0.973794,-0.014983,-0.117203,0.037177,0.992299,0.017642,0.085838,-0.007970,0.996121,0.015288,-0.175502,-0.004507,0.984350,0.016719,-0.144847,0.005790,0.989296,0.011058,-0.124950,0.019388,0.991912,0.041770,-0.057888,0.212815,0.974481,-0.243350,-0.550265,0.101706,0.792240,-0.256860,-0.667890,0.113585,0.689234,-0.018313,-0.073461,-0.193986,0.978079,0.178324,-0.641498,-0.114665,0.737247,0.197844,-0.681632,-0.126641,0.692963
0.015621,0.084239,-0.012360,0.996247,0.016696,-0.010437,-0.013188,0.999719,-0.021414,-0.224817,-0.017743,0.974004,-0.016686,-0.117908,0.040041,0.992077,0.015336,0.081471,-0.008406,0.996522,0.015220,-0.171461,-0.004889,0.985061,0.016710,-0.144847,0.005808,0.989296,0.009299,-0.125921,0.018995,0.991815,0.040546,-0.056066,0.212942,0.974612,-0.246251,-0.549632,0.099184,0.792103,-0.258679,-0.667727,0.112011,0.688970,-0.020321,-0.073156,-0.194608,0.977938,0.178256,-0.641535,-0.115492,0.737102,0.197498,-0.682133,-0.127860,0.692345
0.013394,0.087911,-0.012902,0.995955,0.014589,-0.010631,-0.012552,0.999758,-0.023550,-0.223816,-0.017521,0.974189,-0.018436,-0.118628,0.042873,0.991841,0.013236,0.077435,-0.008981,0.996869,0.015151,-0.167571,-0.005446,0.985729,0.016721,-0.144818,0.005800,0.989300,0.007569,-0.127017,0.018699,0.991695,0.039360,-0.054454,0.212974,0.974745,-0.249016,-0.549062,0.096696,0.791942,-0.260371,-0.667622,0.110481,0.688681,-0.022349,-0.072776,-0.195374,0.977770,0.178234,-0.641362,-0.116469,0.737104,0.197208,-0.682395,-0.129234,0.691914
0.011500,0.091352,-0.012754,0.995671,0.012732,-0.010492,-0.012196,0.999790,-0.025800,-0.222932,-0.017628,0.974333,-0.020303,-0.119359,0.045661,0.991593,0.011515,0.074071,-0.009788,0.997138,0.015032,-0.163981,-0.006290,0.986329,0.016721,-0.144728,0.005803,0.989313,0.005906,-0.128362,0.018608,0.991535,0.038263,-0.053257,0.212821,0.974888,-0.251515,-0.548625,0.094308,0.791743,-0.261821,-0.667631,0.109068,0.688348,-0.024407,-0.072241,-0.196419,0.977551,0.178305,-0.640769,-0.117735,0.737402,0.197027,-0.682183,-0.130906,0.691860
0.009522,0.094766,-0.013024,0.995369,0.010842,-0.010412,-0.011614,0.999820,-0.028526,-0.221943,-0.017590,0.974484,-0.022631,-0.119442,0.049037,0.991371,0.009655,0.071149,-0.010354,0.997365,0.014957,-0.161174,-0.006847,0.986789,0.016694,-0.143286,0.005734,0.989524,0.004405,-0.129872,0.018212,0.991354,0.037335,-0.052342,0.212673,0.975006,-0.253889,-0.548244,0.092101,0.791509,-0.263165,-0.667689,0.107864,0.687969,-0.026304,-0.071784,-0.196927,0.977433,0.178074,-0.640325,-0.118563,0.737711,0.196530,-0.682128,-0.132146,0.691820
0.007502,0.098166,-0.013504,0.995050,0.008940,-0.010363,-0.010925,0.999847,-0.031485,-0.220902,-0.017483,0.974631,-0.025187,-0.119216,0.052703,0.991149,0.007733,0.068448,-0.010812,0.997566,0.014917,-0.158759,-0.007274,0.987178,0.016664,-0.141168,0.005614,0.989829,0.002986,-0.131466,0.017661,0.991159,0.036490,-0.051567,0.212526,0.975111,-0.256196,-0.547892,0.089982,0.791253,-0.264451,-0.667772,0.106761,0.687566,-0.028121,-0.071368,-0.197167,0.977364,0.177691,-0.639957,-0.119171,0.738024,0.195877,-0.682153,-0.133171,0.691783
0.005508,0.101561,-0.013597,0.994721,0.007018,-0.010651,-0.011021,0.999858,-0.032883,-0.220448,-0.017848,0.974681,-0.026234,-0.119156,0.055740,0.990963,0.005757,0.066983,-0.010122,0.997686,0.012560,-0.158201,-0.007162,0.987301,0.014200,-0.140096,0.005130,0.990023,0.001898,-0.133002,0.017278,0.990963,0.035908,-0.051197,0.212353,0.975190,-0.258252,-0.547645,0.088153,0.790962,-0.265525,-0.667941,0.105985,0.687109,-0.029589,-0.070983,-0.197198,0.977343,0.177389,-0.639337,-0.119489,0.738582,0.195279,-0.681866,-0.133926,0.692090
0.003510,0.104887,-0.013566,0.994385,0.005081,-0.011168,-0.011196,0.999862,-0.034309,-0.220157,-0.018285,0.974689,-0.027330,-0.118916,0.058765,0.990787,0.003779,0.065909,-0.009499,0.997773,0.010133,-0.158076,-0.007121,0.987349,0.011646,-0.139572,0.004368,0.990134,0.000857,-0.134532,0.016972,0.990763,0.035371,-0.050843,0.212205,0.975260,-0.260245,-0.547440,0.086387,0.790645,-0.266553,-0.668142,0.105259,0.686627,-0.031019,-0.070560,-0.197291,0.977310,0.177153,-0.638610,-0.119835,0.739212,0.194749,-0.681460,-0.134712,0.692487
0.001505,0.108077,-0.013288,0.994053,0.003109,-0.012142,-0.011517,0.999855,-0.035796,-0.220194,-0.018856,0.974617,-0.028535,-0.118307,0.061779,0.990643,0.001792,0.065619,-0.008988,0.997803,0.007558,-0.158810,-0.007222,0.987254,0.008895,-0.140140,0.003051,0.990087,-0.000094,-0.136054,0.016826,0.990558,0.034922,-0.050521,0.212109,0.975314,-0.262118,-0.547322,0.084754,0.790285,-0.267499,-0.668409,0.104637,0.686094,-0.032373,-0.070059,-0.197509,0.977258,0.177046,-0.637669,-0.120242,0.739983,0.194351,-0.680817,-0.135558,0.693066
-0.000236,0.110811,-0.013011,0.993756,0.001392,-0.013179,-0.011919,0.999841,-0.037295,-0.220103,-0.019495,0.974568,-0.029750,-0.117822,0.064717,0.990477,0.000080,0.065208,-0.008718,0.997834,0.006083,-0.159927,-0.007264,0.987083,0.007227,-0.141031,0.001627,0.989977,-0.000939,-0.137402,0.016846,0.990372,0.034543,-0.050041,0.211990,0.975378,-0.263828,-0.546947,0.083199,0.790141,-0.268325,-0.668442,0.104101,0.685821,-0.033585,-0.069616,-0.197829,0.977184,0.177145,-0.636728,-0.120625,0.740707,0.194156,-0.680199,-0.136371,0.693567
-0.001843,0.113315,-0.012735,0.993476,-0.000198,-0.014247,-0.012366,0.999822,-0.038800,-0.219948,-0.020172,0.974531,-0.030973,-0.117403,0.067616,0.990296,-0.001495,0.064738,-0.008571,0.997864,0.005158,-0.161235,-0.007280,0.986876,0.006097,-0.142083,0.000147,0.989836,-0.001733,-0.138663,0.016948,0.990193,0.034198,-0.049483,0.211858,0.975448,-0.265455,-0.546442,0.081681,0.790103,-0.269093,-0.668359,0.103605,0.685676,-0.034726,-0.069200,-0.198198,0.977099,0.177346,-0.635787,-0.120995,0.741407,0.194061,-0.679594,-0.137166,0.694030
-0.003165,0.115638,-0.012175,0.993212,-0.001548,-0.015518,-0.012865,0.999796,-0.040043,-0.219145,-0.020794,0.974648,-0.031932,-0.116542,0.070844,0.990141,-0.002784,0.064359,-0.008453,0.997887,0.005193,-0.162366,-0.007060,0.986692,0.005857,-0.142044,-0.001525,0.989842,-0.002657,-0.140320,0.017098,0.989955,0.033818,-0.049285,0.211859,0.975471,-0.267258,-0.545548,0.080447,0.790240,-0.270057,-0.667943,0.103451,0.685725,-0.036037,-0.069321,-0.198028,0.977078,0.177128,-0.635593,-0.121053,0.741615,0.193522,-0.679806,-0.137663,0.693874
-0.004352,0.117410,-0.011982,0.993002,-0.002721,-0.016681,-0.013281,0.999769,-0.041194,-0.218789,-0.021339,0.974669,-0.032796,-0.115897,0.074050,0.989954,-0.003954,0.063964,-0.008276,0.997910,0.005235,-0.163671,-0.006785,0.986478,0.005616,-0.142010,-0.003202,0.989844,-0.003544,-0.141288,0.017198,0.989813,0.033276,-0.048931,0.211631,0.975557,-0.269033,-0.544883,0.078841,0.790258,-0.270943,-0.667743,0.102895,0.685655,-0.037141,-0.069358,-0.197957,0.977048,0.177148,-0.635400,-0.121029,0.741780,0.193222,-0.680055,-0.138055,0.693637
-0.005268,0.118081,-0.012524,0.992911,-0.003529,-0.017629,-0.013520,0.999747,-0.042154,-0.219331,-0.021718,0.974498,-0.033446,-0.115675,0.077221,0.989716,-0.004882,0.063531,-0.007970,0.997936,0.005294,-0.165326,-0.006385,0.986204,0.005376,-0.141988,-0.004875,0.989842,-0.004354,-0.140880,0.017204,0.989868,0.032410,-0.048264,0.210947,0.975767,-0.270751,-0.544678,0.076492,0.790044,-0.271670,-0.667969,0.101536,0.685349,-0.037834,-0.069225,-0.198083,0.977005,0.177644,-0.635208,-0.120842,0.741856,0.193397,-0.680378,-0.138235,0.693235
-0.005994,0.118533,-0.012756,0.992850,-0.004197,-0.018460,-0.013735,0.999726,-0.042896,-0.220166,-0.022053,0.974269,-0.033893,-0.115534,0.080234,0.989478,-0.005625,0.063461,-0.007653,0.997939,0.005349,-0.167289,-0.005983,0.985875,0.005092,-0.142480,-0.006846,0.989761,-0.005032,-0.140526,0.017224,0.989914,0.031677,-0.047855,0.210565,0.975894,-0.272553,-0.544583,0.074506,0.789679,-0.272519,-0.668280,0.100521,0.684859,-0.038398,-0.069092,-0.197990,0.977012,0.178058,-0.634986,-0.120447,0.742011,0.193479,-0.680663,-0.138214,0.692936
-0.006625,0.118875,-0.012831,0.992804,-0.004797,-0.019232,-0.013938,0.999706,-0.043529,-0.221149,-0.022366,0.974011,-0.034240,-0.115432,0.083168,0.989235,-0.006275,0.063572,-0.007331,0.997931,0.005401,-0.169405,-0.005578,0.985516,0.004782,-0.143228,-0.008963,0.989638,-0.005644,-0.140199,0.017251,0.989957,0.031011,-0.047575,0.210334,0.975979,-0.274396,-0.544540,0.072699,0.789239,-0.273427,-0.668633,0.099675,0.684275,-0.038898,-0.068961,-0.197786,0.977042,0.178429,-0.634750,-0.119949,0.742204,0.193515,-0.680930,-0.138092,0.692688
-0.007042,0.119427,-0.011757,0.992748,-0.005366,-0.019526,-0.013842,0.999699,-0.044524,-0.222286,-0.022495,0.973705,-0.034728,-0.117659,0.085499,0.988757,-0.006723,0.064780,-0.006949,0.997853,0.005467,-0.172890,-0.005097,0.984913,0.004416,-0.144152,-0.011434,0.989480,-0.005985,-0.139674,0.017033,0.990033,0.030570,-0.047228,0.210726,0.975925,-0.276396,-0.544182,0.071521,0.788895,-0.274603,-0.668685,0.099426,0.683790,-0.039070,-0.068607,-0.197247,0.977169,0.178798,-0.634480,-0.118988,0.742501,0.193523,-0.681247,-0.137506,0.692491
-0.007309,0.119866,-0.010851,0.992704,-0.005765,-0.019776,-0.013839,0.999692,-0.045276,-0.223399,-0.022674,0.973411,-0.034969,-0.119877,0.087728,0.988287,-0.007022,0.066012,-0.006542,0.997773,0.005532,-0.176302,-0.004598,0.984310,0.004027,-0.145332,-0.014010,0.989276,-0.006230,-0.139256,0.016841,0.990094,0.030234,-0.047031,0.210993,0.975887,-0.278234,-0.543965,0.070348,0.788504,-0.275614,-0.668860,0.099198,0.683244,-0.039169,-0.068458,-0.196717,0.977283,0.179252,-0.634348,-0.118002,0.742662,0.193601,-0.681699,-0.136898,0.692145
-0.007275,0.120081,-0.010285,0.992684,-0.005821,-0.019938,-0.014023,0.999686,-0.045538,-0.224469,-0.022950,0.973146,-0.034726,-0.122078,0.089763,0.987843,-0.007028,0.067289,-0.006087,0.997690,0.005595,-0.179571,-0.004065,0.983721,0.003592,-0.147021,-0.016800,0.988984,-0.006286,-0.139052,0.016704,0.990124,0.030106,-0.047135,0.211009,0.975883,-0.279756,-0.544037,0.069192,0.788018,-0.276302,-0.669284,0.099016,0.682577,-0.039123,-0.068718,-0.196203,0.977370,0.179874,-0.634494,-0.116965,0.742551,0.193820,-0.682420,-0.136245,0.691501
-0.006938,0.119967,-0.009872,0.992705,-0.005556,-0.020190,-0.014140,0.999681,-0.045446,-0.225182,-0.023058,0.972983,-0.034189,-0.123501,0.091996,0.987479,-0.006735,0.068075,-0.005521,0.997642,0.005672,-0.181838,-0.003443,0.983306,0.003225,-0.147546,-0.019216,0.988863,-0.006231,-0.139174,0.016572,0.990110,0.030173,-0.047338,0.211106,0.975850,-0.281133,-0.544024,0.068306,0.787615,-0.276900,-0.669618,0.099113,0.681993,-0.039044,-0.069031,-0.195567,0.977478,0.180419,-0.634642,-0.115849,0.742468,0.193952,-0.683140,-0.135524,0.690894
-0.006449,0.119687,-0.009535,0.992745,-0.005130,-0.020486,-0.014223,0.999676,-0.045178,-0.225717,-0.023082,0.972871,-0.033504,-0.124534,0.094329,0.987153,-0.006293,0.068617,-0.004899,0.997611,0.005754,-0.183603,-0.002777,0.982980,0.002896,-0.147487,-0.021447,0.988827,-0.006121,-0.139460,0.016444,0.990072,0.030339,-0.047591,0.211245,0.975802,-0.282438,-0.543967,0.067555,0.787252,-0.277454,-0.669906,0.099350,0.681450,-0.038948,-0.069370,-0.194869,0.977597,0.180925,-0.634791,-0.114693,0.742396,0.194041,-0.683860,-0.134769,0.690305
-0.005411,0.119310,-0.009326,0.992799,-0.004139,-0.020138,-0.013968,0.999691,-0.045038,-0.226006,-0.022823,0.972817,-0.032985,-0.125275,0.096653,0.986852,-0.005293,0.068506,-0.004289,0.997627,0.005824,-0.184651,-0.002181,0.982784,0.002655,-0.147445,-0.023081,0.988797,-0.005522,-0.139826,0.016554,0.990022,0.030983,-0.048010,0.211173,0.975777,-0.283197,-0.544146,0.066991,0.786903,-0.277498,-0.670378,0.099822,0.680899,-0.038403,-0.069806,-0.194285,0.977704,0.181879,-0.634894,-0.113358,0.742280,0.194548,-0.684536,-0.133821,0.689676
-0.004416,0.118898,-0.009354,0.992853,-0.003152,-0.019488,-0.013540,0.999713,-0.045184,-0.226720,-0.022494,0.972651,-0.032757,-0.126317,0.098685,0.986525,-0.004337,0.068162,-0.003660,0.997658,0.005895,-0.185566,-0.001564,0.982613,0.002459,-0.147261,-0.024434,0.988793,-0.004948,-0.140226,0.016691,0.989967,0.031604,-0.048482,0.210980,0.975776,-0.283900,-0.544354,0.066354,0.786560,-0.277476,-0.670878,0.100227,0.680356,-0.037891,-0.070283,-0.193741,0.977798,0.182841,-0.635062,-0.112070,0.742096,0.195065,-0.685283,-0.132914,0.688963
-0.003506,0.118415,-0.009858,0.992909,-0.002174,-0.018230,-0.012769,0.999750,-0.045908,-0.228281,-0.022033,0.972263,-0.033121,-0.127962,0.100129,0.986156,-0.003472,0.067352,-0.002988,0.997719,0.005969,-0.186214,-0.000904,0.982491,0.002355,-0.146796,-0.025224,0.988842,-0.004423,-0.140690,0.016881,0.989900,0.032178,-0.049059,0.210548,0.975821,-0.284489,-0.544622,0.065573,0.786227,-0.277320,-0.671433,0.100497,0.679832,-0.037444,-0.070845,-0.193277,0.977866,0.183819,-0.635361,-0.110873,0.741777,0.195602,-0.686174,-0.132088,0.688083
-0.002007,0.118333,-0.009507,0.992926,-0.000777,-0.011267,-0.011363,0.999872,-0.045502,-0.220500,-0.020789,0.974103,-0.033254,-0.120398,0.103296,0.986777,-0.001993,0.066795,-0.002408,0.997762,0.006026,-0.187262,-0.000381,0.982291,0.002245,-0.145901,-0.026136,0.988951,-0.003857,-0.140766,0.017091,0.989888,0.032682,-0.049453,0.209830,0.975939,-0.284978,-0.545013,0.064418,0.785875,-0.276996,-0.672114,0.100423,0.679302,-0.036859,-0.071067,-0.192609,0.978004,0.184782,-0.635621,-0.109358,0.741540,0.196107,-0.687086,-0.130938,0.687248
-0.000211,0.118451,-0.008728,0.992922,0.000835,-0.001450,-0.009665,0.999952,-0.044508,-0.208018,-0.019182,0.976924,-0.033302,-0.108214,0.107284,0.987760,-0.000211,0.066363,-0.001872,0.997794,0.006073,-0.188510,0.000075,0.982053,0.002133,-0.144792,-0.027107,0.989088,-0.003271,-0.140649,0.017311,0.989903,0.033151,-0.049758,0.208968,0.976093,-0.285416,-0.545466,0.063076,0.785510,-0.276586,-0.672858,0.100174,0.678769,-0.036203,-0.071116,-0.191840,0.978177,0.185737,-0.635860,-0.107682,0.741343,0.196592,-0.688009,-0.129626,0.686435
0.001279,0.117793,-0.007834,0.993006,0.002111,0.010139,-0.007269,0.999920,-0.043477,-0.193791,-0.016956,0.979932,-0.033404,-0.095343,0.111579,0.988607,0.001247,0.066664,-0.001288,0.997774,0.006123,-0.191420,0.000626,0.981489,0.002088,-0.144318,-0.027502,0.989147,-0.002826,-0.141308,0.017500,0.989807,0.033662,-0.050402,0.207840,0.976283,-0.285648,-0.546136,0.061708,0.785069,-0.275967,-0.673782,0.099895,0.678146,-0.035817,-0.071882,-0.190579,0.978381,0.186210,-0.636822,-0.105858,0.740661,0.196544,-0.689590,-0.128219,0.685125
0.001777,0.116906,-0.007804,0.993111,0.002442,0.023136,-0.005009,0.999717,-0.043217,-0.177944,-0.015086,0.982975,-0.033706,-0.087455,0.114817,0.988955,0.001684,0.068031,-0.000759,0.997681,0.006172,-0.195829,0.001214,0.980618,0.002061,-0.141769,-0.028240,0.989495,-0.002532,-0.142181,0.017848,0.989676,0.034068,-0.051253,0.206545,0.976500,-0.285895,-0.547108,0.060166,0.784422,-0.275301,-0.674981,0.099441,0.677290,-0.035637,-0.072872,-0.189536,0.978517,0.186675,-0.637919,-0.104348,0.739813,0.196503,-0.691293,-0.127120,0.683623
0.000290,0.115560,-0.009498,0.993255,0.000765,0.038932,-0.002937,0.999237,-0.044647,-0.158892,-0.013854,0.986189,-0.034462,-0.089584,0.116023,0.988598,0.000054,0.071528,-0.000326,0.997439,0.006184,-0.203236,0.001892,0.979108,0.002060,-0.135072,-0.029649,0.990390,-0.002533,-0.143482,0.018508,0.989477,0.034265,-0.052512,0.204915,0.976769,-0.286160,-0.548680,0.058275,0.783369,-0.274531,-0.676728,0.098636,0.675976,-0.035866,-0.074310,-0.188933,0.978517,0.187132,-0.639287,-0.103468,0.738639,0.196485,-0.693243,-0.126638,0.681741
-0.000584,0.112892,-0.009247,0.993564,-0.000398,0.052092,-0.002000,0.998640,-0.045828,-0.147055,-0.013833,0.987969,-0.034685,-0.094858,0.116385,0.988055,-0.000954,0.076246,0.000027,0.997089,0.006175,-0.210664,0.002466,0.977536,0.001885,-0.132278,-0.031516,0.990710,-0.002892,-0.146140,0.018925,0.989079,0.034439,-0.054579,0.203716,0.976901,-0.286772,-0.550565,0.056946,0.781919,-0.274141,-0.678732,0.098309,0.674170,-0.036699,-0.076866,-0.187813,0.978505,0.186760,-0.641378,-0.102791,0.737014,0.195617,-0.695762,-0.126435,0.679459
-0.001153,0.109562,-0.008023,0.993947,-0.001197,0.063937,-0.001627,0.997952,-0.046774,-0.138831,-0.014413,0.989106,-0.034485,-0.101673,0.116314,0.987393,-0.001615,0.081577,0.000346,0.996666,0.006183,-0.218091,0.003006,0.975904,0.001646,-0.131433,-0.033594,0.990754,-0.003436,-0.149477,0.019218,0.988573,0.034592,-0.057052,0.202733,0.976958,-0.287565,-0.552603,0.055896,0.780264,-0.273945,-0.680862,0.098215,0.672112,-0.037835,-0.079982,-0.186432,0.978476,0.185974,-0.643827,-0.102218,0.735154,0.194321,-0.698558,-0.126375,0.676968
-0.002697,0.103604,-0.006025,0.994597,-0.002852,0.070229,-0.001017,0.997526,-0.049543,-0.140176,-0.015166,0.988770,-0.035682,-0.112589,0.115755,0.986231,-0.003186,0.090341,0.000220,0.995906,0.006159,-0.225211,0.003214,0.974285,0.001250,-0.132161,-0.036285,0.990563,-0.004351,-0.155435,0.019455,0.987645,0.034998,-0.061036,0.201876,0.976881,-0.288325,-0.555898,0.055448,0.777671,-0.273695,-0.684052,0.098610,0.668910,-0.039925,-0.084928,-0.185206,0.978209,0.184629,-0.647145,-0.102643,0.732516,0.192446,-0.702023,-0.127417,0.673716
-0.003906,0.097544,-0.004159,0.995215,-0.004130,0.077584,-0.000278,0.996977,-0.052015,-0.142410,-0.015956,0.988311,-0.036723,-0.122637,0.114912,0.985092,-0.004352,0.099928,0.000191,0.994985,0.006162,-0.232531,0.003551,0.972563,0.000885,-0.133260,-0.038776,0.990322,-0.005100,-0.161479,0.019715,0.986666,0.035576,-0.065245,0.201309,0.976705,-0.289160,-0.559372,0.055337,0.774873,-0.273532,-0.687384,0.099320,0.665447,-0.041861,-0.089955,-0.183926,0.977920,0.183398,-0.650549,-0.102929,0.729765,0.190661,-0.705609,-0.128312,0.670299
-0.004446,0.091284,-0.002559,0.995812,-0.004718,0.087056,0.000664,0.996192,-0.053955,-0.146433,-0.016847,0.987604,-0.037555,-0.130987,0.113572,0.984141,-0.004804,0.111154,0.000288,0.993792,0.006165,-0.240268,0.004014,0.970679,0.000516,-0.135108,-0.040994,0.989982,-0.005499,-0.167701,0.020037,0.985619,0.036533,-0.069904,0.201340,0.976341,-0.290127,-0.563207,0.055925,0.771684,-0.273534,-0.691005,0.100691,0.661478,-0.043479,-0.095151,-0.182530,0.977619,0.182399,-0.654138,-0.102920,0.726802,0.189061,-0.709457,-0.128896,0.666568
-0.004220,0.082939,-0.001865,0.996544,-0.004574,0.097708,0.001525,0.995203,-0.054785,-0.149480,-0.017672,0.987088,-0.037863,-0.135787,0.111743,0.983688,-0.004531,0.122704,0.000245,0.992433,0.006145,-0.246028,0.004222,0.969234,0.000100,-0.134014,-0.044475,0.989981,-0.005367,-0.175944,0.021139,0.984158,0.038505,-0.075691,0.201427,0.975815,-0.290319,-0.567818,0.057540,0.768106,-0.272863,-0.695213,0.103116,0.656957,-0.045131,-0.101025,-0.181617,0.977125,0.181805,-0.657537,-0.103420,0.723807,0.187831,-0.712935,-0.130047,0.662971
-0.003611,0.073546,-0.001625,0.997284,-0.004085,0.108943,0.002318,0.994037,-0.055061,-0.152040,-0.018497,0.986666,-0.037917,-0.138817,0.109646,0.983499,-0.003908,0.134406,0.000104,0.990919,0.006125,-0.250800,0.004258,0.968010,-0.000314,-0.131449,-0.048635,0.990129,-0.004947,-0.185186,0.022638,0.982430,0.041000,-0.082040,0.201527,0.975180,-0.290103,-0.572804,0.059676,0.764314,-0.271828,-0.699693,0.106072,0.652141,-0.046782,-0.107235,-0.180927,0.976513,0.181417,-0.660833,-0.104157,0.720790,0.186787,-0.716221,-0.131461,0.659436
-0.002742,0.063232,-0.001789,0.997993,-0.003444,0.120617,0.003332,0.992688,-0.055046,-0.155515,-0.019139,0.986113,-0.037915,-0.138817,0.109669,0.983496,-0.003146,0.146140,0.000234,0.989259,0.006095,-0.256167,0.004569,0.966602,-0.000688,-0.129636,-0.052246,0.990184,-0.004549,-0.195317,0.023422,0.980450,0.043636,-0.089592,0.202213,0.974258,-0.290367,-0.576984,0.063020,0.760792,-0.271429,-0.703449,0.110281,0.647552,-0.048824,-0.113380,-0.181595,0.975594,0.181605,-0.663410,-0.106225,0.718069,0.186409,-0.718634,-0.134193,0.656360
-0.001963,0.052823,-0.002280,0.998599,-0.002993,0.132155,0.004297,0.991215,-0.055006,-0.158594,-0.019786,0.985612,-0.037893,-0.138817,0.109605,0.983504,-0.002582,0.159310,0.000342,0.987225,0.006092,-0.262397,0.004938,0.964928,-0.001101,-0.128831,-0.056034,0.990082,-0.004116,-0.205505,0.024357,0.978344,0.046326,-0.097143,0.202764,0.973295,-0.290512,-0.581293,0.066273,0.757172,-0.270871,-0.707308,0.114404,0.642850,-0.050813,-0.119426,-0.181749,0.974743,0.181533,-0.666045,-0.107847,0.715401,0.185735,-0.721131,-0.136495,0.653331
-0.001362,0.042234,-0.003425,0.999101,-0.002932,0.143430,0.005211,0.989642,-0.054964,-0.160882,-0.020369,0.985231,-0.037870,-0.138823,0.109443,0.983522,-0.002459,0.175356,0.000448,0.984502,0.006071,-0.270355,0.005469,0.962726,-0.001692,-0.130039,-0.060117,0.989683,-0.003606,-0.215828,0.025576,0.976090,0.049118,-0.104697,0.203059,0.972313,-0.290446,-0.585887,0.069324,0.753373,-0.270029,-0.711407,0.118344,0.637950,-0.052668,-0.125289,-0.180918,0.974062,0.180997,-0.668812,-0.108575,0.712841,0.184530,-0.723812,-0.137935,0.650399
0.002916,0.030729,-0.001489,0.999522,0.001380,0.153640,0.006718,0.988103,-0.042027,-0.175645,-0.014919,0.983443,-0.025557,-0.133477,0.115913,0.983918,0.001997,0.191404,0.001347,0.981508,0.005877,-0.276277,0.005804,0.961042,-0.002349,-0.130489,-0.063665,0.989401,-0.002528,-0.227043,0.026278,0.973527,0.052809,-0.112973,0.204814,0.970824,-0.290636,-0.590269,0.074262,0.749399,-0.269700,-0.715223,0.124093,0.632707,-0.054117,-0.131317,-0.179686,0.973417,0.180526,-0.671541,-0.108827,0.710352,0.183335,-0.726383,-0.138917,0.647656
0.009031,0.018764,0.001986,0.999781,0.007959,0.163295,0.008296,0.986510,-0.023030,-0.196583,-0.005419,0.980202,-0.007059,-0.125410,0.125826,0.984068,0.008797,0.207404,0.002348,0.978213,0.006015,-0.281194,0.005715,0.959615,-0.002676,-0.130598,-0.067330,0.989143,-0.001272,-0.238665,0.026795,0.970731,0.056889,-0.121586,0.207352,0.969013,-0.291007,-0.594470,0.080174,0.745314,-0.269683,-0.718826,0.130758,0.627266,-0.055439,-0.137386,-0.178157,0.972786,0.179975,-0.674243,-0.108814,0.707930,0.182029,-0.728889,-0.139651,0.645046
0.013910,0.005918,0.004449,0.999876,0.013924,0.172046,0.005117,0.984977,-0.000463,-0.225219,0.002848,0.974304,0.017517,-0.134607,0.132172,0.981888,0.013986,0.220841,0.003804,0.975202,0.005859,-0.284390,0.006119,0.958671,-0.003037,-0.125705,-0.072261,0.989428,-0.000509,-0.251098,0.026784,0.967591,0.060602,-0.130504,0.208615,0.967355,-0.290870,-0.598324,0.085339,0.741701,-0.269117,-0.722124,0.136749,0.622425,-0.057578,-0.143144,-0.177643,0.971925,0.179489,-0.675895,-0.110098,0.706277,0.180877,-0.730247,-0.141748,0.643374
0.016511,-0.006780,0.007151,0.999815,0.017883,0.183310,0.002202,0.982890,0.014896,-0.247058,0.009232,0.968842,0.034010,-0.137210,0.136708,0.980473,0.016544,0.231851,0.008026,0.972578,0.004245,-0.288928,0.009528,0.957294,-0.004081,-0.122376,-0.071387,0.989905,-0.000197,-0.263343,0.026940,0.964326,0.063928,-0.138999,0.210026,0.965651,-0.291016,-0.602003,0.090285,0.738072,-0.268831,-0.725270,0.142418,0.617601,-0.060173,-0.150237,-0.177764,0.970674,0.179339,-0.678760,-0.112140,0.703240,0.180042,-0.732841,-0.144529,0.640031
0.014562,-0.019178,0.010334,0.999657,0.017827,0.199691,0.000241,0.979697,0.017082,-0.255974,0.009075,0.966490,0.034960,-0.126864,0.136147,0.981910,0.013781,0.238060,0.018267,0.970981,-0.000933,-0.296164,0.019447,0.954939,-0.007040,-0.122194,-0.058255,0.990770,-0.000664,-0.275290,0.027244,0.960975,0.066557,-0.146689,0.211593,0.963992,-0.291650,-0.605454,0.094685,0.734439,-0.269015,-0.728237,0.147368,0.612850,-0.063638,-0.160047,-0.179388,0.968584,0.180025,-0.684001,-0.115874,0.697357,0.180015,-0.737854,-0.148833,0.633257
0.013292,-0.029352,0.012310,0.999405,0.017954,0.214613,-0.000690,0.976534,0.018180,-0.263682,0.009382,0.964393,0.035507,-0.122407,0.135444,0.982553,0.012402,0.241223,0.023223,0.970113,-0.004471,-0.302637,0.023353,0.952809,-0.009410,-0.122358,-0.051470,0.991106,-0.001263,-0.285066,0.027486,0.958113,0.068576,-0.153206,0.213357,0.962447,-0.292872,-0.608187,0.098477,0.731189,-0.269745,-0.730642,0.151669,0.608602,-0.066856,-0.166931,-0.181250,0.966857,0.180794,-0.687023,-0.119363,0.693589,0.180207,-0.740795,-0.152886,0.628788
0.012361,-0.038413,0.013683,0.999092,0.018147,0.228786,-0.001112,0.973307,0.018704,-0.270786,0.009879,0.962407,0.035833,-0.120908,0.134656,0.982835,0.011725,0.242874,0.025540,0.969651,-0.007088,-0.308707,0.024260,0.950821,-0.011422,-0.122678,-0.047866,0.991226,-0.001923,-0.293749,0.027705,0.955479,0.070308,-0.159130,0.215224,0.960944,-0.294372,-0.610546,0.101988,0.728133,-0.270735,-0.732751,0.155664,0.604605,-0.069948,-0.172344,-0.183212,0.965318,0.181591,-0.688935,-0.122717,0.690894,0.180493,-0.742700,-0.156803,0.625486
0.010995,-0.048823,0.017521,0.998593,0.019884,0.241376,-0.003662,0.970221,0.021651,-0.274467,0.009230,0.961308,0.036661,-0.106266,0.131453,0.984928,0.012927,0.243787,0.024260,0.969439,-0.003705,-0.306532,0.025530,0.951511,-0.006387,-0.109383,-0.045705,0.992928,-0.002993,-0.303683,0.029052,0.952325,0.072370,-0.162213,0.217352,0.959796,-0.294670,-0.608671,0.106370,0.728954,-0.271793,-0.730921,0.160092,0.605189,-0.073639,-0.175974,-0.183764,0.964283,0.180861,-0.688005,-0.125445,0.691522,0.179247,-0.741559,-0.160479,0.626265
0.008978,-0.058042,0.020140,0.998071,0.020563,0.253370,-0.005717,0.967134,0.024078,-0.279290,0.009227,0.959861,0.036917,-0.092061,0.126322,0.987018,0.012917,0.248530,0.023328,0.968257,-0.001830,-0.308088,0.026342,0.950991,-0.003138,-0.099372,-0.043305,0.994103,-0.004054,-0.312478,0.029928,0.949445,0.074087,-0.165883,0.219640,0.958516,-0.295681,-0.607394,0.110563,0.728987,-0.273465,-0.729630,0.164122,0.604914,-0.077304,-0.179673,-0.185886,0.962906,0.181268,-0.687105,-0.129268,0.691605,0.179228,-0.740550,-0.165100,0.626262
0.005659,-0.064888,0.020325,0.997669,0.018610,0.264262,-0.006779,0.964248,0.024939,-0.286365,0.010135,0.957742,0.035616,-0.078765,0.117222,0.989336,0.010364,0.260928,0.023169,0.965025,-0.003134,-0.317088,0.026245,0.948028,-0.003578,-0.095976,-0.040259,0.994563,-0.005017,-0.319037,0.029882,0.947258,0.075187,-0.170713,0.222303,0.956967,-0.298121,-0.607293,0.114466,0.727473,-0.276385,-0.729406,0.167443,0.602944,-0.080887,-0.183539,-0.191199,0.960840,0.184006,-0.686253,-0.135311,0.690572,0.181728,-0.739799,-0.171633,0.624671
0.005834,-0.073265,0.015968,0.997168,0.016686,0.275108,-0.006932,0.961244,0.025317,-0.292982,0.011964,0.955708,0.034603,-0.068902,0.108275,0.991127,0.010408,0.306083,0.015688,0.951819,0.005443,-0.317386,0.027598,0.947879,0.006453,-0.084024,-0.038501,0.995699,-0.004453,-0.326974,0.030754,0.944522,0.078183,-0.176386,0.225172,0.955025,-0.299384,-0.608054,0.119633,0.725484,-0.278226,-0.729788,0.172165,0.600299,-0.083438,-0.185819,-0.196623,0.959088,0.187686,-0.684454,-0.140504,0.690329,0.185185,-0.738266,-0.177240,0.623904
0.007754,-0.082400,0.009338,0.996525,0.014374,0.285894,-0.006697,0.958130,0.025075,-0.299393,0.013993,0.953698,0.033415,-0.060815,0.099234,0.992642,0.011200,0.366548,0.004654,0.930320,0.017028,-0.313045,0.031522,0.949062,0.020241,-0.067362,-0.035398,0.996895,-0.003018,-0.335571,0.032130,0.941462,0.082251,-0.182427,0.228143,0.952841,-0.299931,-0.609200,0.125507,0.723301,-0.279419,-0.730420,0.177682,0.597362,-0.085344,-0.187319,-0.202068,0.957495,0.191913,-0.682169,-0.145178,0.690462,0.189194,-0.736337,-0.182282,0.623527
0.011889,-0.089221,0.008575,0.995904,0.017211,0.299052,-0.006022,0.954063,0.024927,-0.307995,0.014792,0.950946,0.033400,-0.062963,0.095049,0.992918,0.015992,0.409362,-0.001518,0.912231,0.023869,-0.312641,0.035164,0.948920,0.026983,-0.079591,-0.029292,0.996032,-0.001156,-0.341952,0.032502,0.939155,0.086815,-0.189513,0.235336,0.949297,-0.303168,-0.608844,0.135099,0.720518,-0.283930,-0.729616,0.186340,0.593567,-0.087054,-0.189119,-0.211585,0.954928,0.199055,-0.679242,-0.152820,0.689677,0.196377,-0.734175,-0.189957,0.621563
0.015681,-0.096862,0.008316,0.995140,0.019871,0.311641,-0.005307,0.949977,0.024737,-0.315523,0.015520,0.948469,0.033244,-0.064479,0.090567,0.993245,0.020194,0.445189,-0.006264,0.895187,0.028324,-0.315808,0.038258,0.947628,0.031251,-0.093414,-0.023467,0.994860,0.000539,-0.349098,0.032866,0.936510,0.091539,-0.196940,0.242424,0.945550,-0.306109,-0.608765,0.144875,0.717435,-0.288136,-0.729003,0.195203,0.589431,-0.088957,-0.191225,-0.219988,0.952431,0.205123,-0.676432,-0.159945,0.689044,0.202461,-0.731969,-0.197201,0.619954
0.018788,-0.106147,0.009064,0.994132,0.022435,0.323137,-0.004323,0.946076,0.024521,-0.320956,0.016453,0.946634,0.032970,-0.064742,0.085819,0.993658,0.023249,0.468354,-0.007918,0.883199,0.029039,-0.326235,0.039190,0.944030,0.031301,-0.110692,-0.019779,0.993165,0.001884,-0.357781,0.033180,0.933214,0.096459,-0.205121,0.249307,0.941524,-0.308650,-0.609374,0.154896,0.713726,-0.291891,-0.728924,0.204327,0.584569,-0.091220,-0.193947,-0.226222,0.950204,0.209147,-0.674007,-0.166040,0.688769,0.206423,-0.729819,-0.203605,0.619112
0.023462,-0.115682,0.012786,0.992927,0.028225,0.334562,-0.003192,0.941945,0.025115,-0.327093,0.016881,0.944507,0.032994,-0.064570,0.075229,0.994526,0.030804,0.472733,-0.010838,0.880600,0.035129,-0.332785,0.041092,0.941452,0.037646,-0.115929,-0.017709,0.992386,0.003713,-0.366649,0.033618,0.929744,0.102505,-0.213968,0.258410,0.936448,-0.311378,-0.609023,0.167759,0.709924,-0.296338,-0.727793,0.216172,0.579457,-0.094085,-0.196510,-0.237120,0.946734,0.215612,-0.668954,-0.176293,0.689153,0.213546,-0.724819,-0.213613,0.619196
0.028916,-0.125332,0.017992,0.991530,0.035735,0.345895,-0.002196,0.937590,0.026445,-0.333601,0.016941,0.942191,0.033463,-0.064212,0.061492,0.995478,0.040609,0.467719,-0.014397,0.882827,0.043876,-0.337469,0.043452,0.939309,0.047074,-0.115228,-0.016565,0.992085,0.005694,-0.375583,0.034139,0.926142,0.109166,-0.223061,0.268586,0.930692,-0.314017,-0.608044,0.182086,0.706060,-0.300975,-0.725971,0.229437,0.574229,-0.097385,-0.198922,-0.250264,0.942504,0.223005,-0.662416,-0.188699,0.689831,0.221968,-0.718205,-0.225518,0.619721
0.028687,-0.131412,0.021859,0.990672,0.038022,0.355850,-0.000699,0.933769,0.026015,-0.341691,0.018387,0.939272,0.032866,-0.064742,0.052365,0.995985,0.043496,0.465490,-0.012912,0.883889,0.044215,-0.331957,0.042617,0.941294,0.047135,-0.117321,-0.014589,0.991868,0.005546,-0.378293,0.032792,0.925088,0.111944,-0.227349,0.277426,0.926723,-0.319096,-0.604873,0.191395,0.704042,-0.307574,-0.722710,0.237515,0.571555,-0.100924,-0.198893,-0.262806,0.938717,0.229979,-0.655620,-0.199925,0.690871,0.230234,-0.711821,-0.235933,0.620192
0.029147,-0.138037,0.024479,0.989695,0.040318,0.362591,-0.000391,0.931076,0.026546,-0.353405,0.019358,0.934893,0.032539,-0.053087,0.036143,0.997405,0.046362,0.465417,-0.013111,0.883779,0.045444,-0.332943,0.041549,0.940934,0.048455,-0.118634,-0.012207,0.991680,0.006541,-0.381636,0.031607,0.923749,0.116056,-0.230218,0.285705,0.922986,-0.320649,-0.599063,0.202242,0.705270,-0.310918,-0.715723,0.248396,0.573908,-0.103017,-0.197361,-0.273760,0.935677,0.235301,-0.646569,-0.210015,0.694604,0.236678,-0.702467,-0.245698,0.624625
0.030986,-0.145756,0.024602,0.988529,0.042390,0.362993,-0.002409,0.930824,0.028808,-0.372300,0.019377,0.927463,0.033785,-0.017081,0.005510,0.999268,0.049154,0.469670,-0.016665,0.881315,0.048537,-0.346884,0.040085,0.935793,0.052300,-0.118350,-0.009020,0.991553,0.009919,-0.386255,0.030734,0.921827,0.122744,-0.230230,0.292896,0.919859,-0.315174,-0.588031,0.215983,0.712907,-0.307608,-0.701253,0.264666,0.586151,-0.102071,-0.192977,-0.281684,0.934343,0.237635,-0.633274,-0.217864,0.703583,0.239720,-0.687379,-0.254198,0.636732
0.031002,-0.151220,0.026258,0.987665,0.043303,0.371299,-0.001275,0.927502,0.029073,-0.371220,0.022043,0.927828,0.034730,-0.018442,-0.004633,0.999216,0.051218,0.474484,-0.017477,0.878599,0.050559,-0.342483,0.041858,0.937229,0.055356,-0.117103,-0.001261,0.991575,0.008583,-0.388028,0.031692,0.921063,0.124314,-0.234815,0.302475,0.915378,-0.320244,-0.584724,0.226046,0.710243,-0.314409,-0.698257,0.273254,0.582165,-0.105815,-0.193358,-0.290289,0.931208,0.242111,-0.629217,-0.225833,0.703184,0.245124,-0.683810,-0.261509,0.635556
0.030108,-0.155557,0.028682,0.986951,0.043687,0.383503,0.001422,0.922505,0.028333,-0.360161,0.026043,0.932096,0.034503,-0.038448,-0.004370,0.998655,0.052976,0.479564,-0.016913,0.875743,0.052076,-0.328874,0.045237,0.941851,0.057983,-0.115359,0.008838,0.991591,0.004911,-0.388365,0.033620,0.920879,0.123429,-0.241724,0.313208,0.910075,-0.330566,-0.585172,0.234342,0.702413,-0.326368,-0.700855,0.277995,0.570092,-0.111972,-0.196001,-0.299150,0.927122,0.247621,-0.629630,-0.233770,0.698285,0.251735,-0.685861,-0.268103,0.627969
0.027994,-0.163231,0.030585,0.985716,0.043813,0.394581,0.001940,0.917814,0.028034,-0.363648,0.027721,0.930702,0.034419,-0.045608,-0.005842,0.998349,0.055282,0.485397,-0.019247,0.872332,0.055259,-0.329357,0.047482,0.941390,0.062040,-0.116250,0.014648,0.991172,0.003845,-0.394176,0.033883,0.918402,0.125829,-0.242507,0.318897,0.907558,-0.332731,-0.581301,0.240346,0.702576,-0.330199,-0.698093,0.282922,0.568849,-0.116137,-0.196534,-0.305849,0.924307,0.251000,-0.625574,-0.240357,0.698487,0.256057,-0.682472,-0.274069,0.627337
0.025298,-0.171019,0.032738,0.984399,0.044073,0.405433,0.002238,0.913059,0.027853,-0.366335,0.029062,0.929612,0.034268,-0.052853,-0.007528,0.997986,0.057788,0.491327,-0.021592,0.868788,0.058400,-0.330110,0.049451,0.940835,0.065982,-0.116516,0.019607,0.990801,0.002419,-0.399541,0.034267,0.916071,0.127665,-0.242707,0.324361,0.905309,-0.335021,-0.577112,0.245772,0.703065,-0.333983,-0.694756,0.287451,0.568455,-0.120456,-0.196694,-0.312239,0.921579,0.253991,-0.621290,-0.246726,0.699009,0.260015,-0.678880,-0.279846,0.627057
0.021444,-0.179044,0.035392,0.982970,0.044555,0.415890,0.002095,0.908321,0.027980,-0.367432,0.029689,0.929155,0.034097,-0.060270,-0.009703,0.997552,0.060620,0.497482,-0.023976,0.865021,0.061499,-0.331428,0.050747,0.940105,0.069698,-0.115594,0.022727,0.990588,0.000293,-0.404034,0.034912,0.914077,0.128370,-0.241773,0.329430,0.903628,-0.337633,-0.572332,0.250082,0.704200,-0.337716,-0.690320,0.291235,0.569726,-0.125043,-0.196166,-0.318051,0.919090,0.256318,-0.616666,-0.252654,0.700136,0.263334,-0.674999,-0.285242,0.627430
0.017731,-0.186419,0.037173,0.981607,0.044556,0.425504,0.001911,0.903857,0.028082,-0.367521,0.030604,0.929087,0.033966,-0.067147,-0.011249,0.997101,0.062856,0.507140,-0.026056,0.859173,0.063493,-0.335435,0.052148,0.938473,0.072310,-0.117355,0.025966,0.990114,-0.001544,-0.408216,0.035742,0.912184,0.128839,-0.240085,0.333113,0.902660,-0.339430,-0.567649,0.253036,0.706070,-0.340468,-0.686057,0.293882,0.571875,-0.128891,-0.195555,-0.322320,0.917200,0.258200,-0.612432,-0.256993,0.701580,0.266063,-0.671505,-0.289132,0.628247
0.014089,-0.193464,0.038518,0.980250,0.044366,0.434680,0.001753,0.899490,0.028141,-0.367103,0.031740,0.929213,0.033827,-0.073748,-0.012393,0.996626,0.064929,0.518475,-0.027887,0.852168,0.064922,-0.340776,0.053808,0.936356,0.074422,-0.120457,0.029464,0.989486,-0.003223,-0.412240,0.036652,0.910332,0.129199,-0.238018,0.336093,0.902051,-0.340804,-0.563013,0.255304,0.708300,-0.342713,-0.681876,0.295956,0.574459,-0.132351,-0.194904,-0.325823,0.915607,0.259869,-0.608385,-0.260529,0.703179,0.268507,-0.668198,-0.292258,0.629286
0.008140,-0.200676,0.041192,0.978757,0.044572,0.441714,0.001484,0.896047,0.028381,-0.364438,0.032000,0.930245,0.033647,-0.078983,-0.013541,0.996216,0.066981,0.528719,-0.027892,0.845690,0.064550,-0.347756,0.053360,0.933837,0.074438,-0.120351,0.030242,0.989475,-0.006529,-0.415504,0.037349,0.908801,0.127179,-0.234459,0.337244,0.902840,-0.342606,-0.557906,0.254733,0.711670,-0.345057,-0.677554,0.295275,0.578506,-0.136758,-0.194820,-0.326740,0.914649,0.259288,-0.606162,-0.262565,0.704555,0.268526,-0.666688,-0.294088,0.630026
0.001239,-0.207860,0.044093,0.977164,0.044820,0.448809,0.001373,0.892502,0.028533,-0.362310,0.032518,0.931053,0.033471,-0.083744,-0.014517,0.995819,0.069017,0.537116,-0.027390,0.840234,0.064067,-0.354263,0.053293,0.931425,0.074448,-0.120363,0.031805,0.989423,-0.010206,-0.417516,0.037837,0.907824,0.124359,-0.229943,0.338421,0.903954,-0.345126,-0.552320,0.253339,0.715297,-0.348046,-0.672906,0.293687,0.582932,-0.141211,-0.194773,-0.327536,0.913697,0.258768,-0.604472,-0.264363,0.705525,0.268617,-0.665855,-0.295609,0.630156
-0.007565,-0.214998,0.047451,0.975432,0.044980,0.456062,0.001495,0.888810,0.028448,-0.361262,0.033362,0.931433,0.033210,-0.087552,-0.015321,0.995488,0.070635,0.541979,-0.026075,0.837013,0.063111,-0.359818,0.053552,0.929344,0.074112,-0.120570,0.034567,0.989331,-0.014633,-0.417029,0.037947,0.907983,0.119932,-0.223504,0.339662,0.905699,-0.349088,-0.545777,0.250300,0.719455,-0.352332,-0.667606,0.290287,0.588131,-0.145764,-0.194821,-0.328103,0.912768,0.258385,-0.603873,-0.265707,0.705673,0.268867,-0.666396,-0.296532,0.629044
-0.017090,-0.223592,0.050677,0.973214,0.044288,0.462683,0.003315,0.885411,0.026353,-0.358270,0.033595,0.932641,0.030764,-0.092423,-0.015321,0.995127,0.071877,0.546219,-0.024099,0.834205,0.061549,-0.364242,0.053879,0.927705,0.073430,-0.120960,0.039941,0.989132,-0.019864,-0.419284,0.037473,0.906864,0.115504,-0.218409,0.340192,0.907318,-0.352447,-0.540375,0.247356,0.722905,-0.355893,-0.663260,0.287041,0.592481,-0.152133,-0.196927,-0.328341,0.911190,0.256182,-0.604457,-0.268484,0.704925,0.267286,-0.667743,-0.299083,0.627078
-0.026973,-0.232888,0.053831,0.970638,0.043356,0.468955,0.006093,0.882136,0.023315,-0.354310,0.033717,0.934229,0.027320,-0.097839,-0.014797,0.994717,0.073104,0.550103,-0.021706,0.831608,0.059717,-0.368127,0.054410,0.926259,0.072663,-0.121485,0.046783,0.988824,-0.025527,-0.422887,0.036684,0.905080,0.111021,-0.213982,0.340398,0.908854,-0.355564,-0.535510,0.244471,0.725973,-0.359156,-0.659359,0.283871,0.596381,-0.159438,-0.200020,-0.328428,0.909234,0.253042,-0.605581,-0.272014,0.703740,0.264776,-0.669437,-0.302491,0.624698
-0.035074,-0.241979,0.056477,0.968001,0.043610,0.473746,0.007393,0.879550,0.022161,-0.350026,0.033333,0.935884,0.025791,-0.100240,-0.014918,0.994517,0.074380,0.552689,-0.019585,0.829830,0.058361,-0.369798,0.053146,0.925753,0.071756,-0.121936,0.051370,0.988607,-0.030066,-0.424076,0.036963,0.904372,0.106897,-0.209449,0.340916,0.910209,-0.358863,-0.531125,0.241590,0.728531,-0.362528,-0.655873,0.280645,0.599701,-0.165303,-0.202448,-0.330071,0.907052,0.252105,-0.604972,-0.275843,0.703109,0.264585,-0.669524,-0.305998,0.622975
-0.041590,-0.250610,0.058352,0.965433,0.044066,0.479326,0.008678,0.876487,0.021202,-0.346629,0.033547,0.937162,0.024407,-0.105692,-0.014505,0.993994,0.075554,0.556829,-0.017400,0.827001,0.056801,-0.372032,0.052438,0.924995,0.070883,-0.122694,0.057064,0.988264,-0.033972,-0.425693,0.037205,0.903464,0.103518,-0.205696,0.341220,0.911341,-0.361614,-0.527580,0.239043,0.730584,-0.365304,-0.653070,0.277809,0.602390,-0.170608,-0.205025,-0.331427,0.904994,0.251361,-0.604568,-0.279240,0.702382,0.264538,-0.669811,-0.309064,0.621170
-0.044940,-0.258372,0.058697,0.963213,0.044520,0.486548,0.009738,0.872464,0.020482,-0.344972,0.034527,0.937754,0.023035,-0.117171,-0.013380,0.992754,0.076204,0.564147,-0.015210,0.822009,0.054730,-0.375324,0.052498,0.923786,0.069895,-0.123977,0.064665,0.987706,-0.036588,-0.428181,0.037387,0.902178,0.101639,-0.203520,0.341044,0.912106,-0.363256,-0.525790,0.237112,0.731688,-0.366863,-0.651717,0.275713,0.603870,-0.174748,-0.207982,-0.332185,0.903250,0.251062,-0.604665,-0.281731,0.701409,0.264812,-0.670592,-0.311202,0.619140
-0.048454,-0.266662,0.059009,0.960761,0.044905,0.492487,0.010703,0.869095,0.019691,-0.343720,0.034748,0.938222,0.021665,-0.125076,-0.013023,0.991825,0.076645,0.568816,-0.013430,0.818776,0.053148,-0.377664,0.051727,0.922968,0.069082,-0.124932,0.070829,0.987220,-0.038469,-0.428646,0.037756,0.901863,0.100158,-0.198186,0.342866,0.912761,-0.365075,-0.520339,0.236260,0.734948,-0.369214,-0.647054,0.274728,0.607887,-0.177338,-0.209467,-0.332951,0.902119,0.251752,-0.603389,-0.283172,0.701681,0.266046,-0.670112,-0.312260,0.618598
-0.052047,-0.275201,0.059301,0.958143,0.045306,0.497770,0.011652,0.866046,0.018889,-0.342677,0.034644,0.938624,0.020341,-0.131204,-0.013010,0.991061,0.077019,0.572158,-0.011838,0.816433,0.051831,-0.379535,0.050583,0.922339,0.068389,-0.125734,0.076312,0.986758,-0.039971,-0.428102,0.038210,0.902037,0.098862,-0.191268,0.345677,0.913318,-0.366972,-0.513026,0.235931,0.739238,-0.371949,-0.640698,0.274278,0.613132,-0.179144,-0.210225,-0.333734,0.901296,0.252950,-0.601422,-0.284095,0.702565,0.267771,-0.668999,-0.312782,0.618794
-0.053093,-0.283720,0.059072,0.955612,0.045861,0.500910,0.011969,0.864200,0.018919,-0.342705,0.035446,0.938584,0.020254,-0.135518,-0.011897,0.990496,0.077019,0.575564,-0.010280,0.814057,0.050333,-0.381605,0.049735,0.921613,0.067512,-0.129062,0.081208,0.985997,-0.040107,-0.426294,0.038757,0.902864,0.098443,-0.184468,0.348325,0.913756,-0.368356,-0.506606,0.235540,0.743091,-0.374062,-0.635107,0.273832,0.617845,-0.178746,-0.209342,-0.334014,0.901477,0.255274,-0.598855,-0.283101,0.704316,0.270511,-0.667540,-0.311297,0.619926
-0.053822,-0.292168,0.058682,0.953046,0.046309,0.503593,0.012165,0.862613,0.018989,-0.342808,0.036128,0.938518,0.020200,-0.139255,-0.011077,0.989989,0.076847,0.578566,-0.008879,0.811959,0.048917,-0.383531,0.048833,0.920938,0.066694,-0.132464,0.085738,0.985218,-0.040048,-0.424193,0.039178,0.903837,0.098087,-0.178675,0.350726,0.914027,-0.369938,-0.501284,0.235024,0.746072,-0.376205,-0.630493,0.273188,0.621544,-0.177999,-0.208708,-0.333875,0.901823,0.257672,-0.596702,-0.281633,0.705857,0.273262,-0.666524,-0.309317,0.620803
-0.053920,-0.300499,0.057974,0.950491,0.046512,0.505374,0.012107,0.861561,0.019133,-0.343058,0.036538,0.938408,0.020207,-0.141835,-0.010876,0.989624,0.076306,0.580777,-0.007793,0.810441,0.047618,-0.385176,0.047821,0.920372,0.065910,-0.136004,0.089560,0.984448,-0.039628,-0.421506,0.039353,0.905104,0.097860,-0.174913,0.352657,0.914036,-0.371947,-0.498206,0.234280,0.747368,-0.378438,-0.627891,0.272174,0.623265,-0.176580,-0.208557,-0.332887,0.902502,0.260196,-0.595382,-0.279219,0.707004,0.276012,-0.666398,-0.306359,0.621188
-0.054150,-0.308405,0.057607,0.947964,0.046750,0.507145,0.012532,0.860501,0.018981,-0.342759,0.037505,0.938482,0.020102,-0.143443,-0.010006,0.989404,0.075865,0.582707,-0.006415,0.809108,0.046153,-0.386110,0.047402,0.920077,0.065080,-0.139104,0.093780,0.983677,-0.039360,-0.419041,0.039090,0.906271,0.097238,-0.174457,0.352360,0.914304,-0.374190,-0.499036,0.231988,0.746409,-0.380185,-0.628887,0.269528,0.622346,-0.175403,-0.209389,-0.331385,0.903091,0.262274,-0.594892,-0.276820,0.707592,0.278242,-0.666995,-0.303459,0.620977
-0.054443,-0.316090,0.057407,0.945425,0.047008,0.508910,0.013194,0.859434,0.018683,-0.342184,0.038749,0.938648,0.019939,-0.144565,-0.008805,0.989255,0.075476,0.584493,-0.004896,0.807866,0.044609,-0.386688,0.047273,0.919917,0.064237,-0.141985,0.098187,0.982890,-0.039189,-0.416686,0.038608,0.907384,0.096401,-0.175658,0.350951,0.914704,-0.376559,-0.501816,0.228915,0.744300,-0.381697,-0.631676,0.266054,0.620087,-0.174357,-0.210702,-0.329621,0.903634,0.264124,-0.594811,-0.274433,0.707901,0.280204,-0.667946,-0.300590,0.620467
-0.054091,-0.323424,0.057364,0.942964,0.047599,0.510060,0.013560,0.858714,0.018708,-0.341947,0.039252,0.938713,0.019918,-0.145796,-0.008562,0.989077,0.075564,0.585504,-0.004080,0.807130,0.044069,-0.386793,0.045954,0.919966,0.063800,-0.144880,0.099342,0.982380,-0.038312,-0.413205,0.038858,0.909002,0.096009,-0.176168,0.350072,0.914985,-0.378545,-0.503442,0.226521,0.742925,-0.383079,-0.633371,0.263334,0.618665,-0.172335,-0.211258,-0.328374,0.904346,0.267176,-0.593627,-0.271709,0.708800,0.283384,-0.667910,-0.297267,0.620663
-0.053495,-0.330655,0.057275,0.940492,0.048097,0.510631,0.013849,0.858342,0.018751,-0.341946,0.039664,0.938695,0.019907,-0.147073,-0.008380,0.988890,0.075904,0.586026,-0.003880,0.806720,0.044175,-0.386871,0.044913,0.919979,0.064107,-0.148175,0.100727,0.981727,-0.037276,-0.408900,0.038983,0.910984,0.095424,-0.176312,0.348900,0.915466,-0.380571,-0.504888,0.223634,0.741783,-0.384455,-0.634948,0.260140,0.617546,-0.169954,-0.211594,-0.327392,0.905074,0.270915,-0.592277,-0.268796,0.709621,0.287291,-0.667909,-0.293601,0.620612
-0.052411,-0.337698,0.057099,0.938058,0.048416,0.510042,0.013998,0.858672,0.018826,-0.342422,0.039908,0.938509,0.019911,-0.148442,-0.008303,0.988686,0.076754,0.585568,-0.004894,0.806966,0.045549,-0.386907,0.044445,0.919920,0.065868,-0.152268,0.102611,0.980789,-0.035936,-0.402947,0.038869,0.913691,0.094455,-0.175727,0.347156,0.916341,-0.382684,-0.505977,0.219777,0.741106,-0.385831,-0.636289,0.256012,0.617033,-0.166866,-0.211486,-0.326927,0.905841,0.275998,-0.590605,-0.265483,0.710302,0.292626,-0.667989,-0.289233,0.620085
-0.051798,-0.345244,0.056987,0.935348,0.048696,0.509623,0.014294,0.858900,0.018834,-0.342521,0.040634,0.938442,0.019911,-0.149121,-0.008263,0.988584,0.077643,0.585288,-0.005738,0.807079,0.046770,-0.386847,0.044411,0.919886,0.067633,-0.156210,0.105160,0.979778,-0.035293,-0.397839,0.038982,0.915947,0.093198,-0.175353,0.345928,0.917006,-0.385047,-0.506537,0.216547,0.740450,-0.387599,-0.637112,0.252446,0.616544,-0.164551,-0.211564,-0.325635,0.906711,0.279963,-0.589278,-0.262028,0.711136,0.296792,-0.668341,-0.284856,0.619752
-0.051416,-0.353028,0.056905,0.932464,0.048956,0.509288,0.014658,0.859078,0.018815,-0.342431,0.041596,0.938433,0.019913,-0.149453,-0.008248,0.988534,0.078549,0.585098,-0.006502,0.807124,0.047918,-0.386740,0.044589,0.919863,0.069412,-0.160068,0.108037,0.978718,-0.034994,-0.393151,0.039222,0.917970,0.091801,-0.175080,0.344965,0.917561,-0.387531,-0.506824,0.213634,0.739804,-0.389559,-0.637669,0.249164,0.616067,-0.162613,-0.211735,-0.323915,0.907637,0.283375,-0.588126,-0.258490,0.712032,0.300370,-0.668834,-0.280458,0.619502
-0.051695,-0.360649,0.056842,0.929531,0.049203,0.509552,0.015071,0.858900,0.018662,-0.342840,0.042336,0.938254,0.019812,-0.150750,-0.007500,0.988345,0.079146,0.584696,-0.006837,0.807354,0.048578,-0.386991,0.044129,0.919745,0.070622,-0.164343,0.110393,0.977659,-0.034763,-0.387922,0.039461,0.920191,0.090229,-0.174108,0.344447,0.918096,-0.390161,-0.505978,0.210973,0.739764,-0.391842,-0.637207,0.246126,0.616319,-0.160650,-0.211615,-0.322548,0.908501,0.287117,-0.587020,-0.254987,0.712709,0.304313,-0.669517,-0.275969,0.618855
-0.052008,-0.368478,0.056660,0.926450,0.049272,0.509616,0.015510,0.858850,0.018426,-0.342953,0.043122,0.938181,0.019680,-0.151623,-0.006571,0.988221,0.079488,0.584188,-0.007039,0.807686,0.048971,-0.387225,0.043811,0.919641,0.071625,-0.168337,0.112970,0.976612,-0.034601,-0.382720,0.039625,0.922365,0.088606,-0.173164,0.343982,0.918607,-0.392862,-0.505099,0.208331,0.739684,-0.394198,-0.636712,0.243091,0.616533,-0.158794,-0.211464,-0.321334,0.909292,0.290827,-0.585713,-0.251692,0.713450,0.308237,-0.669991,-0.271676,0.618300
-0.052394,-0.376742,0.056240,0.923124,0.048982,0.509281,0.016008,0.859056,0.018015,-0.342473,0.044009,0.938323,0.019481,-0.151650,-0.005273,0.988228,0.079315,0.583470,-0.006966,0.808223,0.048822,-0.387423,0.043780,0.919567,0.072170,-0.171782,0.115997,0.975616,-0.034581,-0.377583,0.039648,0.924480,0.086888,-0.172278,0.343639,0.919066,-0.395714,-0.504150,0.205752,0.739533,-0.396716,-0.636151,0.240085,0.616675,-0.157160,-0.211259,-0.320436,0.909940,0.294476,-0.584015,-0.248825,0.714351,0.312150,-0.670057,-0.267805,0.617953
-0.053143,-0.385084,0.055755,0.919661,0.048452,0.509067,0.016764,0.859198,0.017295,-0.342134,0.045215,0.938403,0.019125,-0.151881,-0.002955,0.988209,0.079189,0.582729,-0.007004,0.808769,0.048754,-0.387717,0.044152,0.919429,0.073000,-0.175866,0.119732,0.974375,-0.034529,-0.372285,0.039562,0.926632,0.085211,-0.171146,0.343663,0.919426,-0.398680,-0.502591,0.203480,0.739630,-0.399463,-0.635025,0.237366,0.617114,-0.155487,-0.211319,-0.319546,0.910527,0.298281,-0.582826,-0.245895,0.714757,0.316200,-0.670714,-0.263769,0.616917
-0.054073,-0.393448,0.055235,0.916092,0.047808,0.508912,0.017653,0.859309,0.016420,-0.341868,0.046588,0.938449,0.018692,-0.152218,-0.000120,0.988170,0.079090,0.581975,-0.007092,0.809320,0.048728,-0.388059,0.044732,0.919258,0.073988,-0.180264,0.123819,0.972985,-0.034468,-0.366899,0.039414,0.928786,0.083543,-0.169892,0.343860,0.919738,-0.401702,-0.500727,0.201343,0.739844,-0.402321,-0.633618,0.234772,0.617695,-0.153795,-0.211506,-0.318658,0.911081,0.302160,-0.581884,-0.242931,0.714909,0.320305,-0.671654,-0.259635,0.615528
-0.054796,-0.401002,0.055305,0.912763,0.047611,0.509178,0.019033,0.859133,0.015376,-0.340707,0.047980,0.938819,0.018159,-0.152280,0.003320,0.988165,0.078882,0.582047,-0.005859,0.809299,0.047534,-0.388105,0.045581,0.919259,0.073816,-0.183295,0.128349,0.971844,-0.034462,-0.363299,0.040404,0.930158,0.082473,-0.169530,0.344220,0.919767,-0.404085,-0.499308,0.200234,0.739806,-0.404646,-0.632505,0.233274,0.617885,-0.152621,-0.211590,-0.317283,0.911739,0.304713,-0.580675,-0.240289,0.715701,0.322999,-0.671895,-0.256191,0.615300
-0.055326,-0.406416,0.055337,0.910331,0.047293,0.509403,0.020299,0.858988,0.014359,-0.339464,0.049256,0.939219,0.017631,-0.152440,0.006750,0.988132,0.078431,0.582051,-0.004603,0.809348,0.046196,-0.388074,0.046298,0.919305,0.073475,-0.186398,0.132701,0.970694,-0.034421,-0.361302,0.041045,0.930909,0.081915,-0.169721,0.344377,0.919722,-0.405810,-0.498216,0.199638,0.739760,-0.406365,-0.631625,0.232387,0.617992,-0.152053,-0.212512,-0.316375,0.911935,0.306876,-0.579692,-0.238767,0.716083,0.325386,-0.672184,-0.253916,0.614671
-0.055480,-0.407595,0.055299,0.909797,0.046719,0.509548,0.021347,0.858908,0.013381,-0.338055,0.050294,0.939686,0.017099,-0.152789,0.010161,0.988059,0.077484,0.581922,-0.003292,0.809538,0.044553,-0.387888,0.046748,0.919441,0.072770,-0.189647,0.136704,0.969562,-0.034363,-0.362519,0.040997,0.930440,0.082348,-0.171035,0.344152,0.919524,-0.406262,-0.497781,0.200079,0.739685,-0.406915,-0.631216,0.232730,0.617919,-0.152736,-0.215090,-0.316402,0.911207,0.308213,-0.579152,-0.239504,0.715700,0.327138,-0.672560,-0.254013,0.613287
-0.056003,-0.408354,0.055217,0.909429,0.045496,0.509671,0.023277,0.858850,0.011354,-0.336544,0.051626,0.940183,0.015600,-0.153157,0.014182,0.987977,0.076369,0.581711,-0.001819,0.809800,0.042619,-0.387949,0.047917,0.919447,0.072048,-0.192952,0.141911,0.968215,-0.034545,-0.363310,0.040823,0.930132,0.082451,-0.171619,0.344229,0.919378,-0.407015,-0.496759,0.200331,0.739890,-0.407805,-0.630308,0.232849,0.618215,-0.153427,-0.217104,-0.316367,0.910625,0.309386,-0.578193,-0.240098,0.715770,0.328738,-0.672553,-0.254006,0.612441
-0.056711,-0.408903,0.055112,0.909145,0.043950,0.509780,0.025650,0.858799,0.008805,-0.334985,0.053111,0.940684,0.013618,-0.153546,0.018505,0.987874,0.075171,0.581458,-0.000266,0.810096,0.040540,-0.388137,0.049445,0.919381,0.071324,-0.196294,0.147709,0.966728,-0.034847,-0.363888,0.040585,0.929906,0.082388,-0.171838,0.344457,0.919257,-0.407918,-0.495441,0.200490,0.740233,-0.408864,-0.629148,0.232856,0.618692,-0.154120,-0.218837,-0.316304,0.910115,0.310478,-0.577022,-0.240625,0.716065,0.330266,-0.672352,-0.253949,0.611863
-0.056828,-0.408749,0.055695,0.909171,0.043034,0.509033,0.028074,0.859212,0.006694,-0.333791,0.055325,0.940998,0.012379,-0.154205,0.024646,0.987654,0.074896,0.580918,0.000943,0.810509,0.039219,-0.388320,0.051972,0.919222,0.071677,-0.200098,0.154759,0.964817,-0.034833,-0.363751,0.040990,0.929942,0.082445,-0.170925,0.344986,0.919224,-0.408628,-0.493642,0.200483,0.741045,-0.409777,-0.627571,0.232757,0.619727,-0.154069,-0.219502,-0.315689,0.910177,0.311755,-0.575300,-0.240034,0.717093,0.331873,-0.671717,-0.252793,0.612170
-0.056780,-0.408904,0.056156,0.909076,0.042104,0.508278,0.030352,0.859627,0.004676,-0.332449,0.057249,0.941370,0.011190,-0.154803,0.030608,0.987408,0.074243,0.580425,0.002471,0.810918,0.037465,-0.388417,0.053951,0.919140,0.071484,-0.203658,0.161304,0.963013,-0.034728,-0.363924,0.041439,0.929858,0.082679,-0.170284,0.345420,0.919159,-0.409182,-0.492162,0.200556,0.741703,-0.410511,-0.626266,0.232757,0.620561,-0.154026,-0.220199,-0.315096,0.910221,0.313021,-0.573642,-0.239483,0.718053,0.333469,-0.671143,-0.251669,0.612395
-0.056402,-0.409676,0.056373,0.908739,0.041142,0.507509,0.032335,0.860056,0.002831,-0.330808,0.058584,0.941874,0.010094,-0.155264,0.036210,0.987158,0.072836,0.580026,0.004640,0.811322,0.034839,-0.388343,0.054835,0.919222,0.070190,-0.206739,0.166862,0.961504,-0.034444,-0.364718,0.041979,0.929533,0.083267,-0.170184,0.345664,0.919032,-0.409429,-0.491322,0.200791,0.742060,-0.410887,-0.625509,0.232955,0.621001,-0.153999,-0.220962,-0.314546,0.910231,0.314263,-0.572117,-0.239003,0.718887,0.335042,-0.670693,-0.250606,0.612465
-0.055518,-0.410819,0.056894,0.908245,0.040412,0.505799,0.034421,0.861017,0.001223,-0.329277,0.060701,0.942279,0.009209,-0.155448,0.041326,0.986936,0.071612,0.578935,0.006828,0.812194,0.032294,-0.388239,0.056467,0.919260,0.069033,-0.209511,0.172789,0.959939,-0.033928,-0.365882,0.042537,0.929070,0.084224,-0.170638,0.345978,0.918743,-0.409596,-0.491235,0.201241,0.741904,-0.411120,-0.625399,0.233354,0.620808,-0.153811,-0.221673,-0.313932,0.910302,0.315556,-0.570872,-0.238332,0.719532,0.336654,-0.670619,-0.249289,0.612200
-0.054382,-0.412148,0.057567,0.907669,0.039808,0.503616,0.036566,0.862235,-0.000245,-0.327801,0.063229,0.942629,0.008448,-0.155495,0.046215,0.986719,0.070490,0.577497,0.009032,0.813294,0.029799,-0.388121,0.058492,0.919267,0.067957,-0.212135,0.178905,0.958318,-0.033297,-0.367229,0.043104,0.928534,0.085365,-0.171369,0.346328,0.918369,-0.409723,-0.491521,0.201799,0.741492,-0.411282,-0.625611,0.233853,0.620299,-0.153541,-0.222357,-0.313284,0.910404,0.316877,-0.569768,-0.237567,0.720080,0.338286,-0.670731,-0.247842,0.611765
-0.051933,-0.413140,0.058590,0.907296,0.037648,0.506309,0.043332,0.860439,-0.004268,-0.312466,0.074953,0.946958,0.006595,-0.145461,0.060582,0.987485,0.070287,0.575483,0.010182,0.814724,0.028667,-0.388251,0.061602,0.919046,0.067411,-0.212250,0.182112,0.957727,-0.031955,-0.368204,0.043278,0.928187,0.086982,-0.172597,0.346184,0.918042,-0.409429,-0.491888,0.202470,0.741229,-0.411042,-0.625877,0.234543,0.619929,-0.152603,-0.222994,-0.313426,0.910357,0.319564,-0.567799,-0.236958,0.720648,0.341446,-0.670391,-0.246166,0.611058
-0.049604,-0.414893,0.059510,0.906566,0.036153,0.506751,0.048279,0.859980,-0.006760,-0.301525,0.084004,0.949727,0.005466,-0.139038,0.070635,0.987750,0.070162,0.572947,0.011044,0.816509,0.027904,-0.388070,0.064682,0.918934,0.067170,-0.211870,0.185232,0.957230,-0.030582,-0.369968,0.043712,0.927512,0.088828,-0.175110,0.345582,0.917616,-0.409059,-0.493284,0.203254,0.740290,-0.410613,-0.627043,0.235327,0.618736,-0.151713,-0.224496,-0.312444,0.910474,0.321655,-0.566956,-0.235796,0.720763,0.343858,-0.671085,-0.244028,0.609801
-0.047515,-0.418167,0.060228,0.905125,0.036106,0.502686,0.049683,0.862284,-0.006545,-0.299397,0.087668,0.950070,0.005729,-0.139706,0.072110,0.987547,0.070173,0.569368,0.011314,0.819004,0.027878,-0.387272,0.067670,0.919056,0.067531,-0.210502,0.188143,0.956938,-0.029143,-0.373306,0.044668,0.926174,0.091117,-0.180194,0.344060,0.916979,-0.408547,-0.496731,0.204268,0.737985,-0.409814,-0.630003,0.236299,0.615883,-0.150904,-0.227730,-0.309212,0.910909,0.322571,-0.568374,-0.233510,0.719980,0.344791,-0.673850,-0.240964,0.607439
-0.045187,-0.421063,0.060540,0.903880,0.035607,0.497935,0.051013,0.864980,-0.006358,-0.296101,0.090681,0.950821,0.005771,-0.139501,0.072594,0.987541,0.069592,0.564937,0.011498,0.822114,0.027864,-0.384987,0.069847,0.919853,0.067632,-0.208742,0.190327,0.956885,-0.027536,-0.376244,0.045510,0.924992,0.093297,-0.185473,0.341950,0.916497,-0.408078,-0.500884,0.204588,0.735345,-0.408870,-0.633639,0.236576,0.612665,-0.149436,-0.230784,-0.304821,0.911862,0.323347,-0.570913,-0.229767,0.718827,0.345335,-0.677836,-0.236426,0.604470
-0.042739,-0.423766,0.060650,0.902728,0.034913,0.492827,0.052323,0.867851,-0.006135,-0.292225,0.093405,0.951758,0.005753,-0.138865,0.072612,0.987629,0.068742,0.560063,0.011656,0.825511,0.027890,-0.381960,0.071656,0.920975,0.067640,-0.206789,0.192176,0.956939,-0.025843,-0.378978,0.046296,0.923885,0.095404,-0.190850,0.339551,0.916067,-0.407646,-0.505373,0.204574,0.732511,-0.407872,-0.637595,0.236512,0.609241,-0.147617,-0.233739,-0.299845,0.913054,0.324065,-0.573995,-0.225285,0.717466,0.345679,-0.682406,-0.231138,0.601169
-0.040583,-0.426952,0.060417,0.901341,0.033336,0.487130,0.054531,0.870988,-0.006326,-0.286743,0.098035,0.952957,0.005466,-0.135865,0.072615,0.988048,0.066837,0.553374,0.012515,0.830153,0.027223,-0.376227,0.075313,0.923060,0.066757,-0.199394,0.195979,0.957798,-0.024777,-0.382178,0.045753,0.922623,0.096960,-0.196272,0.336765,0.915787,-0.407349,-0.510033,0.204107,0.729570,-0.406919,-0.641735,0.235979,0.605729,-0.146235,-0.236957,-0.294365,0.914230,0.323968,-0.578321,-0.220614,0.715485,0.344654,-0.686701,-0.226486,0.598631
-0.039110,-0.429865,0.060048,0.900045,0.031541,0.481296,0.056807,0.874147,-0.006547,-0.280892,0.102362,0.954242,0.005125,-0.132762,0.072649,0.988469,0.064822,0.546602,0.013464,0.834771,0.026588,-0.370789,0.078745,0.924991,0.065898,-0.191996,0.199537,0.958635,-0.023921,-0.385123,0.045067,0.921454,0.098148,-0.201526,0.333689,0.915645,-0.407212,-0.514814,0.203122,0.726557,-0.406031,-0.646020,0.234912,0.602174,-0.144963,-0.240101,-0.288971,0.915332,0.323763,-0.582485,-0.216097,0.713576,0.343537,-0.690778,-0.222032,0.596247
-0.039007,-0.432241,0.059409,0.898953,0.029228,0.475214,0.059173,0.877392,-0.007031,-0.274287,0.106003,0.955762,0.004456,-0.129416,0.072693,0.988912,0.062498,0.539715,0.014531,0.839399,0.025797,-0.365937,0.081588,0.926698,0.064841,-0.184606,0.202521,0.959532,-0.023485,-0.387567,0.044085,0.920487,0.098616,-0.206446,0.330020,0.915828,-0.407379,-0.519862,0.201072,0.723433,-0.405255,-0.650624,0.232751,0.598568,-0.143946,-0.243112,-0.283766,0.916326,0.323334,-0.586351,-0.211913,0.711857,0.342234,-0.694451,-0.217999,0.594214
-0.040638,-0.434164,0.059487,0.897949,0.026518,0.469925,0.063436,0.880025,-0.009641,-0.267315,0.109045,0.957371,0.001658,-0.125542,0.072723,0.989418,0.060729,0.533040,0.016199,0.843752,0.024933,-0.361375,0.085112,0.928193,0.063888,-0.177445,0.206157,0.960172,-0.023509,-0.389630,0.043447,0.919646,0.098632,-0.210249,0.327038,0.916031,-0.407891,-0.523234,0.199294,0.721203,-0.405065,-0.653735,0.230833,0.596044,-0.143587,-0.246596,-0.279278,0.916830,0.323016,-0.590246,-0.208672,0.709737,0.341164,-0.698069,-0.214859,0.591728
-0.043135,-0.435857,0.059922,0.896982,0.023607,0.465018,0.068647,0.882320,-0.013296,-0.260150,0.111872,0.958973,-0.002171,-0.121385,0.072807,0.989929,0.059199,0.526461,0.018151,0.847941,0.024109,-0.356961,0.088950,0.929562,0.063069,-0.170392,0.210074,0.960655,-0.023766,-0.391499,0.042974,0.918867,0.098413,-0.213491,0.324393,0.916245,-0.408583,-0.525769,0.197645,0.719419,-0.405174,-0.656103,0.229029,0.594061,-0.143542,-0.250316,-0.275158,0.917074,0.322768,-0.594144,-0.205910,0.707400,0.340229,-0.701647,-0.212172,0.588998
-0.046264,-0.436053,0.060850,0.896669,0.021824,0.462762,0.072749,0.883223,-0.016347,-0.256760,0.114372,0.959545,-0.005414,-0.120680,0.073526,0.989950,0.058309,0.521304,0.020133,0.851139,0.023198,-0.354651,0.091630,0.930209,0.062223,-0.164807,0.212823,0.961079,-0.024753,-0.391838,0.042538,0.918717,0.097125,-0.215426,0.322449,0.916616,-0.410289,-0.526870,0.195606,0.718199,-0.406393,-0.657262,0.226693,0.592842,-0.143965,-0.253761,-0.271702,0.917092,0.322657,-0.597699,-0.203692,0.705094,0.339529,-0.704880,-0.209990,0.586318
-0.049454,-0.436197,0.062495,0.896315,0.019780,0.456718,0.078312,0.885937,-0.020638,-0.265780,0.119506,0.956375,-0.009931,-0.132856,0.078596,0.987964,0.058163,0.516399,0.022250,0.854081,0.022500,-0.353255,0.094371,0.930483,0.061762,-0.160681,0.215574,0.961195,-0.025744,-0.392150,0.042343,0.918566,0.095910,-0.217057,0.320934,0.916891,-0.411984,-0.527543,0.193931,0.717187,-0.407706,-0.658016,0.224721,0.591854,-0.144486,-0.257030,-0.268621,0.917007,0.322543,-0.600752,-0.201898,0.703065,0.338922,-0.707645,-0.208227,0.583962
-0.052765,-0.436239,0.065575,0.895886,0.017211,0.443036,0.086836,0.892122,-0.027637,-0.299387,0.129649,0.944878,-0.017161,-0.170683,0.092173,0.980855,0.059549,0.512014,0.024664,0.856555,0.022124,-0.353688,0.097263,0.930030,0.061951,-0.159491,0.218380,0.960747,-0.026743,-0.392416,0.042634,0.918410,0.094851,-0.218096,0.320285,0.916982,-0.413649,-0.527376,0.192989,0.716606,-0.409199,-0.657975,0.223486,0.591338,-0.145249,-0.259951,-0.266279,0.916746,0.322383,-0.602829,-0.200948,0.701631,0.338468,-0.709505,-0.207303,0.582296
-0.055797,-0.435501,0.069628,0.895755,0.018342,0.429075,0.089813,0.898605,-0.031057,-0.351006,0.137435,0.925712,-0.020931,-0.221665,0.102104,0.969537,0.061103,0.505598,0.027949,0.860149,0.021293,-0.352740,0.098071,0.930324,0.061183,-0.158941,0.219346,0.960667,-0.027422,-0.391939,0.043372,0.918559,0.093999,-0.218772,0.320321,0.916896,-0.415330,-0.527136,0.192441,0.715957,-0.410771,-0.657837,0.222625,0.590725,-0.145372,-0.262320,-0.263520,0.916849,0.322177,-0.604855,-0.199269,0.700460,0.337871,-0.711374,-0.205680,0.580935
-0.058689,-0.434365,0.074167,0.895758,0.021051,0.414916,0.089964,0.905156,-0.033211,-0.410387,0.143971,0.899862,-0.023367,-0.278519,0.110317,0.953788,0.062665,0.498141,0.031694,0.864248,0.020105,-0.351085,0.097825,0.931002,0.059801,-0.158711,0.219404,0.960779,-0.027934,-0.391102,0.044336,0.918854,0.093257,-0.219276,0.320701,0.916718,-0.417015,-0.526864,0.192095,0.715271,-0.412377,-0.657656,0.221957,0.590058,-0.145172,-0.264426,-0.260546,0.917126,0.321949,-0.606864,-0.197226,0.699405,0.337203,-0.713255,-0.203705,0.579712
-0.059537,-0.433402,0.078236,0.895822,0.024640,0.404079,0.088472,0.910102,-0.034060,-0.458199,0.147557,0.875854,-0.024862,-0.326594,0.115437,0.937759,0.064904,0.492738,0.034130,0.867083,0.020106,-0.349089,0.097833,0.931752,0.059563,-0.157529,0.219472,0.960973,-0.027163,-0.390410,0.046233,0.919078,0.093679,-0.220239,0.320744,0.916429,-0.417815,-0.527828,0.191869,0.714153,-0.412988,-0.658531,0.221542,0.588810,-0.144117,-0.266001,-0.258492,0.917418,0.323025,-0.608045,-0.195224,0.698444,0.337875,-0.714399,-0.201556,0.578662
-0.059994,-0.432705,0.082056,0.895787,0.027592,0.391072,0.087183,0.915806,-0.035073,-0.504794,0.151616,0.849097,-0.026271,-0.374002,0.121266,0.919090,0.067490,0.488730,0.035959,0.869077,0.020523,-0.347825,0.098004,0.932197,0.059937,-0.159086,0.219636,0.960655,-0.026136,-0.389988,0.048406,0.919175,0.094416,-0.221397,0.320803,0.916054,-0.418268,-0.528965,0.191967,0.713019,-0.413286,-0.659526,0.221500,0.587501,-0.142978,-0.267520,-0.256596,0.917687,0.324204,-0.609020,-0.193343,0.697571,0.338680,-0.715356,-0.199511,0.577718
-0.059669,-0.432549,0.085382,0.895573,0.029479,0.373769,0.086322,0.923025,-0.035960,-0.550168,0.156591,0.819452,-0.027157,-0.420836,0.128330,0.897603,0.070851,0.487540,0.036522,0.869455,0.021920,-0.348049,0.098509,0.932029,0.061680,-0.166115,0.219973,0.959278,-0.024601,-0.390091,0.051126,0.919027,0.095784,-0.222928,0.320894,0.915509,-0.418029,-0.530443,0.192701,0.711863,-0.412961,-0.660756,0.222197,0.586083,-0.141666,-0.268911,-0.255026,0.917921,0.325594,-0.609572,-0.191703,0.696893,0.339759,-0.715927,-0.197668,0.577009
-0.058779,-0.432795,0.088089,0.895251,0.030826,0.355023,0.085021,0.930473,-0.035691,-0.590254,0.161979,0.789993,-0.028151,-0.467945,0.134825,0.872959,0.073714,0.487731,0.037289,0.869077,0.022539,-0.350072,0.099268,0.931175,0.062775,-0.170245,0.220575,0.958344,-0.023108,-0.390536,0.053527,0.918740,0.097183,-0.225200,0.320869,0.914813,-0.417865,-0.532558,0.193560,0.710144,-0.412641,-0.662534,0.222972,0.584003,-0.140170,-0.270194,-0.252669,0.918426,0.326509,-0.610319,-0.189441,0.696430,0.340273,-0.716717,-0.195299,0.576532
-0.057607,-0.433241,0.090486,0.894872,0.031841,0.335472,0.083515,0.937801,-0.034861,-0.627042,0.167560,0.759952,-0.029298,-0.514313,0.141104,0.845407,0.076329,0.488616,0.038146,0.868316,0.022777,-0.352987,0.100151,0.929974,0.063555,-0.172920,0.221303,0.957645,-0.021636,-0.391150,0.055768,0.918381,0.098587,-0.227842,0.320792,0.914036,-0.417752,-0.534981,0.194481,0.708135,-0.412337,-0.664575,0.223784,0.581583,-0.138577,-0.271418,-0.249918,0.919059,0.327192,-0.611158,-0.186866,0.696069,0.340510,-0.717611,-0.192665,0.576166
-0.058651,-0.431818,0.088594,0.895681,0.028632,0.320015,0.079941,0.943599,-0.031225,-0.649719,0.175814,0.738904,-0.026734,-0.545344,0.149632,0.824315,0.069582,0.494184,0.047246,0.865279,0.007719,-0.343732,0.078432,0.935755,0.044098,-0.173282,0.203323,0.962647,-0.020429,-0.389723,0.057510,0.918908,0.099283,-0.228572,0.321474,0.913538,-0.418703,-0.536153,0.194484,0.706685,-0.413096,-0.665612,0.223547,0.579948,-0.136022,-0.271140,-0.245791,0.920635,0.327969,-0.612620,-0.181751,0.695773,0.340432,-0.719216,-0.187532,0.575905
-0.058198,-0.430671,0.087446,0.896376,0.026772,0.305438,0.076706,0.948740,-0.026657,-0.666146,0.182277,0.722713,-0.023307,-0.568636,0.155929,0.807339,0.064874,0.498387,0.054018,0.862835,-0.002996,-0.337057,0.064110,0.939294,0.030763,-0.175592,0.191352,0.965197,-0.019045,-0.388533,0.059139,0.919338,0.100233,-0.229183,0.322142,0.913046,-0.419357,-0.537117,0.194673,0.705512,-0.413621,-0.666448,0.223556,0.578609,-0.133449,-0.270086,-0.242338,0.922235,0.328884,-0.613214,-0.176990,0.696045,0.340608,-0.720044,-0.182731,0.576309
-0.054752,-0.430075,0.087785,0.896845,0.027798,0.292685,0.074425,0.952903,-0.020636,-0.671380,0.185372,0.717259,-0.018458,-0.578021,0.157929,0.800381,0.064417,0.500037,0.056201,0.861774,-0.005114,-0.336789,0.064692,0.939341,0.029224,-0.182833,0.192130,0.963745,-0.017289,-0.387818,0.060528,0.919584,0.101721,-0.229548,0.322761,0.912571,-0.419383,-0.537686,0.195229,0.704909,-0.413646,-0.666899,0.224060,0.577875,-0.130817,-0.267505,-0.240268,0.923904,0.330124,-0.612087,-0.172959,0.697461,0.341341,-0.719337,-0.178607,0.578048
-0.050960,-0.430568,0.088130,0.896798,0.028643,0.280770,0.074398,0.956458,-0.016701,-0.674585,0.187689,0.713743,-0.015888,-0.585651,0.159429,0.794571,0.064475,0.500388,0.057367,0.861489,-0.005882,-0.335504,0.065599,0.939733,0.028621,-0.185257,0.192813,0.963163,-0.015236,-0.388210,0.062071,0.919352,0.103934,-0.230909,0.323785,0.911615,-0.419134,-0.539054,0.196747,0.703590,-0.413430,-0.667966,0.225507,0.576232,-0.128403,-0.265660,-0.238636,0.925197,0.331481,-0.610732,-0.169827,0.698775,0.342331,-0.718366,-0.175341,0.579668
-0.046994,-0.431601,0.088478,0.896484,0.029490,0.269260,0.075547,0.959647,-0.013802,-0.676783,0.189708,0.711186,-0.014450,-0.592395,0.160778,0.789310,0.064798,0.500092,0.058028,0.861593,-0.005969,-0.333711,0.066680,0.940295,0.028495,-0.185275,0.193472,0.963032,-0.013031,-0.389147,0.063694,0.918879,0.106510,-0.232757,0.325018,0.910408,-0.418750,-0.540803,0.198750,0.701911,-0.413100,-0.669322,0.227430,0.574135,-0.126085,-0.264179,-0.237229,0.926302,0.332915,-0.609253,-0.167143,0.700030,0.343468,-0.717255,-0.172500,0.581222
-0.043246,-0.431525,0.089228,0.896635,0.030733,0.259604,0.077013,0.962149,-0.012134,-0.679326,0.190515,0.708571,-0.014215,-0.599678,0.161457,0.783655,0.065710,0.501446,0.058647,0.860694,-0.005762,-0.331397,0.067785,0.941035,0.028508,-0.185278,0.193528,0.963020,-0.010784,-0.388991,0.065184,0.918869,0.108875,-0.233861,0.326665,0.909255,-0.418618,-0.541491,0.200844,0.700862,-0.413165,-0.669749,0.229428,0.572795,-0.123492,-0.262392,-0.236170,0.927429,0.335001,-0.608060,-0.164117,0.700788,0.345167,-0.716398,-0.169206,0.582240
-0.039706,-0.431328,0.090216,0.896795,0.032175,0.250514,0.078677,0.964374,-0.011305,-0.683525,0.191186,0.704354,-0.014862,-0.608351,0.162073,0.776801,0.066834,0.502928,0.059324,0.859696,-0.005628,-0.329895,0.068506,0.941512,0.028511,-0.185277,0.193559,0.963013,-0.008625,-0.388729,0.066743,0.918891,0.111142,-0.234797,0.328431,0.908103,-0.418564,-0.541914,0.202978,0.699952,-0.413345,-0.669942,0.231457,0.571621,-0.120903,-0.260564,-0.234925,0.928600,0.336994,-0.606730,-0.160990,0.701709,0.346772,-0.715428,-0.165831,0.583449
-0.036586,-0.430896,0.091681,0.896987,0.033889,0.242586,0.080652,0.966177,-0.012155,-0.691013,0.191471,0.696916,-0.017281,-0.619809,0.162419,0.767566,0.068400,0.504657,0.060129,0.858503,-0.005638,-0.330026,0.068481,0.941468,0.028511,-0.185277,0.193559,0.963013,-0.006641,-0.388265,0.068440,0.918979,0.113222,-0.235414,0.330427,0.906962,-0.418658,-0.541835,0.205188,0.699313,-0.413743,-0.669692,0.233548,0.570775,-0.118338,-0.258667,-0.233297,0.929871,0.338793,-0.605146,-0.157661,0.702965,0.348180,-0.714253,-0.162294,0.585042
-0.033611,-0.430468,0.093506,0.897120,0.035804,0.235012,0.083103,0.967771,-0.013393,-0.699001,0.192937,0.688472,-0.020081,-0.631440,0.163803,0.757660,0.070572,0.506543,0.060592,0.857183,-0.005046,-0.330221,0.068437,0.941406,0.029041,-0.185226,0.193120,0.963095,-0.004363,-0.387870,0.069859,0.919052,0.115630,-0.236150,0.332436,0.905731,-0.418541,-0.541399,0.207778,0.698956,-0.414036,-0.669098,0.236057,0.570227,-0.115785,-0.257055,-0.232728,0.930782,0.341138,-0.602950,-0.155418,0.704217,0.350319,-0.712467,-0.159730,0.586646
-0.030708,-0.430040,0.095511,0.897218,0.037838,0.227616,0.085821,0.969223,-0.014857,-0.707162,0.195013,0.679464,-0.023122,-0.643046,0.165739,0.747320,0.073042,0.508507,0.060874,0.855792,-0.004141,-0.330450,0.068375,0.941335,0.029846,-0.185149,0.192452,0.963219,-0.001937,-0.387512,0.071137,0.919114,0.118202,-0.236943,0.334453,0.904449,-0.418314,-0.540778,0.210559,0.698740,-0.414275,-0.668323,0.238778,0.569830,-0.113234,-0.255592,-0.232694,0.931506,0.343761,-0.600444,-0.153728,0.705453,0.352831,-0.710370,-0.157658,0.588242
-0.026171,-0.428584,0.096702,0.897931,0.041040,0.225138,0.086931,0.969573,-0.015650,-0.712087,0.195759,0.674066,-0.023115,-0.643052,0.165724,0.747319,0.076030,0.512330,0.058947,0.853383,-0.000927,-0.330695,0.069585,0.941168,0.033067,-0.184826,0.192460,0.963175,0.000990,-0.385983,0.071996,0.919692,0.120829,-0.236465,0.336099,0.903616,-0.417830,-0.539929,0.212348,0.699144,-0.414164,-0.667427,0.240615,0.570188,-0.109625,-0.252920,-0.232526,0.932709,0.347203,-0.597387,-0.150799,0.706992,0.356008,-0.707858,-0.154242,0.590259
-0.021599,-0.427208,0.097695,0.898600,0.044091,0.222436,0.088213,0.969947,-0.016796,-0.717335,0.196186,0.668325,-0.023116,-0.643052,0.165724,0.747319,0.078901,0.516244,0.056768,0.850908,0.002351,-0.331422,0.070559,0.940838,0.036348,-0.184455,0.192211,0.963177,0.003781,-0.384509,0.072818,0.920237,0.123333,-0.236052,0.337724,0.902780,-0.417375,-0.538942,0.214195,0.699614,-0.414106,-0.666406,0.242506,0.570622,-0.106222,-0.250273,-0.232575,0.933804,0.350591,-0.594277,-0.148149,0.708501,0.359172,-0.705276,-0.151105,0.592240
-0.016961,-0.426002,0.098294,0.899207,0.046821,0.219273,0.089805,0.970393,-0.018608,-0.723272,0.195939,0.661921,-0.023117,-0.643052,0.165724,0.747319,0.081569,0.520349,0.054115,0.848325,0.005769,-0.333120,0.071079,0.940184,0.039763,-0.183994,0.191459,0.963280,0.006296,-0.383153,0.073575,0.920728,0.125599,-0.235783,0.339304,0.901944,-0.416977,-0.537693,0.216163,0.700207,-0.414154,-0.665146,0.244511,0.571202,-0.103235,-0.247688,-0.233044,0.934710,0.353862,-0.591090,-0.146043,0.709976,0.362307,-0.702591,-0.148518,0.594174
-0.011589,-0.423648,0.098247,0.900409,0.049465,0.216600,0.091591,0.970695,-0.020652,-0.727465,0.194588,0.657650,-0.023112,-0.643061,0.165704,0.747315,0.083642,0.525940,0.051185,0.844850,0.008926,-0.335671,0.071405,0.939227,0.042715,-0.183520,0.189297,0.963671,0.009880,-0.380596,0.074647,0.921671,0.128596,-0.234713,0.341462,0.900986,-0.416271,-0.535739,0.218550,0.701383,-0.414055,-0.663230,0.247004,0.572427,-0.099069,-0.244269,-0.234449,0.935709,0.358534,-0.587041,-0.143690,0.711470,0.366833,-0.699139,-0.145453,0.596223
-0.005850,-0.420708,0.097872,0.901882,0.052109,0.214188,0.093503,0.970910,-0.022825,-0.730765,0.192739,0.654456,-0.023122,-0.643046,0.165739,0.747320,0.085366,0.532252,0.048089,0.840897,0.011933,-0.338641,0.071621,0.938110,0.045417,-0.183047,0.186407,0.964201,0.013988,-0.377421,0.075867,0.922823,0.131936,-0.233226,0.343913,0.899957,-0.415423,-0.533411,0.221128,0.702850,-0.413895,-0.660967,0.249721,0.573980,-0.094305,-0.240429,-0.236338,0.936720,0.363904,-0.582532,-0.141220,0.712942,0.372055,-0.695271,-0.142154,0.598302
-0.000049,-0.418299,0.098175,0.902988,0.055724,0.211674,0.094140,0.971199,-0.023546,-0.734128,0.190780,0.651234,-0.022316,-0.643084,0.164791,0.747522,0.087628,0.538850,0.045258,0.836609,0.015025,-0.340849,0.071794,0.937252,0.048173,-0.182491,0.183660,0.964700,0.017714,-0.374825,0.076634,0.923753,0.135048,-0.232345,0.346044,0.898906,-0.414613,-0.531370,0.223706,0.704058,-0.413732,-0.658952,0.252417,0.575233,-0.089747,-0.236161,-0.237635,0.937925,0.368624,-0.578096,-0.138255,0.714708,0.376568,-0.691499,-0.138480,0.600707
0.005585,-0.415324,0.098416,0.904317,0.059129,0.209505,0.095197,0.971364,-0.024932,-0.737486,0.188579,0.648021,-0.021794,-0.643102,0.164186,0.747655,0.089735,0.545696,0.042377,0.832086,0.018027,-0.343117,0.071642,0.936383,0.050750,-0.181944,0.180355,0.965294,0.021752,-0.371683,0.077442,0.924869,0.138253,-0.231057,0.348152,0.897936,-0.413715,-0.529184,0.226073,0.705475,-0.413475,-0.656825,0.254934,0.576739,-0.084771,-0.231824,-0.239081,0.939101,0.373796,-0.573204,-0.135254,0.716534,0.381547,-0.687312,-0.134693,0.603226
0.010886,-0.411234,0.098538,0.906123,0.062063,0.208009,0.097045,0.971320,-0.027602,-0.740865,0.185810,0.644851,-0.021794,-0.643102,0.164186,0.747655,0.091631,0.553065,0.039462,0.827143,0.020882,-0.345514,0.070888,0.935499,0.053000,-0.181409,0.175994,0.966079,0.026412,-0.367460,0.078349,0.926357,0.141656,-0.228976,0.350221,0.897134,-0.412647,-0.526729,0.228037,0.707303,-0.413036,-0.654491,0.257112,0.578736,-0.078971,-0.227359,-0.240787,0.940262,0.379860,-0.567443,-0.132166,0.718503,0.387445,-0.682340,-0.130666,0.605991
0.015818,-0.407554,0.099018,0.907659,0.065017,0.204976,0.099116,0.971562,-0.030339,-0.745495,0.183329,0.640084,-0.021778,-0.643109,0.164164,0.747654,0.093745,0.559357,0.036763,0.822788,0.023726,-0.348454,0.070141,0.934397,0.055308,-0.180825,0.171785,0.966816,0.030269,-0.363665,0.078934,0.927686,0.144660,-0.225560,0.352788,0.896514,-0.411377,-0.522357,0.230330,0.710536,-0.412698,-0.650444,0.259709,0.582369,-0.073950,-0.222443,-0.242469,0.941414,0.384947,-0.561288,-0.129510,0.721109,0.392484,-0.677006,-0.127233,0.609452
0.020565,-0.404072,0.099675,0.909048,0.068016,0.201183,0.101337,0.971921,-0.033148,-0.750694,0.181038,0.634496,-0.021802,-0.643092,0.164204,0.747659,0.095955,0.565098,0.034158,0.818712,0.026585,-0.351665,0.069410,0.933171,0.057664,-0.180227,0.167647,0.967516,0.033726,-0.360081,0.079351,0.928928,0.147452,-0.221466,0.355590,0.895973,-0.409993,-0.517005,0.232759,0.714447,-0.412394,-0.645517,0.262489,0.586803,-0.069311,-0.217301,-0.244152,0.942532,0.389553,-0.554910,-0.127087,0.723998,0.397103,-0.671460,-0.124108,0.613228
0.024664,-0.400495,0.099746,0.910520,0.070271,0.197411,0.103188,0.972339,-0.036108,-0.757324,0.178847,0.627033,-0.021785,-0.643105,0.164169,0.747656,0.097515,0.571763,0.031381,0.813998,0.029186,-0.355222,0.068453,0.931815,0.059413,-0.179688,0.161532,0.968550,0.036769,-0.356377,0.079572,0.930221,0.149840,-0.217704,0.358635,0.895285,-0.409767,-0.513586,0.234150,0.716585,-0.412810,-0.642390,0.263973,0.589271,-0.065050,-0.213470,-0.244988,0.943493,0.394030,-0.550367,-0.124120,0.725555,0.401375,-0.667540,-0.120454,0.615451
0.028724,-0.397240,0.099541,0.911848,0.072414,0.193873,0.104906,0.972710,-0.038934,-0.763786,0.176851,0.619547,-0.021797,-0.643099,0.164186,0.747657,0.098851,0.578277,0.028338,0.809334,0.031954,-0.358270,0.067579,0.930620,0.061440,-0.179090,0.156211,0.969407,0.039246,-0.352949,0.079593,0.931425,0.151750,-0.213932,0.361514,0.894714,-0.409681,-0.509882,0.235378,0.718874,-0.413375,-0.639025,0.265281,0.591940,-0.061602,-0.210142,-0.246325,0.944124,0.398204,-0.546023,-0.122080,0.726903,0.405467,-0.663739,-0.117754,0.617398
0.032705,-0.394645,0.098790,0.912922,0.074273,0.190789,0.106298,0.973028,-0.041450,-0.770035,0.175187,0.612076,-0.021797,-0.643100,0.164186,0.747657,0.099789,0.584531,0.024804,0.804829,0.034996,-0.360300,0.066856,0.929779,0.063967,-0.178344,0.152509,0.969971,0.040595,-0.350088,0.079223,0.932478,0.152734,-0.210166,0.364067,0.894403,-0.409871,-0.505631,0.236312,0.721457,-0.414235,-0.635207,0.266268,0.594998,-0.059779,-0.207835,-0.248653,0.944141,0.401791,-0.542121,-0.121881,0.727883,0.409217,-0.660229,-0.116954,0.618838
0.035527,-0.391808,0.098459,0.914073,0.075783,0.186857,0.107004,0.973597,-0.043361,-0.777293,0.173681,0.603134,-0.021834,-0.644921,0.163725,0.746187,0.100981,0.589645,0.021868,0.801026,0.037711,-0.363465,0.065855,0.928512,0.065803,-0.177725,0.146415,0.970900,0.041641,-0.347080,0.078798,0.933591,0.153258,-0.206561,0.366211,0.894279,-0.410172,-0.501436,0.236881,0.724022,-0.415146,-0.631466,0.266881,0.598063,-0.058079,-0.205335,-0.250496,0.944307,0.405013,-0.538530,-0.121180,0.728880,0.412516,-0.657026,-0.115723,0.620287
0.037769,-0.388849,0.098339,0.915259,0.077119,0.182496,0.107374,0.974279,-0.044976,-0.784979,0.172257,0.593391,-0.021902,-0.647648,0.163041,0.743969,0.102309,0.594183,0.019238,0.797564,0.040292,-0.367196,0.064752,0.927012,0.067324,-0.177185,0.139136,0.971964,0.042537,-0.343999,0.078345,0.934729,0.153547,-0.203036,0.368146,0.894242,-0.410529,-0.497265,0.237264,0.726567,-0.416080,-0.627758,0.267300,0.601122,-0.056439,-0.202740,-0.252097,0.944541,0.408050,-0.535091,-0.120222,0.729877,0.415587,-0.653971,-0.114270,0.621733
0.041370,-0.386012,0.098303,0.916307,0.079658,0.180239,0.107128,0.974522,-0.045924,-0.792569,0.171968,0.583226,-0.021956,-0.650367,0.162342,0.741745,0.103632,0.600032,0.016314,0.793067,0.043347,-0.366397,0.064125,0.927234,0.069240,-0.176490,0.133084,0.972803,0.043451,-0.340977,0.077628,0.935853,0.153875,-0.198487,0.369909,0.894479,-0.410514,-0.492446,0.237230,0.729861,-0.416684,-0.623501,0.267416,0.605069,-0.054670,-0.199421,-0.253773,0.944903,0.411024,-0.530888,-0.119157,0.731450,0.418638,-0.650248,-0.112727,0.623869
0.042993,-0.382176,0.099548,0.917705,0.081547,0.176635,0.107204,0.975017,-0.047086,-0.799891,0.171281,0.573254,-0.021997,-0.653066,0.161712,0.739507,0.107528,0.607383,0.012347,0.787002,0.048463,-0.362661,0.067818,0.928186,0.074303,-0.174393,0.133687,0.972725,0.043755,-0.337149,0.076764,0.937296,0.153221,-0.193358,0.371198,0.895180,-0.411037,-0.487529,0.236016,0.733254,-0.417658,-0.619265,0.266299,0.609227,-0.053356,-0.196478,-0.255238,0.945200,0.413758,-0.527300,-0.118042,0.732683,0.421403,-0.647070,-0.111172,0.625588
0.040659,-0.376340,0.103355,0.919800,0.081973,0.170320,0.107863,0.976031,-0.048683,-0.806850,0.169612,0.563786,-0.022060,-0.655761,0.161043,0.737263,0.116842,0.617612,0.006449,0.777729,0.057476,-0.352916,0.080418,0.930419,0.085359,-0.169325,0.147985,0.970641,0.042871,-0.331720,0.075645,0.939363,0.150669,-0.187077,0.371570,0.896793,-0.412594,-0.482423,0.232509,0.736867,-0.419343,-0.615071,0.262792,0.613824,-0.052923,-0.194315,-0.256245,0.945399,0.416046,-0.524988,-0.116794,0.733248,0.423617,-0.645033,-0.109558,0.626481
0.040408,-0.372600,0.105904,0.921043,0.083179,0.166276,0.108243,0.976584,-0.050149,-0.812639,0.167628,0.555881,-0.022140,-0.658446,0.160353,0.735014,0.123468,0.623458,0.002013,0.772044,0.057431,-0.376973,0.110224,0.917847,0.093866,-0.205483,0.182767,0.956850,0.042090,-0.328213,0.074088,0.940753,0.148857,-0.182118,0.371669,0.898074,-0.413655,-0.478574,0.229600,0.739689,-0.420465,-0.611923,0.259914,0.617417,-0.052737,-0.192441,-0.256966,0.945597,0.417702,-0.522634,-0.115942,0.734122,0.425279,-0.642955,-0.108443,0.627684
0.041199,-0.369911,0.107824,0.921869,0.084815,0.163367,0.108503,0.976906,-0.051544,-0.817822,0.165528,0.548736,-0.022216,-0.661121,0.159695,0.732751,0.128683,0.627158,-0.001730,0.768187,0.049361,-0.416320,0.148050,0.895724,0.097214,-0.261035,0.227197,0.933162,0.041358,-0.325664,0.072301,0.941809,0.147400,-0.177820,0.371626,0.899193,-0.414476,-0.475353,0.226976,0.742113,-0.421313,-0.609299,0.257333,0.620508,-0.052680,-0.190708,-0.257555,0.945791,0.419042,-0.520251,-0.115300,0.735152,0.426666,-0.640846,-0.107589,0.629044
0.042863,-0.367091,0.108332,0.922860,0.086154,0.157455,0.108532,0.977756,-0.052003,-0.824921,0.166136,0.537774,-0.022271,-0.663782,0.159048,0.730480,0.133004,0.634214,-0.006978,0.761600,0.042557,-0.446399,0.171341,0.877245,0.098097,-0.308875,0.256603,0.910565,0.040726,-0.322885,0.069379,0.943013,0.145917,-0.173109,0.371160,0.900545,-0.414793,-0.471589,0.224217,0.745169,-0.421729,-0.606187,0.254740,0.624332,-0.052337,-0.190096,-0.257030,0.946076,0.420347,-0.519640,-0.113716,0.735085,0.427751,-0.640354,-0.105809,0.629111
0.043495,-0.363886,0.109327,0.923982,0.086921,0.151304,0.108819,0.978627,-0.052865,-0.831350,0.165789,0.527804,-0.022497,-0.666367,0.158259,0.728288,0.137587,0.640426,-0.011281,0.755511,0.033866,-0.470676,0.194132,0.860017,0.096156,-0.350098,0.284990,0.887111,0.039744,-0.319767,0.066812,0.944302,0.143938,-0.168153,0.370723,0.901982,-0.415467,-0.467705,0.221109,0.748164,-0.422446,-0.603000,0.251732,0.628141,-0.052253,-0.189542,-0.256300,0.946390,0.421441,-0.519028,-0.112132,0.735135,0.428629,-0.639867,-0.104067,0.629300
0.042061,-0.359913,0.111296,0.925368,0.086488,0.144682,0.109572,0.979582,-0.054494,-0.836640,0.163456,0.519949,-0.023066,-0.668810,0.157116,0.726275,0.142675,0.645056,-0.013730,0.750572,0.024575,-0.484982,0.216483,0.846950,0.092031,-0.379727,0.312286,0.865919,0.038051,-0.315971,0.064978,0.945776,0.140996,-0.162700,0.370362,0.903593,-0.416836,-0.463581,0.217331,0.751071,-0.423752,-0.599669,0.247926,0.631952,-0.052701,-0.189095,-0.255143,0.946767,0.422094,-0.518420,-0.110536,0.735431,0.429080,-0.639396,-0.102391,0.629746
0.040727,-0.357589,0.110743,0.926395,0.084804,0.139580,0.109306,0.980499,-0.054927,-0.841789,0.163387,0.511546,-0.023336,-0.671375,0.156318,0.724069,0.144139,0.649254,-0.015773,0.746622,0.026286,-0.488975,0.212698,0.845560,0.094479,-0.393464,0.312462,0.859434,0.036777,-0.313666,0.062993,0.946727,0.138843,-0.158972,0.369296,0.905025,-0.417582,-0.461440,0.213906,0.752956,-0.424226,-0.598071,0.244504,0.634477,-0.053334,-0.189971,-0.254609,0.946700,0.423052,-0.518247,-0.110120,0.735065,0.429962,-0.639235,-0.101814,0.629401
0.039444,-0.356089,0.108929,0.927243,0.082532,0.135235,0.108514,0.981389,-0.054708,-0.846818,0.164475,0.502846,-0.023391,-0.673997,0.155695,0.721762,0.143785,0.653249,-0.017601,0.743157,0.034136,-0.487922,0.196048,0.849901,0.101325,-0.399357,0.299478,0.860558,0.035702,-0.312109,0.060937,0.947418,0.137075,-0.156109,0.367881,0.906369,-0.418026,-0.460289,0.210656,0.754329,-0.424291,-0.597339,0.241270,0.636359,-0.054056,-0.191508,-0.254388,0.946409,0.424168,-0.518286,-0.110298,0.734367,0.431065,-0.639224,-0.101788,0.628661
0.035382,-0.354992,0.108669,0.927858,0.078840,0.132596,0.109024,0.981996,-0.056748,-0.850304,0.162254,0.497430,-0.024109,-0.673996,0.154925,0.721905,0.143884,0.655621,-0.016580,0.741069,0.040253,-0.486818,0.180339,0.853736,0.107033,-0.403438,0.287584,0.862019,0.033840,-0.311186,0.059493,0.947881,0.134863,-0.153226,0.367146,0.907490,-0.418533,-0.457896,0.208457,0.756113,-0.424673,-0.595411,0.238906,0.638798,-0.055920,-0.193771,-0.254610,0.945780,0.424836,-0.518224,-0.111790,0.733800,0.431930,-0.639066,-0.103129,0.628009
0.035654,-0.353396,0.108685,0.928454,0.079421,0.131357,0.105289,0.982523,-0.051646,-0.852836,0.168838,0.491424,-0.017992,-0.683162,0.160818,0.712112,0.143449,0.657661,-0.016065,0.739355,0.044898,-0.486366,0.167773,0.856320,0.111485,-0.407194,0.277823,0.862889,0.033024,-0.309544,0.058147,0.948531,0.133458,-0.150773,0.366752,0.908267,-0.418959,-0.456310,0.206609,0.757342,-0.424926,-0.594179,0.236939,0.640507,-0.056506,-0.194644,-0.255335,0.945370,0.426595,-0.516945,-0.112472,0.733577,0.433828,-0.637843,-0.103490,0.627885
0.044591,-0.350793,0.109252,0.928989,0.088607,0.132798,0.093120,0.982773,-0.032591,-0.852732,0.193255,0.484188,0.000824,-0.709022,0.181263,0.681491,0.141898,0.659043,-0.016603,0.738411,0.046590,-0.487520,0.161502,0.856779,0.113030,-0.410636,0.272265,0.862829,0.034305,-0.306455,0.056953,0.949561,0.133680,-0.149174,0.366993,0.908401,-0.419191,-0.456381,0.205413,0.757496,-0.424881,-0.594387,0.235727,0.640791,-0.054558,-0.192722,-0.257086,0.945404,0.430521,-0.513218,-0.111537,0.734042,0.437778,-0.634472,-0.101891,0.628820
0.047442,-0.350183,0.107003,0.929339,0.091141,0.135954,0.082736,0.983038,-0.022715,-0.854017,0.194783,0.481869,0.005102,-0.729923,0.181743,0.658905,0.139695,0.659174,-0.018369,0.738673,0.048494,-0.487733,0.156884,0.857410,0.114645,-0.411965,0.267879,0.863355,0.034382,-0.305497,0.055790,0.949935,0.133344,-0.148633,0.366389,0.908783,-0.419519,-0.457266,0.203902,0.757189,-0.424778,-0.595348,0.234154,0.640543,-0.054549,-0.193414,-0.258551,0.944863,0.433692,-0.510569,-0.112388,0.733893,0.441170,-0.631976,-0.102169,0.628917
0.047249,-0.350575,0.103347,0.929615,0.090356,0.140033,0.073255,0.983291,-0.017155,-0.856332,0.184848,0.481906,0.003229,-0.748784,0.171740,0.640170,0.137163,0.658686,-0.020755,0.739519,0.050484,-0.487462,0.153081,0.858136,0.116266,-0.412230,0.264070,0.864185,0.033852,-0.305624,0.054663,0.949979,0.132732,-0.148639,0.365380,0.909278,-0.419901,-0.458560,0.202257,0.756636,-0.424655,-0.596686,0.232420,0.640011,-0.055516,-0.195427,-0.259854,0.944035,0.436470,-0.508472,-0.114145,0.733431,0.444268,-0.629928,-0.103400,0.628589
0.046262,-0.351354,0.100415,0.929692,0.088984,0.143759,0.066574,0.983353,-0.013673,-0.856296,0.173686,0.486213,0.000988,-0.759220,0.160453,0.630745,0.135347,0.658165,-0.022656,0.740261,0.052185,-0.487842,0.149952,0.858371,0.117788,-0.411801,0.260884,0.865151,0.032764,-0.306181,0.053901,0.949881,0.131764,-0.149894,0.364525,0.909556,-0.420758,-0.460179,0.201224,0.755451,-0.425067,-0.598258,0.231163,0.638724,-0.057094,-0.197230,-0.260903,0.943276,0.438483,-0.508093,-0.115206,0.732326,0.446397,-0.629464,-0.104078,0.627433
0.045085,-0.352088,0.098105,0.929719,0.087635,0.147431,0.061338,0.983271,-0.010769,-0.855640,0.165652,0.490229,0.000109,-0.766845,0.152578,0.623433,0.134184,0.658240,-0.024357,0.740352,0.053745,-0.487848,0.147634,0.858674,0.119166,-0.411409,0.258515,0.865859,0.031334,-0.306747,0.052859,0.949805,0.130475,-0.150785,0.363691,0.909928,-0.421767,-0.461424,0.199978,0.754460,-0.425631,-0.599517,0.229666,0.637708,-0.058877,-0.198784,-0.261586,0.942651,0.440047,-0.507693,-0.116068,0.731529,0.448063,-0.629006,-0.104642,0.626610
0.043527,-0.352739,0.097040,0.929658,0.086321,0.150975,0.058966,0.982995,-0.009134,-0.853880,0.163910,0.493902,0.001195,-0.769091,0.151571,0.620906,0.134341,0.659503,-0.025643,0.739156,0.055025,-0.487127,0.146959,0.859117,0.120267,-0.411110,0.257812,0.866058,0.029219,-0.307320,0.051255,0.949776,0.128536,-0.150939,0.362907,0.910491,-0.423086,-0.461910,0.198304,0.753865,-0.426508,-0.600143,0.227685,0.637243,-0.061066,-0.199835,-0.261540,0.942302,0.440721,-0.507263,-0.116519,0.731350,0.448812,-0.628577,-0.104964,0.626452
0.042450,-0.353296,0.095860,0.929619,0.085334,0.153245,0.056072,0.982899,-0.006973,-0.852693,0.161393,0.496807,0.003001,-0.771360,0.149787,0.618513,0.134443,0.660168,-0.027155,0.738489,0.056883,-0.487128,0.145387,0.859263,0.121963,-0.411908,0.256156,0.865934,0.027768,-0.307787,0.050203,0.949724,0.127205,-0.151475,0.362188,0.910875,-0.424254,-0.463341,0.196702,0.752750,-0.427151,-0.601597,0.225802,0.636111,-0.062589,-0.200494,-0.261551,0.942059,0.441744,-0.506231,-0.116765,0.731408,0.449915,-0.627614,-0.105026,0.626615
0.041614,-0.353805,0.094622,0.929590,0.084512,0.154882,0.052917,0.982888,-0.004549,-0.851786,0.158484,0.499322,0.005190,-0.773630,0.147617,0.616180,0.134517,0.660536,-0.028781,0.738085,0.059033,-0.487487,0.143368,0.859254,0.123963,-0.413250,0.254027,0.865637,0.026649,-0.308205,0.049426,0.949661,0.126180,-0.152202,0.361499,0.911171,-0.425342,-0.465243,0.195133,0.751370,-0.427672,-0.603462,0.223967,0.634641,-0.063780,-0.200958,-0.261589,0.941870,0.442940,-0.504900,-0.116911,0.731582,0.451194,-0.626384,-0.104959,0.626937
0.041397,-0.353603,0.094025,0.929737,0.084529,0.155827,0.049691,0.982906,-0.001834,-0.851130,0.155701,0.501330,0.007553,-0.775889,0.145329,0.613855,0.135443,0.660627,-0.030586,0.737761,0.061922,-0.487581,0.141596,0.859291,0.126645,-0.415881,0.252127,0.864544,0.025578,-0.307854,0.049242,0.949814,0.124870,-0.152715,0.360474,0.911671,-0.426390,-0.466891,0.193227,0.750245,-0.428139,-0.605122,0.221817,0.633499,-0.064628,-0.199830,-0.261613,0.942046,0.444003,-0.502570,-0.116317,0.732636,0.452313,-0.624316,-0.104197,0.628320
0.041314,-0.353457,0.093245,0.929875,0.084416,0.156751,0.047217,0.982890,0.000121,-0.850482,0.153009,0.503258,0.009241,-0.778082,0.143253,0.611540,0.136052,0.660931,-0.032358,0.737301,0.064612,-0.487740,0.139598,0.859330,0.129136,-0.418642,0.250033,0.863450,0.024678,-0.307559,0.049066,0.949943,0.123771,-0.153333,0.359610,0.912058,-0.427361,-0.468458,0.191617,0.749128,-0.428599,-0.606679,0.219984,0.632337,-0.065294,-0.198747,-0.261490,0.942263,0.445131,-0.500243,-0.115590,0.733659,0.453475,-0.622253,-0.103292,0.629676
0.041498,-0.353420,0.092098,0.929995,0.084033,0.157634,0.046246,0.982828,0.000556,-0.849867,0.150505,0.505048,0.009535,-0.780166,0.141569,0.609269,0.136022,0.661662,-0.034064,0.736573,0.066909,-0.488025,0.137147,0.859386,0.131238,-0.421660,0.247534,0.862384,0.024119,-0.307373,0.048905,0.950025,0.123096,-0.154164,0.359071,0.912222,-0.428184,-0.469869,0.190607,0.748031,-0.429054,-0.608036,0.218792,0.631138,-0.065595,-0.197758,-0.261077,0.942564,0.446390,-0.497923,-0.114602,0.734626,0.454726,-0.620206,-0.102108,0.630986
0.041188,-0.353124,0.090621,0.930266,0.082977,0.158584,0.045634,0.982794,0.000608,-0.849273,0.148537,0.506629,0.009137,-0.782200,0.140124,0.606996,0.135561,0.662175,-0.035540,0.736128,0.068755,-0.488511,0.134652,0.859359,0.132933,-0.424901,0.245016,0.861252,0.023403,-0.306946,0.048419,0.950206,0.122205,-0.154324,0.358642,0.912484,-0.429002,-0.470503,0.189496,0.747446,-0.429575,-0.608710,0.217511,0.630576,-0.065921,-0.196658,-0.260521,0.942926,0.447512,-0.496031,-0.113283,0.735427,0.455765,-0.618559,-0.100621,0.632091
0.040630,-0.352697,0.088978,0.930611,0.081584,0.159564,0.045201,0.982772,0.000467,-0.848688,0.146838,0.508102,0.008396,-0.784208,0.138793,0.604718,0.134886,0.662579,-0.036901,0.735822,0.070377,-0.489093,0.132134,0.859288,0.134435,-0.428243,0.242492,0.860077,0.022607,-0.306398,0.047769,0.950435,0.121204,-0.154150,0.358266,0.912794,-0.429816,-0.470749,0.188336,0.747116,-0.430128,-0.609045,0.216187,0.630331,-0.066263,-0.195504,-0.259891,0.943315,0.448561,-0.494357,-0.111798,0.736143,0.456692,-0.617115,-0.098984,0.633090
0.040165,-0.352104,0.087946,0.930954,0.081157,0.159722,0.041469,0.982946,0.003474,-0.849131,0.144149,0.508120,0.011190,-0.786422,0.136287,0.602363,0.135286,0.663262,-0.038596,0.735045,0.072932,-0.489403,0.129859,0.859245,0.136855,-0.430978,0.240164,0.858982,0.022059,-0.305706,0.047651,0.950677,0.120361,-0.154240,0.357743,0.913095,-0.430457,-0.471174,0.187300,0.746740,-0.430515,-0.609523,0.215020,0.630004,-0.066449,-0.194157,-0.259678,0.943639,0.449850,-0.492040,-0.110652,0.737081,0.457948,-0.615073,-0.097637,0.634378
0.039510,-0.351467,0.086877,0.931323,0.080458,0.159777,0.038282,0.983124,0.005964,-0.849596,0.141764,0.507991,0.013538,-0.788626,0.134156,0.599907,0.135420,0.663876,-0.039964,0.734393,0.075086,-0.489924,0.127466,0.859121,0.138913,-0.433933,0.237741,0.857837,0.021382,-0.304977,0.047398,0.950939,0.119383,-0.154170,0.357226,0.913438,-0.431139,-0.471373,0.186206,0.746494,-0.430958,-0.609807,0.213790,0.629845,-0.066764,-0.192696,-0.259620,0.943932,0.451072,-0.489630,-0.109623,0.738092,0.459163,-0.612941,-0.096417,0.635748
0.038474,-0.350741,0.085730,0.931746,0.079212,0.159624,0.036187,0.983329,0.007413,-0.850122,0.139978,0.507587,0.014962,-0.790835,0.132751,0.597272,0.135016,0.664350,-0.040686,0.733999,0.076431,-0.490866,0.124824,0.858853,0.140230,-0.437334,0.235098,0.856623,0.020450,-0.304171,0.046877,0.951244,0.118137,-0.153776,0.356722,0.913863,-0.431908,-0.471122,0.184999,0.746509,-0.431515,-0.609701,0.212436,0.630023,-0.067333,-0.191006,-0.259871,0.944166,0.452166,-0.487030,-0.108828,0.739259,0.460300,-0.610632,-0.095449,0.637292
0.036739,-0.350593,0.084899,0.931948,0.077972,0.160571,0.032588,0.983400,0.010456,-0.849844,0.138634,0.508366,0.016903,-0.793031,0.130965,0.594697,0.135120,0.664516,-0.041298,0.733795,0.077863,-0.491289,0.122824,0.858770,0.141608,-0.439409,0.233093,0.855882,0.019143,-0.304002,0.046081,0.951364,0.116650,-0.153479,0.355627,0.914531,-0.432553,-0.471206,0.183310,0.746499,-0.431825,-0.609934,0.210615,0.630198,-0.068306,-0.189827,-0.259404,0.944463,0.452533,-0.485513,-0.107830,0.740178,0.460625,-0.609322,-0.094410,0.638465
0.034655,-0.350735,0.084224,0.932036,0.076749,0.162078,0.028246,0.983383,0.014286,-0.849138,0.137529,0.509751,0.019098,-0.795195,0.129038,0.592157,0.135479,0.664527,-0.041853,0.733687,0.079335,-0.491454,0.121145,0.858780,0.143013,-0.440823,0.231409,0.855379,0.017649,-0.304149,0.045149,0.951390,0.115040,-0.153227,0.354236,0.915316,-0.433135,-0.471451,0.181380,0.746477,-0.432010,-0.610329,0.208559,0.630372,-0.069483,-0.188904,-0.258576,0.944789,0.452536,-0.484543,-0.106730,0.740971,0.460542,-0.608517,-0.093335,0.639450
0.032805,-0.350503,0.083732,0.932234,0.075717,0.162552,0.024085,0.983496,0.017826,-0.849268,0.135840,0.509876,0.021623,-0.797353,0.126878,0.589630,0.136023,0.664703,-0.042402,0.733396,0.080948,-0.492766,0.119167,0.858154,0.144704,-0.442718,0.229332,0.854675,0.016465,-0.303915,0.044645,0.951510,0.113587,-0.152507,0.352861,0.916149,-0.433392,-0.471163,0.179564,0.746949,-0.431945,-0.610239,0.206672,0.631124,-0.070260,-0.187769,-0.257635,0.945215,0.452657,-0.483174,-0.105483,0.741969,0.460583,-0.607360,-0.092095,0.640699
0.031299,-0.350174,0.083213,0.932456,0.074928,0.163131,0.020032,0.983551,0.021245,-0.849408,0.134014,0.509995,0.024185,-0.799485,0.124728,0.587096,0.136583,0.664895,-0.043129,0.733076,0.082722,-0.494021,0.117202,0.857534,0.146550,-0.443953,0.227245,0.854276,0.015456,-0.303575,0.044152,0.951659,0.112275,-0.151717,0.351528,0.916954,-0.433585,-0.470889,0.177766,0.747440,-0.431828,-0.610157,0.204825,0.631886,-0.070866,-0.186656,-0.256807,0.945615,0.452963,-0.481843,-0.104205,0.742828,0.460793,-0.606231,-0.090791,0.641803
0.030481,-0.349650,0.082640,0.932730,0.074618,0.163899,0.016190,0.983518,0.024425,-0.849599,0.131907,0.510085,0.026811,-0.801606,0.122560,0.584541,0.137172,0.665119,-0.044214,0.732697,0.084814,-0.495163,0.115254,0.856934,0.148694,-0.443876,0.225128,0.854507,0.014799,-0.303021,0.043680,0.951867,0.111245,-0.150794,0.350277,0.917710,-0.433652,-0.470652,0.176001,0.747968,-0.431602,-0.610098,0.203057,0.632667,-0.071127,-0.185585,-0.256209,0.945968,0.453638,-0.480584,-0.102866,0.743418,0.461348,-0.605154,-0.089360,0.642621
0.030512,-0.349144,0.081941,0.932981,0.074801,0.164652,0.012875,0.983427,0.027254,-0.849363,0.129662,0.510909,0.029272,-0.803717,0.120544,0.581938,0.137709,0.665037,-0.045772,0.732576,0.087206,-0.496294,0.113478,0.856277,0.151133,-0.443234,0.223139,0.854933,0.014726,-0.302466,0.043513,0.952053,0.110761,-0.150175,0.348918,0.918388,-0.433357,-0.470974,0.174403,0.748311,-0.430982,-0.610518,0.201506,0.633181,-0.070797,-0.184350,-0.255490,0.946429,0.454633,-0.479149,-0.101165,0.743969,0.462172,-0.603928,-0.087518,0.643435
0.030967,-0.348645,0.081178,0.933219,0.075231,0.165395,0.009823,0.983305,0.029906,-0.848913,0.127344,0.512090,0.031664,-0.805819,0.118608,0.579297,0.138219,0.664800,-0.047567,0.732580,0.089749,-0.497418,0.111789,0.855584,0.153715,-0.442310,0.221208,0.855454,0.014943,-0.301910,0.043500,0.952226,0.110549,-0.149708,0.347504,0.919025,-0.432878,-0.471576,0.172888,0.748560,-0.430162,-0.611177,0.200064,0.633559,-0.070173,-0.183031,-0.254710,0.946941,0.455784,-0.477626,-0.099284,0.744497,0.463128,-0.602624,-0.085470,0.644245
0.030777,-0.347831,0.080857,0.933557,0.075043,0.165416,0.008641,0.983327,0.030803,-0.848980,0.126112,0.512231,0.032490,-0.807884,0.117825,0.576529,0.139041,0.664413,-0.048801,0.732695,0.091899,-0.498885,0.110436,0.854677,0.155969,-0.442351,0.219615,0.855435,0.014959,-0.301111,0.042916,0.952506,0.110110,-0.148814,0.346339,0.919663,-0.432620,-0.471444,0.171394,0.749136,-0.429681,-0.611174,0.198648,0.634334,-0.069769,-0.181630,-0.254569,0.947279,0.456835,-0.475922,-0.098020,0.745112,0.464088,-0.601130,-0.084045,0.645137
0.030854,-0.346846,0.080298,0.933969,0.074912,0.165562,0.007448,0.983322,0.031654,-0.848999,0.124588,0.512519,0.033497,-0.809862,0.116917,0.573875,0.139593,0.664195,-0.050165,0.732696,0.094062,-0.500256,0.108852,0.853843,0.158209,-0.442408,0.217800,0.855458,0.015110,-0.300122,0.042312,0.952842,0.109766,-0.147901,0.345327,0.920232,-0.432417,-0.471333,0.169963,0.749648,-0.429275,-0.611180,0.197295,0.635025,-0.069156,-0.179816,-0.254445,0.947703,0.457683,-0.474344,-0.096506,0.745795,0.464807,-0.599767,-0.082410,0.646098
0.031464,-0.345519,0.079259,0.934529,0.074896,0.165956,0.006233,0.983265,0.032418,-0.848926,0.122484,0.513100,0.034859,-0.811677,0.115759,0.571459,0.139609,0.664315,-0.051787,0.732470,0.096253,-0.501434,0.106805,0.853166,0.160428,-0.442490,0.215550,0.855572,0.015531,-0.298754,0.041671,0.953294,0.109610,-0.146950,0.344621,0.920667,-0.432329,-0.471267,0.168656,0.750036,-0.429023,-0.611208,0.196065,0.635549,-0.068123,-0.177178,-0.254353,0.948300,0.458124,-0.473020,-0.094496,0.746623,0.465042,-0.598669,-0.080361,0.647204
0.031655,-0.344283,0.078409,0.935050,0.074686,0.166496,0.005068,0.983196,0.033018,-0.849187,0.120522,0.513094,0.036126,-0.813506,0.114701,0.568987,0.139437,0.664587,-0.052770,0.732186,0.097964,-0.502548,0.104390,0.852615,0.162137,-0.442396,0.212964,0.855946,0.015745,-0.297511,0.040746,0.953719,0.109287,-0.145782,0.343851,0.921179,-0.432189,-0.470839,0.167321,0.750684,-0.428738,-0.610923,0.194805,0.636403,-0.067511,-0.175308,-0.254970,0.948525,0.458819,-0.471750,-0.093509,0.747123,0.465666,-0.597560,-0.079269,0.647915
0.031635,-0.343092,0.077652,0.935552,0.074380,0.167109,0.003927,0.983121,0.033541,-0.849616,0.118633,0.512791,0.037357,-0.815337,0.113690,0.566484,0.139170,0.664934,-0.053433,0.731874,0.099440,-0.503627,0.101793,0.852121,0.163593,-0.442212,0.210209,0.856445,0.015856,-0.296331,0.039679,0.954129,0.108880,-0.144505,0.343049,0.921727,-0.432023,-0.470229,0.165972,0.751461,-0.428436,-0.610478,0.193529,0.637421,-0.067109,-0.173822,-0.255942,0.948565,0.459643,-0.470509,-0.093029,0.747459,0.466484,-0.596444,-0.078653,0.648430
0.032235,-0.341869,0.076234,0.936096,0.074177,0.167316,0.002276,0.983106,0.034604,-0.849339,0.115489,0.513895,0.038875,-0.817261,0.111448,0.564050,0.138192,0.664761,-0.054535,0.732135,0.101079,-0.505453,0.098466,0.851237,0.165261,-0.442629,0.206665,0.856772,0.016411,-0.295078,0.038829,0.954543,0.108859,-0.144666,0.342001,0.922094,-0.431796,-0.471281,0.164882,0.751173,-0.427873,-0.611504,0.192435,0.637146,-0.066241,-0.173803,-0.256178,0.948566,0.460757,-0.470290,-0.092525,0.746974,0.467505,-0.596231,-0.077958,0.647974
0.032579,-0.340836,0.074860,0.936571,0.073839,0.167900,0.000674,0.983035,0.035459,-0.849354,0.112338,0.514510,0.040432,-0.819190,0.109293,0.561559,0.137219,0.664923,-0.055478,0.732100,0.102692,-0.506829,0.094975,0.850622,0.166828,-0.442727,0.202996,0.857295,0.016761,-0.294025,0.037837,0.954901,0.108684,-0.144581,0.340811,0.922568,-0.431509,-0.472079,0.163630,0.751111,-0.427257,-0.612314,0.191196,0.637155,-0.065647,-0.173770,-0.256592,0.948502,0.461699,-0.469983,-0.092313,0.746611,0.468409,-0.595931,-0.077581,0.647642
0.032412,-0.340186,0.073571,0.936915,0.073223,0.169238,-0.000831,0.982851,0.035915,-0.849961,0.109171,0.514158,0.042047,-0.821138,0.107310,0.558971,0.136252,0.665762,-0.056093,0.731471,0.104241,-0.507316,0.091152,0.850562,0.168195,-0.442192,0.199079,0.858222,0.016706,-0.293375,0.036563,0.955152,0.108198,-0.144004,0.339336,0.923259,-0.431103,-0.472367,0.162055,0.751503,-0.426534,-0.612691,0.189666,0.637734,-0.065597,-0.173713,-0.257360,0.948307,0.462302,-0.469502,-0.092690,0.746494,0.469081,-0.595459,-0.077842,0.647559
0.032344,-0.339182,0.072296,0.937381,0.072862,0.170331,-0.003468,0.982683,0.037688,-0.850137,0.106014,0.514400,0.044766,-0.822715,0.105120,0.556853,0.135695,0.666246,-0.057170,0.731050,0.106177,-0.508023,0.087967,0.850236,0.169990,-0.441490,0.195717,0.859003,0.016525,-0.292321,0.035728,0.955510,0.107515,-0.143106,0.338266,0.923871,-0.430928,-0.472071,0.160667,0.752088,-0.426131,-0.612538,0.188289,0.638558,-0.065608,-0.173121,-0.258383,0.948136,0.462930,-0.468384,-0.093104,0.746756,0.469830,-0.594414,-0.078136,0.647940
0.032327,-0.337999,0.071026,0.937905,0.072632,0.171303,-0.006670,0.982515,0.040122,-0.850092,0.102866,0.514930,0.048048,-0.824094,0.102839,0.554964,0.135346,0.666555,-0.058477,0.730730,0.108310,-0.508838,0.085104,0.849771,0.171997,-0.440702,0.192630,0.859705,0.016280,-0.291064,0.035112,0.955920,0.106732,-0.142047,0.337397,0.924443,-0.430868,-0.471481,0.159373,0.752767,-0.425888,-0.612120,0.186988,0.639503,-0.065650,-0.172262,-0.259534,0.947976,0.463569,-0.466947,-0.093537,0.747204,0.470616,-0.593083,-0.078446,0.648552
0.032071,-0.336320,0.068956,0.938672,0.071513,0.172306,-0.008954,0.982403,0.041399,-0.850630,0.099885,0.514527,0.050479,-0.825947,0.100936,0.552336,0.134110,0.666100,-0.059894,0.731257,0.110153,-0.509425,0.081672,0.849519,0.173658,-0.440047,0.189036,0.860504,0.015433,-0.289287,0.033277,0.956539,0.105289,-0.139530,0.337179,0.925071,-0.431368,-0.469379,0.157738,0.754138,-0.426318,-0.610388,0.185294,0.641362,-0.065814,-0.171069,-0.259399,0.948217,0.463327,-0.467089,-0.092448,0.747402,0.470216,-0.593272,-0.077418,0.648793
0.031713,-0.334871,0.066791,0.939359,0.070193,0.173478,-0.010785,0.982274,0.042145,-0.851187,0.096735,0.514147,0.052147,-0.827732,0.098701,0.549908,0.132545,0.665958,-0.061055,0.731577,0.111741,-0.510078,0.077810,0.849282,0.175042,-0.439520,0.185033,0.861363,0.014631,-0.287754,0.031453,0.957076,0.103972,-0.137225,0.337030,0.925619,-0.431854,-0.467538,0.156232,0.755316,-0.426716,-0.608878,0.183709,0.642987,-0.066034,-0.170183,-0.259352,0.948374,0.463177,-0.467065,-0.091716,0.747600,0.469968,-0.593292,-0.076726,0.649036
0.031147,-0.333886,0.064434,0.939893,0.068465,0.174987,-0.011708,0.982118,0.041816,-0.851791,0.093233,0.513820,0.052246,-0.829406,0.095789,0.547887,0.130319,0.666437,-0.061685,0.731487,0.112817,-0.510869,0.073097,0.849083,0.175880,-0.439253,0.180224,0.862347,0.013922,-0.286707,0.029657,0.957458,0.102917,-0.135341,0.337021,0.926017,-0.432304,-0.466224,0.154987,0.756127,-0.427042,-0.607819,0.182348,0.644158,-0.066359,-0.169905,-0.259480,0.948366,0.463222,-0.466706,-0.091693,0.747799,0.470032,-0.592973,-0.076699,0.649284
0.031092,-0.333015,0.061506,0.940399,0.067010,0.176737,-0.013892,0.981876,0.042820,-0.852014,0.089602,0.514014,0.053672,-0.831113,0.092764,0.545678,0.127899,0.666735,-0.063136,0.731519,0.114313,-0.510857,0.068652,0.849261,0.177095,-0.439146,0.175763,0.863073,0.013488,-0.285764,0.027663,0.957806,0.102228,-0.133953,0.337421,0.926150,-0.432807,-0.465166,0.154333,0.756624,-0.427477,-0.606951,0.181561,0.644911,-0.066324,-0.169400,-0.259130,0.948555,0.463200,-0.466285,-0.091177,0.748138,0.469968,-0.592623,-0.076199,0.649709
0.031292,-0.332199,0.058292,0.940886,0.065687,0.178606,-0.016704,0.981583,0.044496,-0.852039,0.085907,0.514460,0.055785,-0.832825,0.089688,0.543366,0.125383,0.666939,-0.065001,0.731605,0.116014,-0.510437,0.064340,0.849621,0.178501,-0.439114,0.171477,0.863662,0.013189,-0.284875,0.025569,0.958133,0.101720,-0.132817,0.338024,0.926149,-0.433340,-0.464238,0.153974,0.756962,-0.427969,-0.606180,0.181058,0.645451,-0.066115,-0.168782,-0.258540,0.948841,0.463141,-0.465835,-0.090418,0.748547,0.469834,-0.592261,-0.075466,0.650222
0.032278,-0.331243,0.053636,0.941467,0.063653,0.178605,-0.018358,0.981688,0.044815,-0.853784,0.082060,0.512163,0.057366,-0.833426,0.086525,0.542792,0.121927,0.667304,-0.068175,0.731568,0.118149,-0.510374,0.059904,0.849689,0.180483,-0.440793,0.167106,0.863251,0.013300,-0.283781,0.023872,0.958500,0.101590,-0.131255,0.339094,0.925995,-0.433843,-0.463221,0.153734,0.757346,-0.428470,-0.605323,0.180714,0.646019,-0.065611,-0.167288,-0.258925,0.949035,0.463818,-0.464681,-0.089491,0.748956,0.470440,-0.591248,-0.074436,0.650823
0.033320,-0.330424,0.049114,0.941965,0.061825,0.179083,-0.020160,0.981682,0.045322,-0.855334,0.078270,0.510121,0.058551,-0.834243,0.083100,0.541945,0.118407,0.667689,-0.071116,0.731515,0.120107,-0.509708,0.055345,0.850123,0.182221,-0.441869,0.162672,0.863183,0.013467,-0.282853,0.022060,0.958815,0.101559,-0.129804,0.340154,0.925814,-0.434299,-0.462338,0.153545,0.757662,-0.428919,-0.604579,0.180417,0.646500,-0.065074,-0.165778,-0.259186,0.949266,0.464456,-0.463527,-0.088477,0.749396,0.470995,-0.590241,-0.073327,0.651462
0.034473,-0.329887,0.044863,0.942323,0.060382,0.180541,-0.022252,0.981460,0.046175,-0.856510,0.074571,0.508624,0.058934,-0.835500,0.079133,0.540560,0.114752,0.668128,-0.073582,0.731453,0.121685,-0.507856,0.050527,0.851306,0.183429,-0.441767,0.158099,0.863829,0.013755,-0.282250,0.020018,0.959033,0.101742,-0.128556,0.341193,0.925586,-0.434650,-0.461716,0.153460,0.757857,-0.429255,-0.604054,0.180221,0.646823,-0.064454,-0.164231,-0.259200,0.949573,0.465031,-0.462363,-0.087280,0.749899,0.471463,-0.589235,-0.072049,0.652176
0.036193,-0.329514,0.041188,0.942557,0.059677,0.182497,-0.023811,0.981105,0.046700,-0.857104,0.070842,0.508107,0.058877,-0.835974,0.075069,0.540413,0.111466,0.668370,-0.075858,0.731507,0.123303,-0.505631,0.045796,0.852664,0.184659,-0.441368,0.153642,0.864575,0.014425,-0.281833,0.018212,0.959182,0.102345,-0.127816,0.342034,0.925312,-0.434661,-0.461538,0.153657,0.757919,-0.429254,-0.603899,0.180357,0.646930,-0.063493,-0.163038,-0.258916,0.949921,0.465827,-0.461406,-0.085898,0.750154,0.472104,-0.588415,-0.070550,0.652617
0.038196,-0.329221,0.037802,0.942722,0.059322,0.184703,-0.025106,0.980681,0.047073,-0.857407,0.067080,0.508073,0.058607,-0.836054,0.070935,0.540877,0.108367,0.668505,-0.078040,0.731619,0.124926,-0.503217,0.041103,0.854094,0.185897,-0.440822,0.149242,0.865358,0.015287,-0.281510,0.016524,0.959294,0.103161,-0.127326,0.342775,0.925014,-0.434501,-0.461581,0.153997,0.757916,-0.429081,-0.603930,0.180660,0.646931,-0.062366,-0.162021,-0.258485,0.950287,0.466730,-0.460550,-0.084427,0.750286,0.472826,-0.587685,-0.068944,0.652923
0.040686,-0.329498,0.035174,0.942623,0.059844,0.186503,-0.026590,0.980270,0.047934,-0.857396,0.063492,0.508472,0.060002,-0.835989,0.067762,0.541230,0.106307,0.668424,-0.080496,0.731730,0.127091,-0.501217,0.037320,0.855124,0.187737,-0.440039,0.145629,0.865975,0.016197,-0.281762,0.015215,0.959227,0.104174,-0.126869,0.343362,0.924746,-0.433973,-0.461710,0.154485,0.758041,-0.428528,-0.604030,0.181136,0.647072,-0.061429,-0.161249,-0.258342,0.950518,0.467654,-0.459895,-0.083280,0.750241,0.473602,-0.587118,-0.067652,0.653006
0.043166,-0.329381,0.031855,0.942672,0.059782,0.188246,-0.027612,0.979912,0.048195,-0.857474,0.059572,0.508790,0.059891,-0.836058,0.063696,0.541629,0.103259,0.667889,-0.082861,0.732390,0.128757,-0.498991,0.032692,0.856365,0.189062,-0.439448,0.141264,0.866710,0.017850,-0.281656,0.013763,0.959251,0.105547,-0.124919,0.342893,0.925030,-0.432330,-0.461505,0.153837,0.759235,-0.426744,-0.603884,0.180661,0.648518,-0.059639,-0.159748,-0.258140,0.950940,0.469051,-0.458674,-0.081409,0.750321,0.474771,-0.586059,-0.065563,0.653321
0.045627,-0.328478,0.027157,0.943018,0.058577,0.189867,-0.027705,0.979669,0.047235,-0.857733,0.055005,0.508957,0.056747,-0.836392,0.057863,0.542106,0.098263,0.666434,-0.085050,0.734150,0.129426,-0.496319,0.026410,0.858032,0.189365,-0.439245,0.135418,0.867679,0.020982,-0.280809,0.012026,0.959459,0.107627,-0.119972,0.340298,0.926402,-0.428448,-0.460618,0.150903,0.762556,-0.422487,-0.603229,0.178274,0.652563,-0.056151,-0.156760,-0.257827,0.951735,0.471381,-0.456293,-0.078087,0.750666,0.476718,-0.583990,-0.061882,0.654115
0.049146,-0.328267,0.022797,0.943030,0.058414,0.190936,-0.028009,0.979462,0.046825,-0.857543,0.050655,0.509766,0.054727,-0.836625,0.052654,0.542486,0.093878,0.664636,-0.087826,0.736025,0.130588,-0.493807,0.020914,0.859456,0.190210,-0.438827,0.130279,0.868492,0.023700,-0.280610,0.010657,0.959470,0.109643,-0.117212,0.337670,0.927480,-0.425085,-0.461343,0.148599,0.764450,-0.418629,-0.603982,0.176374,0.654865,-0.053386,-0.154509,-0.258077,0.952194,0.473582,-0.453890,-0.075960,0.750955,0.478712,-0.581847,-0.059395,0.654798
0.053194,-0.328396,0.018606,0.942857,0.058765,0.191736,-0.028421,0.979273,0.046684,-0.857119,0.046407,0.510895,0.053270,-0.836800,0.047751,0.542815,0.089821,0.662639,-0.090887,0.737957,0.131975,-0.491389,0.015829,0.860737,0.191315,-0.438318,0.125514,0.869208,0.026213,-0.280739,0.009471,0.959379,0.111634,-0.115554,0.335027,0.928408,-0.421975,-0.462879,0.146620,0.765626,-0.414966,-0.605443,0.174727,0.656287,-0.050983,-0.152633,-0.258612,0.952483,0.475719,-0.451480,-0.074438,0.751210,0.480733,-0.579668,-0.057512,0.655418
0.058297,-0.328834,0.014566,0.942474,0.060012,0.192103,-0.028873,0.979113,0.046776,-0.857034,0.042362,0.511381,0.051783,-0.836985,0.042809,0.543085,0.086093,0.661107,-0.094413,0.739332,0.133773,-0.488160,0.011166,0.862369,0.192843,-0.437621,0.121259,0.869825,0.028828,-0.281192,0.008067,0.959184,0.114003,-0.116077,0.332639,0.928914,-0.419257,-0.465669,0.145737,0.765596,-0.411724,-0.607971,0.174162,0.656142,-0.048638,-0.151401,-0.259487,0.952564,0.477990,-0.448993,-0.073731,0.751329,0.483006,-0.577374,-0.056404,0.655868
0.065146,-0.329849,0.009610,0.941734,0.061609,0.192237,-0.027581,0.979024,0.044962,-0.857928,0.037147,0.510450,0.048697,-0.837313,0.036880,0.543300,0.084830,0.655711,-0.102651,0.743176,0.143145,-0.489331,0.000811,0.860270,0.202081,-0.438657,0.110511,0.868637,0.032468,-0.282187,0.008061,0.958776,0.117602,-0.117589,0.330131,0.929170,-0.415575,-0.469453,0.145840,0.765272,-0.407535,-0.611304,0.174622,0.655537,-0.045596,-0.149804,-0.261167,0.952508,0.481100,-0.445712,-0.073161,0.751352,0.486166,-0.574323,-0.055277,0.656307
0.075486,-0.332007,0.002825,0.940247,0.063920,0.191949,-0.022802,0.979056,0.039377,-0.860676,0.029573,0.506766,0.042400,-0.837831,0.028994,0.543507,0.088523,0.642471,-0.120400,0.751597,0.167197,-0.499186,-0.021161,0.849948,0.226127,-0.443175,0.086357,0.863137,0.038182,-0.284245,0.010864,0.957929,0.123647,-0.121081,0.327405,0.928901,-0.409984,-0.475204,0.147929,0.764337,-0.401474,-0.616229,0.177141,0.653989,-0.041080,-0.147509,-0.264475,0.952159,0.485958,-0.440836,-0.072856,0.751133,0.491168,-0.569745,-0.054089,0.656672
0.083204,-0.332246,-0.001940,0.939514,0.066701,0.190771,-0.022888,0.979098,0.039370,-0.861420,0.025524,0.505722,0.039004,-0.838088,0.022793,0.543661,0.090088,0.632653,-0.131551,0.757845,0.180934,-0.509401,-0.033639,0.840620,0.240291,-0.449738,0.072049,0.857207,0.042354,-0.284423,0.012372,0.957683,0.127482,-0.123830,0.324220,0.929137,-0.405804,-0.479762,0.148442,0.763620,-0.396711,-0.620208,0.177918,0.652922,-0.037427,-0.144862,-0.267321,0.951921,0.490090,-0.437077,-0.071689,0.750757,0.495261,-0.566237,-0.052184,0.656787
0.089611,-0.331526,-0.005695,0.939164,0.069756,0.189132,-0.025384,0.979142,0.042108,-0.861218,0.023289,0.505953,0.037038,-0.838273,0.017472,0.543710,0.090662,0.624561,-0.139355,0.763075,0.189737,-0.519747,-0.041147,0.831967,0.249753,-0.457248,0.062917,0.851228,0.045733,-0.283664,0.013223,0.957741,0.130187,-0.126216,0.320807,0.929626,-0.402349,-0.483725,0.148154,0.763005,-0.392614,-0.623716,0.177808,0.652086,-0.034226,-0.142033,-0.269937,0.951729,0.493830,-0.433871,-0.070087,0.750317,0.498872,-0.563257,-0.049923,0.656792
0.096022,-0.331700,-0.009863,0.938434,0.072401,0.187203,-0.027054,0.979276,0.043824,-0.860403,0.020216,0.507324,0.032980,-0.838584,0.010770,0.543666,0.090485,0.610047,-0.146616,0.773407,0.198440,-0.546408,-0.049900,0.812139,0.261747,-0.484051,0.051561,0.833381,0.047893,-0.283925,0.012273,0.957571,0.132170,-0.129747,0.318252,0.929738,-0.400096,-0.487517,0.148688,0.761670,-0.389868,-0.627044,0.178363,0.650388,-0.032357,-0.140922,-0.271301,0.951572,0.496181,-0.433867,-0.068292,0.748932,0.500883,-0.563231,-0.047730,0.655445
0.102238,-0.330862,-0.015197,0.938002,0.074574,0.185282,-0.030457,0.979378,0.047331,-0.859858,0.018442,0.508000,0.030380,-0.838788,0.004995,0.543586,0.089640,0.595017,-0.154300,0.783652,0.207563,-0.574247,-0.059486,0.789696,0.274791,-0.514288,0.039411,0.811446,0.049775,-0.283194,0.011555,0.957700,0.133684,-0.132737,0.316546,0.929682,-0.398487,-0.490168,0.149548,0.760644,-0.387932,-0.629355,0.179187,0.649087,-0.030570,-0.138616,-0.273457,0.951353,0.498710,-0.432597,-0.066521,0.748147,0.503159,-0.562052,-0.045525,0.654870
0.108065,-0.328008,-0.022864,0.938195,0.075791,0.183338,-0.037341,0.979412,0.054509,-0.859835,0.019252,0.507289,0.030772,-0.838829,0.001040,0.543524,0.087281,0.579166,-0.162969,0.793971,0.217773,-0.604781,-0.071029,0.762739,0.290281,-0.551353,0.025527,0.781726,0.051073,-0.280502,0.011287,0.958427,0.134242,-0.134671,0.316514,0.929334,-0.398189,-0.490582,0.151034,0.760239,-0.387626,-0.629682,0.180526,0.648580,-0.028961,-0.133942,-0.277201,0.950989,0.501583,-0.428814,-0.064822,0.748552,0.505958,-0.558586,-0.043322,0.655829
0.113071,-0.326755,-0.030753,0.937817,0.076081,0.181996,-0.044280,0.979351,0.061587,-0.859712,0.020023,0.506658,0.031294,-0.838862,-0.002806,0.543437,0.083435,0.564868,-0.169898,0.803179,0.228924,-0.639781,-0.086727,0.728528,0.307784,-0.593935,0.007003,0.743277,0.052101,-0.279489,0.011970,0.958660,0.134890,-0.138606,0.315185,0.929113,-0.397477,-0.493306,0.152278,0.758599,-0.386586,-0.632061,0.181520,0.646608,-0.028027,-0.131123,-0.280506,0.950441,0.504535,-0.427836,-0.062699,0.747308,0.508569,-0.557662,-0.040693,0.654763
0.117663,-0.326289,-0.038750,0.937117,0.075895,0.180945,-0.051250,0.979220,0.068616,-0.859506,0.020761,0.506073,0.031885,-0.838889,-0.006612,0.543328,0.078999,0.551254,-0.175958,0.811737,0.241130,-0.675353,-0.103953,0.689165,0.326850,-0.636823,-0.013397,0.698173,0.053009,-0.279357,0.013137,0.958633,0.135569,-0.143578,0.313215,0.928925,-0.396566,-0.497195,0.153416,0.756304,-0.385187,-0.635471,0.182349,0.643860,-0.027421,-0.129278,-0.283584,0.949797,0.507528,-0.428281,-0.060347,0.745218,0.511084,-0.558026,-0.037833,0.652663
0.119735,-0.326498,-0.040934,0.936689,0.076845,0.180634,-0.055421,0.978976,0.072652,-0.860196,0.019326,0.504392,0.030420,-0.839443,-0.011787,0.542468,0.080774,0.512417,-0.178104,0.836172,0.241828,-0.710680,-0.118868,0.649864,0.335298,-0.681683,-0.030987,0.649556,0.053163,-0.279735,0.012584,0.958522,0.135795,-0.147674,0.311947,0.928677,-0.396093,-0.499845,0.154690,0.754544,-0.384369,-0.637782,0.183233,0.641810,-0.027594,-0.126667,-0.286031,0.949411,0.508723,-0.426258,-0.059756,0.745610,0.512297,-0.556170,-0.037028,0.653342
0.120836,-0.326106,-0.043391,0.936574,0.077109,0.179283,-0.059713,0.978952,0.076700,-0.860812,0.017998,0.502788,0.030493,-0.839778,-0.015903,0.541839,0.082263,0.468964,-0.179385,0.860887,0.238526,-0.742989,-0.134984,0.610616,0.339372,-0.721843,-0.050160,0.601043,0.053260,-0.279496,0.012210,0.958591,0.135785,-0.151180,0.310913,0.928461,-0.396054,-0.502868,0.155272,0.752433,-0.383832,-0.640475,0.183372,0.639406,-0.027639,-0.124171,-0.288384,0.949027,0.510142,-0.424470,-0.058837,0.745734,0.513660,-0.554528,-0.035860,0.653732
0.119994,-0.324519,-0.046397,0.937089,0.076003,0.175862,-0.064262,0.979370,0.080789,-0.861288,0.016846,0.501370,0.033673,-0.839657,-0.017955,0.541775,0.082843,0.417048,-0.179354,0.887153,0.228465,-0.771558,-0.153442,0.573548,0.336049,-0.756522,-0.072165,0.556361,0.053237,-0.278011,0.012193,0.959024,0.135295,-0.153505,0.310352,0.928339,-0.396907,-0.506631,0.154468,0.749620,-0.383873,-0.643928,0.182013,0.636293,-0.027437,-0.121900,-0.290555,0.948665,0.512004,-0.423147,-0.057268,0.745331,0.515324,-0.553312,-0.033972,0.653554
0.116159,-0.320824,-0.048610,0.938731,0.073747,0.170411,-0.069888,0.980121,0.085913,-0.862238,0.016692,0.498884,0.036803,-0.839536,-0.019919,0.541690,0.080830,0.375868,-0.175683,0.906270,0.214414,-0.791765,-0.165910,0.547366,0.327345,-0.782146,-0.087458,0.522919,0.053009,-0.274263,0.011888,0.960119,0.133720,-0.156472,0.308413,0.928718,-0.398193,-0.510521,0.152481,0.746700,-0.384216,-0.647558,0.179552,0.633094,-0.026795,-0.119230,-0.292567,0.948404,0.514020,-0.421652,-0.055140,0.744951,0.517066,-0.551956,-0.031505,0.653448
0.110821,-0.316061,-0.050424,0.940894,0.070801,0.163971,-0.076151,0.980970,0.091665,-0.863354,0.016858,0.495916,0.040017,-0.839377,-0.022054,0.541626,0.077378,0.340024,-0.170362,0.921614,0.198786,-0.807752,-0.175241,0.526604,0.316347,-0.803100,-0.099393,0.495051,0.052668,-0.269350,0.011481,0.961533,0.131567,-0.159729,0.305809,0.929332,-0.399719,-0.514426,0.149895,0.743721,-0.384736,-0.651229,0.176526,0.629855,-0.025921,-0.116332,-0.294453,0.948205,0.516086,-0.420069,-0.052667,0.744596,0.518811,-0.550531,-0.028688,0.653397
0.103436,-0.310448,-0.050886,0.943575,0.066387,0.159912,-0.080608,0.981592,0.096109,-0.864155,0.020529,0.493536,0.041908,-0.839269,-0.020712,0.541703,0.071844,0.308455,-0.160025,0.934926,0.177755,-0.819201,-0.177248,0.515651,0.298872,-0.820044,-0.103517,0.476956,0.045602,-0.264007,0.008114,0.963408,0.123009,-0.156235,0.304279,0.931597,-0.404821,-0.510007,0.143912,0.745186,-0.389238,-0.647797,0.169774,0.632479,-0.031637,-0.116029,-0.295720,0.947674,0.514102,-0.422288,-0.052979,0.744691,0.516785,-0.552619,-0.029366,0.653210
0.096111,-0.304549,-0.051689,0.946225,0.061852,0.155585,-0.085848,0.982139,0.101559,-0.864521,0.024810,0.491604,0.045175,-0.839041,-0.018599,0.541870,0.066401,0.278703,-0.151665,0.945999,0.159380,-0.828840,-0.177897,0.505940,0.283402,-0.834135,-0.106349,0.461078,0.038308,-0.258384,0.004666,0.965271,0.114084,-0.152682,0.302367,0.933942,-0.410127,-0.505647,0.137378,0.746488,-0.393867,-0.644436,0.162516,0.634949,-0.037561,-0.116244,-0.297668,0.946821,0.512511,-0.424770,-0.053818,0.744316,0.515194,-0.554902,-0.030490,0.652479
0.088917,-0.298106,-0.053177,0.948893,0.057204,0.150673,-0.092539,0.982579,0.108930,-0.864062,0.030463,0.490513,0.051085,-0.838589,-0.014757,0.542163,0.061183,0.253213,-0.147245,0.954180,0.146194,-0.835476,-0.176933,0.499301,0.271962,-0.843544,-0.107117,0.450550,0.030526,-0.252266,0.001046,0.967176,0.104425,-0.149058,0.299686,0.936518,-0.415847,-0.501480,0.129710,0.747506,-0.398748,-0.641304,0.154219,0.637139,-0.043979,-0.117495,-0.300935,0.945356,0.511638,-0.427805,-0.055697,0.743039,0.514409,-0.557602,-0.032503,0.650698
0.080564,-0.292427,-0.054655,0.951319,0.051389,0.146206,-0.099659,0.982879,0.116723,-0.863821,0.036655,0.488718,0.059131,-0.837936,-0.009456,0.542473,0.054201,0.231146,-0.141155,0.961098,0.132516,-0.840769,-0.174207,0.495175,0.260016,-0.852366,-0.105911,0.441187,0.024042,-0.246763,-0.002010,0.968776,0.096185,-0.146164,0.296877,0.938748,-0.420770,-0.498382,0.122608,0.748021,-0.402884,-0.639066,0.146789,0.638539,-0.049084,-0.119343,-0.302824,0.944270,0.511047,-0.431010,-0.056891,0.741502,0.513782,-0.560468,-0.033791,0.648662
0.071625,-0.287113,-0.056124,0.953565,0.044920,0.142040,-0.107077,0.983027,0.124815,-0.863526,0.042999,0.486719,0.068354,-0.837002,-0.003584,0.542902,0.046325,0.210708,-0.134399,0.967157,0.119035,-0.845368,-0.170477,0.492059,0.248208,-0.860764,-0.103693,0.432117,0.018209,-0.241544,-0.004750,0.970207,0.088660,-0.143602,0.294023,0.940781,-0.425288,-0.495777,0.115799,0.748282,-0.406648,-0.637238,0.139804,0.639547,-0.053496,-0.121480,-0.304020,0.943373,0.510622,-0.434283,-0.057723,0.739819,0.513258,-0.563400,-0.034691,0.646485
0.053941,-0.284027,-0.061574,0.955315,0.025386,0.142672,-0.094125,0.984957,0.104938,-0.865251,0.025228,0.489584,0.045309,-0.837865,-0.021228,0.543579,0.028777,0.196039,-0.129319,0.971605,0.107426,-0.847940,-0.167253,0.491411,0.238011,-0.867063,-0.101617,0.425707,0.007700,-0.238776,-0.012409,0.970965,0.077428,-0.139056,0.290965,0.943402,-0.432204,-0.488642,0.107505,0.750247,-0.413134,-0.630952,0.131704,0.643330,-0.063070,-0.124248,-0.305666,0.941888,0.506103,-0.439314,-0.062026,0.739605,0.509160,-0.567956,-0.039757,0.645446
0.039625,-0.280688,-0.064812,0.956788,0.010739,0.141988,-0.086635,0.986011,0.093192,-0.866373,0.016151,0.490359,0.031916,-0.838018,-0.030278,0.543867,0.015323,0.183023,-0.125784,0.974908,0.098681,-0.850293,-0.165751,0.489685,0.230871,-0.872858,-0.101231,0.417815,-0.001520,-0.235590,-0.017878,0.971687,0.067217,-0.134464,0.288520,0.945599,-0.438654,-0.481808,0.099979,0.751963,-0.419358,-0.624968,0.124223,0.646624,-0.071201,-0.123492,-0.307783,0.940718,0.501708,-0.440482,-0.065515,0.741601,0.505339,-0.569020,-0.044022,0.647233
0.032075,-0.277000,-0.063657,0.958222,0.005860,0.139466,-0.089997,0.986111,0.097796,-0.867043,0.024390,0.487932,0.037823,-0.837596,-0.022219,0.544526,0.010146,0.173609,-0.124420,0.976871,0.093935,-0.852142,-0.167645,0.486749,0.228207,-0.877888,-0.104039,0.407934,-0.008160,-0.231894,-0.019056,0.972520,0.059312,-0.129936,0.287090,0.947195,-0.443865,-0.475958,0.093864,0.753417,-0.424672,-0.619956,0.117924,0.649155,-0.076765,-0.115802,-0.310644,0.940318,0.497222,-0.434207,-0.067324,0.748133,0.501719,-0.563377,-0.046698,0.654755
0.025237,-0.272658,-0.062176,0.959768,0.001541,0.135517,-0.091726,0.986519,0.100705,-0.866731,0.030592,0.487546,0.044038,-0.837321,-0.014367,0.544746,0.005674,0.165401,-0.123637,0.978429,0.089946,-0.852912,-0.169492,0.485513,0.226265,-0.881987,-0.106546,0.399439,-0.013273,-0.227439,-0.019477,0.973507,0.053315,-0.124510,0.290743,0.947166,-0.449821,-0.466485,0.092623,0.755959,-0.431983,-0.611372,0.116498,0.652720,-0.080674,-0.110934,-0.313731,0.939552,0.495320,-0.429870,-0.068641,0.751770,0.500384,-0.559530,-0.048306,0.658945
0.018756,-0.267980,-0.060530,0.961338,-0.002574,0.130859,-0.092693,0.987055,0.102892,-0.865928,0.035652,0.488170,0.050499,-0.837092,-0.006734,0.544685,0.001475,0.157807,-0.123193,0.979754,0.086355,-0.853126,-0.171386,0.485125,0.224722,-0.885573,-0.108988,0.391641,-0.017614,-0.222603,-0.019502,0.974555,0.048225,-0.118689,0.296948,0.946261,-0.456150,-0.455174,0.093853,0.758904,-0.440301,-0.600946,0.117513,0.656650,-0.083736,-0.107473,-0.316937,0.938610,0.494725,-0.426503,-0.069697,0.753980,0.500207,-0.556587,-0.049364,0.661489
0.012498,-0.266306,-0.055535,0.962206,-0.004949,0.129615,-0.095416,0.986950,0.107030,-0.865773,0.042600,0.486998,0.057010,-0.836525,0.000990,0.544953,-0.001235,0.155869,-0.121119,0.980323,0.082580,-0.852917,-0.174477,0.485047,0.223053,-0.888586,-0.112626,0.384678,-0.021425,-0.220548,-0.018472,0.974966,0.044083,-0.114768,0.300291,0.945891,-0.460745,-0.448972,0.092970,0.759931,-0.445930,-0.595650,0.116213,0.657908,-0.086919,-0.109359,-0.317531,0.937902,0.494625,-0.428546,-0.070410,0.752819,0.500068,-0.558404,-0.050087,0.660007
0.006357,-0.265271,-0.049473,0.962883,-0.006929,0.128937,-0.097050,0.986868,0.109821,-0.865609,0.048557,0.486110,0.063450,-0.835863,0.008708,0.545190,-0.003165,0.154400,-0.120279,0.980655,0.081059,-0.853351,-0.175009,0.484349,0.222491,-0.890440,-0.113510,0.380435,-0.025182,-0.219094,-0.016842,0.975233,0.040131,-0.111505,0.303183,0.945535,-0.465001,-0.443462,0.092163,0.760672,-0.451124,-0.590933,0.115012,0.658830,-0.090238,-0.111494,-0.317924,0.937203,0.494311,-0.430497,-0.071470,0.751812,0.499779,-0.560129,-0.051189,0.658677
0.000449,-0.265530,-0.041281,0.963218,-0.007993,0.129319,-0.096465,0.986867,0.109927,-0.865593,0.052672,0.485686,0.069734,-0.835186,0.016580,0.545277,-0.003424,0.153841,-0.121860,0.980547,0.084055,-0.855110,-0.170323,0.482402,0.224100,-0.890122,-0.108723,0.381631,-0.028859,-0.218853,-0.014032,0.975230,0.036561,-0.109545,0.305147,0.945277,-0.468603,-0.439385,0.091474,0.760910,-0.455460,-0.587434,0.113994,0.659153,-0.093864,-0.114134,-0.317905,0.936536,0.493539,-0.432293,-0.073226,0.751120,0.499159,-0.561701,-0.053058,0.657660
-0.003943,-0.264022,-0.033612,0.963923,-0.007928,0.127966,-0.096539,0.987037,0.111461,-0.865431,0.058088,0.485006,0.075074,-0.834361,0.023954,0.545557,-0.004204,0.156057,-0.112500,0.981311,0.079579,-0.860165,-0.155725,0.479097,0.219711,-0.897868,-0.095632,0.369343,-0.032349,-0.216845,-0.012717,0.975587,0.032343,-0.107259,0.304023,0.946055,-0.471682,-0.437349,0.087146,0.760689,-0.458558,-0.586127,0.109385,0.658950,-0.096655,-0.116554,-0.317042,0.936246,0.493024,-0.434505,-0.073682,0.750135,0.498569,-0.563698,-0.053603,0.656354
-0.007577,-0.261624,-0.026204,0.964784,-0.007401,0.125734,-0.096951,0.987288,0.113712,-0.865179,0.064044,0.484184,0.079947,-0.833444,0.030965,0.545913,-0.005261,0.159641,-0.097653,0.982319,0.070788,-0.866735,-0.136288,0.474536,0.211304,-0.909328,-0.078892,0.349642,-0.035712,-0.213936,-0.012151,0.976119,0.027838,-0.104757,0.301343,0.947335,-0.474439,-0.436299,0.080985,0.760258,-0.460973,-0.585885,0.102976,0.658512,-0.098979,-0.118870,-0.315778,0.936140,0.492687,-0.436906,-0.073486,0.748981,0.498042,-0.565886,-0.053474,0.654880
-0.009614,-0.262609,-0.018526,0.964676,-0.005410,0.128525,-0.095120,0.987119,0.112580,-0.865253,0.068506,0.483704,0.078872,-0.831949,0.034715,0.548120,-0.002883,0.162514,-0.095178,0.982101,0.070248,-0.868298,-0.133179,0.472639,0.210714,-0.911181,-0.076253,0.345738,-0.037696,-0.214498,-0.009770,0.975948,0.025585,-0.106901,0.296042,0.948829,-0.475335,-0.439063,0.076035,0.758617,-0.461398,-0.588539,0.098456,0.656536,-0.101034,-0.120415,-0.314283,0.936226,0.491821,-0.439423,-0.072878,0.748137,0.496937,-0.568218,-0.053038,0.653734
-0.010733,-0.263555,-0.011603,0.964515,-0.003099,0.129858,-0.092759,0.987179,0.111259,-0.865180,0.072863,0.483504,0.077581,-0.830423,0.038386,0.550368,-0.000393,0.166342,-0.090305,0.981924,0.068513,-0.870419,-0.124772,0.471285,0.208755,-0.915019,-0.068679,0.338297,-0.039216,-0.215050,-0.008117,0.975782,0.023910,-0.109274,0.292080,0.949830,-0.476578,-0.441224,0.072443,0.756932,-0.462499,-0.590575,0.095267,0.654400,-0.102650,-0.121990,-0.313094,0.936244,0.491349,-0.441525,-0.072467,0.747248,0.496270,-0.570150,-0.052723,0.652583
-0.010018,-0.264444,-0.006192,0.964329,-0.000312,0.128320,-0.089331,0.987701,0.109561,-0.864816,0.076879,0.483922,0.075816,-0.828839,0.041764,0.552751,0.002168,0.172149,-0.080653,0.981761,0.064060,-0.873501,-0.105902,0.470826,0.203437,-0.922631,-0.051555,0.323584,-0.039804,-0.215593,-0.007920,0.975640,0.023455,-0.112165,0.290809,0.949894,-0.478491,-0.442246,0.071613,0.755206,-0.464928,-0.591432,0.094794,0.651970,-0.103366,-0.123647,-0.312513,0.936142,0.491683,-0.442818,-0.072438,0.746266,0.496495,-0.571299,-0.052635,0.651414
-0.009905,-0.266031,-0.000322,0.963914,0.002345,0.129113,-0.085478,0.987936,0.106647,-0.865036,0.080095,0.483657,0.073886,-0.827227,0.045026,0.555166,0.004888,0.176504,-0.073791,0.981518,0.059858,-0.874925,-0.098008,0.470443,0.198742,-0.926035,-0.044858,0.317723,-0.038946,-0.216929,-0.005844,0.975393,0.024660,-0.116999,0.289580,0.949656,-0.479720,-0.446060,0.071523,0.752186,-0.465989,-0.594815,0.094707,0.648136,-0.102993,-0.125791,-0.311558,0.936216,0.492473,-0.443278,-0.072788,0.745437,0.497270,-0.571489,-0.052952,0.650630
-0.010093,-0.267960,0.005779,0.963360,0.004986,0.131059,-0.081428,0.988012,0.103143,-0.865535,0.082931,0.483047,0.071901,-0.825590,0.048273,0.557586,0.007742,0.180117,-0.068333,0.981238,0.055978,-0.875570,-0.095579,0.470221,0.194707,-0.927413,-0.043249,0.316424,-0.037372,-0.218687,-0.002833,0.975075,0.026639,-0.122843,0.288378,0.949230,-0.480661,-0.451257,0.071814,0.748449,-0.466421,-0.599442,0.094810,0.643531,-0.102101,-0.128204,-0.310413,0.936367,0.493477,-0.443346,-0.073357,0.744677,0.498307,-0.571222,-0.053505,0.650026
-0.007803,-0.269348,0.009981,0.962960,0.008901,0.133035,-0.077823,0.988011,0.100473,-0.865468,0.086306,0.483137,0.069650,-0.823919,0.051349,0.560062,0.011806,0.185462,-0.063576,0.980521,0.053336,-0.875999,-0.092717,0.470303,0.191614,-0.928081,-0.040886,0.316667,-0.034911,-0.219991,-0.000315,0.974877,0.029277,-0.127758,0.287176,0.948868,-0.481045,-0.455644,0.072119,0.745509,-0.466278,-0.603352,0.094926,0.639953,-0.100154,-0.129028,-0.309494,0.936768,0.494837,-0.443281,-0.072377,0.743908,0.499488,-0.571243,-0.052227,0.649203
-0.006491,-0.270829,0.013807,0.962507,0.011893,0.135681,-0.074456,0.987879,0.097806,-0.864992,0.089530,0.483950,0.067350,-0.822212,0.054373,0.562560,0.014759,0.190361,-0.058549,0.979855,0.050131,-0.876390,-0.090020,0.470450,0.188014,-0.928826,-0.038778,0.316905,-0.032644,-0.221429,0.001854,0.974628,0.031752,-0.132215,0.286248,0.948458,-0.481553,-0.459468,0.072477,0.742794,-0.466331,-0.606753,0.095077,0.636668,-0.098350,-0.130289,-0.308014,0.937272,0.495899,-0.443680,-0.071408,0.743057,0.500345,-0.571585,-0.051089,0.648333
-0.007132,-0.272504,0.016881,0.961980,0.013032,0.139664,-0.071526,0.987526,0.095102,-0.863729,0.092471,0.486186,0.064881,-0.820475,0.057297,0.565091,0.015467,0.194361,-0.052897,0.979381,0.045696,-0.876741,-0.087618,0.470702,0.183291,-0.929770,-0.037167,0.317098,-0.030765,-0.223135,0.003317,0.974296,0.033984,-0.135732,0.285835,0.948009,-0.482226,-0.462211,0.072908,0.740610,-0.466688,-0.609183,0.095287,0.634049,-0.096828,-0.132410,-0.305411,0.937985,0.496361,-0.444999,-0.070446,0.742051,0.500550,-0.572561,-0.050219,0.647381
-0.006241,-0.272728,0.020334,0.961856,0.015396,0.141776,-0.067984,0.987441,0.092238,-0.863331,0.095613,0.486836,0.062248,-0.818704,0.060117,0.567658,0.017923,0.198711,-0.048553,0.978691,0.042926,-0.876823,-0.084814,0.471323,0.180136,-0.930407,-0.034841,0.317300,-0.028248,-0.223368,0.005188,0.974311,0.036407,-0.138568,0.285701,0.947549,-0.482825,-0.464026,0.073516,0.739023,-0.467117,-0.610772,0.095706,0.632138,-0.094408,-0.132766,-0.304176,0.938583,0.497640,-0.444466,-0.069167,0.741633,0.501638,-0.571958,-0.048809,0.647180
-0.004585,-0.272223,0.023977,0.961925,0.018361,0.142960,-0.064139,0.987477,0.089290,-0.863353,0.098841,0.486702,0.059548,-0.816894,0.062881,0.570250,0.021257,0.203237,-0.044883,0.977869,0.041006,-0.876765,-0.081812,0.472132,0.177780,-0.930885,-0.032158,0.317511,-0.025408,-0.222872,0.007267,0.974490,0.038916,-0.141075,0.285721,0.947073,-0.483402,-0.465371,0.074229,0.737728,-0.467600,-0.611936,0.096243,0.630572,-0.091535,-0.132253,-0.303625,0.939118,0.499335,-0.443013,-0.067736,0.741495,0.503174,-0.570570,-0.047136,0.647336
-0.003370,-0.273218,0.026848,0.961572,0.020455,0.143980,-0.059683,0.987567,0.085523,-0.863333,0.101341,0.486900,0.056588,-0.815038,0.065467,0.572910,0.023660,0.206718,-0.041146,0.977249,0.038648,-0.876826,-0.079098,0.472679,0.173026,-0.931783,-0.030534,0.317663,-0.023789,-0.223875,0.009569,0.974281,0.040610,-0.143530,0.285548,0.946685,-0.483927,-0.467044,0.074715,0.736276,-0.467959,-0.613403,0.096562,0.628830,-0.090369,-0.133002,-0.303204,0.939261,0.500137,-0.442618,-0.067763,0.741189,0.503974,-0.570086,-0.047090,0.647143
-0.001966,-0.274074,0.029480,0.961255,0.022659,0.145293,-0.055543,0.987568,0.082052,-0.863346,0.104135,0.486885,0.053552,-0.813141,0.068004,0.575595,0.026096,0.210500,-0.037490,0.976526,0.036464,-0.877159,-0.076341,0.472689,0.168270,-0.932654,-0.028910,0.317815,-0.022306,-0.224731,0.011811,0.974094,0.042125,-0.145648,0.285442,0.946327,-0.484476,-0.468363,0.075145,0.735032,-0.468377,-0.614558,0.096830,0.627348,-0.089342,-0.133783,-0.303111,0.939278,0.501051,-0.442043,-0.068061,0.740887,0.504938,-0.569454,-0.047265,0.646936
-0.000181,-0.274655,0.031636,0.961022,0.025075,0.147185,-0.052030,0.987421,0.079158,-0.863457,0.107514,0.486433,0.050345,-0.811196,0.070412,0.578333,0.028582,0.214884,-0.033975,0.975630,0.034607,-0.878051,-0.073501,0.471622,0.163496,-0.933502,-0.027283,0.317959,-0.021094,-0.225288,0.013935,0.973964,0.043307,-0.147076,0.285461,0.946047,-0.485044,-0.468985,0.075456,0.734229,-0.468885,-0.615098,0.096994,0.626413,-0.088594,-0.134621,-0.303674,0.939048,0.502187,-0.441105,-0.068894,0.740600,0.506222,-0.568519,-0.047876,0.646710
0.000713,-0.275693,0.034804,0.960615,0.027484,0.151225,-0.048101,0.986946,0.075384,-0.862672,0.109740,0.487925,0.047104,-0.809220,0.072783,0.581074,0.031256,0.219742,-0.031112,0.974561,0.033400,-0.878772,-0.071793,0.470627,0.160580,-0.934005,-0.026312,0.318051,-0.021300,-0.226228,0.015831,0.973713,0.042949,-0.153812,0.284076,0.945409,-0.487587,-0.472508,0.076291,0.730188,-0.470988,-0.618198,0.097169,0.621740,-0.089336,-0.136105,-0.303986,0.938662,0.502215,-0.441332,-0.070413,0.740303,0.506451,-0.568676,-0.049346,0.646282
0.001161,-0.276956,0.038476,0.960111,0.029917,0.156330,-0.043983,0.986271,0.071211,-0.861415,0.111392,0.490392,0.043878,-0.807214,0.075136,0.583811,0.034065,0.224821,-0.028586,0.973385,0.032559,-0.879415,-0.070617,0.469662,0.158627,-0.934340,-0.025631,0.318104,-0.022219,-0.227351,0.017616,0.973400,0.041731,-0.163174,0.281975,0.944523,-0.491160,-0.477416,0.077384,0.724464,-0.473932,-0.622509,0.097329,0.615141,-0.090831,-0.137895,-0.304169,0.938198,0.501675,-0.442131,-0.072269,0.740013,0.506140,-0.569371,-0.051243,0.645766
0.002007,-0.277674,0.041233,0.959788,0.031872,0.158937,-0.039877,0.985968,0.067448,-0.860948,0.113685,0.491218,0.040697,-0.805197,0.077500,0.586512,0.036834,0.229342,-0.027469,0.972261,0.032953,-0.879545,-0.068208,0.469748,0.154972,-0.934953,-0.024397,0.318200,-0.021940,-0.228003,0.019298,0.973222,0.041885,-0.171004,0.282162,0.943074,-0.494460,-0.481455,0.079613,0.719286,-0.476883,-0.625973,0.098668,0.609102,-0.090973,-0.139182,-0.304230,0.937975,0.501883,-0.442493,-0.073216,0.739562,0.506452,-0.569703,-0.052093,0.645160
0.003243,-0.278290,0.044004,0.959483,0.033974,0.161041,-0.035018,0.985741,0.062863,-0.860956,0.115320,0.491431,0.037554,-0.803160,0.079860,0.589191,0.039929,0.233796,-0.026389,0.971107,0.033402,-0.879534,-0.066272,0.470013,0.152071,-0.935428,-0.023408,0.318278,-0.020875,-0.228596,0.021020,0.973071,0.042979,-0.175961,0.283318,0.941765,-0.496534,-0.483097,0.082353,0.716442,-0.479034,-0.627204,0.100882,0.605775,-0.090240,-0.139776,-0.304036,0.938020,0.502393,-0.442239,-0.073426,0.739348,0.506996,-0.569433,-0.052198,0.644963
0.005256,-0.278705,0.046802,0.959221,0.036361,0.162147,-0.028632,0.985681,0.056621,-0.861908,0.115639,0.490444,0.034448,-0.801099,0.082236,0.591853,0.043638,0.238129,-0.025369,0.969921,0.033981,-0.879241,-0.065316,0.470653,0.150702,-0.935650,-0.022943,0.318312,-0.018236,-0.229076,0.022821,0.972970,0.046034,-0.175194,0.286413,0.940827,-0.496108,-0.480047,0.086078,0.718347,-0.479522,-0.624079,0.104834,0.607942,-0.087741,-0.138997,-0.303342,0.938598,0.503527,-0.440749,-0.072167,0.739590,0.508024,-0.567956,-0.050818,0.645565
0.006965,-0.279292,0.049067,0.958926,0.038337,0.163697,-0.022916,0.985499,0.051059,-0.862284,0.116346,0.490228,0.031380,-0.799019,0.084624,0.594494,0.046608,0.242469,-0.023797,0.968747,0.033867,-0.878873,-0.064012,0.471528,0.148633,-0.935982,-0.022232,0.318357,-0.016133,-0.229717,0.024499,0.972815,0.048580,-0.173639,0.289087,0.940169,-0.495594,-0.477088,0.088750,0.720345,-0.479771,-0.621152,0.107731,0.610233,-0.085750,-0.136595,-0.303333,0.939137,0.503919,-0.437649,-0.071411,0.741235,0.508498,-0.564902,-0.050059,0.647927
0.008520,-0.279964,0.051066,0.958613,0.040101,0.165473,-0.017540,0.985243,0.045846,-0.862356,0.117233,0.490405,0.028341,-0.796912,0.087016,0.597123,0.049203,0.246816,-0.021962,0.967563,0.033415,-0.878460,-0.062546,0.472524,0.146222,-0.936361,-0.021411,0.318416,-0.014298,-0.230436,0.026117,0.972632,0.050873,-0.171689,0.291544,0.939647,-0.495031,-0.474173,0.090889,0.722388,-0.479892,-0.618323,0.110093,0.612585,-0.083993,-0.133385,-0.303675,0.939646,0.503958,-0.433726,-0.070908,0.743559,0.508714,-0.561035,-0.049609,0.651145
0.009671,-0.280005,0.052596,0.958508,0.041421,0.168117,-0.012885,0.984812,0.041107,-0.862520,0.118517,0.490228,0.024558,-0.795013,0.088848,0.599548,0.051036,0.251343,-0.019717,0.966350,0.032491,-0.878580,-0.061299,0.472530,0.144085,-0.936694,-0.020681,0.318460,-0.012911,-0.230508,0.027377,0.972600,0.052406,-0.169366,0.292981,0.939538,-0.494553,-0.471584,0.091608,0.724316,-0.479868,-0.615976,0.110968,0.614806,-0.082310,-0.130057,-0.303073,0.940456,0.503692,-0.431112,-0.069035,0.745434,0.508355,-0.558680,-0.047640,0.653592
0.011291,-0.279844,0.053264,0.958500,0.042515,0.169443,-0.008544,0.984586,0.036847,-0.863224,0.120288,0.488894,0.020434,-0.793378,0.090371,0.601637,0.052478,0.255568,-0.017361,0.965210,0.031293,-0.878654,-0.059510,0.472701,0.141055,-0.937156,-0.019637,0.318523,-0.011441,-0.230361,0.028445,0.972622,0.054000,-0.167086,0.294566,0.939360,-0.494139,-0.469012,0.092408,0.726164,-0.479919,-0.613689,0.111870,0.616886,-0.080429,-0.126759,-0.302190,0.941353,0.503500,-0.428812,-0.066733,0.747097,0.507992,-0.556704,-0.045170,0.655732
0.013850,-0.279278,0.052208,0.958690,0.043199,0.168121,-0.004805,0.984808,0.033526,-0.865037,0.123114,0.485211,0.015626,-0.792306,0.091325,0.603048,0.053117,0.259194,-0.014761,0.964251,0.029500,-0.878640,-0.056644,0.473195,0.136189,-0.937875,-0.017984,0.318621,-0.009808,-0.229777,0.029127,0.972758,0.055707,-0.164891,0.296455,0.939054,-0.493869,-0.466469,0.093373,0.727861,-0.480140,-0.611523,0.112824,0.618689,-0.078177,-0.123511,-0.300737,0.942439,0.503432,-0.427159,-0.063569,0.748365,0.507595,-0.555504,-0.041700,0.657285
0.015736,-0.279486,0.050927,0.958669,0.043309,0.168132,-0.000856,0.984812,0.029787,-0.865814,0.125333,0.483499,0.010443,-0.790908,0.092025,0.604886,0.053030,0.262708,-0.012045,0.963342,0.027323,-0.878212,-0.054172,0.474408,0.131835,-0.938496,-0.016495,0.318705,-0.008607,-0.229982,0.029565,0.972708,0.057245,-0.163050,0.298278,0.938706,-0.493637,-0.464031,0.094539,0.729425,-0.480412,-0.609433,0.113964,0.620329,-0.076635,-0.120755,-0.299601,0.943284,0.503051,-0.425963,-0.061114,0.749506,0.506956,-0.554726,-0.038955,0.658602
0.017284,-0.280080,0.049534,0.958542,0.043113,0.168808,0.003192,0.984700,0.025838,-0.866071,0.127227,0.482769,0.005074,-0.789329,0.092579,0.606930,0.052553,0.266162,-0.009276,0.962450,0.024944,-0.877574,-0.051927,0.475968,0.127726,-0.939063,-0.015126,0.318776,-0.007621,-0.230583,0.029882,0.972564,0.058700,-0.161383,0.300065,0.938334,-0.493419,-0.461642,0.095802,0.730921,-0.480706,-0.607378,0.115194,0.621888,-0.075447,-0.118247,-0.298624,0.944007,0.502515,-0.424995,-0.059014,0.750583,0.506196,-0.554158,-0.036572,0.659800
0.017334,-0.280419,0.050414,0.958396,0.043009,0.171327,0.008018,0.984242,0.020751,-0.865440,0.127534,0.484065,-0.000946,-0.787885,0.092592,0.608821,0.053096,0.268349,-0.008098,0.961823,0.024313,-0.877929,-0.051134,0.475431,0.126371,-0.939246,-0.014666,0.318797,-0.006871,-0.230963,0.030892,0.972448,0.059681,-0.159500,0.301190,0.938234,-0.493191,-0.459716,0.096101,0.732249,-0.480780,-0.605685,0.115551,0.623413,-0.074546,-0.115803,-0.298322,0.944477,0.502248,-0.423295,-0.057632,0.751829,0.505943,-0.552942,-0.035102,0.661093
0.017252,-0.280728,0.051159,0.958268,0.042748,0.173729,0.012510,0.983786,0.015985,-0.864923,0.128052,0.485031,-0.007254,-0.786684,0.092324,0.610370,0.053477,0.270778,-0.006991,0.961130,0.023718,-0.878138,-0.050213,0.475173,0.124819,-0.939454,-0.014138,0.318821,-0.006131,-0.231325,0.031602,0.972344,0.060688,-0.157463,0.302353,0.938139,-0.493000,-0.457553,0.096367,0.733696,-0.480914,-0.603769,0.115884,0.625105,-0.073654,-0.113563,-0.298000,0.944920,0.502002,-0.421824,-0.056291,0.752921,0.505696,-0.551887,-0.033680,0.662237
0.016905,-0.280976,0.051634,0.958176,0.042195,0.175891,0.016346,0.983369,0.011847,-0.864680,0.129024,0.485325,-0.014152,-0.786015,0.091521,0.611231,0.053534,0.273691,-0.006020,0.960308,0.023188,-0.878056,-0.049034,0.475474,0.122865,-0.939711,-0.013475,0.318850,-0.005411,-0.231650,0.031713,0.972267,0.061738,-0.155118,0.303598,0.938059,-0.492893,-0.454915,0.096570,0.735379,-0.481175,-0.601402,0.116167,0.627129,-0.072795,-0.111727,-0.297633,0.945321,0.501785,-0.420821,-0.055030,0.753719,0.505450,-0.551164,-0.032354,0.663092
0.015936,-0.281081,0.051221,0.958184,0.040724,0.177891,0.019320,0.983017,0.008703,-0.863736,0.130694,0.486624,-0.022329,-0.785539,0.089683,0.611871,0.052302,0.275503,-0.004753,0.959864,0.021784,-0.877925,-0.047026,0.475985,0.119428,-0.940154,-0.012304,0.318899,-0.005392,-0.231816,0.031494,0.972235,0.062024,-0.153580,0.304586,0.937973,-0.493454,-0.452836,0.096492,0.736296,-0.481964,-0.599553,0.116020,0.628320,-0.072539,-0.110836,-0.296149,0.945912,0.500959,-0.421472,-0.053375,0.754024,0.504419,-0.551872,-0.030789,0.663363
0.014657,-0.281116,0.050365,0.958239,0.038790,0.179804,0.021869,0.982694,0.006045,-0.862446,0.132714,0.488402,-0.031165,-0.785107,0.087324,0.612381,0.050421,0.276761,-0.003335,0.959609,0.019930,-0.877770,-0.044607,0.476585,0.115235,-0.940677,-0.010888,0.318949,-0.005724,-0.231902,0.031110,0.972225,0.061928,-0.152446,0.305448,0.937884,-0.494349,-0.451035,0.096273,0.736830,-0.483017,-0.597961,0.115658,0.629095,-0.072587,-0.110417,-0.294103,0.946595,0.499822,-0.422949,-0.051524,0.754080,0.502990,-0.553294,-0.029104,0.663340
0.013678,-0.280844,0.049161,0.958396,0.036769,0.180741,0.024676,0.982533,0.003063,-0.862073,0.134577,0.488580,-0.040523,-0.784522,0.084453,0.612985,0.048507,0.277126,-0.002267,0.959606,0.018349,-0.878305,-0.042555,0.475849,0.111714,-0.941101,-0.009693,0.318990,-0.006288,-0.231650,0.030298,0.972307,0.061491,-0.150113,0.305920,0.938135,-0.494943,-0.448157,0.095484,0.738288,-0.483839,-0.595436,0.114830,0.631007,-0.072647,-0.107695,-0.292745,0.947325,0.498071,-0.421957,-0.049916,0.755901,0.501116,-0.552466,-0.027621,0.665508
0.012782,-0.280340,0.047878,0.958621,0.034712,0.181400,0.027644,0.982408,-0.000047,-0.861712,0.136271,0.488756,-0.050011,-0.783821,0.081432,0.613590,0.046640,0.277383,-0.001422,0.959626,0.016956,-0.878657,-0.040523,0.475429,0.108253,-0.941506,-0.008522,0.319021,-0.006976,-0.231142,0.029848,0.972437,0.060826,-0.147886,0.306444,0.938361,-0.495711,-0.445693,0.094482,0.739393,-0.484743,-0.593294,0.113749,0.632525,-0.072711,-0.105489,-0.290396,0.948291,0.496156,-0.421882,-0.047635,0.757348,0.498947,-0.552511,-0.025559,0.667180
0.012050,-0.279371,0.046436,0.958984,0.032592,0.181514,0.030928,0.982361,-0.003396,-0.861372,0.137643,0.488959,-0.059744,-0.782977,0.078128,0.614227,0.044868,0.277430,-0.001026,0.959697,0.015957,-0.878638,-0.038524,0.475664,0.104922,-0.941883,-0.007394,0.319050,-0.007914,-0.230129,0.030121,0.972662,0.059719,-0.145878,0.307069,0.938542,-0.496814,-0.444074,0.093061,0.739806,-0.485802,-0.591931,0.112169,0.633271,-0.072768,-0.104319,-0.286073,0.949729,0.493922,-0.423646,-0.044007,0.758043,0.496202,-0.554307,-0.022337,0.667853
0.011938,-0.277265,0.044516,0.959688,0.030656,0.180821,0.034037,0.982449,-0.006266,-0.860879,0.139264,0.489341,-0.068973,-0.782315,0.075131,0.614477,0.043062,0.276860,-0.000541,0.959945,0.014736,-0.878444,-0.035934,0.476264,0.100608,-0.942354,-0.005942,0.319080,-0.008641,-0.227969,0.029260,0.973190,0.058265,-0.142866,0.305826,0.939503,-0.497301,-0.442925,0.089427,0.740616,-0.485899,-0.591113,0.108562,0.634588,-0.072161,-0.101595,-0.281188,0.951528,0.491467,-0.425288,-0.038660,0.759009,0.492919,-0.556013,-0.017249,0.669016
0.012134,-0.274587,0.042356,0.960552,0.028834,0.179718,0.037053,0.982597,-0.008874,-0.860309,0.141036,0.489795,-0.077927,-0.781707,0.072313,0.614519,0.041255,0.275976,-0.000016,0.960279,0.013426,-0.878163,-0.033030,0.477032,0.095815,-0.942853,-0.004310,0.319106,-0.009265,-0.225237,0.027827,0.973863,0.056637,-0.139348,0.303642,0.940838,-0.497462,-0.442008,0.084682,0.741613,-0.485497,-0.590562,0.103940,0.636181,-0.071267,-0.098086,-0.276009,0.953477,0.488837,-0.426861,-0.032479,0.760114,0.489306,-0.557661,-0.011261,0.670423
0.011748,-0.271940,0.040362,0.961395,0.026681,0.177103,0.039831,0.983024,-0.011054,-0.860342,0.142995,0.489124,-0.085614,-0.781906,0.070460,0.613456,0.038950,0.273523,0.001054,0.961076,0.011323,-0.878153,-0.029990,0.477305,0.092433,-0.943207,-0.001942,0.319080,-0.009675,-0.222581,0.026111,0.974516,0.055150,-0.136193,0.300735,0.942321,-0.497141,-0.441768,0.079725,0.742519,-0.484518,-0.590621,0.099197,0.637628,-0.070294,-0.096917,-0.269908,0.955414,0.486496,-0.430396,-0.026510,0.759854,0.485836,-0.561053,-0.005412,0.670190
0.011835,-0.269024,0.038194,0.962303,0.024824,0.174521,0.042743,0.983412,-0.013245,-0.860098,0.144781,0.488973,-0.092695,-0.782271,0.069104,0.612115,0.036828,0.271177,0.002283,0.961822,0.009160,-0.878022,-0.026937,0.477773,0.089256,-0.943534,0.000516,0.319025,-0.009852,-0.219648,0.024552,0.975220,0.053632,-0.132146,0.296491,0.944327,-0.496092,-0.442346,0.072964,0.743572,-0.482464,-0.591499,0.092800,0.639332,-0.068932,-0.094928,-0.263120,0.957604,0.483867,-0.433501,-0.019661,0.759976,0.481956,-0.564072,0.001324,0.670477
0.012868,-0.265571,0.035682,0.963345,0.023532,0.172025,0.045944,0.983739,-0.015517,-0.859289,0.146206,0.489903,-0.098614,-0.783038,0.068706,0.610251,0.035056,0.269061,0.003852,0.962477,0.006813,-0.877646,-0.023879,0.478665,0.086426,-0.943821,0.003124,0.318938,-0.009569,-0.216166,0.023303,0.976032,0.052080,-0.126314,0.289560,0.947358,-0.493517,-0.444559,0.062614,0.744908,-0.478199,-0.594004,0.083124,0.641541,-0.066818,-0.091289,-0.254962,0.960310,0.480666,-0.435754,-0.011056,0.760891,0.477260,-0.566357,0.009827,0.671838
0.013016,-0.262175,0.033216,0.964361,0.021609,0.169269,0.049071,0.984110,-0.017937,-0.859172,0.147620,0.489603,-0.102544,-0.784343,0.069972,0.607778,0.032602,0.265741,0.005758,0.963476,0.003936,-0.877929,-0.020930,0.478316,0.082919,-0.944473,0.005383,0.317908,-0.009868,-0.212745,0.022518,0.976798,0.050073,-0.120045,0.282761,0.950330,-0.490874,-0.445983,0.052468,0.746585,-0.473935,-0.595729,0.073470,0.644278,-0.065354,-0.088505,-0.246471,0.962885,0.477179,-0.438961,-0.002614,0.761319,0.472256,-0.569516,0.018035,0.672533
0.012723,-0.258805,0.030773,0.965355,0.019396,0.166370,0.052148,0.984492,-0.020396,-0.859403,0.149050,0.488666,-0.105446,-0.785933,0.072078,0.604976,0.029840,0.261805,0.007822,0.964628,0.000849,-0.878548,-0.017994,0.477314,0.079119,-0.945301,0.007518,0.316370,-0.010468,-0.209358,0.021967,0.977536,0.047879,-0.113544,0.276016,0.953221,-0.488119,-0.446988,0.042453,0.748425,-0.469598,-0.597027,0.063863,0.647270,-0.064240,-0.086148,-0.237799,0.965351,0.473495,-0.442631,0.005734,0.761477,0.467048,-0.573090,0.026078,0.672870
0.012306,-0.255218,0.027400,0.966417,0.016721,0.164350,0.054434,0.984757,-0.022178,-0.858999,0.150401,0.488885,-0.107669,-0.787007,0.073904,0.602963,0.026404,0.258676,0.009796,0.965554,-0.002230,-0.878724,-0.015146,0.477085,0.073908,-0.945717,0.009222,0.316343,-0.011503,-0.205764,0.021334,0.978301,0.044933,-0.106673,0.265856,0.957038,-0.484572,-0.451312,0.027859,0.748820,-0.463441,-0.601476,0.049908,0.648813,-0.063576,-0.082673,-0.229509,0.967703,0.469278,-0.445575,0.014098,0.762261,0.461321,-0.576001,0.034121,0.673975
0.011833,-0.251848,0.024285,0.967390,0.014264,0.162409,0.056303,0.985013,-0.023512,-0.858673,0.151899,0.488932,-0.109287,-0.787823,0.075761,0.601375,0.023212,0.255806,0.011657,0.966379,-0.005073,-0.878844,-0.012302,0.476924,0.068853,-0.946102,0.010936,0.316277,-0.012271,-0.202413,0.020877,0.979001,0.042443,-0.100211,0.255738,0.960601,-0.480593,-0.455863,0.013781,0.749019,-0.456910,-0.606052,0.036523,0.650078,-0.062721,-0.079449,-0.220480,0.970125,0.464926,-0.449018,0.023044,0.762690,0.455359,-0.579363,0.042692,0.674659
0.011253,-0.248918,0.021688,0.968216,0.012173,0.160657,0.057361,0.985267,-0.024021,-0.858493,0.153623,0.488685,-0.109761,-0.788104,0.077635,0.600681,0.020423,0.253497,0.013317,0.967029,-0.007549,-0.878833,-0.009569,0.476974,0.064019,-0.946441,0.012551,0.316217,-0.012482,-0.199531,0.020779,0.979592,0.040729,-0.094611,0.245763,0.963842,-0.476115,-0.460937,0.000642,0.748900,-0.449971,-0.611009,0.024145,0.650855,-0.061382,-0.076710,-0.209995,0.972754,0.460430,-0.453452,0.033224,0.762419,0.449037,-0.583640,0.052401,0.674525
0.009473,-0.247244,0.020442,0.968691,0.009725,0.160750,0.058733,0.985198,-0.025296,-0.857755,0.154988,0.489484,-0.111118,-0.788027,0.079187,0.600329,0.017914,0.251487,0.014304,0.967589,-0.009249,-0.878964,-0.007212,0.476744,0.059960,-0.946709,0.013917,0.316154,-0.013200,-0.197898,0.020429,0.979921,0.038734,-0.090124,0.233598,0.967372,-0.470803,-0.467317,-0.013366,0.748185,-0.441881,-0.617059,0.010828,0.651047,-0.060891,-0.075213,-0.199369,0.975134,0.455435,-0.459058,0.042623,0.761596,0.442244,-0.588938,0.061285,0.673658
0.007092,-0.246196,0.019872,0.968990,0.007085,0.161763,0.060266,0.984962,-0.026972,-0.856740,0.156168,0.490796,-0.112938,-0.787772,0.080571,0.600140,0.015528,0.249632,0.014948,0.968101,-0.010552,-0.879163,-0.005060,0.476378,0.056302,-0.946934,0.015144,0.316097,-0.014166,-0.196887,0.019955,0.980121,0.036654,-0.086163,0.220310,0.970925,-0.464908,-0.474265,-0.027762,0.747103,-0.433069,-0.623539,-0.002904,0.650878,-0.060819,-0.074350,-0.188662,0.977333,0.450152,-0.465224,0.051619,0.760438,0.435182,-0.594708,0.069744,0.672365
0.005067,-0.245409,0.019077,0.969219,0.004717,0.161520,0.061504,0.984940,-0.028136,-0.856306,0.157301,0.491126,-0.114080,-0.787611,0.081854,0.599962,0.013672,0.247477,0.013922,0.968697,-0.010091,-0.879259,-0.002944,0.476228,0.053397,-0.947107,0.016308,0.316023,-0.015719,-0.196118,0.019742,0.980256,0.034053,-0.084820,0.208493,0.973744,-0.460698,-0.481158,-0.039834,0.744753,-0.426287,-0.629898,-0.014533,0.649074,-0.061421,-0.075739,-0.179742,0.978869,0.445881,-0.471643,0.057917,0.758544,0.429538,-0.600503,0.075473,0.670222
0.003865,-0.244880,0.018445,0.969370,0.003177,0.160993,0.062601,0.984963,-0.029063,-0.856211,0.158381,0.490890,-0.114893,-0.787505,0.083065,0.599780,0.012656,0.245933,0.012496,0.969124,-0.008997,-0.879439,-0.001031,0.475925,0.050863,-0.947247,0.017289,0.315969,-0.017070,-0.195591,0.019622,0.980341,0.031663,-0.083750,0.195908,0.976526,-0.455858,-0.488695,-0.052272,0.742050,-0.418739,-0.636765,-0.026517,0.646904,-0.061834,-0.077332,-0.170554,0.980361,0.441671,-0.479381,0.065210,0.755558,0.423730,-0.607583,0.082215,0.666736
0.004310,-0.244869,0.018136,0.969377,0.003294,0.159906,0.063420,0.985087,-0.029535,-0.856785,0.159359,0.489542,-0.115055,-0.787495,0.084134,0.599612,0.013331,0.245604,0.010297,0.969224,-0.006707,-0.879793,0.000499,0.475309,0.049000,-0.947346,0.017910,0.315935,-0.018017,-0.195548,0.019690,0.980331,0.029644,-0.083285,0.181813,0.979351,-0.449924,-0.497613,-0.065467,0.738690,-0.409811,-0.644769,-0.039251,0.644040,-0.061883,-0.079307,-0.160839,0.981841,0.437568,-0.489767,0.074486,0.750409,0.417569,-0.617239,0.090966,0.660589
0.004064,-0.244609,0.017816,0.969450,0.002946,0.159391,0.063297,0.985180,-0.029104,-0.856866,0.160592,0.489023,-0.114467,-0.787607,0.085350,0.599407,0.013341,0.245014,0.008590,0.969390,-0.005060,-0.880222,0.002157,0.474530,0.047390,-0.947434,0.018846,0.315860,-0.018818,-0.195276,0.019581,0.980372,0.027770,-0.083179,0.169100,0.981690,-0.444582,-0.505438,-0.077051,0.735488,-0.401837,-0.651729,-0.050461,0.641272,-0.061748,-0.081343,-0.151728,0.983132,0.433866,-0.498850,0.082768,0.745693,0.412054,-0.625593,0.098668,0.655065
0.003474,-0.244223,0.017489,0.969555,0.002363,0.159164,0.062702,0.985256,-0.028219,-0.856698,0.161951,0.488921,-0.113503,-0.787776,0.086636,0.599183,0.013017,0.244294,0.007127,0.969588,-0.003731,-0.880684,0.003877,0.473674,0.045912,-0.947514,0.019937,0.315773,-0.019546,-0.194889,0.019384,0.980439,0.025963,-0.083239,0.157069,0.983731,-0.439496,-0.512670,-0.087827,0.732324,-0.394307,-0.658111,-0.060907,0.638516,-0.061503,-0.083410,-0.142917,0.984294,0.430348,-0.507252,0.090549,0.741146,0.406845,-0.633259,0.105841,0.649814
0.002891,-0.244831,0.017092,0.969411,0.001708,0.159203,0.062367,0.985273,-0.027624,-0.856202,0.163064,0.489454,-0.112960,-0.787877,0.087699,0.598999,0.012507,0.244141,0.006308,0.969639,-0.003061,-0.880465,0.005500,0.474070,0.043539,-0.947627,0.020727,0.315718,-0.020115,-0.195511,0.019051,0.980310,0.023891,-0.085685,0.141208,0.985975,-0.433125,-0.522996,-0.100551,0.727164,-0.384814,-0.667122,-0.073376,0.633627,-0.060928,-0.087183,-0.131156,0.985639,0.425864,-0.517840,0.099669,0.735220,0.400250,-0.642788,0.114465,0.643056
0.002332,-0.245799,0.016771,0.969173,0.001115,0.159639,0.061987,0.985227,-0.027104,-0.855833,0.164376,0.489689,-0.112426,-0.787979,0.088978,0.598776,0.012044,0.244455,0.005642,0.969569,-0.002525,-0.880387,0.007179,0.474194,0.041182,-0.947733,0.021603,0.315657,-0.020381,-0.196503,0.018697,0.980113,0.022137,-0.088309,0.125599,0.987895,-0.426553,-0.533411,-0.112959,0.721641,-0.375188,-0.676160,-0.085431,0.628286,-0.060063,-0.091038,-0.119434,0.986833,0.421526,-0.528025,0.108639,0.729179,0.393852,-0.651899,0.122960,0.636230
0.001824,-0.247488,0.016604,0.968747,0.000645,0.160871,0.061517,0.985056,-0.026742,-0.855721,0.166090,0.489327,-0.111916,-0.788083,0.090693,0.598477,0.011679,0.245702,0.005280,0.969261,-0.002274,-0.880599,0.008972,0.473771,0.038846,-0.947836,0.022651,0.315571,-0.020042,-0.198235,0.018296,0.979779,0.021079,-0.091355,0.110538,0.989440,-0.419739,-0.544241,-0.124713,0.715589,-0.365418,-0.685540,-0.096625,0.622228,-0.058699,-0.095048,-0.107805,0.987876,0.417560,-0.537539,0.117337,0.723137,0.387912,-0.660352,0.131215,0.629477
0.001653,-0.248655,0.016699,0.968447,0.000490,0.161588,0.061832,0.984919,-0.027150,-0.855719,0.166950,0.489015,-0.112216,-0.788050,0.091622,0.598323,0.011654,0.246409,0.005238,0.969082,-0.002252,-0.880753,0.009948,0.473467,0.037462,-0.947892,0.023202,0.315530,-0.019232,-0.199445,0.018522,0.979545,0.020436,-0.094137,0.096821,0.990629,-0.413191,-0.553721,-0.134970,0.710246,-0.356303,-0.693676,-0.106339,0.616891,-0.056752,-0.098575,-0.096681,0.988795,0.414163,-0.545798,0.125864,0.717448,0.382662,-0.667461,0.139287,0.623430
0.001650,-0.249562,0.016923,0.968209,0.000492,0.162048,0.062540,0.984799,-0.027939,-0.855772,0.167380,0.488730,-0.112918,-0.787950,0.092154,0.598241,0.011801,0.246847,0.005356,0.968968,-0.002340,-0.880878,0.010514,0.473221,0.036556,-0.947927,0.023503,0.315508,-0.018185,-0.200393,0.019062,0.979361,0.019970,-0.096794,0.083777,0.991571,-0.406762,-0.562477,-0.144470,0.705190,-0.347507,-0.701128,-0.115311,0.611850,-0.054492,-0.101835,-0.085804,0.989595,0.411026,-0.553374,0.134316,0.711895,0.377740,-0.673838,0.147281,0.617708
0.001636,-0.250338,0.017251,0.968003,0.000526,0.162552,0.063312,0.984667,-0.028767,-0.855888,0.168125,0.488224,-0.113600,-0.787857,0.093014,0.598101,0.012045,0.247544,0.005360,0.968787,-0.002298,-0.880965,0.011438,0.473037,0.035212,-0.947979,0.024010,0.315466,-0.017386,-0.201192,0.019182,0.979210,0.019218,-0.100609,0.074505,0.991946,-0.403284,-0.569605,-0.150909,0.700099,-0.342416,-0.707439,-0.120781,0.606377,-0.052567,-0.104752,-0.076386,0.990166,0.408263,-0.559609,0.141320,0.707239,0.373528,-0.678894,0.153841,0.613118
0.001784,-0.251095,0.017409,0.967804,0.000626,0.163096,0.063946,0.984536,-0.029437,-0.855976,0.168972,0.487737,-0.114125,-0.787790,0.093962,0.597942,0.012310,0.248363,0.005304,0.968574,-0.002199,-0.881080,0.012440,0.472799,0.034084,-0.948025,0.024660,0.315404,-0.016521,-0.201974,0.019100,0.979065,0.018582,-0.103854,0.065080,0.992287,-0.399459,-0.576289,-0.157516,0.695350,-0.337007,-0.713332,-0.126335,0.601351,-0.050617,-0.107309,-0.067377,0.990648,0.405575,-0.565342,0.148133,0.702818,0.369460,-0.683474,0.160229,0.608843
0.002259,-0.251815,0.017228,0.967619,0.000855,0.163719,0.064305,0.984408,-0.029791,-0.856012,0.170024,0.487287,-0.114337,-0.787773,0.095085,0.597745,0.012614,0.249430,0.005132,0.968297,-0.001988,-0.881248,0.013594,0.472454,0.033389,-0.948060,0.025594,0.315298,-0.015519,-0.202720,0.018617,0.978937,0.018272,-0.105974,0.055343,0.992659,-0.394925,-0.582194,-0.164446,0.691406,-0.330956,-0.718508,-0.132032,0.597312,-0.048680,-0.109174,-0.059193,0.991064,0.403063,-0.570176,0.154548,0.698966,0.365691,-0.687219,0.166245,0.605278
0.002704,-0.252778,0.017092,0.967370,0.001063,0.164308,0.064800,0.984278,-0.030235,-0.856029,0.171271,0.486792,-0.114620,-0.787749,0.096417,0.597509,0.012939,0.250585,0.004922,0.967996,-0.001742,-0.881290,0.014987,0.472334,0.032829,-0.948097,0.026814,0.315143,-0.014904,-0.203701,0.018286,0.978749,0.018021,-0.107070,0.046857,0.992983,-0.390787,-0.586457,-0.170503,0.688682,-0.325672,-0.722109,-0.136765,0.594804,-0.047142,-0.111078,-0.050970,0.991383,0.400255,-0.575107,0.160798,0.695120,0.361673,-0.691128,0.171977,0.601630
0.003134,-0.253861,0.016978,0.967087,0.001260,0.164879,0.065363,0.984145,-0.030725,-0.856036,0.172614,0.486274,-0.114939,-0.787720,0.097853,0.597252,0.013274,0.251785,0.004694,0.967681,-0.001482,-0.881268,0.016497,0.472326,0.032335,-0.948134,0.028176,0.314964,-0.014482,-0.204800,0.018030,0.978531,0.017805,-0.107655,0.038993,0.993264,-0.386839,-0.589893,-0.176120,0.686559,-0.320767,-0.724917,-0.141016,0.593059,-0.045789,-0.113000,-0.042728,0.991619,0.397289,-0.580058,0.166964,0.691243,0.357524,-0.695086,0.177571,0.597914
0.002805,-0.254153,0.017104,0.967009,0.001043,0.165059,0.065403,0.984112,-0.030610,-0.855877,0.173748,0.486158,-0.114753,-0.787768,0.099001,0.597037,0.013212,0.252140,0.004379,0.967591,-0.001209,-0.880909,0.017700,0.472952,0.032994,-0.948349,0.029573,0.314119,-0.015074,-0.205082,0.018044,0.978462,0.016624,-0.108006,0.033408,0.993450,-0.384821,-0.591970,-0.180682,0.684718,-0.318066,-0.726579,-0.144502,0.591638,-0.045670,-0.114212,-0.037616,0.991693,0.395068,-0.582860,0.170201,0.689367,0.354751,-0.697025,0.180151,0.596535
0.002470,-0.254592,0.017190,0.966893,0.000776,0.165430,0.065547,0.984041,-0.030621,-0.855589,0.174902,0.486250,-0.114734,-0.787788,0.100182,0.596816,0.013105,0.252558,0.004128,0.967484,-0.001012,-0.880566,0.018981,0.473542,0.033552,-0.948496,0.031038,0.313476,-0.015635,-0.205516,0.017983,0.978364,0.015632,-0.108075,0.028192,0.993620,-0.382801,-0.593586,-0.184860,0.683334,-0.315492,-0.727782,-0.147601,0.590772,-0.045616,-0.115399,-0.033072,0.991720,0.393103,-0.585335,0.172958,0.687705,0.352334,-0.698661,0.182264,0.595411
0.002121,-0.255326,0.017200,0.966700,0.000407,0.166184,0.065899,0.983890,-0.030886,-0.855045,0.176097,0.486758,-0.115049,-0.787757,0.101429,0.596585,0.012906,0.253101,0.004003,0.967345,-0.000969,-0.880256,0.020415,0.474058,0.033913,-0.948508,0.032639,0.313237,-0.016138,-0.206250,0.017773,0.978205,0.015029,-0.107593,0.023713,0.993799,-0.380797,-0.594313,-0.188275,0.682890,-0.313189,-0.728097,-0.149925,0.591025,-0.045704,-0.116536,-0.029666,0.991691,0.391656,-0.587181,0.174757,0.686502,0.350626,-0.699716,0.183437,0.594819
0.001916,-0.255711,0.017007,0.966602,0.000091,0.166355,0.066095,0.983848,-0.030886,-0.854835,0.177450,0.486636,-0.115290,-0.788482,0.102934,0.595323,0.012656,0.253267,0.003876,0.967306,-0.000935,-0.880106,0.021881,0.474271,0.035094,-0.948947,0.034482,0.311574,-0.016630,-0.206630,0.017294,0.978125,0.014349,-0.107378,0.020206,0.993909,-0.379481,-0.594955,-0.191072,0.682286,-0.311648,-0.728432,-0.151726,0.590967,-0.045881,-0.117272,-0.027348,0.991662,0.390607,-0.588445,0.175971,0.685706,0.349424,-0.700324,0.184094,0.594608
0.001783,-0.255921,0.016713,0.966552,-0.000200,0.166236,0.066214,0.983860,-0.030753,-0.854791,0.178881,0.486197,-0.115495,-0.789579,0.104568,0.593542,0.012381,0.253244,0.003748,0.967316,-0.000905,-0.880036,0.023361,0.474332,0.036683,-0.949593,0.036438,0.309193,-0.017117,-0.206834,0.016680,0.978084,0.013630,-0.107294,0.017184,0.993985,-0.378508,-0.595554,-0.193561,0.681602,-0.310490,-0.728776,-0.153265,0.590755,-0.046103,-0.117808,-0.025575,0.991636,0.389758,-0.589421,0.176893,0.685114,0.348475,-0.700709,0.184494,0.594588
0.001478,-0.256411,0.016519,0.966426,-0.000595,0.166254,0.066415,0.983844,-0.030777,-0.854542,0.179778,0.486302,-0.115707,-0.790751,0.105921,0.591698,0.011950,0.252630,0.003966,0.967481,-0.001219,-0.880025,0.024327,0.474303,0.038699,-0.950550,0.037985,0.305802,-0.017293,-0.207337,0.016599,0.977976,0.013368,-0.107594,0.015762,0.993980,-0.378157,-0.596024,-0.194595,0.681091,-0.310159,-0.729101,-0.153428,0.590486,-0.046168,-0.118284,-0.024288,0.991609,0.389357,-0.589936,0.177503,0.684740,0.348064,-0.700687,0.184551,0.594836
0.001618,-0.257098,0.016016,0.966251,-0.000803,0.166125,0.066736,0.983844,-0.030801,-0.854248,0.180819,0.486432,-0.115812,-0.792028,0.107546,0.589672,0.011589,0.253012,0.004416,0.967384,-0.001750,-0.879410,0.025546,0.475377,0.040303,-0.951202,0.039721,0.303336,-0.017298,-0.208040,0.016294,0.977832,0.013293,-0.108129,0.014582,0.993941,-0.377905,-0.596498,-0.195223,0.680636,-0.309909,-0.729359,-0.153272,0.590339,-0.046115,-0.118864,-0.023249,0.991567,0.389139,-0.590504,0.177992,0.684247,0.347829,-0.700688,0.184577,0.594965
0.002646,-0.258179,0.014894,0.965979,-0.000637,0.165703,0.067294,0.983877,-0.030821,-0.853862,0.182147,0.486612,-0.115701,-0.793519,0.109715,0.587285,0.011352,0.255383,0.005328,0.966759,-0.002720,-0.877577,0.027256,0.478653,0.041075,-0.951271,0.041849,0.302731,-0.016957,-0.209145,0.015541,0.977614,0.013592,-0.109136,0.013888,0.993837,-0.377850,-0.596979,-0.195038,0.680298,-0.309820,-0.729484,-0.152475,0.590437,-0.045828,-0.119652,-0.022704,0.991498,0.389283,-0.591178,0.178239,0.683519,0.347945,-0.700733,0.184538,0.594856
0.002889,-0.259189,0.013982,0.965721,-0.000991,0.165676,0.067606,0.983860,-0.031212,-0.854019,0.182234,0.486281,-0.115983,-0.795189,0.110699,0.584781,0.010803,0.256218,0.005655,0.966542,-0.003183,-0.876745,0.028184,0.480118,0.042930,-0.951927,0.043321,0.300193,-0.017021,-0.210192,0.015897,0.977383,0.013453,-0.110508,0.014035,0.993685,-0.378585,-0.597478,-0.194432,0.679625,-0.310593,-0.729650,-0.151700,0.590026,-0.045288,-0.121642,-0.018714,0.991364,0.388026,-0.594626,0.181066,0.680493,0.346084,-0.703449,0.186987,0.591964
0.002739,-0.260164,0.013174,0.965471,-0.001608,0.165846,0.067795,0.983817,-0.031788,-0.854446,0.181700,0.485692,-0.116456,-0.796947,0.111083,0.582215,0.010103,0.256284,0.005692,0.966532,-0.003391,-0.876418,0.028727,0.480681,0.045333,-0.952862,0.044457,0.296685,-0.017283,-0.211211,0.016806,0.977143,0.013095,-0.112063,0.014602,0.993507,-0.379714,-0.597985,-0.193612,0.678782,-0.311796,-0.729835,-0.150934,0.589358,-0.044603,-0.124232,-0.013004,0.991165,0.386064,-0.599429,0.185176,0.676276,0.343231,-0.707465,0.190678,0.587646
0.001003,-0.261000,0.012328,0.965259,-0.003386,0.167313,0.066467,0.983655,-0.031149,-0.854070,0.181486,0.486474,-0.116122,-0.798403,0.111364,0.580230,0.008010,0.255581,0.006448,0.966733,-0.004623,-0.876170,0.029683,0.481065,0.047554,-0.954216,0.045950,0.291718,-0.017348,-0.212121,0.016721,0.976946,0.013008,-0.113551,0.015963,0.993319,-0.381303,-0.597975,-0.192120,0.678324,-0.313652,-0.729540,-0.149583,0.589083,-0.043523,-0.127940,-0.008527,0.990790,0.385375,-0.604130,0.188042,0.671680,0.341833,-0.711244,0.193254,0.583040
-0.000824,-0.261817,0.012084,0.965041,-0.004942,0.168870,0.065424,0.983452,-0.030849,-0.853843,0.181280,0.486969,-0.115962,-0.799430,0.111573,0.578806,0.006372,0.254524,0.006868,0.967021,-0.005411,-0.876301,0.030555,0.480764,0.050259,-0.955406,0.047436,0.287095,-0.017357,-0.212992,0.016529,0.976760,0.013102,-0.114615,0.017356,0.993172,-0.382668,-0.597845,-0.190767,0.678052,-0.315261,-0.729219,-0.148359,0.588932,-0.042963,-0.130480,-0.006907,0.990496,0.385690,-0.606390,0.188670,0.669281,0.341965,-0.712759,0.193563,0.581006
-0.002832,-0.262598,0.013043,0.964813,-0.006045,0.170601,0.064943,0.983179,-0.031210,-0.853919,0.181089,0.486883,-0.116138,-0.799615,0.111631,0.578504,0.005637,0.252764,0.006609,0.967489,-0.005314,-0.877181,0.031244,0.479112,0.053929,-0.956293,0.048966,0.283193,-0.017256,-0.213793,0.016128,0.976593,0.013546,-0.114837,0.018817,0.993114,-0.383598,-0.597478,-0.189697,0.678150,-0.316390,-0.728849,-0.147403,0.589024,-0.043509,-0.130705,-0.010989,0.990405,0.387986,-0.603840,0.184807,0.671335,0.345119,-0.709809,0.189303,0.584147
-0.003170,-0.264026,0.013791,0.964412,-0.005981,0.171420,0.065374,0.983008,-0.032073,-0.854381,0.181137,0.485998,-0.116721,-0.800708,0.112389,0.576724,0.006241,0.253147,0.005519,0.967392,-0.004143,-0.877248,0.031934,0.478956,0.059245,-0.956727,0.050949,0.280300,-0.017182,-0.215224,0.015922,0.976284,0.014085,-0.115273,0.020203,0.993029,-0.384387,-0.597267,-0.188453,0.678237,-0.317378,-0.728637,-0.146265,0.589038,-0.044381,-0.130559,-0.015357,0.990328,0.390056,-0.600953,0.180654,0.673852,0.348102,-0.706629,0.184740,0.587683
-0.002672,-0.265779,0.014433,0.963922,-0.005337,0.171782,0.066256,0.982890,-0.033184,-0.855034,0.181295,0.484713,-0.117501,-0.802253,0.113482,0.574200,0.007526,0.254597,0.004012,0.967010,-0.002433,-0.876907,0.032635,0.479544,0.065378,-0.956908,0.053168,0.277896,-0.017122,-0.216970,0.015816,0.975900,0.014671,-0.115813,0.021552,0.992929,-0.385105,-0.597129,-0.187120,0.678319,-0.318297,-0.728502,-0.145034,0.589014,-0.045414,-0.130221,-0.019864,0.990245,0.391998,-0.597884,0.176357,0.676588,0.350982,-0.703312,0.180020,0.591402
-0.002956,-0.267709,0.015429,0.963372,-0.005041,0.173292,0.066386,0.982618,-0.033934,-0.855075,0.180507,0.484884,-0.117785,-0.802940,0.113435,0.573190,0.008177,0.254553,0.003614,0.967017,-0.001881,-0.876863,0.032820,0.479616,0.070333,-0.957029,0.054612,0.275983,-0.017611,-0.218891,0.015842,0.975462,0.014569,-0.116950,0.022741,0.992770,-0.386401,-0.596948,-0.185790,0.678107,-0.319806,-0.728244,-0.143870,0.588801,-0.046597,-0.130922,-0.022590,0.990039,0.392959,-0.597270,0.173513,0.677307,0.352439,-0.702516,0.176807,0.592450
-0.003131,-0.269463,0.016207,0.962869,-0.004734,0.174429,0.066345,0.982421,-0.034371,-0.855110,0.179750,0.485072,-0.117717,-0.803590,0.113379,0.572303,0.008772,0.254582,0.003134,0.967006,-0.001270,-0.876852,0.033013,0.479623,0.075421,-0.957098,0.056088,0.274097,-0.017936,-0.220642,0.015884,0.975061,0.014517,-0.118288,0.023856,0.992587,-0.387660,-0.597127,-0.184557,0.677567,-0.321198,-0.728357,-0.142846,0.588152,-0.047568,-0.131405,-0.024897,0.989874,0.393768,-0.596698,0.171193,0.677931,0.353662,-0.701787,0.174131,0.593377
-0.003089,-0.270868,0.016551,0.962469,-0.004419,0.174821,0.065960,0.982378,-0.034196,-0.855137,0.179046,0.485297,-0.116968,-0.804165,0.113300,0.571665,0.009250,0.254761,0.002491,0.966957,-0.000545,-0.876910,0.033219,0.479506,0.080770,-0.957089,0.057639,0.272277,-0.017922,-0.222056,0.015954,0.974739,0.014570,-0.120026,0.024824,0.992353,-0.388847,-0.598030,-0.183524,0.676370,-0.322355,-0.729213,-0.142106,0.586636,-0.048106,-0.131462,-0.026371,0.989802,0.394299,-0.596220,0.169924,0.678363,0.354444,-0.701206,0.172536,0.594063
-0.002946,-0.272184,0.016867,0.962093,-0.004057,0.175216,0.065688,0.982328,-0.034113,-0.855239,0.178602,0.485288,-0.116411,-0.805050,0.113540,0.570484,0.009741,0.255338,0.002045,0.966801,-0.000019,-0.876758,0.033570,0.479759,0.085932,-0.956989,0.059308,0.270684,-0.017821,-0.223378,0.015760,0.974441,0.014761,-0.121431,0.025591,0.992160,-0.389779,-0.598690,-0.182612,0.675496,-0.323296,-0.729808,-0.141404,0.585547,-0.048391,-0.131721,-0.027107,0.989734,0.394580,-0.596323,0.169316,0.678261,0.354822,-0.701162,0.171686,0.594136
-0.002752,-0.273456,0.017169,0.961727,-0.003671,0.175614,0.065471,0.982273,-0.034075,-0.855378,0.178287,0.485160,-0.115946,-0.806089,0.113938,0.569029,0.010241,0.256113,0.001697,0.966591,0.000409,-0.876502,0.033993,0.480197,0.091000,-0.956831,0.061033,0.269199,-0.017677,-0.224656,0.015433,0.974156,0.015020,-0.122669,0.026257,0.991987,-0.390584,-0.599228,-0.181761,0.674784,-0.324128,-0.730271,-0.140721,0.584673,-0.048551,-0.132082,-0.027473,0.989668,0.394735,-0.596718,0.169037,0.677892,0.354997,-0.701387,0.171208,0.593903
-0.002481,-0.274586,0.017367,0.961402,-0.003261,0.176176,0.065075,0.982200,-0.033810,-0.855293,0.178129,0.485387,-0.115086,-0.806759,0.114448,0.568152,0.010726,0.256454,0.001262,0.966496,0.000929,-0.876461,0.034388,0.480242,0.096013,-0.956496,0.062756,0.268252,-0.017524,-0.225794,0.015536,0.973894,0.015396,-0.123391,0.026950,0.991873,-0.391149,-0.599464,-0.180999,0.674451,-0.324755,-0.730479,-0.140071,0.584222,-0.048765,-0.131867,-0.027545,0.989684,0.394641,-0.596590,0.169019,0.678064,0.354961,-0.701139,0.170857,0.594318
