body_0_vel_x,body_0_vel_y,body_0_vel_z,body_1_vel_x,body_1_vel_y,body_1_vel_z,body_2_vel_x,body_2_vel_y,body_2_vel_z,body_3_vel_x,body_3_vel_y,body_3_vel_z,body_4_vel_x,body_4_vel_y,body_4_vel_z,body_5_vel_x,body_5_vel_y,body_5_vel_z,body_6_vel_x,body_6_vel_y,body_6_vel_z,body_7_vel_x,body_7_vel_y,body_7_vel_z,body_8_vel_x,body_8_vel_y,body_8_vel_z,body_9_vel_x,body_9_vel_y,body_9_vel_z,body_10_vel_x,body_10_vel_y,body_10_vel_z,body_11_vel_x,body_11_vel_y,body_11_vel_z,body_12_vel_x,body_12_vel_y,body_12_vel_z,body_13_vel_x,body_13_vel_y,body_13_vel_z
0.063448,0.005900,-0.054551,-0.131579,-0.012112,-0.043273,-0.225115,-0.004046,-0.064365,0.019786,0.000252,0.046092,-0.133790,-0.010297,-0.087920,-0.625692,0.020736,-0.090822,-0.062922,0.004252,0.114500,0.151747,0.013667,-0.055971,0.075192,0.132358,-0.011347,-0.464782,-0.129264,-0.072731,0.251585,-0.411844,-0.264945,0.259114,0.126052,-0.104273,-0.007934,0.186313,-0.130689,0.085639,0.267385,-0.104728
0.084275,0.011157,-0.069159,-0.097206,-0.005714,-0.055934,-0.191469,0.000220,-0.076970,0.026058,0.006124,0.023767,-0.104781,-0.003947,-0.098148,-0.552925,0.021565,-0.094895,-0.053338,0.008513,0.096012,0.167885,0.018765,-0.071735,0.097839,0.129740,-0.029928,-0.419216,-0.091421,-0.084236,0.239076,-0.325547,-0.242731,0.245714,0.123712,-0.122198,-0.005639,0.170882,-0.147695,0.087897,0.228988,-0.131191
0.141799,0.028772,-0.078630,0.000703,0.014897,-0.063877,-0.095624,0.015090,-0.084967,0.041690,0.024223,-0.017656,-0.021954,0.016478,-0.098826,-0.339122,0.024286,-0.089192,-0.022817,0.022221,0.041438,0.211310,0.036140,-0.082700,0.157837,0.116174,-0.054064,-0.283141,0.004613,-0.110511,0.183152,-0.112319,-0.212008,0.200703,0.113716,-0.135102,-0.003971,0.122538,-0.163819,0.087760,0.122478,-0.172005
0.172469,0.026069,-0.064233,0.064538,0.018827,-0.053338,-0.027025,0.015402,-0.072958,0.042009,0.026035,-0.037009,0.040446,0.019836,-0.074397,-0.140724,0.018007,-0.065812,0.002710,0.023276,-0.003176,0.228462,0.031530,-0.068896,0.185056,0.077522,-0.056258,-0.161201,0.043160,-0.109961,0.124360,0.008620,-0.177814,0.153131,0.078499,-0.115703,0.000758,0.065991,-0.142418,0.085158,0.035366,-0.162752
0.163190,0.003941,-0.049762,0.064722,0.003864,-0.043764,-0.017717,0.000406,-0.060946,0.028166,0.010958,-0.036576,0.053141,0.004244,-0.051299,-0.054870,0.006294,-0.045012,0.009589,0.010750,-0.015975,0.212999,0.006663,-0.054938,0.169617,0.035834,-0.051026,-0.114117,0.013739,-0.086458,0.100984,0.000564,-0.139777,0.128808,0.036990,-0.093473,0.008407,0.030500,-0.110940,0.084465,0.007046,-0.126437
0.143973,-0.019546,-0.023978,0.058648,-0.021112,-0.015562,0.010493,-0.018430,-0.025271,0.027620,0.000628,-0.014403,0.050976,-0.020951,-0.025275,0.016994,-0.009630,-0.022990,0.013953,0.005106,-0.024062,0.188552,-0.017164,-0.029385,0.146725,0.002949,-0.029714,-0.074106,-0.015153,-0.050125,0.090478,-0.021532,-0.089839,0.109878,0.003784,-0.061161,0.022489,0.011748,-0.067051,0.088196,0.006251,-0.073227
0.116927,-0.038801,0.001912,0.045259,-0.043498,0.013908,0.035011,-0.034869,0.012141,0.032833,-0.008273,0.014095,0.035694,-0.043359,-0.000857,0.060887,-0.023472,-0.002112,0.013321,0.003064,-0.023249,0.157269,-0.036014,-0.003636,0.123909,-0.019080,-0.003117,-0.050334,-0.035120,-0.013622,0.077149,-0.038229,-0.042764,0.095206,-0.018754,-0.029652,0.030602,0.000559,-0.027222,0.083489,0.009967,-0.025603
0.083744,-0.047462,0.018597,0.022887,-0.049907,0.029001,0.032695,-0.041977,0.031232,0.035940,-0.018450,0.035180,0.008781,-0.049749,0.018970,0.062561,-0.027961,0.016132,0.005307,0.001296,-0.009308,0.120887,-0.045192,0.012932,0.108241,-0.027849,0.019765,-0.052056,-0.037837,0.010869,0.044813,-0.033295,-0.013881,0.083146,-0.027867,-0.007586,0.020031,-0.011627,-0.005892,0.057345,-0.003622,-0.003886
0.051647,-0.043038,0.030267,-0.002003,-0.040736,0.036617,0.015157,-0.041127,0.039996,0.025102,-0.029924,0.045854,-0.014087,-0.040728,0.035567,0.070737,-0.024344,0.031138,0.000003,0.000083,-0.000001,0.085509,-0.042473,0.024627,0.091031,-0.031761,0.032996,-0.046126,-0.038646,0.026981,0.022816,-0.032524,0.008528,0.067684,-0.031684,0.013220,0.010070,-0.018681,0.014361,0.033510,-0.012131,0.016458
0.036624,-0.027809,0.030109,-0.016977,-0.020655,0.032474,-0.008868,-0.032823,0.033572,0.005638,-0.036881,0.040322,-0.021511,-0.020896,0.040218,0.081324,-0.014453,0.035199,0.000002,0.000023,-0.000003,0.068723,-0.029273,0.024352,0.080819,-0.029398,0.028511,-0.035525,-0.037268,0.026335,0.022083,-0.033590,0.012259,0.056375,-0.028895,0.021283,0.005432,-0.017616,0.022543,0.023549,-0.011902,0.024540
0.032557,-0.025959,0.029411,-0.020060,-0.016579,0.029964,-0.018660,-0.032124,0.029592,-0.001838,-0.041509,0.036845,-0.018927,-0.016994,0.041919,0.097346,-0.012709,0.037020,0.001944,0.000017,-0.003451,0.062816,-0.028360,0.023617,0.069396,-0.033224,0.023464,-0.021240,-0.042848,0.024693,0.027845,-0.043369,0.015151,0.045214,-0.032544,0.022270,0.006007,-0.024765,0.023010,0.023455,-0.021582,0.023926
0.037252,-0.031509,0.026240,-0.011237,-0.017771,0.022715,-0.016265,-0.033439,0.021066,-0.002859,-0.043367,0.026389,-0.008575,-0.018328,0.043053,0.121902,-0.014014,0.038598,0.005441,0.000160,-0.009678,0.065183,-0.034999,0.020547,0.061315,-0.040173,0.017155,-0.004920,-0.050174,0.020300,0.038308,-0.053815,0.014000,0.036600,-0.039481,0.016582,0.007984,-0.033025,0.017601,0.024685,-0.030365,0.018328
0.048358,-0.038917,0.018056,0.009231,-0.013898,0.003707,-0.003890,-0.031637,0.000386,-0.002999,-0.042535,-0.000655,0.007198,-0.014680,0.045402,0.158090,-0.013532,0.041602,0.010059,0.000175,-0.017999,0.073068,-0.044877,0.012683,0.061022,-0.047614,0.008276,0.011748,-0.054548,0.010653,0.051734,-0.057670,0.004898,0.032748,-0.046977,0.004024,0.007332,-0.035726,0.007578,0.018444,-0.027852,0.010863
0.055083,-0.039713,0.016058,0.025878,-0.013076,-0.000716,0.011411,-0.031443,-0.004283,-0.002472,-0.042236,-0.012460,0.013898,-0.013868,0.045668,0.171218,-0.013983,0.043166,0.010875,0.000091,-0.019569,0.077328,-0.045771,0.010965,0.063155,-0.050118,0.004995,0.028048,-0.054214,0.006405,0.061406,-0.057696,0.002261,0.028371,-0.049316,0.000882,0.006218,-0.036350,0.005527,0.012532,-0.026434,0.009903
0.054202,-0.034343,0.020249,0.030551,-0.016602,0.010849,0.022214,-0.033701,0.008599,-0.001286,-0.043262,-0.003866,0.008346,-0.017149,0.043055,0.154872,-0.015595,0.042238,0.007509,-0.000039,-0.013607,0.075938,-0.038051,0.015124,0.066731,-0.047423,0.007740,0.035953,-0.050259,0.008688,0.062554,-0.054150,0.006130,0.025789,-0.046371,0.007710,0.005355,-0.035554,0.011529,0.010085,-0.027742,0.015018
0.043878,-0.029079,0.021724,0.027466,-0.016044,0.015817,0.028731,-0.031152,0.015557,0.000532,-0.034934,0.001300,-0.005716,-0.016418,0.041336,0.132492,-0.015208,0.041847,0.003199,0.000036,-0.005811,0.064643,-0.031511,0.016682,0.059657,-0.044873,0.008244,0.032322,-0.048280,0.009651,0.050783,-0.054387,0.009886,0.014728,-0.043698,0.011675,-0.002469,-0.032725,0.015811,0.001174,-0.024448,0.019553
0.036018,-0.028761,0.022193,0.024471,-0.019734,0.019233,0.030942,-0.030530,0.020151,0.002027,-0.026248,0.006066,-0.014893,-0.020023,0.038851,0.113536,-0.016838,0.040489,0.000101,0.000012,-0.000184,0.055674,-0.030008,0.017283,0.051617,-0.044424,0.008489,0.028095,-0.048106,0.010165,0.040855,-0.055688,0.012295,0.005175,-0.043324,0.012619,-0.010159,-0.030318,0.017871,-0.009536,-0.019569,0.022840
0.042794,-0.037830,0.023669,0.029765,-0.035658,0.026404,0.029051,-0.038317,0.026166,0.002363,-0.025838,0.013653,-0.005568,-0.035848,0.034157,0.107577,-0.024218,0.036669,0.000409,-0.000089,-0.000749,0.061518,-0.037016,0.018888,0.052496,-0.047682,0.010742,0.034342,-0.049179,0.011335,0.047590,-0.054920,0.012345,0.007443,-0.046924,0.010708,-0.010275,-0.030445,0.017546,-0.017018,-0.015782,0.024559
0.049736,-0.036972,0.010088,0.036284,-0.036589,0.014233,0.031437,-0.035704,0.013278,0.003958,-0.018539,0.000858,0.002311,-0.036802,0.019067,0.098313,-0.024057,0.021935,0.005317,-0.000109,-0.009726,0.067755,-0.035810,0.005368,0.052782,-0.047262,-0.005020,0.040256,-0.047412,-0.005094,0.053950,-0.052225,-0.004670,0.010225,-0.046642,-0.003408,-0.007859,-0.032510,0.002360,-0.018723,-0.019831,0.008621
0.053220,-0.028205,-0.012824,0.040549,-0.023642,-0.012204,0.036873,-0.025324,-0.013024,0.006108,-0.009362,-0.026771,0.004704,-0.024097,0.000354,0.090355,-0.017371,0.003331,0.012306,-0.000376,-0.022638,0.071102,-0.028529,-0.017657,0.052221,-0.045029,-0.032141,0.042829,-0.045341,-0.032105,0.056749,-0.050426,-0.031534,0.011977,-0.044346,-0.023822,-0.004252,-0.037182,-0.021230,-0.013910,-0.031344,-0.018128
0.044879,0.004410,-0.020139,0.033000,0.007753,-0.018356,0.035109,0.011442,-0.017819,0.011911,0.029297,-0.027763,-0.005905,0.007267,-0.007677,0.057181,0.003353,-0.005428,0.011464,0.015007,-0.020403,0.062706,0.004298,-0.025076,0.041228,-0.011342,-0.039959,0.035824,-0.011525,-0.039981,0.049869,-0.016712,-0.039344,0.006294,-0.010810,-0.031232,-0.008153,-0.007713,-0.030469,-0.020393,-0.005312,-0.028848
0.033103,0.032610,-0.017606,0.022557,0.032503,-0.012773,0.033454,0.043683,-0.010197,0.020944,0.065107,-0.014821,-0.019933,0.032058,-0.007963,0.018060,0.020856,-0.006683,0.006376,0.030523,-0.010374,0.050734,0.033488,-0.022595,0.027663,0.021403,-0.036037,0.025209,0.021227,-0.036055,0.039513,0.016090,-0.035460,-0.001997,0.021704,-0.030187,-0.015581,0.023573,-0.029947,-0.031920,0.025433,-0.028413
0.026359,0.027496,-0.011059,0.018180,0.024886,-0.004094,0.039321,0.039864,0.000693,0.032904,0.064917,-0.000671,-0.027716,0.024400,-0.003523,-0.007715,0.017237,-0.002845,0.000623,0.030519,0.000057,0.043438,0.029230,-0.016000,0.019482,0.020152,-0.028046,0.017063,0.019461,-0.027783,0.032001,0.014522,-0.027376,-0.007967,0.020263,-0.025332,-0.022419,0.023699,-0.024355,-0.042062,0.027412,-0.021799
0.008793,0.020277,-0.006003,0.003142,0.016055,0.002060,0.032050,0.035148,0.008609,0.027941,0.063637,0.008647,-0.041958,0.015520,-0.000441,-0.032022,0.010930,-0.000110,-0.004477,0.022997,0.009099,0.024300,0.022638,-0.010587,0.000907,0.017747,-0.020104,-0.003067,0.017037,-0.019824,0.008890,0.012386,-0.019074,-0.023200,0.017645,-0.021634,-0.037454,0.023051,-0.019678,-0.058524,0.029052,-0.015956
-0.010955,0.014258,-0.005241,-0.015173,0.010120,0.002367,0.015122,0.031755,0.009373,0.008351,0.061841,0.008273,-0.055654,0.009502,-0.000388,-0.042772,0.005029,0.000092,-0.006414,0.011677,0.012220,0.002734,0.016731,-0.009379,-0.018908,0.015056,-0.016546,-0.025238,0.014841,-0.016524,-0.018366,0.010478,-0.015102,-0.040220,0.014798,-0.021295,-0.053315,0.021573,-0.018610,-0.073224,0.029135,-0.014152
-0.011443,0.016310,-0.008756,-0.015364,0.010344,0.000362,0.018494,0.032850,0.008238,0.001562,0.061430,0.002391,-0.051851,0.009770,-0.006109,-0.039271,0.002607,-0.005684,-0.003387,0.001413,0.006308,0.001135,0.019386,-0.012623,-0.023651,0.019040,-0.020033,-0.027495,0.017653,-0.019384,-0.025384,0.010248,-0.015410,-0.045506,0.018681,-0.026769,-0.053545,0.021444,-0.025810,-0.065300,0.024746,-0.023660
-0.011951,0.019655,-0.014841,-0.014410,0.014323,-0.006705,0.020960,0.035405,0.001536,0.001237,0.060632,-0.005730,-0.046290,0.013745,-0.012676,-0.034707,0.003114,-0.012354,0.000263,-0.005072,-0.000614,-0.001314,0.022590,-0.018168,-0.021792,0.021998,-0.024466,-0.023253,0.021229,-0.024154,-0.021979,0.013251,-0.019703,-0.044800,0.021630,-0.031369,-0.048504,0.020789,-0.031977,-0.051576,0.020209,-0.032011
-0.031808,0.017576,-0.021790,-0.029383,0.019708,-0.021609,0.001273,0.036302,-0.014450,0.001047,0.057522,-0.012879,-0.054771,0.018934,-0.015237,-0.042289,0.006026,-0.014905,0.000205,-0.005076,-0.000514,-0.025468,0.018378,-0.023832,-0.021855,0.016383,-0.023625,-0.025989,0.021433,-0.026427,-0.018072,0.021193,-0.027563,-0.043940,0.016151,-0.028316,-0.048675,0.017879,-0.027722,-0.049030,0.019964,-0.026630
-0.047596,0.017592,-0.022358,-0.041863,0.022641,-0.025913,-0.015998,0.035085,-0.019875,0.001107,0.052377,-0.010475,-0.061531,0.021876,-0.015200,-0.053954,0.007653,-0.015113,-0.001603,-0.005532,0.002802,-0.044688,0.017409,-0.023333,-0.026384,0.014943,-0.018976,-0.030482,0.021291,-0.022468,-0.016502,0.023898,-0.026222,-0.046205,0.014806,-0.022150,-0.051225,0.016374,-0.021640,-0.050443,0.018501,-0.020573
-0.051368,0.019555,-0.016444,-0.045525,0.021522,-0.017628,-0.022202,0.032394,-0.012147,0.001322,0.047877,0.000191,-0.063129,0.020929,-0.012694,-0.063822,0.007094,-0.012981,-0.004255,-0.006199,0.007654,-0.049324,0.020038,-0.017125,-0.033057,0.018205,-0.013107,-0.034405,0.020701,-0.014537,-0.017936,0.019861,-0.016635,-0.050405,0.018058,-0.016208,-0.054816,0.016814,-0.017027,-0.055038,0.016342,-0.017122
-0.053949,0.029044,-0.013117,-0.050216,0.022303,-0.006814,-0.034961,0.029456,-0.003213,-0.005229,0.042965,0.011507,-0.067192,0.022088,-0.017301,-0.087424,0.007739,-0.018495,-0.005756,-0.006956,0.010348,-0.051671,0.031362,-0.013810,-0.035254,0.027376,-0.011063,-0.037072,0.023488,-0.009067,-0.022091,0.016695,-0.007416,-0.048768,0.027372,-0.010217,-0.054048,0.022284,-0.012910,-0.054799,0.018111,-0.014690
-0.056435,0.036919,-0.010972,-0.055315,0.023651,0.001045,-0.047856,0.028286,0.002855,-0.014293,0.040405,0.018896,-0.070370,0.023752,-0.021172,-0.107724,0.008677,-0.023113,-0.007266,-0.007663,0.013024,-0.053921,0.040495,-0.011696,-0.038527,0.034636,-0.010406,-0.040621,0.026696,-0.006232,-0.027244,0.016172,-0.002111,-0.047601,0.034779,-0.005822,-0.051966,0.026956,-0.009791,-0.050992,0.020208,-0.012835
-0.060025,0.033951,-0.008315,-0.060326,0.024118,0.000728,-0.054569,0.030766,0.002269,-0.021682,0.042742,0.018068,-0.069422,0.024261,-0.016211,-0.107787,0.008970,-0.018091,-0.009964,-0.008148,0.017810,-0.058370,0.036458,-0.008790,-0.048541,0.032061,-0.008394,-0.047297,0.027269,-0.005916,-0.031772,0.019970,-0.003978,-0.053352,0.032213,-0.004362,-0.051743,0.024911,-0.007872,-0.045007,0.018951,-0.010813
-0.054856,0.033834,-0.008935,-0.056143,0.027325,-0.002897,-0.050010,0.033088,-0.001306,-0.022806,0.040880,0.011677,-0.056974,0.027617,-0.014997,-0.088460,0.011047,-0.016523,-0.007701,-0.007906,0.013635,-0.054627,0.035241,-0.008968,-0.053138,0.032057,-0.010414,-0.049323,0.028745,-0.008735,-0.033901,0.022749,-0.007513,-0.053558,0.032214,-0.006639,-0.047359,0.024231,-0.010308,-0.037021,0.017853,-0.013597
-0.043412,0.036662,-0.012737,-0.044751,0.031717,-0.008223,-0.036362,0.034156,-0.006287,-0.017033,0.035870,0.002727,-0.039150,0.032160,-0.018334,-0.059318,0.013876,-0.019368,-0.001588,-0.007069,0.002580,-0.044465,0.037490,-0.012363,-0.049914,0.034675,-0.015680,-0.045579,0.030435,-0.013497,-0.032458,0.023207,-0.011174,-0.048001,0.034827,-0.011738,-0.040892,0.025295,-0.016099,-0.030914,0.017493,-0.020008
-0.044225,0.034579,-0.010685,-0.049295,0.031035,-0.007354,-0.049651,0.028082,-0.007587,-0.036426,0.023652,-0.001824,-0.033059,0.031732,-0.015832,-0.039448,0.014504,-0.016293,0.000398,-0.005888,-0.000963,-0.045942,0.034807,-0.010107,-0.058067,0.035853,-0.013240,-0.053247,0.033221,-0.011920,-0.041197,0.027928,-0.010557,-0.048257,0.035956,-0.011629,-0.039031,0.027020,-0.015612,-0.028248,0.020271,-0.019050
-0.050342,0.031251,-0.009066,-0.059325,0.030173,-0.007925,-0.073783,0.021436,-0.011512,-0.058031,0.013059,-0.004770,-0.033961,0.030998,-0.012511,-0.026778,0.014954,-0.012422,0.000830,-0.004549,-0.001694,-0.052383,0.030705,-0.008402,-0.069096,0.035759,-0.010652,-0.063394,0.036026,-0.010891,-0.051645,0.033853,-0.011308,-0.052443,0.035792,-0.011835,-0.041119,0.028313,-0.015028,-0.028564,0.023365,-0.017689
-0.054820,0.030304,-0.014060,-0.064395,0.033977,-0.017458,-0.092697,0.020747,-0.024226,-0.058967,0.012989,-0.008745,-0.037120,0.034595,-0.013282,-0.019243,0.017222,-0.012766,0.002301,-0.003265,-0.004298,-0.057124,0.028653,-0.013339,-0.074508,0.034513,-0.015360,-0.067094,0.037727,-0.017183,-0.055330,0.037868,-0.018953,-0.058678,0.034485,-0.017771,-0.046505,0.028047,-0.020415,-0.031407,0.023914,-0.022772
-0.058249,0.029705,-0.017180,-0.081539,0.030936,-0.019634,-0.204171,0.000593,-0.046520,-0.294203,-0.028714,-0.090676,-0.039159,0.031689,-0.018566,-0.018041,0.016381,-0.017871,0.004781,-0.002605,-0.008770,-0.059714,0.028678,-0.016722,-0.073270,0.035426,-0.017087,-0.066021,0.043020,-0.021261,-0.053552,0.047560,-0.025709,-0.057595,0.035352,-0.020534,-0.047496,0.027764,-0.023781,-0.031050,0.022113,-0.026840
-0.058904,0.029825,-0.016937,-0.102240,0.022744,-0.013191,-0.353076,-0.028130,-0.064604,-0.648589,-0.089950,-0.203006,-0.039064,0.023762,-0.025789,-0.023766,0.012866,-0.025262,0.007019,-0.002883,-0.012884,-0.058841,0.030837,-0.016932,-0.065975,0.038111,-0.015043,-0.060676,0.049331,-0.021149,-0.047155,0.058176,-0.028256,-0.049716,0.038019,-0.018812,-0.043593,0.027658,-0.023507,-0.027683,0.018887,-0.027917
-0.075043,0.034940,-0.020617,-0.122074,0.024482,-0.015266,-0.443461,-0.043915,-0.074790,-0.835104,-0.126822,-0.247578,-0.054100,0.025283,-0.033389,-0.051979,0.014254,-0.033399,0.005531,-0.002080,-0.010177,-0.076478,0.036948,-0.020116,-0.089680,0.043732,-0.020381,-0.082016,0.058332,-0.028260,-0.066959,0.070282,-0.037358,-0.074757,0.043612,-0.024063,-0.063920,0.028307,-0.030849,-0.041379,0.014236,-0.037836
-0.081059,0.036265,-0.050886,-0.120986,0.030750,-0.051887,-0.492237,-0.044537,-0.111471,-0.931606,-0.130726,-0.291177,-0.064930,0.030977,-0.059650,-0.090444,0.016875,-0.060787,0.010465,-0.001781,-0.019326,-0.085079,0.037511,-0.049588,-0.108120,0.045203,-0.052379,-0.095261,0.063268,-0.062040,-0.075841,0.078309,-0.073467,-0.096383,0.044975,-0.058341,-0.078051,0.027540,-0.065750,-0.047062,0.010967,-0.074045
-0.051637,0.025799,-0.066552,-0.079256,0.036934,-0.084853,-0.516890,-0.027812,-0.141785,-1.018298,-0.093898,-0.328810,-0.052566,0.036309,-0.058990,-0.127155,0.017442,-0.061824,0.031543,-0.003354,0.005915,-0.057380,0.023785,-0.064809,-0.085314,0.036149,-0.066492,-0.065972,0.058142,-0.078111,-0.037082,0.077536,-0.093199,-0.078445,0.035654,-0.079817,-0.055762,0.023955,-0.084278,-0.019873,0.012707,-0.090134
0.339090,0.032834,0.076658,0.328136,0.042077,0.057739,-0.113943,0.001131,0.012750,-0.551986,-0.029887,-0.137300,0.333718,0.041438,0.081672,0.207699,0.021935,0.077744,0.407946,0.001344,0.165994,0.328713,0.031892,0.079833,0.284262,0.043677,0.072493,0.314964,0.064405,0.061760,0.355331,0.082266,0.046290,0.283124,0.043087,0.057019,0.317654,0.031037,0.053097,0.362276,0.019307,0.047022
0.628729,0.031079,0.185633,0.630416,0.020913,0.183362,0.247536,0.005974,0.155602,-0.033822,0.008173,0.068177,0.633848,0.021000,0.170629,0.479646,0.005280,0.167235,0.684101,-0.013165,0.260353,0.613101,0.035016,0.190467,0.548859,0.041223,0.173360,0.590210,0.056113,0.166005,0.638420,0.067300,0.153711,0.540455,0.040750,0.161963,0.588437,0.022420,0.156063,0.641298,0.004607,0.147381
0.282097,0.016028,0.133247,0.315873,-0.006078,0.138511,0.036987,-0.011060,0.123871,-0.050211,0.015023,0.097865,0.292606,-0.005773,0.105061,0.076156,-0.015753,0.103269,0.278307,-0.028441,0.198424,0.257809,0.023262,0.140560,0.159006,0.025885,0.109449,0.216643,0.037406,0.104467,0.280684,0.045441,0.092598,0.143960,0.025386,0.099404,0.210721,0.006947,0.095010,0.274631,-0.010445,0.086806
0.025604,0.015070,0.094030,0.084122,-0.011479,0.101093,-0.126783,-0.017540,0.094024,-0.060320,0.022136,0.113704,0.039457,-0.011330,0.060286,-0.242542,-0.017865,0.062193,-0.041310,-0.027356,0.160279,-0.005899,0.023585,0.103166,-0.134518,0.025001,0.060264,-0.062718,0.032605,0.058125,0.017003,0.037802,0.046797,-0.151449,0.024424,0.050158,-0.069273,0.007668,0.048190,0.004665,-0.007544,0.041466
0.052670,0.009887,0.065104,0.101773,-0.013696,0.071442,-0.157952,-0.025896,0.066786,-0.054833,0.016193,0.098214,0.070774,-0.013689,0.034119,-0.249245,-0.021906,0.042709,-0.039756,-0.035440,0.148627,0.020286,0.017284,0.074031,-0.114104,0.020537,0.028403,-0.038065,0.020506,0.031037,0.048995,0.019815,0.023246,-0.123951,0.019943,0.018041,-0.038330,0.002113,0.016722,0.040864,-0.014043,0.010363
0.112498,-0.000896,0.033961,0.159172,-0.016264,0.033807,-0.150998,-0.033357,0.033855,-0.040080,0.006079,0.068536,0.148462,-0.016212,0.008555,-0.201888,-0.020323,0.025423,-0.016683,-0.031609,0.122578,0.074044,0.004440,0.043912,-0.091925,0.019213,-0.008849,-0.005727,0.013347,-0.001937,0.090779,0.008274,-0.006991,-0.087400,0.018145,-0.028997,0.006259,0.004181,-0.026880,0.087597,-0.006912,-0.030250
0.174500,-0.012577,0.012278,0.227056,-0.018548,0.004174,-0.109976,-0.036892,0.011298,-0.024120,-0.003637,0.039105,0.233246,-0.018391,-0.006441,-0.124464,-0.014869,0.019077,0.015698,-0.019186,0.095834,0.127715,-0.009210,0.023559,-0.079374,0.020980,-0.039040,0.017801,0.014060,-0.029993,0.121178,0.008358,-0.033963,-0.059881,0.019144,-0.073447,0.042364,0.012057,-0.066255,0.121665,0.009520,-0.065202
0.197975,-0.009319,-0.018055,0.254992,-0.009376,-0.029854,-0.097676,-0.031696,-0.014478,-0.009346,-0.003388,0.014689,0.270823,-0.009154,-0.030896,-0.089562,-0.006464,0.003332,0.043956,-0.012262,0.078745,0.145826,-0.007870,-0.006493,-0.082806,0.019012,-0.084377,0.027943,0.005976,-0.069883,0.127947,-0.011135,-0.065830,-0.060373,0.017260,-0.113607,0.042353,0.024311,-0.098735,0.113704,0.036965,-0.090668
0.203217,-0.004003,-0.041179,0.263889,0.000881,-0.055112,-0.093365,-0.025107,-0.031322,-0.000011,-0.000246,-0.000021,0.280481,0.001064,-0.047142,-0.102105,-0.000502,-0.001084,0.051847,-0.011586,0.087691,0.148189,-0.004244,-0.030100,-0.088894,0.015965,-0.120991,0.031619,-0.001925,-0.101587,0.126979,-0.028890,-0.090340,-0.067839,0.014455,-0.142204,0.031998,0.029121,-0.122963,0.096074,0.049837,-0.111067
0.210515,-0.009047,-0.040938,0.274769,0.002312,-0.057954,-0.076205,-0.023811,-0.026356,-0.000004,-0.000845,-0.000126,0.281484,0.002329,-0.036752,-0.166598,-0.001587,0.030022,0.023660,-0.016226,0.142318,0.154591,-0.010578,-0.030921,-0.084656,0.015121,-0.125494,0.035445,0.000009,-0.105736,0.134017,-0.022909,-0.095672,-0.060462,0.013217,-0.152040,0.038164,0.015213,-0.137505,0.102549,0.023209,-0.130677
0.027829,0.120488,-0.135724,0.080287,0.116794,-0.135820,-0.246234,0.040820,-0.099316,0.004434,-0.058078,-0.017383,0.120135,0.117263,-0.142166,-0.370993,0.118701,-0.054027,-0.184819,0.105413,0.058661,-0.031218,0.122611,-0.126434,-0.283991,0.147461,-0.234608,-0.161207,0.121213,-0.206649,-0.060880,0.088053,-0.189271,-0.251576,0.145622,-0.255673,-0.151021,0.135872,-0.244981,-0.086763,0.132839,-0.242565
-0.245172,0.337001,-0.294892,-0.214559,0.304606,-0.265448,-0.513076,0.159380,-0.225158,0.007813,-0.143739,-0.041955,-0.114058,0.305201,-0.324732,-0.602906,0.324902,-0.220457,-0.459031,0.320698,-0.130609,-0.308051,0.346263,-0.286385,-0.576717,0.365236,-0.413575,-0.450091,0.318800,-0.372091,-0.350924,0.265565,-0.341324,-0.536340,0.363789,-0.422177,-0.432335,0.348201,-0.412323,-0.369170,0.340417,-0.411628
-0.532237,0.327332,-0.329079,-0.496960,0.292073,-0.294817,-0.776500,0.187044,-0.251123,-0.060079,-0.202382,0.045132,-0.386167,0.291605,-0.357277,-0.833566,0.310796,-0.247706,-0.730843,0.305653,-0.180486,-0.598800,0.337521,-0.321732,-0.875235,0.347519,-0.467098,-0.743411,0.304134,-0.424057,-0.651379,0.250014,-0.391191,-0.841483,0.346423,-0.466362,-0.741985,0.337551,-0.452987,-0.692674,0.337347,-0.449598
-0.560454,0.213503,-0.329630,-0.504637,0.182426,-0.297118,-0.813146,0.156939,-0.242699,-0.098514,-0.194288,0.098007,-0.422575,0.181066,-0.349279,-0.793577,0.134086,-0.247503,-0.699395,0.083216,-0.182233,-0.629094,0.222969,-0.323816,-0.903206,0.226017,-0.481084,-0.770390,0.191641,-0.440293,-0.685141,0.143310,-0.409468,-0.882173,0.225108,-0.477722,-0.777802,0.231984,-0.454901,-0.724967,0.247257,-0.443959
-0.072441,0.083173,-0.376900,0.008472,0.045086,-0.333985,-0.415669,0.068688,-0.248622,-0.003191,-0.093929,-0.026752,0.035290,0.043659,-0.399222,-0.227179,-0.178804,-0.318876,-0.076395,-0.352144,-0.211556,-0.140066,0.094844,-0.372998,-0.399210,0.097511,-0.530460,-0.275387,0.061112,-0.487657,-0.190394,0.012880,-0.455548,-0.389872,0.096506,-0.534359,-0.254767,0.125020,-0.493571,-0.151652,0.159666,-0.468650
0.225464,-0.013489,-0.356641,0.310310,-0.047932,-0.312497,-0.166096,-0.006849,-0.203279,0.045019,-0.024598,-0.079275,0.310170,-0.049313,-0.375896,0.166946,-0.299653,-0.326032,0.346018,-0.470425,-0.196967,0.164454,-0.002815,-0.354582,-0.060285,-0.002334,-0.499250,0.048694,-0.040569,-0.456106,0.128872,-0.088686,-0.422933,-0.062218,-0.003298,-0.507513,0.067499,0.041137,-0.458412,0.176807,0.090044,-0.425179
0.200093,0.006593,-0.300980,0.265542,-0.015315,-0.264905,-0.175380,0.007734,-0.149029,0.017337,-0.013967,-0.033061,0.280483,-0.016873,-0.310805,0.207570,-0.127738,-0.283561,0.371282,-0.171081,-0.166165,0.148015,0.013898,-0.300342,-0.038374,0.012616,-0.427006,0.056747,-0.027164,-0.384014,0.129363,-0.075921,-0.349541,-0.045955,0.011700,-0.435997,0.044769,0.057254,-0.393161,0.112878,0.106993,-0.362488
0.251655,-0.034267,-0.343224,0.321282,-0.067886,-0.293170,-0.082064,-0.016961,-0.174903,0.047156,-0.030551,-0.091187,0.336671,-0.070296,-0.362522,0.298044,-0.090714,-0.349100,0.336236,-0.126509,-0.314498,0.198947,-0.022661,-0.343859,0.011260,-0.013295,-0.469197,0.075541,-0.054323,-0.430992,0.091415,-0.109627,-0.394433,0.002718,-0.015512,-0.495079,0.064668,0.018221,-0.463795,0.076487,0.058384,-0.443671
0.285582,-0.069324,-0.410101,0.364785,-0.111025,-0.349824,-0.003658,-0.038253,-0.230814,0.083244,-0.051270,-0.166388,0.361212,-0.113691,-0.433269,0.276756,-0.095455,-0.405761,0.246167,-0.151075,-0.414515,0.232395,-0.055011,-0.411865,0.044934,-0.040067,-0.537684,0.088853,-0.083429,-0.501768,0.061174,-0.145987,-0.462134,0.034911,-0.043140,-0.574091,0.079954,-0.007863,-0.545555,0.053924,0.035537,-0.528068
0.212375,-0.036735,-0.424632,0.289143,-0.055659,-0.385396,-0.052883,-0.020906,-0.265632,0.078540,-0.050489,-0.169975,0.240913,-0.056122,-0.422789,-0.014033,-0.055583,-0.333746,0.108127,-0.067130,-0.236870,0.168614,-0.030520,-0.426656,0.022192,-0.031379,-0.537356,0.083006,-0.079966,-0.493500,0.086775,-0.146131,-0.449000,0.005690,-0.032952,-0.555655,0.047159,0.043299,-0.506958,0.035047,0.126113,-0.468102
0.167762,-0.016121,-0.387984,0.232380,0.009769,-0.390409,-0.091671,0.003562,-0.268443,0.065314,-0.046333,-0.153540,0.143193,0.013568,-0.320429,-0.703727,0.094258,0.022815,-0.602887,0.043236,0.108482,0.126329,-0.022591,-0.390167,-0.018253,-0.017219,-0.499991,0.055238,-0.072898,-0.447549,0.083406,-0.142139,-0.398773,-0.015698,-0.018573,-0.512196,0.011384,0.084267,-0.452593,0.000289,0.193285,-0.399433
0.169465,-0.020259,-0.326847,0.218693,0.050552,-0.368512,-0.102331,0.021981,-0.239434,0.048889,-0.040215,-0.125941,0.116633,0.057183,-0.174454,-1.402637,0.274076,0.581500,-1.491247,0.102465,0.543585,0.122101,-0.037574,-0.329881,-0.059455,-0.006415,-0.456154,0.015103,-0.067541,-0.398523,0.047238,-0.137266,-0.348112,-0.020257,-0.009125,-0.477056,-0.010820,0.092060,-0.421278,-0.033963,0.200373,-0.368010
0.168261,-0.021075,-0.319969,0.181973,0.028777,-0.339501,-0.169663,0.019165,-0.187566,0.016904,-0.026047,-0.051850,0.139361,0.033661,-0.172025,-1.294855,0.265958,0.720292,-1.373247,0.067937,0.681932,0.125323,-0.032372,-0.323550,-0.044162,-0.000991,-0.445087,0.031440,-0.099783,-0.360635,0.062171,-0.205494,-0.282852,0.007648,-0.003021,-0.453641,0.009051,0.131105,-0.379681,-0.013439,0.272900,-0.305784
0.167952,-0.016279,-0.332982,0.157673,-0.005644,-0.313744,-0.216551,0.010806,-0.140848,-0.008139,-0.015416,0.009011,0.183734,-0.002991,-0.228073,-0.853796,0.187290,0.580962,-0.807744,0.032592,0.617853,0.129202,-0.016995,-0.337083,-0.021806,0.004585,-0.455095,0.056440,-0.129098,-0.343532,0.086892,-0.269229,-0.237855,0.027250,0.003634,-0.448925,0.029210,0.161908,-0.358207,0.009097,0.328003,-0.267337
0.169500,-0.002027,-0.328789,0.179294,-0.001225,-0.297436,-0.168011,0.010458,-0.125963,-0.003186,-0.016304,-0.002717,0.221594,0.000536,-0.241991,-0.522058,0.139926,0.431784,-0.330429,0.051139,0.571819,0.124138,0.000184,-0.334394,-0.044506,0.019042,-0.474464,0.039457,-0.112477,-0.357654,0.077094,-0.248975,-0.249873,-0.001677,0.017851,-0.469130,0.009919,0.148534,-0.388244,-0.015579,0.287272,-0.309916
0.171061,-0.008875,-0.362228,0.183686,-0.032174,-0.305262,-0.143460,-0.005911,-0.133183,0.000758,-0.031221,-0.021022,0.280120,-0.032614,-0.326583,-0.053547,0.107102,0.007558,0.170500,0.026881,0.180212,0.120877,0.000800,-0.369492,-0.062784,0.021426,-0.528021,0.022618,-0.127324,-0.392345,0.056274,-0.279016,-0.267701,-0.017770,0.019972,-0.522296,-0.009562,0.170980,-0.425659,-0.061596,0.330990,-0.332805
0.169938,-0.046014,-0.425051,0.166331,-0.094691,-0.341085,-0.154361,-0.034581,-0.161981,0.001256,-0.054351,-0.037726,0.330494,-0.099238,-0.443162,0.345940,0.094803,-0.449388,0.472328,-0.044490,-0.331483,0.119282,-0.027827,-0.433696,-0.067737,-0.001383,-0.598531,0.010406,-0.177202,-0.437451,0.027041,-0.353483,-0.287587,-0.014123,-0.003140,-0.591879,-0.022844,0.203345,-0.458900,-0.111598,0.419308,-0.328150
0.111316,0.000568,-0.440398,0.120178,-0.050622,-0.355099,-0.177984,-0.016002,-0.179810,0.000697,-0.046717,-0.032621,0.234375,-0.056184,-0.473307,0.327675,0.054242,-0.563119,0.309195,-0.012560,-0.569279,0.069807,0.017032,-0.448305,-0.042344,0.014970,-0.563554,0.005440,-0.151648,-0.412669,0.004305,-0.319402,-0.264713,-0.024925,0.015372,-0.544265,-0.062200,0.231469,-0.405033,-0.165807,0.453181,-0.262424
-0.000438,0.020905,-0.514759,0.030792,-0.017022,-0.446838,-0.202064,-0.007929,-0.304087,0.027663,-0.049218,-0.099930,0.071787,-0.020813,-0.533504,0.102861,0.012774,-0.562784,0.050676,0.035001,-0.610102,-0.034196,0.030501,-0.521674,-0.085243,0.005492,-0.593766,-0.079955,-0.138084,-0.470416,-0.145171,-0.286409,-0.339457,-0.090889,0.007603,-0.557955,-0.156554,0.199277,-0.436219,-0.296990,0.394222,-0.304969
-0.170438,-0.104535,-0.767014,-0.126871,-0.119706,-0.728437,-0.224331,-0.068967,-0.666340,0.096919,-0.103547,-0.341559,-0.088061,-0.121859,-0.751585,-0.131554,-0.016973,-0.698814,0.050917,-0.007083,-0.549913,-0.208585,-0.101451,-0.775031,-0.301973,-0.103197,-0.874393,-0.344327,-0.231782,-0.776674,-0.570048,-0.366229,-0.664094,-0.260632,-0.103006,-0.825798,-0.342889,0.041860,-0.737881,-0.586253,0.193197,-0.634164
-0.030439,-0.053594,-0.550655,0.008677,-0.062832,-0.516697,-0.110975,-0.036947,-0.438404,0.066091,-0.092415,-0.245363,0.037143,-0.064218,-0.525051,-0.065770,0.034380,-0.410314,0.045377,0.000380,-0.313579,-0.065409,-0.049647,-0.558543,-0.134029,-0.039074,-0.623984,-0.158305,-0.174342,-0.508598,-0.328721,-0.312038,-0.380831,-0.110949,-0.039979,-0.615646,-0.179502,0.087963,-0.532243,-0.360737,0.217833,-0.434770
0.351600,0.147161,0.025998,0.371748,0.124646,0.083358,0.087454,0.073667,0.272884,-0.041145,-0.020387,0.145172,0.387194,0.122231,0.032887,0.269834,0.140390,0.158559,0.038241,0.054825,-0.017605,0.325804,0.158824,0.019296,0.336562,0.165053,0.032957,0.385947,0.006832,0.203747,0.458179,-0.150992,0.375128,0.285390,0.164086,-0.033215,0.249806,0.310407,0.078498,0.260462,0.449629,0.193567
0.295130,0.144332,-0.026239,0.334227,0.119702,0.041880,0.015682,0.078870,0.264442,-0.052748,0.000710,0.186829,0.329034,0.117771,-0.016220,0.201974,0.156738,0.125175,0.029569,0.056358,0.000673,0.263313,0.155119,-0.034767,0.233721,0.154811,-0.067777,0.256299,0.027967,0.067425,0.308327,-0.095524,0.207305,0.186713,0.153492,-0.121122,0.152382,0.284597,-0.017755,0.159643,0.409177,0.088912
0.111698,0.065290,-0.265035,0.179769,0.041357,-0.190940,-0.114668,0.040644,0.026699,-0.030781,-0.003803,0.097676,0.151997,0.040340,-0.246492,0.020044,0.130167,-0.090622,0.025343,0.035947,-0.071938,0.070507,0.073047,-0.276247,-0.019566,0.066566,-0.377507,-0.050349,-0.019198,-0.300745,-0.102746,-0.099225,-0.210054,-0.041856,0.065022,-0.396272,-0.088043,0.172572,-0.312888,-0.150429,0.276039,-0.221540
0.113487,0.040716,-0.247826,0.192994,0.012259,-0.164756,-0.088834,0.025680,0.054228,-0.032792,-0.004834,0.098801,0.146393,0.011207,-0.232463,0.013856,0.111279,-0.069648,0.028569,0.031356,-0.044275,0.071335,0.049684,-0.260137,-0.001622,0.041932,-0.344912,-0.038684,-0.035591,-0.277212,-0.101171,-0.109428,-0.192228,-0.034770,0.039879,-0.374548,-0.090788,0.139168,-0.298377,-0.163555,0.232735,-0.212628
0.118090,0.028102,-0.215793,0.203388,0.001968,-0.133249,-0.058489,0.020057,0.079936,-0.033357,-0.005038,0.095891,0.139275,0.001575,-0.193997,-0.032578,0.104943,0.022558,0.024975,0.036791,0.080132,0.076996,0.036356,-0.228477,0.015437,0.031311,-0.299270,-0.027677,-0.030361,-0.249433,-0.100259,-0.090306,-0.179354,-0.019732,0.028576,-0.336926,-0.077490,0.110412,-0.275126,-0.154091,0.186658,-0.202521
0.120845,0.035862,-0.189418,0.203366,0.017912,-0.115746,-0.039008,0.028339,0.090330,-0.032711,-0.003546,0.090215,0.132122,0.018456,-0.154161,-0.094311,0.116158,0.138817,0.016870,0.047539,0.239066,0.082365,0.041740,-0.201822,0.021352,0.041680,-0.268798,-0.024920,-0.003930,-0.236641,-0.102877,-0.048490,-0.183026,-0.005949,0.038419,-0.307406,-0.057096,0.101860,-0.259636,-0.129674,0.161364,-0.200639
0.107354,0.029521,-0.153467,0.204071,0.006574,-0.072364,-0.002399,0.019676,0.109940,-0.029665,-0.002607,0.078930,0.106593,0.006422,-0.123420,-0.121175,0.088214,0.183660,0.028814,0.057078,0.312541,0.069159,0.036059,-0.166501,0.024277,0.026854,-0.221942,-0.021497,0.002697,-0.212752,-0.103027,-0.025496,-0.177523,-0.020520,0.023248,-0.266637,-0.063431,0.062750,-0.239083,-0.124526,0.097553,-0.202830
0.083802,0.025975,-0.141253,0.200575,-0.005258,-0.046077,0.022988,0.011063,0.116663,-0.025795,-0.002132,0.066352,0.071538,-0.007792,-0.125496,-0.120363,0.050935,0.144565,0.044342,0.054742,0.284302,0.044974,0.033686,-0.155270,0.029512,0.009778,-0.187576,-0.019095,0.002745,-0.198059,-0.102315,-0.013823,-0.175724,-0.041258,0.005979,-0.237687,-0.077903,0.026762,-0.226383,-0.121947,0.041411,-0.209538
0.055576,0.043063,-0.186318,0.187362,0.009948,-0.080285,0.008637,0.019429,0.088675,-0.022574,-0.000953,0.056721,0.034913,0.003284,-0.184390,-0.099563,0.033734,0.010204,0.046673,0.031121,0.138629,0.016611,0.049990,-0.201019,0.041394,0.014963,-0.194814,-0.020517,0.010929,-0.213008,-0.103550,-0.004442,-0.190834,-0.046742,0.011174,-0.243527,-0.082343,0.029439,-0.234179,-0.105301,0.041315,-0.220669
0.035790,0.072731,-0.185103,0.189248,0.040812,-0.067874,0.017420,0.020832,0.099018,-0.022332,0.016490,0.057824,0.014003,0.029269,-0.190233,-0.078537,0.028505,-0.055999,0.043084,0.027213,0.052772,-0.007138,0.077816,-0.201925,0.027014,0.024232,-0.199186,-0.032032,0.026153,-0.222390,-0.106534,0.014149,-0.203671,-0.083763,0.020109,-0.243897,-0.108093,0.037187,-0.232872,-0.113159,0.045722,-0.223414
0.033428,0.103980,-0.141860,0.203785,0.077274,-0.016995,0.044800,0.018948,0.141544,-0.025943,0.040895,0.069047,0.018958,0.061121,-0.143268,-0.064485,0.041776,-0.022970,0.037800,0.042408,0.069602,-0.015147,0.106639,-0.161623,-0.006274,0.035326,-0.202589,-0.047609,0.043032,-0.225433,-0.109249,0.034617,-0.211031,-0.133914,0.030144,-0.243033,-0.143126,0.048061,-0.227516,-0.143120,0.054291,-0.220637
0.037969,0.072382,-0.121538,0.203923,0.052248,0.000657,0.069130,0.008161,0.138853,-0.020019,0.034426,0.052386,0.035808,0.033488,-0.119039,-0.029825,0.016369,-0.023110,0.041580,0.041069,0.037266,-0.011575,0.074165,-0.142716,0.001196,0.015104,-0.169932,-0.037116,0.021929,-0.190397,-0.087879,0.013885,-0.176591,-0.113788,0.008605,-0.216527,-0.122105,0.036866,-0.190260,-0.129757,0.054669,-0.171509
0.042719,0.034032,-0.110261,0.187066,0.022561,0.000105,0.062699,0.006257,0.131598,-0.021661,0.020119,0.052113,0.054083,0.004740,-0.097773,-0.012678,-0.005292,0.003255,0.040528,0.037248,0.043791,-0.004487,0.034894,-0.131434,0.013202,-0.003040,-0.136700,-0.024445,0.001403,-0.154046,-0.063618,-0.005896,-0.141661,-0.075738,-0.010083,-0.187017,-0.084169,0.025914,-0.152719,-0.097594,0.054672,-0.122669
0.038723,0.045592,-0.096385,0.148474,0.045666,-0.005582,-0.003500,0.030957,0.159661,-0.049658,0.021459,0.111501,0.061060,0.033741,-0.061840,-0.052196,0.019344,0.114692,0.019526,0.045628,0.176068,-0.004165,0.043863,-0.116297,-0.007437,0.013669,-0.140613,-0.034025,0.019554,-0.155709,-0.057884,0.016780,-0.150157,-0.073553,0.007611,-0.179916,-0.069815,0.037044,-0.149151,-0.072354,0.062089,-0.123202
0.022483,0.035109,-0.098802,0.113903,0.042748,-0.020751,-0.040508,0.032028,0.151719,-0.058814,0.021185,0.126828,0.056160,0.034921,-0.052027,-0.061113,0.019790,0.135123,0.011802,0.047292,0.198043,-0.018834,0.031499,-0.118701,-0.025050,0.013505,-0.136333,-0.074352,0.007917,-0.145800,-0.122560,-0.000170,-0.130860,-0.066350,0.008732,-0.165625,-0.060052,0.031395,-0.140986,-0.065788,0.053290,-0.117847
0.003018,0.010517,-0.117940,0.100686,0.019510,-0.037840,-0.029178,0.012604,0.111517,-0.044078,0.018526,0.091055,0.042822,0.010533,-0.074571,-0.034268,-0.001299,0.051697,0.022006,0.040660,0.096904,-0.040033,0.006226,-0.139554,-0.029644,-0.001187,-0.127990,-0.124226,-0.025617,-0.130114,-0.223929,-0.046269,-0.092844,-0.056596,-0.005336,-0.153156,-0.059193,0.013804,-0.134087,-0.081161,0.034658,-0.110855
-0.021114,0.010536,-0.110276,0.066082,0.021038,-0.038797,-0.030571,0.018697,0.074771,-0.033838,0.011850,0.067487,0.032694,0.015571,-0.061311,-0.031963,0.000643,0.046040,0.022830,0.043323,0.088901,-0.064101,0.006127,-0.132820,-0.045310,0.010947,-0.101556,-0.157215,-0.019183,-0.100837,-0.267921,-0.040631,-0.059198,-0.052459,0.008218,-0.118933,-0.061336,0.019446,-0.109492,-0.089437,0.035741,-0.090284
-0.041322,0.014708,-0.092675,0.031809,0.026658,-0.032476,-0.034546,0.028383,0.046988,-0.026885,0.005394,0.051897,0.025684,0.025744,-0.036068,-0.035741,0.006398,0.066802,0.021385,0.045977,0.111576,-0.083367,0.010191,-0.115690,-0.059059,0.023465,-0.072334,-0.164945,-0.004997,-0.069786,-0.257285,-0.022584,-0.033496,-0.050427,0.022345,-0.080948,-0.058331,0.024004,-0.081238,-0.081948,0.034128,-0.068435
-0.048351,0.003212,-0.081690,0.020105,0.016656,-0.027134,-0.030408,0.020303,0.034086,-0.021419,0.002651,0.040489,0.022296,0.017443,-0.022549,-0.027722,-0.002900,0.061734,0.024372,0.038271,0.101713,-0.089463,-0.002072,-0.105079,-0.057252,0.010358,-0.055372,-0.138199,-0.014931,-0.048268,-0.193581,-0.031089,-0.018256,-0.046495,0.010472,-0.056694,-0.041584,0.003648,-0.062853,-0.049666,0.007870,-0.057112
-0.040050,0.013941,-0.076737,0.023703,0.026647,-0.024540,-0.016569,0.023888,0.024734,-0.014321,0.003212,0.026854,0.030947,0.027968,-0.018912,-0.009504,0.001549,0.048395,0.030297,0.036466,0.077797,-0.079457,0.008339,-0.100033,-0.039489,0.014291,-0.049638,-0.071904,0.004411,-0.046853,-0.064270,-0.002551,-0.038847,-0.033171,0.015742,-0.042100,-0.011695,0.000880,-0.052714,-0.002547,-0.000933,-0.054397
-0.020590,0.041565,-0.081346,0.040330,0.051813,-0.026399,-0.000117,0.037687,0.023414,-0.009303,0.006897,0.017734,0.046985,0.052233,-0.027469,0.009887,0.017930,0.033204,0.036138,0.041872,0.051551,-0.058176,0.036187,-0.104451,-0.014392,0.033232,-0.059401,0.001073,0.043491,-0.067081,0.066524,0.049422,-0.085093,-0.016932,0.035431,-0.045884,0.016581,0.016951,-0.057237,0.036086,0.012018,-0.062846
-0.021053,0.030728,-0.074620,0.033765,0.038702,-0.020379,0.000559,0.029555,0.020836,-0.008087,0.004806,0.015196,0.047618,0.039457,-0.023235,0.020441,0.019016,0.022495,0.036907,0.051260,0.029887,-0.056966,0.026770,-0.097616,-0.008359,0.032997,-0.041074,0.014942,0.046529,-0.050407,0.086334,0.055028,-0.072011,-0.001858,0.035363,-0.030743,0.032039,0.017941,-0.040696,0.048794,0.016010,-0.042991
-0.036393,0.009466,-0.058669,0.012035,0.015834,-0.007681,-0.007417,0.015358,0.016646,-0.008739,0.001265,0.015966,0.035418,0.017572,-0.008480,0.022163,0.021464,0.016509,0.032504,0.057851,0.016937,-0.070885,0.006831,-0.081637,-0.011831,0.025116,-0.004939,0.001588,0.037452,-0.015293,0.058181,0.045960,-0.033945,0.007553,0.027757,0.002907,0.036862,0.014127,-0.004062,0.049915,0.018614,0.000622
-0.061587,0.006063,-0.035722,-0.016849,0.011994,0.010365,-0.016890,0.011193,0.010413,-0.009279,0.000687,0.016790,0.012982,0.014773,0.014341,0.015233,0.042198,0.015322,0.023164,0.055155,0.016596,-0.095027,0.003338,-0.058724,-0.014859,0.021177,0.038675,-0.006542,0.040190,0.019793,0.045811,0.054272,-0.004985,0.006680,0.024804,0.054189,0.032918,0.015563,0.051088,0.053274,0.026773,0.062571
-0.072586,0.014194,-0.027695,-0.026177,0.020176,0.018885,-0.015373,0.015243,0.005314,-0.007213,0.000249,0.012966,0.003503,0.022975,0.023573,0.014226,0.062952,0.011502,0.019115,0.054794,0.012857,-0.106483,0.011380,-0.051803,-0.015963,0.027505,0.053478,-0.009091,0.047570,0.033189,0.037269,0.061249,0.010182,0.000331,0.030773,0.067000,0.025021,0.019255,0.061296,0.048472,0.028686,0.071030
-0.063410,0.029360,-0.039156,-0.011284,0.035890,0.013567,-0.003601,0.025288,0.003892,-0.003574,0.000115,0.006397,0.011773,0.037699,0.014651,0.019712,0.073147,0.007065,0.022337,0.056854,0.007681,-0.098823,0.026484,-0.065198,-0.013848,0.040677,0.031088,-0.004096,0.055654,0.017184,0.037466,0.063322,0.002935,-0.007453,0.042429,0.033968,0.018002,0.022978,0.020501,0.038883,0.023125,0.020901
-0.066168,0.031490,-0.052721,-0.010230,0.038808,0.004615,-0.010187,0.027181,0.004498,-0.005730,0.002589,0.010418,0.004332,0.039310,0.000516,0.012698,0.067408,-0.009195,0.020090,0.060369,-0.005403,-0.101536,0.028198,-0.079588,-0.012813,0.041887,0.018337,-0.007778,0.052522,0.007998,0.022495,0.055377,0.001337,-0.010635,0.043083,0.017435,0.012049,0.023005,0.002773,0.035117,0.021627,0.001678
-0.069940,0.031124,-0.059615,-0.010887,0.039726,0.000575,-0.015274,0.026707,0.006006,-0.007600,0.005815,0.013980,-0.003398,0.039329,-0.006405,0.006750,0.056717,-0.021480,0.019351,0.061098,-0.014314,-0.105135,0.027077,-0.087227,-0.009991,0.039568,0.014271,-0.010264,0.047229,0.005830,0.010644,0.046902,0.004312,-0.010073,0.040718,0.013766,0.008557,0.023831,0.001420,0.032440,0.024920,0.003039
-0.063636,0.038778,-0.051201,-0.001069,0.049393,0.009988,0.001045,0.029585,0.007305,-0.003054,0.007883,0.006061,0.004020,0.049249,0.006354,0.015445,0.052021,-0.013950,0.027049,0.054850,-0.006993,-0.099896,0.033659,-0.080591,-0.002752,0.042690,0.018112,-0.002026,0.049172,0.011209,0.019733,0.047584,0.011321,-0.006632,0.043855,0.019223,0.009013,0.030356,0.009596,0.026284,0.034259,0.014538
-0.062564,0.056221,-0.049644,0.004372,0.068968,0.013748,0.009289,0.038390,0.007623,-0.000670,0.012916,0.002220,0.003843,0.068569,0.011170,0.016329,0.061716,-0.012924,0.028392,0.057041,-0.004220,-0.099587,0.049885,-0.080661,0.000691,0.055631,0.016475,-0.000577,0.058790,0.012641,0.016947,0.053829,0.017536,-0.005715,0.056983,0.020411,0.010197,0.046048,0.013512,0.030119,0.051962,0.020615
-0.066811,0.074688,-0.056385,0.002611,0.088707,0.009854,0.005270,0.048809,0.006697,-0.001674,0.018411,0.004352,-0.003880,0.087666,0.005476,0.008961,0.081036,-0.019080,0.022701,0.066579,-0.007466,-0.103662,0.067554,-0.088357,-0.000006,0.071655,0.008588,-0.005181,0.071147,0.007702,0.005276,0.062546,0.017952,-0.006511,0.073261,0.015254,0.012736,0.062670,0.009677,0.043298,0.068535,0.016575
-0.045098,0.087389,-0.058596,0.018750,0.098783,0.009801,0.015897,0.054034,0.013746,-0.001004,0.022459,0.003346,0.014358,0.097249,0.000266,0.018137,0.074268,-0.011130,0.028751,0.059545,-0.001994,-0.079863,0.082326,-0.089983,0.005442,0.097393,-0.003477,0.003567,0.094020,-0.000445,0.011604,0.082893,0.013337,0.004815,0.097558,-0.011571,0.023400,0.083524,-0.020660,0.045811,0.085076,-0.018050
-0.013783,0.092572,-0.046750,0.035518,0.099856,0.013134,0.028434,0.054125,0.022591,-0.000342,0.024620,0.002174,0.035186,0.098283,0.001002,0.030173,0.056605,0.001874,0.036568,0.047733,0.006493,-0.041853,0.090155,-0.073012,0.008999,0.112108,-0.013282,0.014368,0.107997,-0.007611,0.020664,0.096293,0.007126,0.014357,0.111063,-0.032630,0.034588,0.097894,-0.040291,0.045375,0.098916,-0.038071
0.010368,0.088916,-0.011192,0.035515,0.092990,0.019425,0.030050,0.049263,0.027042,-0.001385,0.024583,0.003830,0.034968,0.092114,0.013029,0.031126,0.043374,0.010716,0.035898,0.043037,0.012175,-0.003804,0.087429,-0.024688,0.002700,0.095011,-0.014188,0.016377,0.093613,-0.009289,0.018070,0.083994,0.003151,0.007581,0.094902,-0.020431,0.037669,0.094990,-0.012029,0.048213,0.106926,0.001494
0.025890,0.110369,0.013965,0.036103,0.112719,0.023569,0.031724,0.053204,0.030496,-0.001937,0.032625,0.004949,0.030846,0.111842,0.019824,0.027944,0.051894,0.014167,0.034072,0.048399,0.017510,0.021716,0.109088,0.010002,0.004220,0.104824,-0.008573,0.018458,0.103619,-0.003704,0.013815,0.094209,0.009025,0.004690,0.105257,-0.005621,0.036819,0.113225,0.011345,0.041558,0.131200,0.031339
0.025094,0.146302,0.015341,0.036583,0.149358,0.023080,0.032444,0.064251,0.030948,-0.001835,0.044696,0.004876,0.024574,0.147771,0.017564,0.022030,0.078171,0.010139,0.031894,0.061361,0.019604,0.022226,0.144362,0.012691,0.013157,0.136809,-0.000580,0.019834,0.133263,0.004895,0.010228,0.122204,0.020258,0.007735,0.137115,0.003202,0.033230,0.143621,0.016979,0.029753,0.159808,0.035452
0.016236,0.174407,0.025018,0.021922,0.173473,0.030555,0.027392,0.080950,0.027418,-0.002977,0.048483,0.006395,0.015812,0.171805,0.021031,0.016967,0.107880,0.008493,0.026839,0.067650,0.021937,0.015283,0.174576,0.024071,0.011725,0.175008,0.021550,0.005752,0.169088,0.026338,-0.011431,0.158302,0.042074,0.011149,0.174749,0.018865,0.029948,0.175294,0.024809,0.018815,0.186570,0.038397
0.009111,0.182651,0.035583,0.008946,0.177949,0.039728,0.024165,0.089315,0.025059,-0.003912,0.047475,0.007351,0.012425,0.176795,0.028750,0.016287,0.116451,0.012513,0.024692,0.067840,0.026012,0.009006,0.185081,0.035284,0.004550,0.195303,0.039014,-0.009932,0.188242,0.042869,-0.031163,0.178947,0.057090,0.012252,0.194517,0.029314,0.026745,0.189743,0.028715,0.011406,0.196799,0.038031
0.013252,0.159070,0.039809,0.014210,0.155761,0.044517,0.030281,0.075458,0.029124,-0.003295,0.045176,0.005653,0.022017,0.155671,0.039430,0.023531,0.079403,0.025634,0.031359,0.062575,0.033348,0.011251,0.161299,0.037665,-0.003990,0.173643,0.033207,-0.013615,0.167934,0.036876,-0.029225,0.160633,0.048038,0.008113,0.172836,0.022696,0.023142,0.168558,0.022795,0.009900,0.175875,0.032404
0.007392,0.158530,0.049841,0.007832,0.154204,0.055812,0.034777,0.076322,0.027532,-0.001904,0.040922,0.002751,0.025244,0.155191,0.053877,0.031528,0.066014,0.030652,0.037616,0.059012,0.035282,0.003373,0.161478,0.045636,-0.023795,0.176199,0.031979,-0.027272,0.170455,0.037272,-0.032694,0.164842,0.045281,-0.005860,0.175497,0.021597,0.009843,0.170828,0.021557,0.001726,0.177339,0.030270
-0.005929,0.181864,0.059775,-0.007396,0.174625,0.067085,0.035267,0.091968,0.020576,-0.000494,0.036749,-0.000046,0.020095,0.176127,0.064018,0.036023,0.083456,0.024409,0.040158,0.059122,0.030532,-0.011071,0.186098,0.054318,-0.045309,0.202288,0.035028,-0.044440,0.195140,0.042966,-0.040196,0.190068,0.049360,-0.023025,0.201752,0.025654,-0.006842,0.195983,0.024712,-0.009322,0.201070,0.031866
0.278245,0.449609,0.029386,0.261682,0.438743,0.040809,0.254240,0.255810,0.067005,0.036017,0.062601,-0.066735,0.313474,0.440821,0.032882,0.339369,0.363430,-0.021334,0.341195,0.309464,-0.010524,0.273574,0.455673,0.024184,0.237909,0.471199,0.002542,0.243145,0.466297,0.009152,0.248208,0.462640,0.013584,0.267949,0.471769,0.002105,0.284733,0.470976,0.006347,0.284294,0.482807,0.021042
0.465416,0.624615,0.007175,0.440151,0.611788,0.022288,0.403535,0.366000,0.094014,0.058359,0.074428,-0.109710,0.509893,0.614309,0.012420,0.547718,0.556882,-0.059284,0.543596,0.477594,-0.047924,0.459986,0.631952,0.001036,0.417338,0.648986,-0.026716,0.435695,0.649129,-0.022210,0.447438,0.647820,-0.021524,0.455692,0.650290,-0.021950,0.482090,0.647605,-0.016536,0.490279,0.660473,-0.000712
0.161227,0.368694,0.065557,0.153220,0.357773,0.080795,0.193008,0.218075,0.049129,0.020096,0.031654,-0.039460,0.213979,0.360642,0.078617,0.267692,0.313829,-0.017978,0.250755,0.229961,-0.017595,0.151015,0.375660,0.054549,0.084775,0.400730,0.009679,0.133768,0.407829,0.014813,0.172834,0.409810,0.008813,0.129272,0.401084,0.004341,0.183191,0.376578,-0.002964,0.216750,0.370867,-0.007931
-0.030709,0.186572,0.133939,-0.027975,0.177997,0.143674,0.070578,0.107706,0.032653,-0.001519,0.002983,0.002611,0.026978,0.181743,0.151802,0.099804,0.139169,0.025400,0.057723,0.064105,-0.000524,-0.043224,0.192860,0.120529,-0.121634,0.223051,0.066621,-0.049247,0.238648,0.069306,0.015130,0.246503,0.053841,-0.072113,0.222976,0.056903,0.003631,0.174464,0.033698,0.065584,0.147380,0.005489
-0.015063,0.170771,0.164737,-0.013427,0.163903,0.166085,0.098610,0.092235,0.041950,0.002874,0.000649,-0.005461,0.041774,0.168402,0.182059,0.128037,0.121501,0.036204,0.060904,0.063220,-0.017685,-0.026230,0.176431,0.152598,-0.099274,0.206368,0.102279,-0.022375,0.227707,0.100923,0.052762,0.241076,0.078282,-0.048355,0.206536,0.096107,0.032510,0.143574,0.061979,0.111690,0.102672,0.020014
0.008278,0.217542,0.170373,0.014313,0.213186,0.169076,0.139234,0.115678,0.037414,0.012280,0.000257,-0.023306,0.066359,0.217596,0.187850,0.174474,0.141303,0.009628,0.062204,0.065019,-0.081304,-0.003397,0.220794,0.157777,-0.071563,0.232661,0.098436,0.010044,0.258966,0.094200,0.091759,0.275968,0.067623,-0.034807,0.234105,0.107512,0.049095,0.162441,0.067986,0.137617,0.111568,0.016071
0.025790,0.265137,0.168775,0.040013,0.264003,0.167393,0.175766,0.139969,0.031842,0.020459,0.001210,-0.039253,0.080651,0.267538,0.184622,0.208027,0.162497,-0.019216,0.062074,0.066009,-0.133862,0.013667,0.265331,0.155865,-0.047322,0.256803,0.088261,0.038039,0.288589,0.080517,0.125240,0.309425,0.050150,-0.028815,0.259517,0.112216,0.055203,0.184456,0.071633,0.145032,0.128447,0.015185
0.023903,0.251868,0.178839,0.048455,0.254612,0.176758,0.191625,0.127250,0.038769,0.021325,0.003712,-0.041780,0.064559,0.256556,0.188623,0.197017,0.149225,-0.014823,0.061122,0.064910,-0.118997,0.013278,0.249457,0.167672,-0.035555,0.233622,0.106052,0.051576,0.272758,0.092435,0.146428,0.299839,0.055533,-0.027789,0.236519,0.132613,0.052466,0.162910,0.094121,0.135289,0.107561,0.040168
0.027673,0.261769,0.162910,0.064496,0.266153,0.168394,0.205425,0.115400,0.042695,0.023366,0.019875,-0.048099,0.050055,0.264497,0.159946,0.184189,0.151773,-0.038115,0.058064,0.066968,-0.129924,0.018745,0.257659,0.153655,-0.017251,0.238863,0.102436,0.062726,0.279218,0.086481,0.149152,0.305939,0.051750,-0.019779,0.241265,0.124509,0.057882,0.175106,0.093727,0.137270,0.125338,0.047013
0.034091,0.292083,0.125430,0.078986,0.295138,0.143030,0.210441,0.112678,0.039502,0.025210,0.040921,-0.055107,0.043366,0.289468,0.109611,0.176637,0.170890,-0.079544,0.054376,0.071280,-0.161615,0.026256,0.288034,0.117274,-0.002438,0.272131,0.075555,0.065075,0.306968,0.062333,0.131327,0.326826,0.037681,-0.009742,0.273591,0.088321,0.067797,0.216889,0.067635,0.149167,0.174501,0.029920
0.011075,0.274675,0.071289,0.053028,0.275935,0.094211,0.148854,0.107776,0.029678,0.014536,0.047163,-0.035237,0.006776,0.267245,0.043246,0.126787,0.158705,-0.121098,0.032921,0.071686,-0.179051,0.006566,0.270975,0.066703,-0.001614,0.253730,0.044910,0.054248,0.283561,0.033611,0.107231,0.297231,0.017374,-0.019945,0.254530,0.050734,0.052388,0.206264,0.036780,0.131756,0.169915,0.006235
-0.284037,0.332540,0.040744,-0.244666,0.328910,0.064626,-0.134567,0.152801,-0.007652,-0.038648,0.071651,0.067615,-0.296477,0.318015,0.001781,-0.191916,0.226571,-0.136527,-0.246824,0.155175,-0.163227,-0.285538,0.330483,0.039276,-0.276252,0.313734,0.035758,-0.231388,0.337514,0.027349,-0.189155,0.345117,0.018989,-0.302598,0.313850,0.034620,-0.238000,0.273555,0.025611,-0.166715,0.243409,0.001669
-1.098128,0.581983,0.033840,-1.049317,0.567855,0.057241,-0.794293,0.293358,-0.127153,-0.177536,0.151346,0.300860,-1.107294,0.555250,-0.014026,-1.009918,0.478689,-0.139362,-1.029443,0.401694,-0.134316,-1.099489,0.583827,0.032098,-1.092012,0.575269,0.033026,-1.057519,0.590379,0.030103,-1.027837,0.591335,0.029956,-1.114202,0.574426,0.022629,-1.057332,0.542339,0.018346,-1.002332,0.520239,0.001625
-1.912124,0.580375,-0.048795,-1.862589,0.554354,-0.023408,-1.512906,0.310851,-0.292281,-0.350283,0.185738,0.597476,-1.916031,0.538837,-0.112077,-1.800373,0.468244,-0.256699,-1.809547,0.420231,-0.251386,-1.911895,0.587202,-0.049340,-1.901972,0.591024,-0.036704,-1.879261,0.595514,-0.032877,-1.858417,0.590080,-0.025152,-1.915607,0.589224,-0.057376,-1.865261,0.558009,-0.063016,-1.822001,0.537234,-0.078928
-1.153682,0.273857,0.097816,-1.112381,0.240606,0.126893,-0.765195,0.140685,-0.157130,0.635258,0.107429,1.129794,-1.152847,0.221979,0.020635,-1.000807,0.144454,-0.164068,-1.029961,0.146129,-0.190072,-1.151209,0.284269,0.099304,-1.135869,0.298555,0.124960,-1.120461,0.295878,0.133517,-1.100298,0.287616,0.144892,-1.140772,0.296243,0.098137,-1.092334,0.257991,0.086176,-1.050176,0.231007,0.064692
-0.101537,0.109497,0.271005,-0.076445,0.073378,0.298240,0.228906,0.060872,0.042139,1.466036,0.097742,1.439899,-0.091936,0.056542,0.200030,0.050916,-0.001722,0.031035,0.008036,0.007050,-0.008552,-0.098430,0.123151,0.272747,-0.092717,0.157379,0.302918,-0.079943,0.153302,0.311970,-0.054451,0.148680,0.319093,-0.073758,0.154480,0.268509,-0.029226,0.119262,0.257952,0.011076,0.096705,0.240827
-0.084769,0.079884,0.212729,-0.071017,0.043586,0.233704,0.223400,0.061111,-0.006788,1.189633,0.133659,1.380057,-0.067320,0.031115,0.157639,0.038032,0.006203,0.035700,-0.001622,0.000516,0.002204,-0.082246,0.095758,0.213472,-0.092570,0.150588,0.242009,-0.079783,0.147046,0.250558,-0.049591,0.147037,0.252187,-0.047895,0.146931,0.199772,-0.007247,0.118116,0.193396,0.029827,0.103376,0.183569
-0.103985,0.055954,0.158037,-0.083335,0.020534,0.170099,0.304046,0.008369,-0.118437,1.118375,0.083804,1.378366,-0.084438,0.012397,0.118329,-0.026507,0.022348,0.051327,-0.035268,0.002399,0.045157,-0.102884,0.072370,0.157032,-0.127105,0.139749,0.180055,-0.113680,0.134834,0.190334,-0.086064,0.134920,0.191844,-0.068031,0.135047,0.130994,-0.029122,0.109254,0.126741,0.002847,0.098461,0.120244
-0.110456,0.039831,0.062468,-0.083280,0.006749,0.064793,0.389467,-0.024555,-0.258942,1.018016,0.036626,1.266037,-0.088262,0.003957,0.040242,-0.078395,0.032541,0.027877,-0.046391,0.003637,0.058776,-0.110961,0.055684,0.059655,-0.145951,0.127501,0.074217,-0.126217,0.122133,0.087514,-0.093385,0.122573,0.089080,-0.079890,0.122251,0.024172,-0.040803,0.091993,0.016636,-0.012921,0.078246,0.007118
-0.100792,0.040322,-0.027205,-0.070371,0.009916,-0.029836,0.441509,-0.021389,-0.352300,0.879516,0.024595,1.138461,-0.076725,0.010542,-0.038381,-0.090991,0.031533,-0.022876,-0.029009,0.003910,0.036372,-0.102267,0.054789,-0.031022,-0.139531,0.120781,-0.023763,-0.110918,0.116055,-0.007513,-0.067604,0.116908,-0.005514,-0.077347,0.115669,-0.068460,-0.036290,0.075531,-0.082889,-0.009407,0.053306,-0.100178
0.142226,-0.270021,0.019040,0.186873,-0.277493,-0.010270,0.662782,-0.311187,-0.286134,0.900126,-0.355434,0.962782,0.133462,-0.272243,0.020594,0.060632,-0.331847,0.107178,0.022956,0.050317,-0.016862,0.144194,-0.264495,0.020485,0.127708,-0.206172,0.042880,0.145634,-0.214670,0.058929,0.187944,-0.215209,0.062919,0.180732,-0.210790,0.004770,0.216418,-0.267571,-0.025193,0.250297,-0.307242,-0.057206
0.325159,-0.468091,0.072465,0.372108,-0.458758,0.021008,0.785426,-0.481202,-0.201468,0.863942,-0.615748,0.689979,0.294441,-0.449524,0.083246,0.184370,-0.574278,0.217488,0.048634,0.086601,-0.041093,0.330525,-0.468862,0.078693,0.332604,-0.416835,0.115192,0.334956,-0.429414,0.129354,0.368472,-0.431654,0.135055,0.379184,-0.420900,0.083955,0.401165,-0.486631,0.041083,0.433485,-0.537291,-0.000580
0.110833,-0.128838,0.027885,0.125521,-0.135917,-0.014447,0.502959,-0.125398,-0.210298,0.509501,-0.274293,0.305301,0.114528,-0.124379,0.038988,0.046279,-0.209649,0.124810,-0.011399,0.057522,0.025404,0.115094,-0.123072,0.031710,0.108138,-0.072796,0.057707,0.104610,-0.085630,0.069821,0.125214,-0.088421,0.075226,0.159255,-0.076537,0.033120,0.158513,-0.128661,-0.008673,0.164533,-0.167712,-0.042743
-0.035002,0.086091,0.009026,-0.041860,0.067947,-0.022460,0.302846,0.070926,-0.187256,0.281320,-0.065127,0.030858,-0.000729,0.081304,0.024069,-0.025279,0.035591,0.056655,-0.034135,0.027506,0.047108,-0.033619,0.096484,0.008858,-0.058740,0.148208,0.017235,-0.062021,0.131267,0.033896,-0.043980,0.126115,0.042190,0.000934,0.144427,-0.003097,-0.010687,0.105907,-0.038686,-0.023825,0.080685,-0.062661
-0.016770,0.068278,0.013441,-0.023444,0.050313,-0.010380,0.309425,0.012167,-0.149405,0.290899,-0.088299,0.000047,0.028947,0.063544,0.034259,0.027018,0.037572,0.038445,-0.008618,0.010995,0.012421,-0.018555,0.079100,0.009670,-0.061651,0.134949,0.002125,-0.058816,0.112002,0.027816,-0.031776,0.103751,0.041056,0.006286,0.130586,-0.018604,0.000834,0.098597,-0.045914,-0.014909,0.082244,-0.062250
0.021708,0.057136,0.001926,0.009405,0.037434,-0.019642,0.313326,-0.011535,-0.134946,0.302371,-0.073650,-0.007325,0.064622,0.049610,0.020030,0.051365,0.037836,0.036993,-0.000032,0.002860,0.000544,0.021108,0.068675,-0.000748,-0.017519,0.125282,-0.003856,-0.018651,0.097947,0.025160,0.002570,0.085502,0.043358,0.052206,0.120779,-0.022814,0.046469,0.093187,-0.046636,0.037027,0.080135,-0.059212
0.046313,0.043861,-0.018425,0.027662,0.021674,-0.038226,0.298600,-0.025095,-0.133321,0.297734,-0.044642,0.029956,0.081536,0.032103,-0.006765,0.047995,0.030798,0.034154,-0.000047,0.000187,0.000090,0.048169,0.056227,-0.018639,0.021293,0.112625,-0.010471,0.013007,0.082344,0.019095,0.023435,0.065917,0.041480,0.089232,0.107930,-0.028901,0.081081,0.081129,-0.053018,0.076742,0.067668,-0.065257
0.023252,0.020729,-0.040117,0.002646,-0.003584,-0.053796,0.249379,-0.052478,-0.133572,0.258262,-0.023970,0.134165,0.055197,0.004589,-0.033761,0.017302,0.011680,0.012129,-0.000009,0.000081,0.000025,0.025766,0.033892,-0.039857,0.002761,0.091721,-0.027184,-0.009108,0.059691,0.003164,-0.004684,0.040724,0.028381,0.068409,0.086234,-0.049655,0.060176,0.055080,-0.076876,0.049836,0.039527,-0.091596
0.008788,-0.003639,-0.055327,-0.013827,-0.030728,-0.061918,0.210145,-0.090532,-0.126143,0.219014,-0.034823,0.230906,0.038473,-0.024771,-0.053974,-0.003974,-0.002579,-0.003210,-0.000517,-0.004301,-0.000137,0.011697,0.010322,-0.054902,-0.010185,0.067298,-0.042062,-0.024832,0.033582,-0.010625,-0.029478,0.011343,0.018111,0.056288,0.061767,-0.062012,0.048265,0.036266,-0.084727,0.030691,0.028653,-0.093398
0.010274,-0.017482,-0.056694,-0.013400,-0.046561,-0.058515,0.201054,-0.121880,-0.111753,0.197918,-0.073217,0.274761,0.039791,-0.041849,-0.057525,-0.005034,-0.005127,-0.004304,-0.001310,-0.010828,-0.000352,0.013167,-0.003130,-0.056492,-0.010746,0.051212,-0.047890,-0.026202,0.016731,-0.015534,-0.038638,-0.007874,0.015761,0.059250,0.046214,-0.060007,0.051634,0.033666,-0.072777,0.029312,0.040200,-0.069734
0.030119,-0.035536,-0.086887,-0.011558,-0.063836,-0.098702,0.125900,-0.109952,-0.131582,0.116208,-0.069504,0.176014,0.059021,-0.056882,-0.083430,-0.005542,0.013199,-0.006294,-0.004441,-0.024314,0.000881,0.035489,-0.021180,-0.084116,0.019927,0.030416,-0.069042,-0.005282,-0.001138,-0.043589,-0.024763,-0.021638,-0.018243,0.093911,0.026143,-0.071144,0.080169,0.014820,-0.085654,0.055412,0.023666,-0.080810
0.043985,-0.057852,-0.124092,-0.014475,-0.083625,-0.148544,0.053171,-0.097069,-0.165938,0.042583,-0.054550,0.058789,0.072294,-0.073960,-0.114242,-0.011429,0.027952,-0.012596,-0.007288,-0.036721,0.001791,0.051720,-0.044020,-0.118775,0.045625,0.004581,-0.096155,0.011957,-0.023464,-0.077753,-0.013045,-0.039617,-0.058539,0.120549,0.000786,-0.091178,0.099633,-0.011558,-0.109533,0.073343,-0.003665,-0.105573
0.027673,-0.084292,-0.146421,-0.028087,-0.107039,-0.173919,0.051701,-0.126125,-0.193163,0.041631,-0.058005,0.048860,0.055859,-0.096946,-0.132370,-0.028907,0.014763,-0.026723,-0.007204,-0.040237,0.000619,0.035016,-0.071610,-0.141409,0.030083,-0.026273,-0.119865,-0.000553,-0.053407,-0.100925,-0.028865,-0.071148,-0.079632,0.099419,-0.030220,-0.115835,0.076131,-0.036445,-0.130618,0.048102,-0.024256,-0.122992
0.026099,-0.112970,-0.194156,-0.034390,-0.131969,-0.234249,0.047776,-0.152864,-0.253144,0.044044,-0.059745,-0.043367,0.050025,-0.120017,-0.176162,-0.050418,-0.000097,-0.046076,-0.006251,-0.044492,-0.001852,0.035749,-0.100817,-0.186680,0.036512,-0.048344,-0.155544,-0.002472,-0.079041,-0.135338,-0.042219,-0.099728,-0.110703,0.116049,-0.053384,-0.151475,0.086504,-0.050097,-0.161884,0.057197,-0.029202,-0.146630
0.038854,-0.130077,-0.244509,-0.031674,-0.146007,-0.300251,0.041345,-0.164748,-0.316330,0.046022,-0.060106,-0.172479,0.056582,-0.132284,-0.224808,-0.064927,-0.009427,-0.061108,-0.004983,-0.047253,-0.004496,0.052468,-0.117672,-0.233041,0.061239,-0.051474,-0.186357,0.006480,-0.088185,-0.164701,-0.047242,-0.111531,-0.137029,0.161460,-0.058438,-0.181492,0.124846,-0.046627,-0.188535,0.095581,-0.016672,-0.165081
0.050021,-0.134647,-0.261094,-0.024722,-0.151852,-0.315331,0.044794,-0.149392,-0.335376,0.047705,-0.056650,-0.212485,0.069620,-0.139179,-0.240487,-0.059919,-0.012365,-0.058962,-0.004498,-0.048042,-0.005827,0.063947,-0.121772,-0.249672,0.073694,-0.058541,-0.204422,0.019743,-0.094950,-0.182056,-0.035469,-0.118557,-0.153386,0.173333,-0.065690,-0.195871,0.131207,-0.055312,-0.206044,0.099277,-0.027470,-0.184398
0.061268,-0.140951,-0.264185,-0.015469,-0.159874,-0.313639,0.049379,-0.141929,-0.335959,0.049375,-0.054531,-0.213015,0.081307,-0.149176,-0.245449,-0.050814,-0.017970,-0.052448,-0.004170,-0.048662,-0.006970,0.075350,-0.127767,-0.252979,0.086745,-0.069884,-0.209854,0.035363,-0.103617,-0.188876,-0.018693,-0.125539,-0.161647,0.182878,-0.076967,-0.197223,0.138095,-0.070098,-0.210785,0.102147,-0.044847,-0.191451
0.073708,-0.162445,-0.275024,-0.006603,-0.179394,-0.330042,0.044970,-0.176280,-0.344512,0.050469,-0.058251,-0.224989,0.083358,-0.169810,-0.262865,-0.052937,-0.034767,-0.054732,-0.003368,-0.050813,-0.009119,0.091352,-0.149598,-0.260399,0.113547,-0.085399,-0.203739,0.051657,-0.117839,-0.187364,-0.008354,-0.136534,-0.164185,0.221309,-0.094103,-0.189693,0.178282,-0.084915,-0.200546,0.138798,-0.052086,-0.174308
0.061999,-0.171921,-0.271590,-0.016138,-0.188763,-0.325644,0.049070,-0.201125,-0.339694,0.052298,-0.059949,-0.192276,0.066507,-0.180753,-0.265703,-0.060880,-0.045361,-0.062364,-0.002835,-0.052082,-0.010773,0.081097,-0.159622,-0.255725,0.110615,-0.099062,-0.194291,0.031885,-0.132238,-0.181942,-0.052141,-0.151935,-0.157127,0.215260,-0.108122,-0.178994,0.167374,-0.096778,-0.189881,0.115887,-0.059454,-0.159939
0.030665,-0.164972,-0.256621,-0.040789,-0.183300,-0.303498,0.057716,-0.205282,-0.323838,0.050325,-0.060223,-0.131452,0.037871,-0.177007,-0.253598,-0.070559,-0.044414,-0.071818,-0.003014,-0.051897,-0.011214,0.048456,-0.153229,-0.242311,0.078346,-0.104658,-0.187292,-0.015316,-0.139783,-0.176236,-0.129480,-0.163498,-0.144552,0.166656,-0.112761,-0.171408,0.109644,-0.099996,-0.184438,0.043895,-0.063071,-0.155071
0.029250,-0.172944,-0.276262,-0.035128,-0.188110,-0.322802,0.074717,-0.212958,-0.344788,0.054386,-0.060188,-0.103611,0.031855,-0.181752,-0.272064,-0.077124,-0.050942,-0.081137,-0.002088,-0.054513,-0.013874,0.046684,-0.163158,-0.262112,0.080955,-0.123240,-0.208027,-0.014122,-0.159961,-0.193740,-0.110738,-0.181460,-0.163044,0.158118,-0.130458,-0.191550,0.108963,-0.122449,-0.204643,0.057443,-0.092561,-0.180178
0.040566,-0.182289,-0.296889,-0.017347,-0.192170,-0.345667,0.089274,-0.215689,-0.366409,0.056672,-0.060025,-0.092458,0.038620,-0.185102,-0.288102,-0.074420,-0.054703,-0.081759,-0.001503,-0.056172,-0.015892,0.057359,-0.175116,-0.282933,0.096512,-0.145068,-0.229926,0.007261,-0.181199,-0.212766,-0.063310,-0.199502,-0.185034,0.160480,-0.150904,-0.213027,0.123313,-0.143096,-0.221394,0.091389,-0.116968,-0.198734
0.048508,-0.179307,-0.283807,-0.004464,-0.184368,-0.333209,0.091700,-0.205242,-0.351322,0.051199,-0.060122,-0.080362,0.049311,-0.177109,-0.267736,-0.056327,-0.045396,-0.064804,-0.002687,-0.053062,-0.014250,0.063107,-0.174624,-0.271482,0.103799,-0.160156,-0.225390,0.021428,-0.191501,-0.210581,-0.053618,-0.209980,-0.181234,0.145357,-0.163311,-0.208014,0.111656,-0.140277,-0.203697,0.081834,-0.104513,-0.171477
0.035405,-0.178929,-0.264963,-0.008372,-0.182015,-0.310220,0.094177,-0.195187,-0.331209,0.038790,-0.061064,-0.034282,0.033174,-0.175357,-0.251061,-0.057218,-0.048216,-0.067943,-0.002327,-0.054185,-0.015903,0.048767,-0.176164,-0.253468,0.093625,-0.174233,-0.210245,0.020021,-0.199617,-0.199120,-0.056380,-0.216988,-0.170054,0.115878,-0.175066,-0.193506,0.083197,-0.145711,-0.183922,0.055567,-0.108281,-0.149582
0.006496,-0.180399,-0.251542,-0.028602,-0.185213,-0.289675,0.093832,-0.190231,-0.316695,0.019390,-0.061927,0.021131,-0.003031,-0.179706,-0.248133,-0.076495,-0.060507,-0.090603,-0.000868,-0.059071,-0.020306,0.020272,-0.178092,-0.239717,0.070148,-0.179601,-0.194055,0.002745,-0.200524,-0.185830,-0.071174,-0.215854,-0.158601,0.085883,-0.179804,-0.178880,0.051187,-0.155979,-0.173857,0.024899,-0.125521,-0.145683
0.054122,-0.172434,-0.221976,0.010839,-0.178463,-0.259164,0.105574,-0.170428,-0.282551,0.013491,-0.062002,0.074211,0.048563,-0.173906,-0.216726,-0.028857,-0.053633,-0.044168,-0.000899,-0.059154,-0.016236,0.068137,-0.169520,-0.210298,0.118897,-0.175222,-0.166259,0.045854,-0.192531,-0.163075,-0.035807,-0.204689,-0.138638,0.131726,-0.174789,-0.147940,0.090698,-0.152466,-0.146021,0.057115,-0.123397,-0.119060
0.181089,-0.115383,-0.193387,0.133136,-0.127199,-0.222605,0.215101,-0.115546,-0.243359,0.111678,-0.019290,0.112226,0.168742,-0.123165,-0.193535,0.073204,0.025588,0.030454,0.003557,-0.062493,-0.013778,0.196965,-0.111324,-0.180628,0.258354,-0.124966,-0.131337,0.178378,-0.136076,-0.136719,0.091423,-0.143081,-0.118170,0.262036,-0.123098,-0.110783,0.217364,-0.101422,-0.110344,0.180746,-0.073890,-0.084617
0.391432,0.036557,-0.177923,0.362941,0.008999,-0.178706,0.510462,0.001246,-0.207441,0.406476,0.116339,0.128829,0.339306,0.013498,-0.209761,0.221151,0.237752,0.097184,0.016031,-0.072872,-0.013206,0.412632,0.041911,-0.161280,0.508214,0.014257,-0.089373,0.430220,0.014943,-0.108086,0.352705,0.015558,-0.100630,0.487289,0.019055,-0.073201,0.448997,0.037443,-0.072726,0.426721,0.057372,-0.053745
-0.097425,0.607340,-0.325414,-0.117633,0.574755,-0.312351,0.038885,0.565073,-0.341180,-0.056936,0.689635,-0.046034,-0.155246,0.578043,-0.367124,-0.267512,0.741257,-0.071296,-0.149451,0.067680,0.218019,-0.076843,0.612666,-0.309688,0.022585,0.571601,-0.242369,-0.046699,0.580135,-0.268078,-0.109957,0.586351,-0.269751,-0.014237,0.579010,-0.221301,-0.046350,0.593004,-0.221796,-0.063872,0.607547,-0.207825
-1.000994,1.284774,-0.676637,-1.028478,1.260525,-0.671279,-0.924448,1.266405,-0.692462,-1.010882,1.385088,-0.440381,-1.027537,1.261490,-0.701885,-1.114375,1.258486,-0.498270,-0.417635,0.325079,0.514529,-0.986667,1.288640,-0.666099,-0.915576,1.240944,-0.628162,-0.973526,1.249768,-0.651016,-1.024507,1.257038,-0.655173,-0.951938,1.249347,-0.595121,-0.981378,1.260320,-0.596824,-1.006205,1.274563,-0.583193
-1.134254,1.158762,-0.908039,-1.161452,1.142530,-0.917456,-1.031771,1.140545,-0.940300,-1.149270,1.231331,-0.640135,-1.151281,1.146516,-0.914586,-1.245519,1.159209,-0.678830,-0.500702,0.407726,0.500507,-1.121687,1.159368,-0.898287,-1.056564,1.096334,-0.874312,-1.113096,1.108392,-0.900186,-1.168533,1.117862,-0.906389,-1.095827,1.107053,-0.821534,-1.112944,1.108325,-0.826374,-1.123277,1.113778,-0.821152
-0.899016,0.809970,-0.941668,-0.919680,0.797242,-0.958720,-0.741409,0.780514,-0.984987,-0.887402,0.856577,-0.642647,-0.922267,0.804386,-0.941828,-1.023460,0.877686,-0.657677,-0.472480,0.395080,0.365807,-0.885424,0.808187,-0.930614,-0.811974,0.734726,-0.905911,-0.870923,0.750070,-0.935591,-0.933178,0.761206,-0.942623,-0.856963,0.746919,-0.843753,-0.862677,0.738174,-0.852342,-0.857634,0.734096,-0.856318
-0.635454,0.794067,-0.853154,-0.644655,0.776096,-0.856750,-0.450245,0.754704,-0.881926,-0.574592,0.862559,-0.597724,-0.675155,0.781399,-0.874189,-0.762153,0.825427,-0.624393,-0.399439,0.404811,0.237211,-0.619793,0.793435,-0.840942,-0.531727,0.727995,-0.800951,-0.590866,0.743739,-0.830354,-0.648068,0.754300,-0.836613,-0.585131,0.738864,-0.758002,-0.591166,0.726198,-0.769629,-0.590975,0.719655,-0.776143
-0.333100,0.302244,-0.446315,-0.324849,0.293275,-0.452458,-0.142596,0.271775,-0.473594,-0.261358,0.366918,-0.218049,-0.379418,0.299431,-0.465080,-0.434298,0.377744,-0.278121,-0.261678,0.219740,0.134903,-0.319938,0.298439,-0.435248,-0.238823,0.238878,-0.399079,-0.286683,0.257537,-0.429532,-0.327558,0.270660,-0.441935,-0.292233,0.248665,-0.363972,-0.288698,0.238612,-0.370459,-0.284828,0.236349,-0.372635
-0.134051,-0.428785,0.043800,-0.111231,-0.418905,0.020437,0.036561,-0.436026,0.004740,-0.099974,-0.391993,0.273292,-0.173578,-0.409755,0.049338,-0.192967,-0.250735,0.180167,-0.139513,-0.056194,0.104046,-0.126691,-0.438548,0.051983,-0.070622,-0.497421,0.066898,-0.101309,-0.474683,0.034705,-0.122645,-0.457086,0.012462,-0.115563,-0.488137,0.109595,-0.097309,-0.490269,0.113952,-0.083015,-0.483574,0.120924
-0.054630,-0.626411,0.226597,-0.015587,-0.615012,0.215466,0.099643,-0.636743,0.206417,-0.011328,-0.562895,0.420015,-0.100264,-0.607879,0.226991,-0.103089,-0.456997,0.311637,-0.085873,-0.147844,0.086588,-0.050687,-0.636949,0.232305,-0.006215,-0.691617,0.239599,-0.030998,-0.671616,0.211951,-0.056054,-0.658063,0.196609,-0.054870,-0.683009,0.274107,-0.029682,-0.677579,0.286521,-0.015882,-0.662803,0.301610
-0.058520,-0.522194,0.200130,-0.039184,-0.519664,0.197922,0.020594,-0.509678,0.187702,-0.084847,-0.550978,0.374746,-0.092628,-0.516583,0.191359,-0.092538,-0.413866,0.246719,-0.069981,-0.127896,0.067525,-0.053688,-0.528113,0.205186,-0.010404,-0.573147,0.216168,-0.035641,-0.560139,0.197082,-0.064315,-0.552364,0.191103,-0.053286,-0.566153,0.242142,-0.034167,-0.553458,0.258064,-0.028174,-0.530881,0.280907
-0.114869,-0.332880,0.083330,-0.189048,-0.342011,0.054105,-0.233482,-0.217547,0.026268,-0.435612,-0.740086,0.303158,-0.089218,-0.342866,0.086562,-0.093968,-0.281189,0.135759,-0.060074,-0.080998,0.049790,-0.102878,-0.328732,0.090987,-0.053364,-0.357515,0.114545,-0.080322,-0.352756,0.105185,-0.089197,-0.345250,0.095885,-0.059594,-0.353724,0.147360,-0.064828,-0.333870,0.160525,-0.070302,-0.303134,0.191562
-0.106740,-0.197308,0.022961,-0.194386,-0.195572,-0.023234,-0.298428,0.051285,-0.071612,-0.485603,-0.498694,0.163682,-0.066167,-0.196844,0.040797,-0.067729,-0.166420,0.062886,-0.039214,-0.048796,0.030603,-0.096426,-0.194898,0.029864,-0.058305,-0.217588,0.047138,-0.074068,-0.213514,0.040181,-0.061936,-0.204319,0.024402,-0.052988,-0.214913,0.081287,-0.058258,-0.189624,0.098651,-0.065735,-0.150005,0.139077
-0.036319,-0.188322,0.041513,-0.050527,-0.159174,-0.003123,-0.139489,0.156327,-0.061864,-0.193243,0.037743,0.030066,-0.033108,-0.156458,0.069548,-0.025273,-0.131183,0.059084,-0.017385,-0.049055,0.017663,-0.035736,-0.198466,0.044636,-0.021104,-0.227652,0.040029,-0.018339,-0.216676,0.027411,0.005589,-0.204941,0.005817,-0.035106,-0.223598,0.068866,-0.016019,-0.197525,0.095292,-0.015022,-0.152892,0.141657
-0.011500,-0.174385,0.034946,0.003884,-0.139385,-0.001272,-0.074929,0.163790,-0.051571,-0.034213,0.207999,-0.078256,-0.021862,-0.135557,0.063642,-0.010706,-0.111603,0.042098,-0.005036,-0.047390,0.010060,-0.015164,-0.187752,0.035745,-0.009677,-0.217057,0.023782,0.010516,-0.205875,0.013312,0.045128,-0.197115,-0.005691,-0.036447,-0.212562,0.043462,-0.012913,-0.187903,0.070556,0.001442,-0.151839,0.108781
-0.001734,-0.149131,0.012666,0.018273,-0.120113,-0.011231,-0.060021,0.116753,-0.043340,0.020761,0.167511,-0.143852,-0.013793,-0.117132,0.036600,-0.005597,-0.089409,0.026703,0.000142,-0.041361,0.005950,-0.006283,-0.161025,0.012261,0.000102,-0.193204,-0.000756,0.029860,-0.183740,-0.007785,0.069013,-0.178869,-0.021682,-0.038556,-0.188064,0.014014,-0.021132,-0.167639,0.035917,-0.000002,-0.144237,0.061327
0.023424,-0.106547,-0.015430,0.042114,-0.086377,-0.026047,-0.048777,0.055920,-0.037189,0.018251,0.056942,-0.138355,0.009752,-0.084198,0.002655,0.008521,-0.046304,0.028494,0.000602,-0.028109,0.003612,0.019134,-0.116799,-0.016296,0.031986,-0.163214,-0.032143,0.056828,-0.152932,-0.040668,0.089466,-0.148499,-0.052540,-0.023463,-0.156188,-0.010461,-0.013204,-0.143756,0.002772,-0.003194,-0.127853,0.020044
0.017293,-0.095217,-0.023687,0.034060,-0.081011,-0.027778,-0.044388,0.007505,-0.030395,0.007598,-0.023676,-0.121990,0.004694,-0.079270,-0.009650,0.001986,-0.030241,0.027861,-0.007638,-0.024136,0.007492,0.013545,-0.103618,-0.024696,0.027516,-0.150173,-0.039898,0.049462,-0.140253,-0.048291,0.084981,-0.134654,-0.062005,-0.028749,-0.143350,-0.018464,-0.024427,-0.136658,-0.011792,-0.024865,-0.124120,0.001651
-0.016954,-0.121112,-0.008672,-0.001786,-0.106932,-0.016140,-0.049843,-0.004203,-0.024690,-0.008325,-0.033304,-0.099994,-0.026408,-0.105182,0.005209,-0.021933,-0.049491,0.024768,-0.020461,-0.031530,0.015400,-0.020140,-0.128384,-0.009463,-0.011082,-0.160916,-0.020919,0.011465,-0.152299,-0.027600,0.057852,-0.144330,-0.046041,-0.051743,-0.156244,-0.006760,-0.049193,-0.150183,-0.001197,-0.054200,-0.135242,0.014752
-0.038916,-0.126890,0.012842,-0.031266,-0.116452,0.004720,-0.059324,-0.006449,-0.007148,-0.026507,-0.038272,-0.069743,-0.046310,-0.115263,0.021819,-0.035575,-0.046827,0.030244,-0.034433,-0.033863,0.023001,-0.040009,-0.131827,0.013118,-0.025865,-0.152627,0.012195,-0.003064,-0.141943,0.003261,0.044361,-0.131810,-0.017931,-0.059373,-0.149535,0.015413,-0.069501,-0.144654,0.015559,-0.086786,-0.130559,0.030325
-0.050917,-0.126331,0.023642,-0.050228,-0.118823,0.014671,-0.068593,-0.017453,0.003313,-0.039952,-0.043057,-0.051097,-0.056758,-0.118000,0.029384,-0.043837,-0.041788,0.036825,-0.044990,-0.033237,0.028141,-0.050219,-0.129480,0.024880,-0.030811,-0.142373,0.032509,-0.008288,-0.130381,0.022129,0.035342,-0.119827,0.001362,-0.060173,-0.140319,0.027838,-0.081233,-0.137730,0.022333,-0.108694,-0.125689,0.034715
-0.054923,-0.133237,0.006354,-0.054161,-0.123289,-0.006577,-0.073211,-0.055381,-0.012670,-0.041344,-0.052020,-0.064283,-0.059162,-0.121926,0.016955,-0.051479,-0.053953,0.037008,-0.047469,-0.031923,0.028668,-0.054569,-0.136895,0.007477,-0.039637,-0.147282,0.012916,-0.018052,-0.138901,0.006671,0.022004,-0.131187,-0.009226,-0.062385,-0.145659,0.010102,-0.079963,-0.147023,0.002757,-0.105682,-0.136180,0.014032
-0.057489,-0.133364,-0.002878,-0.053851,-0.119860,-0.020322,-0.074985,-0.083560,-0.021626,-0.042677,-0.059690,-0.068124,-0.064748,-0.117957,0.009920,-0.060890,-0.063547,0.034125,-0.050207,-0.028546,0.029076,-0.056945,-0.138546,-0.001257,-0.041352,-0.151743,0.003052,-0.025062,-0.145883,-0.001068,0.005615,-0.140708,-0.011986,-0.062944,-0.149883,0.005146,-0.079071,-0.155044,-0.004630,-0.100717,-0.147985,0.002702
-0.057526,-0.126660,0.000084,-0.049672,-0.110239,-0.020161,-0.073223,-0.087893,-0.019210,-0.043601,-0.062051,-0.060914,-0.070931,-0.108105,0.011338,-0.067482,-0.065790,0.029284,-0.051969,-0.024852,0.028931,-0.056346,-0.133618,0.002558,-0.035263,-0.153515,0.007327,-0.025993,-0.147791,0.002256,-0.005834,-0.143479,-0.006072,-0.061751,-0.150913,0.014951,-0.079184,-0.157850,0.003390,-0.096433,-0.155312,0.005918
-0.051329,-0.132386,-0.000589,-0.044079,-0.118203,-0.018625,-0.053165,-0.049062,-0.025801,-0.042314,-0.053395,-0.044004,-0.066281,-0.116202,0.007813,-0.061128,-0.061625,0.029505,-0.049754,-0.029027,0.027597,-0.049440,-0.138345,0.002195,-0.027180,-0.153207,0.010708,-0.018535,-0.146800,0.004776,-0.001609,-0.142368,-0.003268,-0.050115,-0.151239,0.013980,-0.069575,-0.155791,0.003669,-0.089261,-0.150835,0.008888
-0.047746,-0.136649,-0.002775,-0.041209,-0.125414,-0.017679,-0.034097,-0.014502,-0.032304,-0.041499,-0.045024,-0.026438,-0.063360,-0.123578,0.002690,-0.057160,-0.059286,0.028622,-0.048151,-0.032420,0.026497,-0.045314,-0.141348,0.000130,-0.022421,-0.151048,0.012017,-0.012823,-0.143769,0.005269,0.002677,-0.139147,-0.002823,-0.042402,-0.149710,0.010352,-0.065018,-0.150011,0.002382,-0.089870,-0.140560,0.012579
-0.055115,-0.126041,-0.004260,-0.044730,-0.113972,-0.019185,-0.034746,-0.032245,-0.030256,-0.043338,-0.048593,-0.017758,-0.074251,-0.112077,-0.000567,-0.070690,-0.067402,0.020501,-0.051675,-0.026635,0.027033,-0.052534,-0.131733,-0.001077,-0.025753,-0.147728,0.010124,-0.018443,-0.140042,0.002557,-0.008038,-0.136126,-0.003973,-0.052418,-0.145683,0.012255,-0.079731,-0.142187,0.005782,-0.108442,-0.131069,0.017953
-0.045319,-0.110230,0.003086,-0.028764,-0.098412,-0.006225,-0.033247,-0.015755,-0.014556,-0.037218,-0.049836,-0.016119,-0.067094,-0.096972,0.004718,-0.063241,-0.064076,0.016564,-0.044556,-0.023172,0.022858,-0.044114,-0.116817,0.005351,-0.018866,-0.141678,0.010261,-0.010359,-0.129759,-0.001883,-0.001426,-0.123432,-0.011559,-0.055381,-0.138677,0.017475,-0.082163,-0.137760,0.009267,-0.109278,-0.131481,0.016223
-0.023522,-0.096875,0.015282,-0.001573,-0.086241,0.014426,-0.030931,0.026916,0.007487,-0.026774,-0.047984,-0.022476,-0.045745,-0.085604,0.015591,-0.038686,-0.050814,0.018578,-0.030432,-0.023684,0.015951,-0.024521,-0.103816,0.015889,-0.005409,-0.135670,0.012051,0.007124,-0.117771,-0.006120,0.018899,-0.107080,-0.022058,-0.050030,-0.132002,0.023089,-0.071303,-0.138779,0.010787,-0.092121,-0.141435,0.007944
-0.030758,-0.100340,0.003387,-0.008672,-0.091393,0.004607,-0.030361,0.031057,-0.003589,-0.032172,-0.046428,-0.024602,-0.053437,-0.090966,0.001751,-0.045195,-0.051350,0.004834,-0.029815,-0.026069,0.015553,-0.031529,-0.106504,0.003999,-0.013195,-0.134351,0.001898,-0.003872,-0.114189,-0.019249,0.001463,-0.102072,-0.036434,-0.054702,-0.131275,0.009666,-0.074475,-0.142041,-0.005155,-0.095950,-0.147021,-0.010480
-0.041196,-0.111244,-0.014449,-0.023241,-0.103654,-0.015185,-0.030374,0.018109,-0.024646,-0.040388,-0.045689,-0.027097,-0.062929,-0.103206,-0.017137,-0.054172,-0.057156,-0.010401,-0.029528,-0.030610,0.015487,-0.040708,-0.116299,-0.013102,-0.021064,-0.136948,-0.010040,-0.017498,-0.116802,-0.032012,-0.019882,-0.104535,-0.048558,-0.054431,-0.134777,-0.006241,-0.073953,-0.146271,-0.021444,-0.096331,-0.150183,-0.025504
-0.029119,-0.120386,-0.019647,-0.018574,-0.113004,-0.023994,-0.030039,0.009035,-0.031700,-0.038739,-0.046561,-0.034157,-0.047103,-0.112656,-0.021008,-0.037118,-0.059896,-0.012487,-0.016323,-0.037435,0.009763,-0.027739,-0.124812,-0.017763,-0.007902,-0.142887,-0.013157,-0.007968,-0.123565,-0.034698,-0.011371,-0.110723,-0.051844,-0.034304,-0.141046,-0.007652,-0.052044,-0.150440,-0.020574,-0.068908,-0.153110,-0.023273
-0.022873,-0.127529,-0.021173,-0.021843,-0.120232,-0.030500,-0.035964,-0.003057,-0.036381,-0.036745,-0.048550,-0.049849,-0.034004,-0.119928,-0.019988,-0.020659,-0.059304,-0.015528,-0.003968,-0.044133,0.004415,-0.020761,-0.130821,-0.018942,-0.004589,-0.141227,-0.012716,-0.006662,-0.122118,-0.034229,-0.008517,-0.107378,-0.054002,-0.017766,-0.140209,-0.007873,-0.033656,-0.149772,-0.020261,-0.045977,-0.151743,-0.022221
-0.025711,-0.128922,-0.018665,-0.031553,-0.121506,-0.031851,-0.045452,-0.011874,-0.036331,-0.035672,-0.050332,-0.066634,-0.030317,-0.121233,-0.014983,-0.013075,-0.055525,-0.018291,0.001261,-0.047385,0.001963,-0.023388,-0.131145,-0.016450,-0.012880,-0.132616,-0.009333,-0.014379,-0.112967,-0.031208,-0.012930,-0.095923,-0.054287,-0.013198,-0.132529,-0.007192,-0.028120,-0.144474,-0.021030,-0.039118,-0.146646,-0.023212
-0.032869,-0.115773,-0.014471,-0.038176,-0.110345,-0.025942,-0.043330,-0.036321,-0.029286,-0.036392,-0.056021,-0.047500,-0.039207,-0.110171,-0.014667,-0.020479,-0.047114,-0.024074,-0.003328,-0.043127,0.003487,-0.029899,-0.117899,-0.011840,-0.016676,-0.123898,-0.005423,-0.020892,-0.105375,-0.026397,-0.023206,-0.089540,-0.047359,-0.017696,-0.123339,0.002585,-0.034615,-0.131058,-0.008564,-0.047364,-0.130341,-0.007502
-0.038009,-0.106811,-0.013644,-0.042297,-0.102359,-0.024730,-0.040417,-0.059802,-0.027242,-0.037945,-0.060473,-0.030206,-0.048148,-0.102148,-0.017350,-0.030347,-0.043836,-0.026741,-0.009869,-0.038689,0.005901,-0.034026,-0.109416,-0.010225,-0.014923,-0.122590,-0.003726,-0.022843,-0.106447,-0.022616,-0.029383,-0.093027,-0.039829,-0.019600,-0.121294,0.011671,-0.041797,-0.124390,0.002529,-0.057276,-0.122860,0.004577
-0.034872,-0.120805,-0.021443,-0.044592,-0.113158,-0.040340,-0.047419,-0.065708,-0.042129,-0.039436,-0.058217,-0.052259,-0.044671,-0.112599,-0.021539,-0.030194,-0.055445,-0.020209,-0.010513,-0.041413,0.006016,-0.029586,-0.124077,-0.016929,-0.006639,-0.136313,-0.007193,-0.016864,-0.123378,-0.022900,-0.021431,-0.111227,-0.038540,-0.007374,-0.135130,0.010064,-0.038541,-0.139382,-0.002510,-0.055737,-0.144262,-0.007431
-0.028197,-0.129511,-0.026372,-0.039424,-0.120362,-0.048035,-0.047817,-0.071301,-0.048796,-0.040844,-0.056467,-0.054431,-0.039227,-0.119679,-0.025146,-0.029622,-0.071070,-0.014630,-0.008938,-0.042514,0.005082,-0.022343,-0.133490,-0.021344,0.003415,-0.149248,-0.011726,-0.009363,-0.137780,-0.026184,-0.016264,-0.126731,-0.040063,0.002172,-0.147737,0.010036,-0.030673,-0.146508,0.001268,-0.046048,-0.150193,-0.002350
-0.021338,-0.128453,-0.026286,-0.029401,-0.120255,-0.044291,-0.041462,-0.073655,-0.044180,-0.041557,-0.056091,-0.035911,-0.034564,-0.119725,-0.026676,-0.028894,-0.082789,-0.013048,-0.005970,-0.041453,0.003478,-0.015930,-0.132820,-0.021586,0.010193,-0.154772,-0.015414,-0.004158,-0.142278,-0.031141,-0.016574,-0.131601,-0.043907,0.004297,-0.152681,0.011254,-0.022050,-0.142104,0.011614,-0.032888,-0.137595,0.016909
-0.036826,-0.141238,-0.027565,-0.045423,-0.130381,-0.050031,-0.050958,-0.073047,-0.051241,-0.041100,-0.053599,-0.060648,-0.048549,-0.129794,-0.025563,-0.041640,-0.098050,-0.020328,-0.010008,-0.044544,0.004978,-0.031398,-0.146158,-0.022752,-0.006475,-0.165962,-0.016563,-0.010853,-0.152553,-0.031593,-0.010581,-0.140216,-0.047747,-0.007215,-0.164022,0.010637,-0.016705,-0.155929,0.014029,-0.014374,-0.150259,0.020204
-0.046231,-0.157264,-0.030034,-0.054872,-0.143366,-0.056647,-0.058463,-0.075022,-0.058332,-0.039824,-0.050951,-0.082305,-0.056247,-0.142702,-0.024359,-0.048859,-0.112750,-0.022104,-0.012678,-0.048720,0.005842,-0.041131,-0.162866,-0.025338,-0.018401,-0.180907,-0.020024,-0.013453,-0.165702,-0.035403,-0.001432,-0.151054,-0.055670,-0.015413,-0.179114,0.007279,-0.011451,-0.175033,0.011513,0.000437,-0.169975,0.016733
-0.021101,-0.165989,-0.033299,-0.025084,-0.151962,-0.055351,-0.046122,-0.085295,-0.053689,-0.038055,-0.050918,-0.054511,-0.032734,-0.151340,-0.025411,-0.031611,-0.123021,-0.003842,-0.005550,-0.050895,0.002378,-0.017488,-0.172350,-0.029611,0.002597,-0.197669,-0.030447,0.003972,-0.178777,-0.050198,0.007611,-0.162585,-0.071500,-0.003277,-0.195311,0.000518,-0.002952,-0.186469,0.007349,0.002732,-0.178512,0.015986
-0.005930,-0.166763,-0.033475,-0.008551,-0.152833,-0.053757,-0.036748,-0.071158,-0.050882,-0.033501,-0.048649,-0.047471,-0.019583,-0.152314,-0.025857,-0.018854,-0.118277,0.002556,-0.000232,-0.052333,-0.000320,-0.002415,-0.173161,-0.029885,0.020066,-0.198729,-0.029023,0.016559,-0.179840,-0.049439,0.011174,-0.165204,-0.067742,0.008193,-0.196411,-0.002184,0.001184,-0.182503,0.006433,-0.002749,-0.170814,0.019522
-0.008324,-0.159005,-0.031059,-0.013601,-0.145301,-0.053210,-0.035096,-0.039394,-0.051485,-0.028558,-0.044786,-0.064814,-0.023380,-0.144937,-0.026015,-0.016930,-0.100585,-0.006514,0.000564,-0.052331,-0.001079,-0.003463,-0.164709,-0.026623,0.025284,-0.183412,-0.017116,0.018035,-0.168211,-0.034146,0.007510,-0.157443,-0.046887,0.013263,-0.181718,-0.000131,-0.001121,-0.164993,0.008581,-0.013276,-0.150647,0.024942
-0.007583,-0.161913,-0.011005,-0.012258,-0.143934,-0.039864,-0.033153,-0.046362,-0.037490,-0.031235,-0.045774,-0.039962,-0.027485,-0.143744,-0.007026,-0.017201,-0.104873,-0.005024,0.000285,-0.052565,-0.001383,-0.001251,-0.170117,-0.005205,0.040163,-0.203048,0.004732,0.021354,-0.192385,-0.009266,-0.000182,-0.186042,-0.015148,0.015619,-0.200192,0.032427,-0.003156,-0.192624,0.032898,-0.011769,-0.191154,0.034809
-0.006111,-0.171626,0.000441,-0.007821,-0.148632,-0.034094,-0.033267,-0.073633,-0.030113,-0.035526,-0.049377,-0.015997,-0.030161,-0.148584,0.005924,-0.020951,-0.122969,-0.000803,-0.000795,-0.052962,-0.001353,0.000687,-0.182754,0.006929,0.049919,-0.231805,0.012455,0.021906,-0.225133,0.001306,-0.006604,-0.222006,0.000352,0.013782,-0.227724,0.054336,-0.004598,-0.229381,0.047864,-0.007510,-0.239316,0.036870
-0.006245,-0.183677,-0.022912,-0.003476,-0.158726,-0.056244,-0.037559,-0.102247,-0.050248,-0.035183,-0.052418,-0.035708,-0.029616,-0.158708,-0.012345,-0.029417,-0.146365,-0.001733,-0.002437,-0.053419,-0.001095,-0.001131,-0.195384,-0.017584,0.039788,-0.243291,-0.017744,0.015047,-0.238639,-0.026188,-0.006597,-0.235707,-0.027530,0.006189,-0.239520,0.024600,-0.005200,-0.238585,0.022116,-0.009798,-0.241467,0.019059
-0.004382,-0.193341,-0.028971,-0.000325,-0.164191,-0.065587,-0.042834,-0.100913,-0.057673,-0.035606,-0.051297,-0.052508,-0.024981,-0.164381,-0.011177,-0.028736,-0.155823,0.009106,-0.005300,-0.053744,-0.000317,-0.000625,-0.206212,-0.024480,0.032660,-0.254557,-0.030854,0.012135,-0.254538,-0.033808,-0.002084,-0.254009,-0.032863,0.003050,-0.250989,0.015358,-0.003913,-0.252439,0.012290,-0.010919,-0.252938,0.011976
-0.001568,-0.196148,-0.015421,-0.000135,-0.162531,-0.058067,-0.046775,-0.070556,-0.048799,-0.036931,-0.047069,-0.058040,-0.018685,-0.163174,0.008249,-0.019322,-0.146825,0.025889,-0.007966,-0.053814,0.000377,0.001851,-0.210198,-0.011076,0.032033,-0.260322,-0.021293,0.014642,-0.265243,-0.018639,0.004805,-0.268152,-0.013786,0.005904,-0.256875,0.030334,-0.001430,-0.264495,0.022435,-0.010403,-0.268495,0.018309
-0.018148,-0.206890,-0.027550,-0.016417,-0.164457,-0.083442,-0.037081,-0.082881,-0.078643,-0.045411,-0.046589,-0.050247,-0.033029,-0.165436,0.006470,-0.032967,-0.141581,0.029511,-0.022326,-0.053871,0.006010,-0.014462,-0.222813,-0.022806,0.013433,-0.267313,-0.031409,-0.008488,-0.276918,-0.024453,-0.017801,-0.281516,-0.017479,-0.004853,-0.264532,0.018126,-0.019687,-0.267111,0.012053,-0.029587,-0.268814,0.010529
-0.026569,-0.216520,-0.037469,-0.024560,-0.167191,-0.103106,-0.025122,-0.102392,-0.101877,-0.051211,-0.047992,-0.035098,-0.039201,-0.168829,0.005126,-0.040491,-0.143387,0.034733,-0.031086,-0.054127,0.009182,-0.022837,-0.233779,-0.032598,0.001924,-0.273154,-0.040382,-0.025065,-0.285812,-0.030835,-0.034487,-0.290767,-0.023366,-0.009428,-0.270989,0.007050,-0.031513,-0.267453,0.003721,-0.042011,-0.266212,0.005509
0.000720,-0.216612,-0.016951,0.000100,-0.168767,-0.078214,-0.022473,-0.094668,-0.072297,-0.043938,-0.049657,-0.017865,-0.008404,-0.171535,0.026071,-0.012731,-0.156065,0.056361,-0.016905,-0.054564,0.002657,0.003453,-0.233421,-0.013009,0.022607,-0.275988,-0.027020,-0.002967,-0.288694,-0.017091,-0.010012,-0.293065,-0.010634,0.012101,-0.273890,0.025815,-0.009651,-0.273318,0.020375,-0.021145,-0.273621,0.020507
0.018291,-0.213899,0.006347,0.011262,-0.170390,-0.048851,-0.033635,-0.094319,-0.038178,-0.042615,-0.051469,-0.007775,0.016333,-0.174053,0.048211,0.011521,-0.164064,0.074812,-0.005339,-0.054895,-0.002677,0.020061,-0.228834,0.009263,0.030968,-0.269290,-0.009459,0.009019,-0.281077,0.000095,0.004814,-0.284220,0.004645,0.026972,-0.267591,0.045300,0.009877,-0.271415,0.037794,0.001348,-0.273305,0.036052
0.017354,-0.209862,0.019685,0.003311,-0.171097,-0.030604,-0.053010,-0.101257,-0.017333,-0.048364,-0.052631,-0.010364,0.022668,-0.175409,0.059562,0.020197,-0.163616,0.080023,-0.002214,-0.055054,-0.004455,0.018672,-0.222449,0.021932,0.022767,-0.256562,0.002260,0.004926,-0.266908,0.010912,0.002693,-0.268806,0.013626,0.027641,-0.255463,0.054504,0.017163,-0.262902,0.046030,0.014028,-0.265647,0.043118
0.006565,-0.198961,0.019720,-0.011378,-0.166163,-0.023566,-0.064812,-0.093593,-0.010219,-0.053111,-0.051223,-0.018317,0.020777,-0.170761,0.058075,0.023584,-0.146757,0.072914,-0.000574,-0.054996,-0.005594,0.006486,-0.208842,0.020671,0.001069,-0.236172,-0.001295,-0.015804,-0.244927,0.005881,-0.019492,-0.245493,0.007067,0.011325,-0.235627,0.045436,0.004137,-0.241807,0.038814,0.004888,-0.243777,0.036595
-0.002308,-0.198640,0.026824,-0.021572,-0.166142,-0.016287,-0.067973,-0.096218,-0.003960,-0.053143,-0.051168,-0.017216,0.015791,-0.171503,0.065398,0.022547,-0.146181,0.067959,-0.000499,-0.055302,-0.006129,-0.002809,-0.207767,0.027379,-0.017038,-0.229077,0.003379,-0.046482,-0.228393,-0.000743,-0.064309,-0.219555,-0.009816,0.005276,-0.229344,0.050250,-0.004107,-0.234408,0.043930,-0.002570,-0.235606,0.042535
0.002566,-0.226781,0.060845,-0.016016,-0.181874,0.002320,-0.061375,-0.134416,0.013845,-0.044925,-0.056581,0.006957,0.012990,-0.189469,0.102751,0.018405,-0.194500,0.078618,-0.002047,-0.056408,-0.006099,0.004547,-0.239449,0.063409,-0.014246,-0.256687,0.039387,-0.080309,-0.230638,0.005127,-0.134291,-0.195992,-0.031708,0.036950,-0.258535,0.100630,0.017322,-0.267509,0.088735,0.014595,-0.269524,0.086622
-0.006210,-0.238769,0.081395,-0.027377,-0.187716,0.014777,-0.063046,-0.149876,0.024105,-0.041498,-0.059542,0.010793,0.008648,-0.197433,0.128155,0.017985,-0.211952,0.081027,-0.002492,-0.057047,-0.006488,-0.004073,-0.252318,0.084088,-0.029509,-0.264160,0.058950,-0.101738,-0.222282,0.008444,-0.161110,-0.172107,-0.046398,0.036167,-0.267167,0.123146,0.012916,-0.273461,0.112414,0.006637,-0.270927,0.115502
-0.024768,-0.228577,0.077485,-0.050318,-0.180506,0.014226,-0.072659,-0.134464,0.021327,-0.045113,-0.057924,-0.007909,0.004440,-0.191651,0.128287,0.021107,-0.190023,0.073350,-0.001748,-0.056739,-0.007257,-0.024917,-0.239889,0.078345,-0.055904,-0.247644,0.051393,-0.100640,-0.207554,0.006493,-0.131816,-0.160027,-0.047731,0.002603,-0.250796,0.105728,-0.015581,-0.249180,0.102337,-0.022653,-0.238996,0.113974
-0.028292,-0.223975,0.071737,-0.059290,-0.177630,0.009551,-0.070192,-0.125798,0.014695,-0.046743,-0.058200,-0.010297,0.012872,-0.190667,0.127695,0.031407,-0.175596,0.080748,-0.001059,-0.056662,-0.008035,-0.029924,-0.233832,0.071402,-0.065117,-0.242202,0.040213,-0.084308,-0.206302,0.002364,-0.091309,-0.163784,-0.048409,-0.009606,-0.245491,0.094479,-0.021092,-0.238380,0.096959,-0.027355,-0.221293,0.116330
-0.163809,-0.405722,0.053415,-0.203004,-0.354746,-0.015419,-0.203843,-0.318190,-0.013154,-0.195122,-0.219505,-0.004080,-0.102808,-0.372326,0.117335,-0.035969,-0.245852,0.026210,-0.034312,-0.122942,-0.006589,-0.167478,-0.413772,0.051550,-0.218912,-0.403859,0.020064,-0.218167,-0.371465,-0.012220,-0.208289,-0.331739,-0.061350,-0.145905,-0.408590,0.062659,-0.153889,-0.392973,0.072505,-0.158571,-0.366173,0.102878
-0.597491,-0.947674,-0.020780,-0.648817,-0.880005,-0.109215,-0.641940,-0.898188,-0.111681,-0.660092,-0.693359,-0.031331,-0.498039,-0.908224,0.056114,-0.273214,-0.471492,-0.186947,-0.140443,-0.318307,-0.010395,-0.605091,-0.952340,-0.025528,-0.697826,-0.881085,-0.047177,-0.686104,-0.848761,-0.078175,-0.669504,-0.805320,-0.131921,-0.570068,-0.890305,-0.048972,-0.581727,-0.857617,-0.026892,-0.583889,-0.814562,0.022263
-0.804120,-1.007170,-0.114738,-0.860862,-0.938944,-0.205592,-0.833272,-0.939296,-0.211508,-0.856671,-0.768716,-0.132124,-0.699250,-0.971184,-0.046086,-0.414644,-0.461002,-0.339958,-0.201490,-0.347835,-0.007974,-0.809879,-1.009504,-0.118453,-0.898437,-0.918731,-0.125212,-0.875970,-0.882768,-0.158506,-0.854669,-0.837704,-0.213967,-0.759039,-0.929696,-0.145914,-0.778058,-0.888503,-0.118878,-0.774738,-0.843782,-0.067510
-0.663058,-0.555567,-0.157144,-0.716051,-0.503263,-0.231982,-0.663674,-0.422701,-0.238205,-0.667104,-0.409000,-0.229350,-0.588586,-0.530545,-0.114142,-0.379869,-0.219563,-0.342069,-0.183173,-0.198938,0.006454,-0.662162,-0.557892,-0.156407,-0.703365,-0.499779,-0.150513,-0.675576,-0.458054,-0.188463,-0.653857,-0.414022,-0.241879,-0.601819,-0.508584,-0.155408,-0.628622,-0.471661,-0.133226,-0.620212,-0.440819,-0.097612
-0.945684,-0.340521,-0.300326,-0.991653,-0.290756,-0.369176,-0.926627,-0.194188,-0.376397,-0.911869,-0.211777,-0.406432,-0.872869,-0.317919,-0.271284,-0.642155,-0.075546,-0.585695,-0.332235,-0.137448,0.054180,-0.945005,-0.345309,-0.299626,-0.970293,-0.323511,-0.306010,-0.929603,-0.287061,-0.337177,-0.899788,-0.252261,-0.380429,-0.904542,-0.329508,-0.285532,-0.923095,-0.302548,-0.268900,-0.898242,-0.289981,-0.255238
-1.308184,-0.272172,-0.506655,-1.348631,-0.211355,-0.583058,-1.278740,-0.108344,-0.589762,-1.261099,-0.139919,-0.628065,-1.232352,-0.242525,-0.480535,-0.941878,0.000762,-0.894962,-0.529320,-0.123852,0.082958,-1.307842,-0.281454,-0.505986,-1.321362,-0.283909,-0.519494,-1.273718,-0.260219,-0.537360,-1.241693,-0.240316,-0.563648,-1.281658,-0.287681,-0.483886,-1.300082,-0.263207,-0.468944,-1.269296,-0.260356,-0.466859
-1.396643,-0.269046,-0.699765,-1.438586,-0.183466,-0.800481,-1.365073,-0.028895,-0.802329,-1.372752,-0.166118,-0.818256,-1.337658,-0.220994,-0.666767,-1.023194,0.034033,-1.067217,-0.648592,-0.122180,0.049136,-1.390022,-0.284645,-0.694672,-1.368502,-0.284833,-0.680108,-1.332772,-0.277510,-0.683361,-1.317524,-0.275398,-0.687558,-1.338534,-0.287698,-0.659594,-1.389154,-0.244923,-0.637324,-1.385109,-0.230194,-0.620026
-1.490827,-0.264601,-0.453721,-1.522423,-0.160888,-0.564438,-1.456173,0.026194,-0.559965,-1.480757,-0.180119,-0.563983,-1.442015,-0.203222,-0.406438,-1.129083,0.051118,-0.759206,-0.801638,-0.131242,0.582846,-1.483944,-0.284049,-0.448574,-1.455496,-0.272383,-0.421054,-1.409374,-0.268581,-0.419524,-1.386694,-0.271890,-0.418438,-1.431892,-0.274535,-0.423239,-1.489920,-0.222232,-0.394419,-1.479490,-0.208627,-0.378629
-0.781144,-0.274439,-0.000093,-0.795308,-0.167854,-0.101152,-0.743806,0.016276,-0.091623,-0.768430,-0.187212,-0.100505,-0.730192,-0.212141,0.062379,-0.438658,0.029790,-0.225929,-0.215763,-0.196281,1.318748,-0.780197,-0.293252,0.000643,-0.776944,-0.265593,0.019448,-0.703039,-0.250860,0.014384,-0.652102,-0.244648,0.001904,-0.752699,-0.267761,-0.001768,-0.789271,-0.219591,0.029381,-0.742464,-0.219992,0.027453
-0.026839,-0.227505,0.050665,-0.034829,-0.158554,-0.011723,0.000000,-0.000000,0.000000,-0.028938,-0.144751,0.011576,0.048455,-0.188585,0.045208,0.590680,0.019611,-0.610103,0.663983,-0.171929,1.036927,-0.028437,-0.239596,0.049559,-0.032907,-0.228837,0.051739,0.043750,-0.214502,0.048174,0.095995,-0.209543,0.037322,-0.025076,-0.229505,0.044831,-0.063349,-0.187451,0.071208,-0.040107,-0.183648,0.075072
-0.034814,-0.162721,0.019284,-0.038152,-0.131050,-0.009420,0.000000,0.000000,0.000000,-0.032550,-0.088161,0.032242,0.065144,-0.145251,-0.062959,0.945094,0.009244,-1.120196,0.865880,-0.060614,0.542940,-0.035573,-0.169351,0.018781,-0.032661,-0.179531,0.013161,0.032884,-0.170248,0.013636,0.083428,-0.167691,0.006133,-0.041146,-0.178661,0.023968,-0.086944,-0.142038,0.044751,-0.095609,-0.130566,0.058673
-0.092694,-0.159084,0.031414,-0.082963,-0.122808,-0.001734,0.000000,-0.000000,0.000000,-0.030537,-0.091211,0.026234,0.007161,-0.134534,-0.062711,1.096322,-0.041233,-1.167940,0.880036,0.048116,0.432061,-0.089305,-0.168786,0.033614,-0.067132,-0.174700,0.045329,-0.014681,-0.168610,0.047413,0.055892,-0.160067,0.032204,-0.074353,-0.173814,0.047258,-0.115423,-0.139385,0.067691,-0.112556,-0.132162,0.076277
-0.166697,-0.155473,0.040122,-0.142415,-0.121730,0.006733,0.000000,0.000000,-0.000000,-0.040870,-0.115650,0.034856,-0.101388,-0.123520,-0.062547,1.000705,-0.149870,-1.054201,0.721169,0.092318,0.295608,-0.155239,-0.168567,0.047593,-0.093833,-0.177393,0.086237,-0.038260,-0.163946,0.082447,0.050038,-0.147189,0.057902,-0.104462,-0.175855,0.083425,-0.144078,-0.144349,0.102130,-0.133774,-0.141486,0.105316
-0.219270,-0.155694,0.039162,-0.186294,-0.130089,0.009882,0.000000,0.000000,-0.000000,-0.058393,-0.149494,0.051802,-0.204235,-0.120276,-0.062639,0.726179,-0.266106,-0.821528,0.439380,0.043271,0.211027,-0.199728,-0.170696,0.051767,-0.098235,-0.187648,0.113500,-0.025110,-0.159866,0.099839,0.069552,-0.136664,0.069355,-0.115150,-0.185189,0.111852,-0.157390,-0.156287,0.128225,-0.147635,-0.156095,0.128234
-0.192735,-0.108924,0.028398,-0.157382,-0.094240,0.008618,-0.000000,-0.000000,0.000000,-0.063959,-0.170589,0.050153,-0.212208,-0.075464,-0.080067,0.605690,-0.358904,-0.731968,0.356975,0.027790,0.041951,-0.168597,-0.127401,0.043919,-0.006722,-0.207304,0.106778,0.037973,-0.173718,0.083461,0.079413,-0.160656,0.067269,-0.118916,-0.196054,0.122899,-0.163201,-0.169069,0.137623,-0.158290,-0.180024,0.124397
-0.152265,-0.071351,0.020357,-0.117775,-0.062203,0.006116,-0.000000,0.000000,0.000000,-0.063212,-0.198266,0.033515,-0.192720,-0.039580,-0.088908,0.565018,-0.397840,-0.658455,0.357571,0.013994,-0.086293,-0.125507,-0.093228,0.037301,0.088646,-0.234035,0.093771,0.100298,-0.196674,0.061697,0.089117,-0.194307,0.059593,-0.119476,-0.215631,0.129112,-0.161796,-0.184387,0.148319,-0.155240,-0.202707,0.126314
-0.162181,-0.100929,0.024756,-0.129063,-0.083657,0.002853,-0.000000,0.000000,0.000000,-0.061932,-0.252092,0.002817,-0.214721,-0.063965,-0.068580,0.501322,-0.343424,-0.507853,0.321089,-0.021509,-0.075452,-0.133230,-0.124487,0.042299,0.096468,-0.267895,0.100222,0.111994,-0.221972,0.061537,0.108766,-0.214013,0.053080,-0.120413,-0.252104,0.138970,-0.153878,-0.205721,0.173600,-0.129398,-0.216326,0.160586
-0.167708,-0.121455,0.021672,-0.126567,-0.098803,-0.001311,-0.000000,-0.000000,0.000000,-0.071409,-0.297623,-0.010183,-0.237480,-0.079238,-0.057317,0.390849,-0.335223,-0.397484,0.253228,-0.067642,-0.095966,-0.138792,-0.145675,0.038383,0.086370,-0.278283,0.093493,0.105286,-0.226845,0.051051,0.112337,-0.212612,0.035445,-0.117439,-0.266371,0.132476,-0.134704,-0.220673,0.169893,-0.094647,-0.228892,0.159694
-0.163204,-0.126387,0.011683,-0.108727,-0.103099,-0.005459,0.000000,-0.000000,-0.000000,-0.086653,-0.311878,-0.003513,-0.246136,-0.082299,-0.058601,0.313107,-0.379423,-0.353620,0.198820,-0.110219,-0.117839,-0.136267,-0.149679,0.026469,0.067619,-0.261965,0.075436,0.086923,-0.210946,0.034117,0.100981,-0.193174,0.014530,-0.107318,-0.254229,0.111642,-0.108910,-0.224606,0.137895,-0.062978,-0.236844,0.123248
-0.132437,0.064120,0.036359,-0.015487,0.117948,0.022325,0.000000,0.000000,-0.000000,0.049202,0.248038,0.027085,-0.276692,0.142064,-0.008885,0.161756,-0.171491,-0.246683,0.079124,0.084932,-0.084132,-0.111177,0.025420,0.046281,0.097307,-0.148047,0.049239,0.112736,-0.093232,0.004633,0.103349,-0.086721,-0.002407,-0.145103,-0.143407,0.138134,-0.156432,-0.113623,0.163099,-0.128628,-0.128266,0.145900
-0.110218,0.215257,0.051858,0.042356,0.285657,0.043171,-0.000000,0.000000,0.000000,0.132506,0.636520,0.053784,-0.293165,0.307790,0.021506,0.035951,0.038442,-0.151417,-0.027399,0.258610,-0.035868,-0.092867,0.168608,0.058314,0.121225,-0.042304,0.031695,0.127522,0.011341,-0.012925,0.093897,0.004039,-0.004499,-0.175770,-0.042470,0.148835,-0.227169,-0.006047,0.173293,-0.251265,-0.014235,0.163695
-0.107436,0.091966,0.016841,-0.019492,0.116639,0.020906,-0.000000,-0.000000,0.000000,-0.003393,0.102333,0.046247,-0.233207,0.132289,-0.035590,0.053793,-0.010502,-0.144479,-0.020369,0.151677,-0.020398,-0.088184,0.068467,0.025587,0.101609,-0.054373,0.042316,0.093317,-0.014706,0.007388,0.062715,-0.023041,0.017357,-0.128430,-0.057886,0.083215,-0.254473,-0.020039,0.098295,-0.374883,-0.008713,0.113360
-0.117279,0.027415,0.000690,-0.076472,0.017746,0.011807,0.000000,0.000000,-0.000000,-0.059504,-0.215733,0.018140,-0.203905,0.031324,-0.068777,0.034209,-0.023308,-0.131796,-0.029100,0.103550,-0.031882,-0.095671,0.021129,0.011892,0.072266,-0.030744,0.064371,0.035900,-0.038964,0.064756,-0.017109,-0.080726,0.112870,-0.088266,-0.034354,0.050397,-0.234154,0.005750,0.066815,-0.379172,0.028506,0.097826
-0.144466,0.050261,0.008891,-0.111055,0.037657,0.017667,0.000000,0.000000,-0.000000,-0.026146,-0.156564,-0.019188,-0.231156,0.049274,-0.062707,-0.016208,0.012300,-0.111558,-0.055275,0.132519,-0.055211,-0.120346,0.046961,0.021371,0.042547,0.016382,0.083648,-0.020953,-0.050390,0.129188,-0.108359,-0.142344,0.236562,-0.080072,0.012778,0.063499,-0.181327,0.055971,0.091509,-0.266343,0.078185,0.122355
-0.105393,0.055929,-0.021944,-0.070791,0.018606,0.010662,-0.000000,0.000000,0.000000,-0.038382,-0.178795,-0.012446,-0.181787,0.032697,-0.104822,-0.059308,-0.008167,-0.138216,-0.088204,0.122989,-0.101446,-0.087746,0.060753,-0.012208,0.037912,0.050887,0.044370,-0.018395,-0.014878,0.091333,-0.082892,-0.095156,0.187159,-0.060024,0.047869,0.009424,-0.099246,0.076762,0.032175,-0.115308,0.085447,0.043545
-0.050251,0.071496,-0.061737,-0.011462,0.003385,0.002733,-0.000000,-0.000000,0.000000,-0.056236,-0.193893,0.006740,-0.111657,0.020668,-0.159603,-0.075662,-0.020639,-0.178881,-0.101136,0.072364,-0.146195,-0.041614,0.085892,-0.055817,0.040610,0.096401,-0.007070,0.005096,0.054238,0.023973,-0.022219,0.004527,0.084554,-0.043191,0.093884,-0.062908,-0.033598,0.106160,-0.050189,-0.003131,0.102356,-0.056577
-0.031326,0.122710,-0.081663,0.008793,0.033443,0.004808,0.000000,0.000000,-0.000000,-0.038353,-0.117062,0.009123,-0.078907,0.050951,-0.192223,-0.048398,0.038769,-0.200218,-0.069517,-0.022410,-0.164064,-0.027723,0.144506,-0.077830,0.030875,0.175481,-0.026266,0.011163,0.142884,-0.000688,-0.004796,0.100670,0.050933,-0.046761,0.173011,-0.106707,-0.032124,0.181538,-0.096949,-0.009059,0.180773,-0.099155
-0.033032,0.147031,-0.084309,-0.005002,0.047055,0.007744,0.000000,0.000000,0.000000,-0.034107,-0.095580,0.010101,-0.075149,0.062271,-0.201010,-0.090368,-0.114860,-0.253122,-0.142591,-0.261276,-0.167477,-0.028537,0.172167,-0.080001,0.035561,0.201118,-0.028280,0.028211,0.197730,-0.026457,0.032043,0.182926,-0.008788,-0.040093,0.197961,-0.103256,-0.019642,0.197764,-0.101145,0.003711,0.193086,-0.107913
-0.053636,0.131270,-0.068852,-0.044695,0.036662,0.009859,0.000000,0.000000,0.000000,-0.046672,-0.138287,0.007955,-0.101666,0.047215,-0.181575,-0.180095,-0.408786,-0.302285,-0.290303,-0.516414,-0.138695,-0.042745,0.154153,-0.061836,0.053365,0.160277,-0.012894,0.048142,0.191072,-0.040849,0.069748,0.210201,-0.064906,-0.024937,0.155909,-0.054685,-0.000580,0.146573,-0.060805,0.030966,0.133205,-0.078158
0.012532,0.147217,-0.078227,0.014420,0.051589,0.006085,0.000000,0.000000,-0.000000,-0.037385,-0.094777,0.012648,-0.011862,0.059574,-0.178979,-0.100544,-0.252023,-0.251143,-0.188243,-0.316653,-0.123529,0.016807,0.172386,-0.074738,0.074111,0.193672,-0.033587,0.101699,0.253986,-0.081713,0.144284,0.294499,-0.132656,0.015208,0.190198,-0.087523,0.035679,0.175451,-0.099185,0.066424,0.155479,-0.124055
0.064957,0.170579,-0.084890,0.063943,0.076912,0.004276,-0.000000,-0.000000,0.000000,-0.020461,-0.034301,0.014554,0.068712,0.082791,-0.168546,-0.021305,-0.041966,-0.185264,-0.061875,-0.106391,-0.128066,0.060525,0.197227,-0.085988,0.066781,0.234042,-0.057416,0.126143,0.302473,-0.106637,0.182863,0.344606,-0.160097,0.031704,0.231930,-0.123500,0.048338,0.216810,-0.135870,0.075458,0.196157,-0.161104
0.003705,0.177765,-0.060726,-0.003568,0.097659,0.012383,0.000000,0.000000,-0.000000,-0.010138,-0.023377,0.003244,0.014418,0.101201,-0.125164,-0.114511,-0.181231,-0.169056,-0.155368,-0.305096,-0.118892,-0.000518,0.199888,-0.062211,0.001220,0.215440,-0.050991,0.058431,0.253244,-0.073505,0.110771,0.270026,-0.096465,-0.022475,0.213905,-0.083242,-0.001100,0.205007,-0.088998,0.026482,0.193771,-0.102996
-0.004207,0.186631,-0.053847,-0.013482,0.113148,0.014303,0.000000,0.000000,-0.000000,-0.004286,0.006774,0.009236,0.013839,0.115174,-0.107336,-0.126023,-0.192536,-0.150106,-0.159977,-0.274215,-0.110177,-0.010176,0.208161,-0.056489,-0.032888,0.233747,-0.049598,0.033720,0.249689,-0.051337,0.101669,0.255504,-0.061859,-0.024951,0.234560,-0.081449,0.008187,0.227075,-0.084180,0.032713,0.227687,-0.084295
0.044929,0.191396,-0.069018,0.038732,0.115117,0.008592,0.000000,0.000000,0.000000,-0.006367,0.040411,0.029698,0.067163,0.115676,-0.124515,-0.048064,-0.071416,-0.141317,-0.068263,-0.036583,-0.113633,0.036125,0.216544,-0.073254,-0.018872,0.278598,-0.055961,0.064238,0.292637,-0.052317,0.160554,0.307630,-0.073634,0.025158,0.281872,-0.120970,0.071216,0.270256,-0.125617,0.090728,0.279208,-0.116015
0.075416,0.174804,-0.059931,0.056106,0.107789,0.005177,0.000000,0.000000,0.000000,-0.003897,0.035850,0.023147,0.104522,0.107919,-0.101992,-0.026557,-0.025265,-0.102372,-0.035600,0.026791,-0.088052,0.067040,0.198764,-0.064200,0.000801,0.269937,-0.046413,0.079691,0.282773,-0.041708,0.174469,0.300631,-0.064771,0.066790,0.274282,-0.112936,0.107567,0.261244,-0.119396,0.127750,0.266924,-0.113310
0.095659,0.152143,-0.047007,0.067756,0.098657,0.002173,-0.000000,0.000000,-0.000000,0.006221,0.021001,-0.000775,0.125378,0.098549,-0.074189,-0.025454,-0.028581,-0.067032,-0.028965,0.013214,-0.060671,0.088436,0.172266,-0.050901,0.022097,0.236034,-0.038936,0.087412,0.246343,-0.034076,0.167158,0.262096,-0.053003,0.094971,0.240357,-0.091607,0.129862,0.223532,-0.102185,0.153403,0.221210,-0.105215
0.113267,0.138727,-0.051379,0.102063,0.095441,-0.002618,-0.000000,0.000000,0.000000,0.026604,0.023451,-0.032407,0.128711,0.094017,-0.076089,-0.006881,-0.057216,-0.073518,-0.010400,0.013291,-0.067304,0.105285,0.154472,-0.055762,0.039631,0.204954,-0.052931,0.093929,0.209506,-0.045098,0.162197,0.219704,-0.056745,0.103307,0.208372,-0.092452,0.149417,0.180194,-0.111568,0.176061,0.172020,-0.121648
0.108052,0.139838,-0.022987,0.094938,0.099560,0.021004,-0.000000,0.000000,0.023578,0.025960,0.026509,-0.006466,0.115612,0.097580,-0.049518,-0.012097,-0.046611,-0.044908,-0.010505,0.017826,-0.046775,0.103200,0.154565,-0.025861,0.049343,0.203027,-0.019381,0.089565,0.201572,-0.009301,0.141232,0.205142,-0.012949,0.115817,0.206249,-0.053345,0.156239,0.178770,-0.072373,0.176397,0.172494,-0.080187
0.107053,0.147008,0.012156,0.074129,0.101384,0.049569,0.023555,-0.007051,0.047600,0.028582,0.021716,0.052186,0.116825,0.099414,-0.019235,-0.014842,-0.008325,-0.005699,-0.005251,0.017468,-0.019800,0.107741,0.164600,0.011959,0.071035,0.223589,0.032929,0.101489,0.218558,0.043986,0.140175,0.217451,0.045782,0.150991,0.226989,-0.005981,0.171816,0.211962,-0.016407,0.179378,0.214440,-0.013737
0.103121,0.143079,0.011962,0.074232,0.101102,0.047640,0.040398,-0.018950,0.043937,0.045321,0.027128,0.056888,0.118586,0.099005,-0.013581,0.000000,0.000000,-0.000000,0.009505,0.020497,-0.014032,0.101949,0.160121,0.010717,0.061577,0.221763,0.031366,0.090977,0.217702,0.041541,0.127809,0.217064,0.043034,0.131775,0.223936,-0.016196,0.150065,0.215438,-0.020928,0.155308,0.221885,-0.013581
0.088663,0.138666,0.004216,0.068597,0.103436,0.038319,0.031995,-0.021352,0.035669,0.040472,0.035001,0.047497,0.108700,0.101333,-0.012499,0.000000,0.000000,-0.000000,0.001925,0.024757,-0.002641,0.084150,0.153827,0.001213,0.036919,0.213663,0.017124,0.066143,0.211522,0.025800,0.102464,0.212257,0.025947,0.091136,0.214430,-0.036783,0.112734,0.210756,-0.036464,0.119439,0.220180,-0.025613
0.103739,0.130291,-0.005527,0.078235,0.099123,0.022539,0.027169,-0.013850,0.023319,0.026017,0.024476,0.041602,0.122420,0.097251,-0.018142,-0.000000,0.000000,0.000000,-0.012544,0.014685,0.019332,0.100356,0.144330,-0.007980,0.060720,0.201405,0.009371,0.082776,0.198359,0.017193,0.110064,0.196955,0.019628,0.109754,0.201628,-0.042882,0.129447,0.205374,-0.036014,0.135155,0.220634,-0.018169
0.122722,0.116019,-0.011413,0.095728,0.082482,0.021890,0.003333,-0.022828,0.029613,0.017728,0.022499,0.025824,0.138594,0.079781,-0.026292,0.000000,0.000000,0.000000,-0.021192,0.007382,0.032289,0.118991,0.130176,-0.014196,0.093223,0.178938,0.003731,0.161825,0.185955,0.015098,0.226410,0.183120,0.021068,0.116293,0.178028,-0.049720,0.134749,0.185867,-0.039241,0.140205,0.201572,-0.020716
0.135903,0.102331,-0.011585,0.111976,0.061426,0.035831,-0.028072,-0.043645,0.051710,0.019114,0.029232,0.007292,0.148908,0.056939,-0.033668,0.000000,0.000000,-0.000000,-0.019666,0.005441,0.029683,0.130554,0.117784,-0.015476,0.118059,0.156957,0.001880,0.263657,0.180512,0.020856,0.393556,0.177968,0.031180,0.107424,0.154687,-0.055128,0.125771,0.161248,-0.045773,0.131673,0.171781,-0.033248
0.130834,0.076809,-0.015545,0.108594,0.038639,0.028568,-0.010434,-0.071305,0.042934,0.030729,0.001197,0.007215,0.141873,0.034073,-0.036196,0.000000,0.000000,0.000000,-0.008033,-0.020611,0.012579,0.126279,0.091407,-0.019058,0.115021,0.129580,-0.001965,0.266278,0.141180,0.031463,0.408737,0.132603,0.052170,0.109239,0.127459,-0.054938,0.128396,0.131783,-0.047432,0.136897,0.139872,-0.037729
0.118795,0.052308,-0.020184,0.095248,0.018944,0.014941,0.021421,-0.103934,0.023838,0.043891,-0.023661,0.020933,0.130471,0.014942,-0.036728,0.000000,0.000000,-0.000000,0.004720,-0.042659,-0.006257,0.115836,0.065971,-0.022842,0.095021,0.108901,-0.007231,0.197816,0.094988,0.035871,0.298487,0.074101,0.069155,0.117277,0.107784,-0.052528,0.135229,0.107611,-0.049348,0.143237,0.114387,-0.041213
0.110701,0.041348,-0.022794,0.081156,0.007044,0.009626,0.032187,-0.139202,0.015971,0.048901,-0.008046,0.043024,0.127329,0.002898,-0.038301,0.000000,0.000000,0.000000,0.009754,-0.034172,-0.014166,0.108551,0.056058,-0.025171,0.068723,0.106776,-0.013656,0.086209,0.069629,0.023566,0.089515,0.030784,0.068196,0.126828,0.106685,-0.051720,0.138373,0.098537,-0.057077,0.137343,0.103599,-0.051151
0.107997,0.042700,-0.026588,0.077247,0.011201,0.001839,0.037038,-0.144142,0.008350,0.053970,0.008070,0.041642,0.126386,0.007294,-0.038651,0.000000,0.000000,0.000000,0.014882,-0.021023,-0.022106,0.105946,0.056880,-0.028929,0.054872,0.110007,-0.021358,0.011010,0.061234,0.006863,-0.050645,0.016169,0.052398,0.128904,0.110072,-0.054647,0.119802,0.100860,-0.064839,0.092453,0.109423,-0.054854
0.111925,0.055082,-0.030547,0.085323,0.028822,-0.005345,0.033333,-0.116390,0.004581,0.056479,0.016191,0.017037,0.128016,0.025338,-0.038343,0.000000,-0.000000,0.000000,0.017454,-0.009879,-0.026085,0.109228,0.067422,-0.033136,0.060322,0.116417,-0.027361,0.009608,0.073707,-0.005832,-0.052084,0.037457,0.030717,0.122444,0.115648,-0.060762,0.088791,0.112883,-0.069484,0.031091,0.128385,-0.050837
0.123103,0.063705,-0.033173,0.097122,0.042266,-0.012758,0.027223,-0.091629,0.001442,0.047406,0.025328,0.010747,0.132418,0.039249,-0.039579,-0.000000,0.000000,-0.000000,0.008688,0.000842,-0.012915,0.121721,0.074071,-0.034916,0.084293,0.116529,-0.027669,0.031934,0.084319,-0.015264,-0.026142,0.058576,0.010227,0.135199,0.115417,-0.057419,0.093323,0.108103,-0.071595,0.034160,0.115051,-0.062519
0.127793,0.068672,-0.037094,0.101062,0.054769,-0.027427,0.036732,-0.070525,-0.013099,0.039582,0.028800,0.016456,0.131913,0.053070,-0.039325,0.000000,0.000000,0.000000,0.000466,0.007992,-0.000488,0.128472,0.076294,-0.037469,0.104173,0.111641,-0.028180,0.052442,0.086767,-0.021519,-0.001004,0.068227,-0.003342,0.148148,0.110592,-0.051368,0.107418,0.094462,-0.073115,0.060194,0.087885,-0.079775
0.112503,0.070232,-0.044869,0.085815,0.069710,-0.056342,0.080128,-0.053882,-0.051256,0.045763,0.019619,0.028067,0.119108,0.070959,-0.034500,0.000000,0.000000,0.000000,0.004663,0.008973,-0.006745,0.114766,0.073703,-0.043919,0.097649,0.103189,-0.034725,0.045850,0.075000,-0.024617,-0.004575,0.055414,-0.004238,0.142557,0.102539,-0.049251,0.105423,0.080165,-0.075712,0.068195,0.065555,-0.091774
0.101303,0.073630,-0.052064,0.080385,0.083953,-0.075474,0.093969,-0.040621,-0.072785,0.054151,0.023373,0.010805,0.109690,0.087196,-0.030969,0.000000,0.000000,-0.000000,0.013908,0.018753,-0.020818,0.102600,0.073323,-0.051211,0.084579,0.094646,-0.047436,0.036241,0.064922,-0.034459,-0.010742,0.043959,-0.011549,0.124025,0.094289,-0.054223,0.090232,0.070556,-0.081022,0.061004,0.051402,-0.102357
0.099580,0.076816,-0.055953,0.087271,0.090066,-0.076103,0.071114,-0.037247,-0.067022,0.060706,0.038379,-0.027560,0.108130,0.093312,-0.031263,0.000000,0.000000,0.000000,0.023510,0.032363,-0.035741,0.097848,0.075003,-0.056581,0.071272,0.090026,-0.060894,0.028144,0.061440,-0.047006,-0.016721,0.039634,-0.022423,0.101644,0.089656,-0.064694,0.069339,0.070171,-0.087118,0.042249,0.052284,-0.106725
0.082634,0.059510,-0.038044,0.073839,0.061876,-0.040685,0.021385,-0.069439,-0.023620,0.044004,0.034640,-0.027987,0.086826,0.062635,-0.027082,-0.000000,0.000000,0.000000,0.008031,0.021123,-0.012226,0.080463,0.060913,-0.039286,0.053749,0.081402,-0.040484,0.012925,0.058586,-0.030828,-0.027888,0.041953,-0.012050,0.080439,0.080365,-0.053336,0.047518,0.067497,-0.069706,0.017909,0.055988,-0.081411
0.071229,0.040185,-0.020696,0.064134,0.031533,-0.007623,-0.013065,-0.099753,0.015346,0.028421,0.023365,-0.013858,0.069638,0.030014,-0.024164,-0.000000,0.000000,-0.000000,-0.007929,0.004012,0.012223,0.069675,0.044720,-0.021979,0.046381,0.069222,-0.019117,0.004782,0.051522,-0.013998,-0.034410,0.039749,-0.000855,0.071489,0.067751,-0.037888,0.039107,0.060047,-0.049393,0.008298,0.054184,-0.054223
0.085872,0.037578,-0.026893,0.081998,0.031431,-0.015965,0.009912,-0.090487,0.006754,0.038802,0.016257,-0.008557,0.080160,0.030502,-0.028806,0.000000,-0.000000,-0.000000,-0.000000,0.000555,0.000128,0.084450,0.040372,-0.027945,0.063193,0.054251,-0.030310,0.017529,0.035748,-0.025187,-0.026839,0.022273,-0.009779,0.085595,0.053529,-0.036686,0.058140,0.045664,-0.047478,0.033335,0.038796,-0.053789
0.083587,0.045205,-0.026168,0.086839,0.046062,-0.021553,0.020257,-0.064009,0.000252,0.046506,0.011119,-0.020306,0.071678,0.046368,-0.024779,0.000000,0.000000,0.000000,0.006850,0.004647,-0.010344,0.082485,0.044648,-0.026690,0.069885,0.045512,-0.032292,0.031312,0.028663,-0.026602,-0.005758,0.014819,-0.010260,0.080073,0.045526,-0.028149,0.062769,0.030004,-0.044165,0.049627,0.014547,-0.061303
0.065401,0.059333,-0.019000,0.076104,0.068213,-0.021690,0.012941,-0.033491,-0.000395,0.047501,0.010546,-0.043077,0.048297,0.069732,-0.014202,-0.000000,0.000000,0.000000,0.009073,0.014399,-0.013821,0.064655,0.055488,-0.018964,0.063035,0.047466,-0.024214,0.039158,0.033907,-0.017664,0.018210,0.021219,-0.002190,0.057616,0.047803,-0.016673,0.050630,0.020918,-0.041122,0.049015,-0.006478,-0.072882
0.044888,0.056704,-0.012534,0.057134,0.069954,-0.021408,0.010531,-0.033091,-0.002403,0.034571,0.009070,-0.029133,0.026960,0.072110,-0.005855,0.000000,0.000000,-0.000000,-0.002549,0.015559,0.003975,0.045056,0.050893,-0.011810,0.052353,0.034261,-0.017450,0.025096,0.025210,-0.015765,-0.002572,0.013505,-0.001423,0.036364,0.034902,-0.003804,0.012450,0.007909,-0.030343,-0.011013,-0.017838,-0.058560
0.029240,0.045470,-0.007811,0.039623,0.060792,-0.021770,0.012925,-0.048225,-0.005282,0.024362,0.005443,-0.009149,0.011576,0.063242,-0.000601,0.000000,0.000000,0.000000,-0.011765,0.011163,0.018117,0.030803,0.039031,-0.006282,0.046544,0.020702,-0.008502,0.012617,0.014870,-0.011289,-0.022012,0.005242,0.000540,0.024867,0.021220,0.004862,-0.014044,-0.009112,-0.026132,-0.057343,-0.035237,-0.053044
0.025640,0.033976,-0.005846,0.033236,0.050439,-0.023803,0.020131,-0.064272,-0.008546,0.033328,-0.001876,-0.013468,0.006022,0.053038,0.000718,0.000000,0.000000,0.000000,-0.002372,0.004140,0.003785,0.028997,0.028267,-0.003406,0.054293,0.021768,0.006148,0.025209,0.015294,0.005272,0.005852,0.010052,0.011807,0.031615,0.021366,0.003738,0.008930,-0.030152,-0.042725,-0.016697,-0.074479,-0.090942
0.016009,0.027931,-0.000233,0.015314,0.047422,-0.028112,0.023304,-0.069195,-0.016048,0.037880,-0.009885,-0.024238,-0.006779,0.050475,0.005532,-0.000000,0.000000,0.000000,0.007341,-0.001655,-0.010991,0.023425,0.021162,0.004449,0.068128,0.010039,0.021006,0.037232,0.017065,0.007355,0.025690,0.027181,-0.005390,0.042953,0.009993,0.024226,0.020663,-0.061133,-0.037688,0.003200,-0.126082,-0.108506
0.004913,0.030285,0.006013,-0.005526,0.053257,-0.032664,0.020884,-0.060455,-0.023826,0.035504,-0.014833,-0.035550,-0.020674,0.056753,0.011334,0.000000,-0.000000,-0.000000,0.012296,-0.003607,-0.018569,0.016646,0.021184,0.013101,0.080982,-0.008722,0.028188,0.042360,0.019270,-0.006306,0.027133,0.048171,-0.042465,0.053126,-0.007380,0.055726,0.014704,-0.086976,-0.013514,-0.008789,-0.165096,-0.096525
-0.021093,0.043915,0.019937,-0.029460,0.067442,-0.020547,0.026328,-0.044449,-0.016951,0.029617,-0.008424,-0.012171,-0.047995,0.070780,0.022755,0.000000,0.000000,0.000000,0.008963,0.005213,-0.013632,-0.008041,0.033774,0.027675,0.061346,-0.005115,0.039417,0.022985,0.035103,-0.005619,0.007769,0.074537,-0.054351,0.036016,-0.003006,0.079999,0.012815,-0.091640,0.006927,0.006159,-0.178588,-0.084572
-0.042679,0.057090,0.029856,-0.049458,0.080782,-0.011290,0.029230,-0.030162,-0.011302,0.026087,0.001671,0.003428,-0.069105,0.083898,0.031314,0.000000,0.000000,-0.000000,0.005919,0.015820,-0.009189,-0.029028,0.046802,0.037775,0.039673,0.007785,0.048545,-0.002076,0.063363,-0.010050,-0.016189,0.119387,-0.078031,0.021406,0.010061,0.092681,0.013744,-0.090823,0.013738,0.020076,-0.186503,-0.085176
-0.040449,0.058329,0.024231,-0.058514,0.084435,-0.024132,0.018943,-0.026519,-0.022551,0.030560,0.007519,-0.031126,-0.064229,0.087708,0.028740,0.000000,-0.000000,0.000000,0.011701,0.019279,-0.018278,-0.024630,0.048353,0.033092,0.046570,0.016936,0.049288,-0.014397,0.103381,-0.038540,-0.029768,0.197344,-0.149421,0.039140,0.018822,0.089400,0.015198,-0.100390,-0.002403,0.002624,-0.209304,-0.109854
-0.053839,0.067711,0.029031,-0.073891,0.095767,-0.022167,0.007127,-0.016584,-0.019737,0.018211,0.024034,-0.025741,-0.078446,0.098920,0.033667,0.000000,0.000000,0.000000,0.003357,0.029623,-0.006208,-0.036785,0.057971,0.038341,0.038114,0.035448,0.061315,-0.038798,0.142588,-0.044407,-0.062300,0.260463,-0.179126,0.032520,0.036633,0.090832,0.002764,-0.097301,-0.009070,-0.016390,-0.218909,-0.124549
-0.076890,0.079824,0.041003,-0.088771,0.108471,-0.007164,-0.000567,-0.005350,-0.004563,-0.005534,0.042115,0.017068,-0.105407,0.111218,0.043005,0.000000,0.000000,-0.000000,-0.015287,0.040243,0.021413,-0.060117,0.070140,0.049988,0.017929,0.053445,0.077481,-0.064249,0.160842,-0.025311,-0.099326,0.276785,-0.152469,0.004234,0.053912,0.095157,-0.018024,-0.084392,-0.003302,-0.028251,-0.212766,-0.121484
-0.069187,0.078423,0.041119,-0.078696,0.113170,-0.011521,-0.000778,0.009285,-0.007680,-0.002308,0.047388,0.005750,-0.103131,0.116110,0.047194,0.000000,0.000000,0.006594,-0.013282,0.044055,0.025168,-0.051977,0.067011,0.050235,0.032274,0.050281,0.080001,-0.050824,0.184823,-0.039764,-0.070235,0.335667,-0.197774,0.009323,0.050336,0.093592,-0.022350,-0.087913,-0.001832,-0.039975,-0.219856,-0.118125
-0.053299,0.058335,0.043570,-0.062617,0.097616,-0.012192,0.000894,0.010110,-0.007828,0.005839,0.029928,-0.009647,-0.090683,0.100585,0.054142,-0.002589,-0.013253,0.020760,-0.006700,0.028424,0.025896,-0.036096,0.045777,0.052550,0.048812,0.029821,0.082418,-0.032255,0.191575,-0.052424,-0.032531,0.379886,-0.240962,0.023431,0.029662,0.094195,-0.017039,-0.113194,-0.001007,-0.041419,-0.252122,-0.118068
-0.050708,0.034508,0.046245,-0.058269,0.069538,-0.002579,0.000000,0.000000,0.000000,-0.001901,0.000364,0.004455,-0.086081,0.071815,0.055331,-0.009377,-0.032805,0.027442,-0.010561,0.001297,0.028153,-0.035122,0.023779,0.054155,0.036342,0.016157,0.082298,-0.040150,0.177563,-0.044971,-0.039891,0.369300,-0.226187,0.023390,0.015936,0.088883,-0.007706,-0.145682,-0.012965,-0.021112,-0.302175,-0.140302
-0.028760,0.036729,0.024425,-0.027537,0.061423,-0.006540,-0.000000,0.000000,0.000000,0.005067,-0.001538,-0.007913,-0.062188,0.062656,0.027086,0.002447,-0.023304,0.004508,0.000948,-0.001693,0.006076,-0.017433,0.028700,0.030074,0.034805,0.022186,0.049999,-0.026969,0.201144,-0.080803,-0.020102,0.408262,-0.265078,0.023252,0.021896,0.055005,0.006704,-0.153407,-0.049178,0.008351,-0.324615,-0.183577
0.000268,0.053514,-0.003492,0.012785,0.067080,-0.014534,0.000000,0.000000,0.000000,0.021968,0.014582,-0.032385,-0.032261,0.067258,-0.008796,0.026181,0.000652,-0.028568,0.021024,0.010023,-0.020941,0.006846,0.047708,-0.000214,0.043731,0.034564,0.008913,-0.002703,0.242023,-0.131646,0.010696,0.472461,-0.324278,0.021792,0.034178,0.016822,0.017681,-0.143704,-0.082762,0.030847,-0.320663,-0.215893
-0.010370,0.053126,0.000942,0.007311,0.064141,-0.004996,0.000000,0.000000,0.008359,0.017957,0.015916,-0.017409,-0.039318,0.064001,-0.004737,0.021934,0.030712,-0.025268,0.017848,0.011493,-0.018177,-0.006010,0.048045,0.003146,0.028213,0.034286,0.010297,0.009041,0.240673,-0.119049,0.039557,0.464692,-0.295280,-0.004460,0.033622,0.013905,0.012661,-0.129943,-0.071969,0.042218,-0.292731,-0.190364
-0.031382,0.011319,0.015756,-0.015671,0.022024,0.008641,-0.000704,-0.032175,0.016685,0.002301,-0.021818,0.014184,-0.051956,0.021968,0.013671,0.004988,0.026308,-0.005468,0.001713,-0.024831,0.001443,-0.028257,0.006953,0.017356,0.004331,-0.003665,0.025231,0.009391,0.198764,-0.091615,0.057496,0.416354,-0.251836,-0.032694,-0.004577,0.022788,0.004083,-0.155222,-0.050915,0.059493,-0.312698,-0.161683
-0.024130,-0.042685,0.008295,-0.018413,-0.036481,0.002168,0.006624,-0.075818,0.005928,-0.006273,-0.069361,0.028660,-0.029433,-0.036314,0.010017,0.000000,0.000000,0.000000,-0.007771,-0.072553,0.013986,-0.022819,-0.044850,0.008976,-0.002573,-0.050818,0.014304,0.008182,0.172718,-0.106295,0.063609,0.415617,-0.273342,-0.030664,-0.051699,0.009488,0.013775,-0.209645,-0.063519,0.109086,-0.401044,-0.192195
-0.015280,-0.050497,0.002602,-0.014281,-0.046799,-0.002407,0.008272,-0.065844,-0.002311,-0.010319,-0.078166,0.025791,-0.015015,-0.046567,0.005159,0.000000,0.000000,-0.000000,-0.012527,-0.078431,0.020760,-0.014586,-0.051667,0.002960,-0.000248,-0.056234,0.006459,0.016363,0.170546,-0.107729,0.074070,0.416982,-0.266093,-0.021221,-0.056879,0.002887,0.028757,-0.214918,-0.065991,0.143464,-0.418707,-0.195610
-0.014067,-0.034820,0.006817,-0.010184,-0.030337,0.002480,-0.001265,-0.033687,0.001370,-0.012608,-0.070404,0.012420,-0.020744,-0.030302,0.006861,0.000000,-0.000000,0.000000,-0.015121,-0.066240,0.023782,-0.012477,-0.036692,0.007604,0.005363,-0.043752,0.010881,0.024078,0.167737,-0.088196,0.076765,0.395805,-0.224598,-0.013873,-0.044122,0.011571,0.036967,-0.195491,-0.050545,0.141118,-0.384432,-0.162651
-0.008765,-0.020504,0.002115,0.000266,-0.015285,0.000080,0.001112,-0.016179,-0.000277,-0.001409,-0.056791,-0.004596,-0.013921,-0.015290,0.004536,-0.000000,0.000000,0.000000,-0.004314,-0.052322,0.006835,-0.009405,-0.022866,0.001921,-0.001531,-0.032256,-0.000668,0.040555,0.208175,-0.102509,0.112539,0.462102,-0.242510,-0.018648,-0.032336,0.003430,0.050440,-0.207024,-0.062597,0.166039,-0.413660,-0.176338
0.001901,-0.008833,-0.007077,0.015902,-0.003608,-0.005626,0.006852,-0.007237,-0.003820,0.008051,-0.043422,-0.013427,0.001837,-0.003604,-0.000675,0.000000,0.000000,-0.000000,0.004761,-0.040933,-0.007240,-0.002183,-0.011317,-0.008815,-0.011616,-0.021857,-0.019557,0.053598,0.251540,-0.124181,0.148835,0.539413,-0.270065,-0.023121,-0.021591,-0.012454,0.065145,-0.222165,-0.082053,0.194957,-0.450289,-0.198425
0.019272,-0.001131,-0.016399,0.035612,0.002685,-0.010711,0.007417,-0.000793,-0.005890,0.000584,-0.036308,-0.002354,0.022976,0.002643,-0.007673,0.000000,0.000000,0.000000,-0.003013,-0.036168,0.004365,0.012450,-0.003208,-0.019403,-0.015479,-0.012699,-0.037298,0.051860,0.256103,-0.129695,0.154594,0.547934,-0.263462,-0.014792,-0.011981,-0.027084,0.076826,-0.213103,-0.090394,0.203859,-0.436542,-0.194866
0.022306,0.005702,-0.017460,0.036312,0.006718,-0.009302,0.004368,-0.003119,-0.002381,-0.004494,-0.021138,0.008280,0.029077,0.006636,-0.009708,-0.000000,-0.000000,0.000000,-0.007020,-0.023791,0.010413,0.014994,0.005147,-0.020759,-0.023397,0.004993,-0.037520,0.041908,0.259095,-0.115803,0.141420,0.538563,-0.231638,-0.006695,0.005948,-0.032429,0.083204,-0.191907,-0.088900,0.200643,-0.404335,-0.180089
0.009510,0.008208,-0.009705,0.017677,0.006435,-0.002091,-0.000736,-0.013055,0.004941,-0.004634,-0.005605,0.013127,0.017117,0.006333,-0.005743,0.000000,-0.000000,0.000000,-0.005267,-0.010150,0.007842,0.004202,0.009530,-0.012176,-0.031388,0.022356,-0.020062,0.028194,0.260365,-0.085777,0.114924,0.519297,-0.182743,-0.002822,0.023176,-0.025757,0.080860,-0.170073,-0.075889,0.186559,-0.372271,-0.155742
0.010016,0.008899,-0.007642,0.015480,0.005572,0.000088,0.000562,-0.019097,0.007745,-0.003867,-0.004555,0.018365,0.016966,0.005440,-0.005717,0.000000,0.000000,0.000000,-0.004152,-0.010061,0.006130,0.005731,0.010593,-0.009673,-0.023966,0.022287,-0.016044,0.043764,0.221487,-0.063259,0.133044,0.436473,-0.135431,0.002908,0.023131,-0.020407,0.079160,-0.156478,-0.062581,0.170753,-0.339720,-0.129650
0.016233,0.007087,-0.009986,0.020116,0.004073,-0.003219,0.003274,-0.020842,0.004831,-0.003692,-0.010640,0.018599,0.022641,0.003997,-0.007660,0.000000,0.000000,-0.000000,-0.004172,-0.015822,0.006049,0.012354,0.008124,-0.011817,-0.012701,0.012185,-0.021020,0.059588,0.179567,-0.054087,0.149357,0.358500,-0.107220,0.009021,0.013210,-0.017471,0.076402,-0.150995,-0.052337,0.154101,-0.315433,-0.108196
0.020549,0.002027,-0.015419,0.021971,0.001824,-0.012455,0.002423,-0.017895,-0.005039,-0.005570,-0.016625,0.008395,0.028143,0.001990,-0.009574,-0.000000,-0.000000,-0.000000,-0.005789,-0.019829,0.008361,0.016829,0.001860,-0.017140,-0.009177,-0.000551,-0.030515,0.046952,0.171844,-0.063373,0.118073,0.353980,-0.114391,0.014077,0.000758,-0.017974,0.070515,-0.153669,-0.048516,0.136639,-0.308462,-0.097912
0.023853,-0.000805,-0.019945,0.024892,0.000613,-0.018598,0.003968,-0.018316,-0.011101,-0.005119,-0.023200,0.002746,0.033139,0.000923,-0.011346,0.000000,-0.000000,0.000000,-0.004823,-0.024731,0.006726,0.019626,-0.001604,-0.021886,-0.008133,-0.007526,-0.037905,0.027378,0.157200,-0.068741,0.071766,0.326221,-0.114388,0.012122,-0.006321,-0.022404,0.060980,-0.154442,-0.049511,0.119243,-0.303695,-0.094146
0.024495,-0.000015,-0.021346,0.027415,0.001025,-0.018614,0.007130,-0.021897,-0.010321,-0.002574,-0.027016,0.004466,0.035130,0.001307,-0.012120,0.000000,0.000000,0.000000,-0.001783,-0.028035,0.001976,0.019352,-0.000558,-0.023736,-0.010068,-0.005271,-0.039574,0.010588,0.143201,-0.066314,0.033496,0.289762,-0.104587,0.004152,-0.004508,-0.028609,0.052228,-0.153399,-0.053203,0.110003,-0.304676,-0.095285
0.018416,0.001179,-0.012562,0.022907,0.001093,-0.008945,0.009083,-0.016613,-0.002917,0.001444,-0.029353,0.006801,0.023160,0.001149,-0.008038,0.000000,0.000000,-0.000000,0.004706,-0.027220,-0.008232,0.014946,0.000968,-0.014186,0.000756,-0.002583,-0.022576,0.014837,0.120353,-0.043351,0.029206,0.238851,-0.072989,-0.000608,-0.002478,-0.019657,0.037249,-0.123086,-0.037930,0.078183,-0.241657,-0.069578
0.012574,0.003290,-0.004249,0.018483,0.002457,-0.000001,0.008132,-0.010361,0.004339,0.004852,-0.029704,0.005526,0.011494,0.002301,-0.004022,-0.000000,0.000000,0.000000,0.009987,-0.024831,-0.016476,0.010709,0.003182,-0.005128,0.010267,-0.000440,-0.007467,0.019681,0.099029,-0.023220,0.027804,0.192001,-0.045636,-0.004244,-0.000822,-0.009957,0.023087,-0.087669,-0.021847,0.045983,-0.166963,-0.042539
0.013929,0.006792,-0.007148,0.021254,0.006719,-0.002261,0.002584,-0.011050,0.004653,0.005584,-0.027489,-0.003600,0.014382,0.006577,-0.005051,0.000000,0.000000,0.000000,0.009389,-0.023289,-0.015296,0.010944,0.006259,-0.008544,0.004420,0.000151,-0.014948,0.004966,0.089576,-0.029432,-0.001267,0.167631,-0.048981,-0.008831,-0.000146,-0.014057,0.016611,-0.071486,-0.022625,0.035242,-0.133367,-0.038347
0.009781,0.008354,-0.007299,0.016844,0.009910,-0.004422,0.001047,-0.009534,0.002369,0.001572,-0.026774,-0.001652,0.010680,0.009859,-0.003776,0.000000,0.000000,0.000000,0.005097,-0.022215,-0.009420,0.006940,0.007008,-0.008601,0.001087,-0.003801,-0.017575,-0.001885,0.069973,-0.029399,-0.013519,0.130932,-0.044973,-0.012546,-0.003898,-0.010766,0.007325,-0.055069,-0.016232,0.019967,-0.097097,-0.026844
0.002218,0.007193,-0.004627,0.007474,0.010434,-0.005407,0.004280,-0.006558,-0.001389,-0.005218,-0.027874,0.010382,0.002252,0.010503,-0.000835,0.000000,0.000000,0.000000,-0.000778,-0.022159,-0.001797,0.000713,0.005054,-0.005271,0.001956,-0.010310,-0.014033,0.002387,0.050106,-0.022784,-0.003165,0.100443,-0.034908,-0.013509,-0.010209,-0.001728,-0.000105,-0.046679,-0.005540,0.007835,-0.076413,-0.013157
-0.010475,0.011208,-0.000330,-0.003940,0.014527,-0.000723,-0.004175,-0.001060,0.002517,-0.011276,-0.018865,0.011416,-0.009338,0.014549,0.003197,0.000000,-0.000000,-0.000000,-0.004132,-0.013481,0.002541,-0.012264,0.009433,-0.001121,-0.014831,-0.000516,-0.008334,-0.010638,0.040516,-0.013444,-0.010657,0.074133,-0.021110,-0.025290,-0.000490,-0.000735,-0.014623,-0.027696,-0.003350,-0.010180,-0.047197,-0.008588
-0.007204,0.017581,-0.005547,0.000277,0.022019,-0.006327,0.000733,0.005513,-0.002918,-0.000639,-0.008597,-0.002345,-0.003212,0.022158,0.000998,0.000000,-0.000000,0.000000,0.005533,-0.004050,-0.011915,-0.010205,0.015909,-0.006919,-0.021910,0.010657,-0.015382,-0.013165,0.034409,-0.017221,-0.008941,0.051455,-0.020807,-0.025095,0.010728,-0.010802,-0.014088,-0.009903,-0.012195,-0.009746,-0.022045,-0.015539
0.033121,0.023497,-0.007772,0.037815,0.032753,-0.014535,0.044022,0.011756,-0.011065,0.042577,-0.005865,-0.011074,0.041498,0.033465,0.008925,-0.000000,0.000000,0.023803,0.038481,-0.001669,-0.036999,0.028672,0.020251,-0.009794,0.008088,0.008342,-0.026464,0.022573,0.025022,-0.026360,0.028980,0.031875,-0.027645,0.009865,0.008932,-0.011332,0.023647,-0.005053,-0.011100,0.033482,-0.013528,-0.012950
0.024396,0.014130,0.001186,0.030445,0.025859,-0.007217,0.036436,0.007964,-0.004306,0.032954,0.004293,0.002367,0.033580,0.026657,0.021407,-0.014624,-0.004784,0.038750,0.027322,-0.005573,-0.027825,0.019106,0.010866,-0.001246,-0.005564,0.006416,-0.015265,0.016348,0.010839,-0.012260,0.029857,0.005471,-0.010228,-0.002241,0.006749,-0.009345,0.026517,-0.033858,-0.010409,0.060501,-0.077611,-0.018295
-0.010812,-0.001842,0.002871,0.000044,0.008777,-0.002001,0.000000,0.000000,0.000000,-0.006498,0.020819,0.017278,-0.004815,0.009149,0.018200,-0.018382,-0.007988,0.023225,-0.003989,-0.009854,-0.002996,-0.015911,-0.003562,0.000471,-0.037881,0.009812,-0.001390,-0.010575,0.002948,0.004082,0.011410,-0.010539,0.008845,-0.037131,0.009231,-0.019824,0.011256,-0.078010,-0.023829,0.075922,-0.178536,-0.041359
0.003065,-0.021435,0.000086,0.021890,-0.009823,-0.001396,0.000000,0.000000,-0.000000,0.001020,0.006027,0.001471,-0.000375,-0.009969,0.010821,0.009059,-0.041457,0.007871,0.011972,-0.032185,-0.001717,-0.001667,-0.024368,-0.002117,-0.021189,-0.016116,-0.006127,0.006981,-0.034261,0.001106,0.029322,-0.059547,0.008545,-0.020749,-0.016387,-0.018203,0.043999,-0.107792,-0.018579,0.126741,-0.213549,-0.033708
0.018611,-0.031487,-0.006562,0.043175,-0.022142,-0.002217,-0.000000,0.000000,0.000000,0.008101,-0.011813,-0.014557,0.007600,-0.022841,-0.002444,0.033852,-0.065961,-0.011144,0.028207,-0.050520,-0.007905,0.014259,-0.035270,-0.008573,-0.003723,-0.039154,-0.019411,0.019459,-0.065179,-0.011847,0.036763,-0.098151,-0.003123,-0.002760,-0.038794,-0.015501,0.059150,-0.092829,-0.010395,0.130110,-0.152404,-0.015435
0.024642,-0.011052,-0.020595,0.047348,-0.012619,-0.005424,-0.000000,0.000000,0.000000,0.003657,0.003362,-0.004477,0.016096,-0.013802,-0.027437,0.058166,-0.034518,-0.041946,0.034055,-0.034832,-0.009823,0.020498,-0.012209,-0.022598,0.002328,-0.019289,-0.035384,0.013432,-0.046411,-0.029657,0.023127,-0.075180,-0.022407,0.003308,-0.018910,-0.026985,0.027408,0.004974,-0.018883,0.039553,0.042664,-0.009781
0.020500,0.011601,-0.020871,0.037196,0.002875,-0.000759,0.000000,0.000000,0.006665,-0.005751,0.021033,0.021566,0.022405,0.001895,-0.028446,0.042852,0.014971,-0.035884,0.020561,-0.011611,-0.006501,0.014911,0.012771,-0.023670,-0.010744,0.005632,-0.039869,-0.005904,-0.021556,-0.035137,-0.000288,-0.047436,-0.028762,-0.009740,0.005853,-0.031475,-0.014727,0.084325,-0.021762,-0.046435,0.189509,-0.002853
0.018204,-0.010897,-0.016023,0.027697,-0.019456,0.000691,0.009855,-0.036056,0.007943,-0.005584,-0.003533,0.041674,0.033269,-0.019645,-0.013708,0.005721,0.021781,-0.004676,0.004471,-0.028663,-0.008188,0.010262,-0.008860,-0.020040,-0.026361,-0.012879,-0.039442,-0.018899,-0.039063,-0.034303,-0.011856,-0.064808,-0.027688,-0.025327,-0.012914,-0.035545,-0.036391,0.069411,-0.025806,-0.075323,0.178311,-0.005399
0.002371,-0.023385,-0.009231,0.012320,-0.033455,0.010456,-0.015461,-0.041871,0.017873,-0.020779,-0.007530,0.035373,0.021093,-0.033721,-0.006954,0.000000,-0.000000,-0.000000,0.001927,-0.038258,-0.007412,-0.006810,-0.020762,-0.013927,-0.045177,-0.023707,-0.033664,-0.030683,-0.047739,-0.027501,-0.020162,-0.075873,-0.019893,-0.050954,-0.024086,-0.034729,-0.053924,0.043781,-0.024923,-0.074467,0.126557,-0.007438
-0.017537,-0.006469,0.000409,-0.005241,-0.016832,0.022233,-0.043993,-0.010237,0.028368,-0.036586,0.017507,0.023343,-0.000193,-0.017387,0.000268,0.000000,-0.000000,-0.000000,-0.002449,-0.018898,0.000532,-0.026737,-0.003835,-0.004343,-0.062220,-0.006125,-0.022576,-0.039736,-0.027744,-0.015244,-0.022305,-0.055475,-0.006850,-0.072837,-0.006695,-0.026847,-0.067178,0.041397,-0.017956,-0.067521,0.092288,-0.005258
-0.012270,-0.013034,-0.003512,-0.001488,-0.019648,0.012339,-0.023929,-0.006121,0.013783,-0.018400,0.008207,0.008561,0.003091,-0.019963,-0.000889,0.000000,0.000000,0.000000,-0.004206,-0.021396,0.003166,-0.020152,-0.011237,-0.007604,-0.052748,-0.011577,-0.023532,-0.024818,-0.031439,-0.015353,0.004280,-0.050681,-0.007349,-0.057383,-0.011929,-0.027022,-0.056204,0.023993,-0.020842,-0.058411,0.061103,-0.011669
-0.002290,-0.014284,-0.008560,0.006557,-0.018325,0.002734,-0.005343,-0.002553,0.001617,-0.003345,0.002966,0.000154,0.011258,-0.018425,-0.003823,0.000000,0.000000,0.000000,-0.001700,-0.021485,-0.000565,-0.009065,-0.013282,-0.012087,-0.039056,-0.015122,-0.027898,-0.010646,-0.032004,-0.019974,0.021704,-0.045157,-0.012858,-0.039013,-0.015152,-0.026843,-0.038237,0.005831,-0.023146,-0.037074,0.025185,-0.018102
0.007381,-0.009632,-0.012261,0.014801,-0.013538,-0.001786,0.002390,-0.001294,-0.002007,0.000917,0.004273,0.002351,0.020195,-0.013575,-0.007075,0.000000,0.000000,0.000000,0.003785,-0.019172,-0.008778,0.000958,-0.008989,-0.015621,-0.027942,-0.015037,-0.033610,-0.004263,-0.029212,-0.026890,0.021295,-0.041727,-0.020685,-0.026924,-0.014814,-0.026562,-0.022374,-0.004104,-0.023795,-0.014410,0.002335,-0.021324
0.003866,-0.009937,-0.011272,0.009652,-0.013218,-0.002142,-0.005759,-0.000116,-0.001977,-0.005847,-0.000023,-0.001145,0.016669,-0.013201,-0.005854,0.000000,0.000000,0.000000,0.002350,-0.019344,-0.006123,-0.002089,-0.009132,-0.014411,-0.030186,-0.011521,-0.029709,-0.012966,-0.025019,-0.024259,0.005397,-0.037373,-0.018937,-0.027427,-0.011434,-0.026500,-0.026703,-0.007032,-0.025597,-0.024140,-0.004886,-0.024930
-0.002868,-0.011777,-0.009033,0.001763,-0.014479,-0.000977,-0.016479,0.000649,-0.000725,-0.014023,-0.004735,-0.005357,0.010170,-0.014428,-0.003542,0.000000,0.000000,0.000000,-0.000904,-0.020277,-0.000731,-0.008474,-0.010692,-0.012005,-0.036144,-0.008022,-0.023874,-0.023803,-0.021744,-0.019297,-0.010368,-0.034147,-0.014555,-0.031953,-0.008152,-0.026500,-0.036318,-0.006635,-0.027146,-0.041430,-0.004481,-0.027419
